id,name,priority,category,entry,sub_folder,kind,size_mb,grade,perceptibility,depth,layout,loads_on_1_9_8,domain,visual_impact,supports,manifest_modid,tables_list,rows_new,rows_changed,rows_same,rows_dropped,tables_touched,median_rel_change,lua_files,lua_lines,cfg_keys,assets,loc_strings,requires,risk,highlights,areas,grade_basis,problems_text,extracted
28,No Helmet Vision,unlisted,(not in the 365 index),No Helmet Vision-28-1-9-1559069013.zip,_unmatched,archive,0.0,"E visual, audio or UI only (no gameplay change)",low,D0 content/text,Mods/<mod folder> with mod.manifest (Vortex or manual),yes (no version restriction),"textures/models/animations, UI",medium,(none),,,0,0,0,0,0,0.0,0,0,0,9,0,,none,,textures: 9; manifest: 1; pak (container): 1; ui: 1; lua identical to vanilla: 0,R=0 T=0 median_rel=0.00 lua_lines=0 cfg=0 assets=9 loc=0 native=no,,"full (scratch, deleted after reading)"
106,Cheat,P3,Tools / reference,cheat-106-1-58-1732985419.zip,_quarantine,archive,0.14,A changes the most,high,D0 content/text; D1 data tables (PTF); D1 game data xml (not table rows); D3 Lua scripts,Mods/<mod folder> with mod.manifest (Vortex or manual),yes (no version restriction),"gameplay data, scripts, other game data (xml), text",low,(none),,buff,2,0,0,439,1,0.0,24,6806,0,0,22,"autoexec.cfg, states requirements",HIGH,buff:a218af80-b2a5-11ed-afa1-0242ac120002 NEW row | buff:a218b534-b2a5-11ed-afa1-0242ac120002 NEW row,"scripts (Lua): 24; docs: 6; localization: 4; other game data (xml, not table rows): 2; manifest: 1; pak (container): 1; tables (PTF): 1; lua identical to vanilla: 0",R=2 T=1 median_rel=0.00 lua_lines=6806 cfg=0 assets=0 loc=22 native=no,,"full (scratch, deleted after reading)"
129,Equal Horse Caparisons,P3,Horses,Equal Caparisons Grouped-129--5-1758213686.zip,c_horses,archive,0.0,"C effective (few rows, strong effect)",high,D1 data tables (PTF),Mods/<mod folder> with mod.manifest (Vortex or manual),yes (wildcard),gameplay data,none,1.9.*,,"armor, pickable_item",0,44,2,2960,2,0.524,0,0,0,0,0,,none,armor:46ee8c8f-2c9a-3002-a31e-8623e2da529d slash_def 0.26->0.9 | armor:402c55d2-ae62-bf47-823f-8a5760eab7bd slash_def 0.32->0.9 | armor:4b609a17-9266-0e3e-75dc-d4d709533dba slash_def 0.32->0.9 | pickable_item:46ee8c8f-2c9a-3002-a31e-8623e2da529d price 293->762 | pickable_item:402c55d2-ae62-bf47-823f-8a5760eab7bd price 322->762 | pickable_item:4b609a17-9266-0e3e-75dc-d4d709533dba price 322->762 | armor:40a5de5a-d3a5-c4c3-f5f1-71ab661d55b4 slash_def 0.43->0.9 | armor:411f568d-9e62-417c-38a1-ae108bb233ba smash_def 0.098->0.2,tables (PTF): 2; manifest: 1; pak (container): 1; lua identical to vanilla: 0,R=44 T=2 median_rel=0.52 lua_lines=0 cfg=0 assets=0 loc=0 native=no,,"full (scratch, deleted after reading)"
266,All Referenced Strings In Kingdom Come Deliverance,P3,Tools / reference,All Referenced Strings-266-1-0.7z,c_tools-reference,archive,0.95,E non-perceptive to gameplay (no effective change found),none,none found,unclear: read the archive's own instructions,no manifest (legacy install),none,none,,,,0,0,0,0,0,0.0,0,0,0,0,0,,none,,docs: 1; lua identical to vanilla: 0,R=0 T=0 median_rel=0.00 lua_lines=0 cfg=0 assets=0 loc=0 native=no,,"full (scratch, deleted after reading)"
326,Knox's Labelled Items (XML),P3,Tools / reference,Knox's Labelled Items (XML)-326-1-0-2.zip,c_tools-reference,archive,0.25,D small tweak,medium,D1 game data xml (not table rows),unclear: read the archive's own instructions,no manifest (legacy install),other game data (xml),none,,,,0,0,0,0,0,0.0,0,0,0,0,0,,none,,"other game data (xml, not table rows): 9; docs: 1; lua identical to vanilla: 0",R=0 T=0 median_rel=0.00 lua_lines=0 cfg=0 assets=0 loc=0 native=no,,"full (scratch, deleted after reading)"
387,Ambient_Occlusion_Fix_user_v1.07-387-1-07.7z,unlisted,(not in the 365 index),Ambient_Occlusion_Fix_user_v1.07-387-1-07.7z,_unmatched,archive,0.0,"E visual, audio or UI only (no gameplay change)",medium,D2 engine config,unclear: read the archive's own instructions,no manifest (legacy install),graphics config,high,,,,0,0,0,0,0,0.0,0,0,13,0,0,,none,,config (.cfg): 1; lua identical to vanilla: 0,R=0 T=0 median_rel=0.00 lua_lines=0 cfg=13 assets=0 loc=0 native=no,,"full (scratch, deleted after reading)"
392,Sky Fix 1.2-392-1-2.rar,unlisted,(not in the 365 index),Sky Fix 1.2-392-1-2.rar,_unmatched,archive,0.02,"E visual, audio or UI only (no gameplay change)",low,D0 content/text,unclear: read the archive's own instructions,no manifest (legacy install),textures/models/animations,low,,,,0,0,0,0,0,0.0,0,0,0,1,0,,none,,textures: 1; lua identical to vanilla: 0,R=0 T=0 median_rel=0.00 lua_lines=0 cfg=0 assets=1 loc=0 native=no,,"full (scratch, deleted after reading)"
392,Sky and Grass Fix 1.2-392-1-2.rar,unlisted,(not in the 365 index),Sky and Grass Fix 1.2-392-1-2.rar,_unmatched,archive,0.03,"E visual, audio or UI only (no gameplay change)",low,D0 content/text,unclear: read the archive's own instructions,no manifest (legacy install),textures/models/animations,low,,,,0,0,0,0,0,0.0,0,0,0,1,0,,none,,textures: 1; lua identical to vanilla: 0,R=0 T=0 median_rel=0.00 lua_lines=0 cfg=0 assets=1 loc=0 native=no,,"full (scratch, deleted after reading)"
483,Hoods and Scarfs UP (dynamic),P3,Weapons / armor / items,Dynamic Hoods and Scarfs up and down-483-1-9-1590343806.zip,c_weapons-armor-items,archive,0.11,"C effective (few rows, strong effect)",high,D1 data tables (PTF),Mods/<mod folder> with mod.manifest (Vortex or manual),yes (no version restriction),gameplay data,none,(none),,"armor, clothing_preset",0,54,2142,0,2,0.0,0,0,0,0,0,,none,armor:420f7feb-dc22-a2ec-b2a6-e1178f8c8386 clothing2_id ->4e7dfef5-2237-7fb4-0 | armor:42e146c8-f2d1-1db1-c44c-7482b0f307b2 clothing2_id ->42a330c3-e603-86cb-b | armor:432237ec-b13a-bd6c-4026-a3db68e4d89e clothing2_id ->4c33164c-a49d-54a8-7 | armor:45c1c6ff-b658-9ed5-5395-66d1ce58cf93 clothing2_id ->4e7dfef5-2237-7fb4-0 | armor:4715c753-bafa-df3e-d3a6-c3fcd5d76f8c clothing2_id ->42a330c3-e603-86cb-b | armor:47aedf46-0047-053a-28f0-03e51a9f0baf clothing2_id ->4e7dfef5-2237-7fb4-0 | armor:486c1cda-e1ec-5d01-b1f1-1540d0863c9e clothing2_id ->4e7dfef5-2237-7fb4-0 | armor:48d624ae-0149-0854-2c41-82dba1f99088 clothing2_id ->42a330c3-e603-86cb-b,other: 2; tables (PTF): 2; docs: 1; manifest: 1; pak (container): 1; lua identical to vanilla: 0,R=54 T=2 median_rel=0.00 lua_lines=0 cfg=0 assets=0 loc=0 native=no,zzz Hoods and Scarfs UP (dynamic)/Data/Hoods and Scarfs UP (dynamic).pak!Libs/Tables/item/armor.xml: no suffix: replaces the whole vanilla table | zzz Hoods and Scarfs UP (dynamic)/Data/Hoods and Scarfs UP (dynamic).pak!Libs/Tables/item/clothing_preset.xml: no suffix: replaces the whole vanilla table,"full (scratch, deleted after reading)"
491,Loot Info - Container is empty or I already opened-looted it,P3,Crime / stealth / loot,JCD_LootInfo-491-1-8-0-1582327030.zip,c_crime-stealth-loot,archive,0.04,A changes the most,high,D0 content/text; D3 Lua scripts,Mods/<mod folder> with mod.manifest (Vortex or manual),yes (wildcard),"scripts, text",low,1.* 2.*,,,0,0,0,0,0,0.0,17,4554,0,0,72,unpack,none,,localization: 19; scripts (Lua): 17; docs: 2; config (.cfg): 1; manifest: 1; pak (container): 1; lua identical to vanilla: 0,R=0 T=0 median_rel=0.00 lua_lines=4554 cfg=0 assets=0 loc=72 native=no,,"full (scratch, deleted after reading)"
502,zzzz_JCD_CLAM,unlisted,(not in the 365 index),CLAM-502-1-2-0.zip,_unmatched,archive,0.0,E non-perceptive to gameplay (no effective change found),none,none found,Mods/<mod folder> with mod.manifest (Vortex or manual),yes (wildcard),none,none,1.*,,,0,0,0,0,0,0.0,0,0,0,0,0,unpack,none,,docs: 2; config (.cfg): 1; manifest: 1; pak (container): 1; localization: 1; lua identical to vanilla: 0,R=0 T=0 median_rel=0.00 lua_lines=0 cfg=0 assets=0 loc=0 native=no,,"full (scratch, deleted after reading)"
554,Parameters Plus,P3,Tools / reference,Parameters Plus-554-1-5-1562283931.zip,c_tools-reference,archive,0.01,A changes the most,high,D1 data tables (PTF); D1 game data xml (not table rows),Mods/<mod folder> with mod.manifest (Vortex or manual),yes (no version restriction),"gameplay data, other game data (xml)",none,(none),,rpg_param,425,0,182,0,1,0.0,0,0,0,0,0,,none,rpg_param:AdditionalAttackerCountForMaxFadingBuff NEW row | rpg_param:AgiDiffToAttackSpeed NEW row | rpg_param:AgilityXPLevelBase NEW row | rpg_param:AgilityXPLevelDiff NEW row | rpg_param:AimCiriticalLimitTime NEW row | rpg_param:AimPainlessDelay NEW row | rpg_param:AimSkillToZoom NEW row | rpg_param:AimSpreadMinRatio NEW row,"manifest: 1; other game data (xml, not table rows): 1; pak (container): 1; other: 1; tables (PTF): 1; lua identical to vanilla: 0",R=425 T=1 median_rel=0.00 lua_lines=0 cfg=0 assets=0 loc=0 native=no,ParametersPlus/data/ParametersPlus.pak!Libs/Tables/rpg/rpg_param.xml: no suffix: replaces the whole vanilla table,"full (scratch, deleted after reading)"
611,Dice.pak,unlisted,(not in the 365 index),Dice.pak,_unmatched,loose file,1.9,"E visual, audio or UI only (no gameplay change)",low,D0 content/text,loose .pak (legacy: copy into Data),no manifest (legacy install),textures/models/animations,high,,,,0,0,0,0,0,0.0,0,0,0,35,0,,none,,textures: 28; models/animations/materials: 7; pak (container): 1; lua identical to vanilla: 0,R=0 T=0 median_rel=0.00 lua_lines=0 cfg=0 assets=35 loc=0 native=no,,read in place
657,Binoculars Zoom,unlisted,(not in the 365 index),BinocularsZoom-657-1-1-1542038638.zip,_unmatched,archive,0.0,D small tweak,medium,D3 Lua scripts,Mods/<mod folder> with mod.manifest (Vortex or manual),yes (no version restriction),scripts,none,(none),,,0,0,0,0,0,0.0,1,81,0,0,0,user.cfg,none,,docs: 1; config (.cfg): 1; manifest: 1; pak (container): 1; scripts (Lua): 1; lua identical to vanilla: 0,R=0 T=0 median_rel=0.00 lua_lines=81 cfg=0 assets=0 loc=0 native=no,,"full (scratch, deleted after reading)"
660,Apex ENB-660-2-2-1590351047.7z,unlisted,(not in the 365 index),Apex ENB-660-2-2-1590351047.7z,,archive,0.02,"E visual, audio or UI only (no gameplay change)",none,D0 content/text,unclear: read the archive's own instructions,no manifest (legacy install),post-processing (ReShade/ENB),high,,,,0,0,0,0,0,0.0,0,0,0,0,0,,none,,"reshade/ENB (shaders, presets): 19; lua identical to vanilla: 0",R=0 T=0 median_rel=0.00 lua_lines=0 cfg=0 assets=0 loc=0 native=no,,"full (scratch, deleted after reading)"
660,Apex ENB-660-2-2-1590351047.7z,unlisted,(not in the 365 index),Apex ENB-660-2-2-1590351047.7z,_unmatched,archive,0.02,"E visual, audio or UI only (no gameplay change)",none,D0 content/text,unclear: read the archive's own instructions,no manifest (legacy install),post-processing (ReShade/ENB),high,,,,0,0,0,0,0,0.0,0,0,0,0,0,,none,,"reshade/ENB (shaders, presets): 19; lua identical to vanilla: 0",R=0 T=0 median_rel=0.00 lua_lines=0 cfg=0 assets=0 loc=0 native=no,,"full (scratch, deleted after reading)"
667,Naked Armor Fix,P3,Weapons / armor / items,Naked Armor Fix 1.1-667-1-1-1545056415.zip,c_weapons-armor-items,archive,0.0,D small tweak,medium,D1 data tables (PTF),Mods/<mod folder> with mod.manifest (Vortex or manual),yes (no version restriction),gameplay data,none,(none),,soul_archetype,15,0,0,16,1,0.0,0,0,0,0,0,,none,soul_archetype:0/0/0 NEW row | soul_archetype:1/0/1 NEW row | soul_archetype:2/0/2 NEW row | soul_archetype:3/1/3 NEW row | soul_archetype:3/2/4 NEW row | soul_archetype:3/3/5 NEW row | soul_archetype:3/4/6 NEW row | soul_archetype:3/5/7 NEW row,docs: 1; manifest: 1; pak (container): 1; other: 1; tables (PTF): 1; lua identical to vanilla: 0,R=15 T=1 median_rel=0.00 lua_lines=0 cfg=0 assets=0 loc=0 native=no,zzz_NakedArmorFix_1.1/Data/zzz_NakedArmorFix_1.1.pak!Libs/Tables/rpg/soul_archetype.xml: no suffix: replaces the whole vanilla table,"full (scratch, deleted after reading)"
726,Early Bird NPC Schedules,P3,Quests / lore / content,Early Bird NPC rescheduler-726-2-1-0-1640796373.7z,c_quests-lore-content,archive,0.39,A changes the most,high,D1 data tables (PTF),Mods/<mod folder> with mod.manifest (Vortex or manual),yes (no version restriction),gameplay data,none,(none),,soul,0,2390,0,2635,1,0.0,0,0,0,0,0,,none,soul:00000000-0000-0000-0000-000000035000/2a7b75cd-8344-43f6-8483-0191a079e503//9fe6dae0-e195-42e0-a3fb-66cfc6382407/498bc146-f7d1-1c55-7a6b-b549cbdfb98f/4278ca1d-6a0e-4dca-0f72-e423458832bd/42265331-4b1e-4b03-98f8-ae3ecf9eb7bb/4c7f52b3-d389-602a-88a5-b32a404b20a0/4f9db3d6-9938-457f-a928-279f818b29a5/460/58/0//0249aa52-f5ac-48ea-b707-0f50c0c76c56/0 time_0 8:00->6:55 | soul:00000000-0000-0000-0000-000000035000/2a7b75cd-8344-43f6-8483-0191a079e503//9fe6dae0-e195-42e0-a3fb-66cfc6382407/481bb23a-06af-86b7-934c-e87acf7f3a91/4e1a8fe6-b6ae-7130-c3f6-c113717e3b8f/45cf32d1-dfde-8035-25f4-8f19c77aee82/4d2978a2-6fef-5f59-dd06-0bb6ee2fd9b3//637/43/0//051b9554-3b3d-4b2b-a416-070fca05cc00/0 time_0 7:09->5:58 | soul:00000000-0000-0000-0000-000000035000/2a7b75cd-8344-43f6-8483-0191a079e503//9fe6dae0-e195-42e0-a3fb-66cfc6382407/4b7bc943-143e-8d8c-c854-4ce1bb2f5ba2/49891946-9a06-f6f5-6285-03a1281ccb8f/4c71a933-8fae-dada-44e4-93e0a6bd4fad/4a1b99b6-7533-2b05-edb8-39d47aa96cb8/4f9db3d6-9938-457f-a928-279f818b29a5/459/59/0//0647977c-cd52-4861-b495-65fa0bf6ec5b/0 time_0 6:03->4:46 | soul:00000000-0000-0000-0000-000000035000/2a7b75cd-8344-43f6-8483-0191a079e503//9fe6dae0-e195-42e0-a3fb-66cfc6382407/452fdf90-e2c8-e4ff-3bcf-42cfae335f86/4a0f9f8c-765d-8fd7-d659-5a3ee0450698/46084349-334e-918b-de96-f116dbd0b4a8/45e154a8-ffb8-d9d6-38b5-438a70fe21a5/acb826fc-2f13-4e55-a1aa-330a9f3adb59/381/69/0//06658d4d-3a4b-4abf-a545-c75a0c4fcc1d/0 time_0 6:53->5:40 | soul:00000000-0000-0000-0000-000000035000/2a7b75cd-8344-43f6-8483-0191a079e503//9fe6dae0-e195-42e0-a3fb-66cfc6382407/452fdf90-e2c8-e4ff-3bcf-42cfae335f86/46a6f087-efaa-ead1-e503-521fbc49fba1/4046691d-1db3-fa77-b34d-f333387ff1bb/4018c5b7-cdb3-386b-180a-4849bd64dca3/acb826fc-2f13-4e55-a1aa-330a9f3adb59/373/69/0//0b5d4fe2-c456-4d14-bb2d-6c17587daeaf/0 time_0 6:54->5:41 | soul:00000000-0000-0000-0000-000000035000/2a7b75cd-8344-43f6-8483-0191a079e503//9fe6dae0-e195-42e0-a3fb-66cfc6382407/464ec279-f69d-89da-8769-a67ac52e498d/42a4d0b0-6c9a-1b19-6946-47af67a65289/48b3b842-a017-0927-bede-fc0397e4099d/4a1b99b6-7533-2b05-edb8-39d47aa96cb8/4f9db3d6-9938-457f-a928-279f818b29a5/459/59/0//0be9be9a-1826-4975-80fa-e6b934e97c32/0 time_0 6:55->5:42 | soul:00000000-0000-0000-0000-000000035000/2a7b75cd-8344-43f6-8483-0191a079e503//9fe6dae0-e195-42e0-a3fb-66cfc6382407/4bc51034-3ad5-0050-f5c1-ba11046ed4ba/4d7a2d4a-919c-4096-7af9-977c91bf26b4/4d85da17-77bb-f000-3b42-fa5ebfc2f7ab/4b2ca980-204a-8d99-e95c-fc5fa3bcda8e//381/6/0//0c88319c-d9b6-4e1b-8039-fcd90cd6d0f6/0 time_0 6:19->5:03 | soul:00000000-0000-0000-0000-000000035000/2a7b75cd-8344-43f6-8483-0191a079e503//9fe6dae0-e195-42e0-a3fb-66cfc6382407/498bc146-f7d1-1c55-7a6b-b549cbdfb98f/42a4d0b0-6c9a-1b19-6946-47af67a65289/4f19edc7-f1e9-0216-f50a-131bb7e6a5b5/4e36b67c-ef7e-839c-1bb6-a948a25c38b4/4f9db3d6-9938-457f-a928-279f818b29a5/459/59/0//0c8b3619-6ce3-4bc3-b74d-eadb3f6e1588/0 time_0 6:48->5:34,manifest: 1; pak (container): 1; tables (PTF): 1; lua identical to vanilla: 0,R=2390 T=1 median_rel=0.00 lua_lines=0 cfg=0 assets=0 loc=0 native=no,,"full (scratch, deleted after reading)"
726,Early Bird NPC Schedules,P3,Quests / lore / content,earlybird.pak,c_quests-lore-content,loose file,0.4,A changes the most,high,D1 data tables (PTF),loose .pak (legacy: copy into Data),no manifest (legacy install),gameplay data,none,,,soul,0,2390,0,2635,1,0.0,0,0,0,0,0,,none,soul:00000000-0000-0000-0000-000000035000/2a7b75cd-8344-43f6-8483-0191a079e503//9fe6dae0-e195-42e0-a3fb-66cfc6382407/498bc146-f7d1-1c55-7a6b-b549cbdfb98f/4278ca1d-6a0e-4dca-0f72-e423458832bd/42265331-4b1e-4b03-98f8-ae3ecf9eb7bb/4c7f52b3-d389-602a-88a5-b32a404b20a0/4f9db3d6-9938-457f-a928-279f818b29a5/460/58/0//0249aa52-f5ac-48ea-b707-0f50c0c76c56/0 time_0 8:00->6:55 | soul:00000000-0000-0000-0000-000000035000/2a7b75cd-8344-43f6-8483-0191a079e503//9fe6dae0-e195-42e0-a3fb-66cfc6382407/481bb23a-06af-86b7-934c-e87acf7f3a91/4e1a8fe6-b6ae-7130-c3f6-c113717e3b8f/45cf32d1-dfde-8035-25f4-8f19c77aee82/4d2978a2-6fef-5f59-dd06-0bb6ee2fd9b3//637/43/0//051b9554-3b3d-4b2b-a416-070fca05cc00/0 time_0 7:09->5:58 | soul:00000000-0000-0000-0000-000000035000/2a7b75cd-8344-43f6-8483-0191a079e503//9fe6dae0-e195-42e0-a3fb-66cfc6382407/4b7bc943-143e-8d8c-c854-4ce1bb2f5ba2/49891946-9a06-f6f5-6285-03a1281ccb8f/4c71a933-8fae-dada-44e4-93e0a6bd4fad/4a1b99b6-7533-2b05-edb8-39d47aa96cb8/4f9db3d6-9938-457f-a928-279f818b29a5/459/59/0//0647977c-cd52-4861-b495-65fa0bf6ec5b/0 time_0 6:03->4:46 | soul:00000000-0000-0000-0000-000000035000/2a7b75cd-8344-43f6-8483-0191a079e503//9fe6dae0-e195-42e0-a3fb-66cfc6382407/452fdf90-e2c8-e4ff-3bcf-42cfae335f86/4a0f9f8c-765d-8fd7-d659-5a3ee0450698/46084349-334e-918b-de96-f116dbd0b4a8/45e154a8-ffb8-d9d6-38b5-438a70fe21a5/acb826fc-2f13-4e55-a1aa-330a9f3adb59/381/69/0//06658d4d-3a4b-4abf-a545-c75a0c4fcc1d/0 time_0 6:53->5:40 | soul:00000000-0000-0000-0000-000000035000/2a7b75cd-8344-43f6-8483-0191a079e503//9fe6dae0-e195-42e0-a3fb-66cfc6382407/452fdf90-e2c8-e4ff-3bcf-42cfae335f86/46a6f087-efaa-ead1-e503-521fbc49fba1/4046691d-1db3-fa77-b34d-f333387ff1bb/4018c5b7-cdb3-386b-180a-4849bd64dca3/acb826fc-2f13-4e55-a1aa-330a9f3adb59/373/69/0//0b5d4fe2-c456-4d14-bb2d-6c17587daeaf/0 time_0 6:54->5:41 | soul:00000000-0000-0000-0000-000000035000/2a7b75cd-8344-43f6-8483-0191a079e503//9fe6dae0-e195-42e0-a3fb-66cfc6382407/464ec279-f69d-89da-8769-a67ac52e498d/42a4d0b0-6c9a-1b19-6946-47af67a65289/48b3b842-a017-0927-bede-fc0397e4099d/4a1b99b6-7533-2b05-edb8-39d47aa96cb8/4f9db3d6-9938-457f-a928-279f818b29a5/459/59/0//0be9be9a-1826-4975-80fa-e6b934e97c32/0 time_0 6:55->5:42 | soul:00000000-0000-0000-0000-000000035000/2a7b75cd-8344-43f6-8483-0191a079e503//9fe6dae0-e195-42e0-a3fb-66cfc6382407/4bc51034-3ad5-0050-f5c1-ba11046ed4ba/4d7a2d4a-919c-4096-7af9-977c91bf26b4/4d85da17-77bb-f000-3b42-fa5ebfc2f7ab/4b2ca980-204a-8d99-e95c-fc5fa3bcda8e//381/6/0//0c88319c-d9b6-4e1b-8039-fcd90cd6d0f6/0 time_0 6:19->5:03 | soul:00000000-0000-0000-0000-000000035000/2a7b75cd-8344-43f6-8483-0191a079e503//9fe6dae0-e195-42e0-a3fb-66cfc6382407/498bc146-f7d1-1c55-7a6b-b549cbdfb98f/42a4d0b0-6c9a-1b19-6946-47af67a65289/4f19edc7-f1e9-0216-f50a-131bb7e6a5b5/4e36b67c-ef7e-839c-1bb6-a948a25c38b4/4f9db3d6-9938-457f-a928-279f818b29a5/459/59/0//0c8b3619-6ce3-4bc3-b74d-eadb3f6e1588/0 time_0 6:48->5:34,pak (container): 1; tables (PTF): 1; lua identical to vanilla: 0,R=2390 T=1 median_rel=0.00 lua_lines=0 cfg=0 assets=0 loc=0 native=no,,read in place
754,Painted Lords of Leipa Hounskull,P3,Weapons / armor / items,Painted Leipa Hounskull-754-1-0-1559896602.zip,c_weapons-armor-items,archive,6.47,"E visual, audio or UI only (no gameplay change)",low,D0 content/text,loose .pak (legacy: copy into Data),no manifest (legacy install),textures/models/animations,low,,,,0,0,0,0,0,0.0,0,0,0,2,0,,none,,textures: 2; pak (container): 1; lua identical to vanilla: 0,R=0 T=0 median_rel=0.00 lua_lines=0 cfg=0 assets=2 loc=0 native=no,,"full (scratch, deleted after reading)"
771,Hoods Over Helmats Removed Clipping Helmets On NPC'S,P3,Quests / lore / content,Hoods Over Helmets Remove Kettle Helmets NPC-771-1-1-1562422310,_quarantine,folder (already extracted),0,A changes the most,high,D0 content/text; D1 data tables (PTF); D2 engine config; D3 Lua scripts,Mods/<mod folder> with mod.manifest (Vortex or manual),yes (no version restriction),"gameplay data, scripts, engine config, graphics config, textures/models/animations",high,(none),,"ammo, armor, armor2clothing_attachment, clothing, equippable_item, item, melee_weapon, pickable_item, player_item, rpg_param, shop_type2item, soul, weapon, weapon2weapon_preset, weapon_preset",182,108,17608,191,15,10.0,24,5848,16,37,0,"states requirements, user.cfg",HIGH,rpg_param:BaseInventoryCapacity rpg_param_value 66->840 | shop_type2item:5ef63059-322e-4e1b-abe8-926e100c770e amount 2800->2000000 | shop_type2item:5ef63059-322e-4e1b-abe8-926e100c770e amount 200->2000000 | shop_type2item:5ef63059-322e-4e1b-abe8-926e100c770e amount 100->2000000 | shop_type2item:5ef63059-322e-4e1b-abe8-926e100c770e amount 20000->2000000 | shop_type2item:5ef63059-322e-4e1b-abe8-926e100c770e amount 2000->2000000 | shop_type2item:5ef63059-322e-4e1b-abe8-926e100c770e amount 4000->2000000 | shop_type2item:5ef63059-322e-4e1b-abe8-926e100c770e amount 200->2000000,textures: 26; scripts (Lua): 24; other: 23; tables (PTF): 15; models/animations/materials: 11; docs: 6; manifest: 1; pak (container): 1; config (.cfg): 1; lua identical to vanilla: 0,R=290 T=15 median_rel=10.00 lua_lines=5848 cfg=16 assets=37 loc=0 native=no,Data/Libs/Tables/item/ammo.xml: no suffix: replaces the whole vanilla table | Data/Libs/Tables/item/armor.xml: no suffix: replaces the whole vanilla table | Data/Libs/Tables/item/armor2clothing_attachment.xml: no suffix: replaces the whole vanilla table | Data/Libs/Tables/item/clothing.xml: no suffix: replaces the whole vanilla table | Data/Libs/Tables/item/equippable_item.xml: no suffix: replaces the whole vanilla table | Data/Libs/Tables/item/item.xml: no suffix: replaces the whole vanilla table | Data/Libs/Tables/item/melee_weapon.xml: no suffix: replaces the whole vanilla table | Data/Libs,read in place (already extracted by the author)
771,Hoods Over Helmats Removed Clipping Helmets On NPC'S,P3,Quests / lore / content,Hoods Over Helmets Remove Kettle Helmets NPC-771-1-1-1562422310.7z,_quarantine,archive,6.95,A changes the most,high,D0 content/text; D1 data tables (PTF); D2 engine config; D3 Lua scripts,Mods/<mod folder> with mod.manifest (Vortex or manual),yes (no version restriction),"gameplay data, scripts, engine config, graphics config, textures/models/animations",high,(none),,"ammo, armor, armor2clothing_attachment, clothing, equippable_item, item, melee_weapon, pickable_item, player_item, rpg_param, shop_type2item, soul, weapon, weapon2weapon_preset, weapon_preset",182,108,17608,191,15,10.0,24,5848,16,37,0,"states requirements, user.cfg",HIGH,rpg_param:BaseInventoryCapacity rpg_param_value 66->840 | shop_type2item:5ef63059-322e-4e1b-abe8-926e100c770e amount 2800->2000000 | shop_type2item:5ef63059-322e-4e1b-abe8-926e100c770e amount 200->2000000 | shop_type2item:5ef63059-322e-4e1b-abe8-926e100c770e amount 100->2000000 | shop_type2item:5ef63059-322e-4e1b-abe8-926e100c770e amount 20000->2000000 | shop_type2item:5ef63059-322e-4e1b-abe8-926e100c770e amount 2000->2000000 | shop_type2item:5ef63059-322e-4e1b-abe8-926e100c770e amount 4000->2000000 | shop_type2item:5ef63059-322e-4e1b-abe8-926e100c770e amount 200->2000000,textures: 26; scripts (Lua): 24; other: 22; tables (PTF): 15; models/animations/materials: 11; docs: 6; pak (container): 2; manifest: 1; config (.cfg): 1; lua identical to vanilla: 0,R=290 T=15 median_rel=10.00 lua_lines=5848 cfg=16 assets=37 loc=0 native=no,mods/Hoods Over Helmets/Data/Hoods Over Helmets.pak!Libs/Tables/item/ammo.xml: no suffix: replaces the whole vanilla table | mods/Hoods Over Helmets/Data/Hoods Over Helmets.pak!Libs/Tables/item/armor.xml: no suffix: replaces the whole vanilla table | mods/Hoods Over Helmets/Data/Hoods Over Helmets.pak!Libs/Tables/item/armor2clothing_attachment.xml: no suffix: replaces the whole vanilla table | mods/Hoods Over Helmets/Data/Hoods Over Helmets.pak!Libs/Tables/item/clothing.xml: no suffix: replaces the whole vanilla table | mods/Hoods Over Helmets/Data/Hoods Over Helmets.pak!Libs/Tables/item/equip,"full (scratch, deleted after reading)"
796,Miller Guild Items,P3,World / weather / visuals,Miller Guild Items-796-1-3-1564712669.7z,c_world-weather-visuals,archive,0.61,B large,high,D0 content/text; D1 data tables (PTF),loose .pak (legacy: copy into Data),no manifest (legacy install),"gameplay data, text",low,,,"armor, armor2clothing_attachment, armor_type, buff, clothing, clothing_preset, equippable_item, item, pickable_item, player_item, quest_reward_item, shop_type2item, skill2item_category",123,107,12987,0,13,1.0,0,0,0,0,45,,none,armor:4962e864-5964-aecf-7a62-6e117b96ec99 zone3_brightness 1->41 | armor:ff5ab403-62fa-41d2-9afd-7d6857f999c4 noise 0.1->1 | armor:4063f2eb-d6d6-a27e-c1d7-a0885269108c color_saturation 1->2 | armor:42d6c8cd-d109-5bd2-0cbf-62f6dae942b9 max_status 40->0 | armor:45345fd3-43ed-b961-fde6-af37d4993aa7 max_status 40->0 | armor:45f0293a-b0b9-cd56-6864-ade54db775b8 color_hue 0->0.205556 | armor:46cf7471-dccd-7e3a-18e8-e4a2e05d7ea5 max_status 40->0 | armor:48f6cde5-a747-dbee-2af1-9fae418ef68b brightness 0.5->1,other: 13; tables (PTF): 13; localization: 3; pak (container): 1; lua identical to vanilla: 0,R=230 T=13 median_rel=1.00 lua_lines=0 cfg=0 assets=0 loc=45 native=no,Miller Guild Items 1.3/Data/guilditems.pak!Libs/Tables/item/armor.xml: no suffix: replaces the whole vanilla table | Miller Guild Items 1.3/Data/guilditems.pak!Libs/Tables/item/armor2clothing_attachment.xml: no suffix: replaces the whole vanilla table | Miller Guild Items 1.3/Data/guilditems.pak!Libs/Tables/item/armor_type.xml: no suffix: replaces the whole vanilla table | Miller Guild Items 1.3/Data/guilditems.pak!Libs/Tables/item/clothing.xml: no suffix: replaces the whole vanilla table | Miller Guild Items 1.3/Data/guilditems.pak!Libs/Tables/item/clothing_preset.xml: no suffix: replaces the,"full (scratch, deleted after reading)"
797,Inventoried,P3,Maps / UI / HUD,Inventoried - Standard-797-1-6-3-1605332384.zip,c_maps-ui-hud,archive,0.02,E text only (no gameplay change),low,D0 content/text,Mods/<mod folder> with mod.manifest (Vortex or manual),yes (wildcard),text,low,1.9.*,,,0,0,0,0,0,0.0,0,0,0,0,1395,,none,,localization: 2; manifest: 1; lua identical to vanilla: 0,R=0 T=0 median_rel=0.00 lua_lines=0 cfg=0 assets=0 loc=1395 native=no,,"full (scratch, deleted after reading)"
800,Volumetric Fog Shadows,P4,Graphics config (cfg),VolumetricFogShadows-800-1-1-1563786542,c_graphics-config-cfg,folder (already extracted),0,D small tweak,medium,D1 game data xml (not table rows); D2 engine config,Mods/<mod folder> with mod.manifest (Vortex or manual),yes (wildcard),"other game data (xml), graphics config",medium,1.9.*,,,0,0,0,0,0,0.0,0,0,2,0,0,,none,,"config (.cfg): 2; pak (container): 2; other game data (xml, not table rows): 2; manifest: 1; lua identical to vanilla: 0",R=0 T=0 median_rel=0.00 lua_lines=0 cfg=2 assets=0 loc=0 native=no,,read in place (already extracted by the author)
808,Named NPCs,P3,Quests / lore / content,Named NPCs (BIO version) 1.4-808-1-4-1568060707.7z,c_quests-lore-content,archive,0.19,A changes the most,high,D0 content/text; D1 data tables (PTF),Mods/<mod folder> with mod.manifest (Vortex or manual),yes (no version restriction),"gameplay data, text",low,(none),,v_soul_character_data,3263,0,1762,3263,1,0.0,0,0,0,0,2898,,none,v_soul_character_data:soul_ui_name_armorer_001/4203d715-43a1-0049-e26b-8579c81ce0b0/0 NEW row | v_soul_character_data:soul_ui_name_armorer_002/4618f1c3-240c-52fb-eb00-97d3179c56af/105 NEW row | v_soul_character_data:soul_ui_name_armorer_003/47a70946-4377-2716-ba39-0ddcc7becc9c/0 NEW row | v_soul_character_data:soul_ui_name_armorer_004/47ecc7dc-f8aa-f615-7599-b079bcec6ea1/76 NEW row | v_soul_character_data:soul_ui_name_bailiff_001/413b78e1-9650-a4f7-979e-ff7afbb576a8/0 NEW row | v_soul_character_data:soul_ui_name_bailiff_002/4161c2ed-8426-3257-d2df-0380d9ee6886/81 NEW row | v_soul_character_data:soul_ui_name_bailiff_003/424f8832-7d19-26e8-c9cc-d6fbe9597bbf/98 NEW row | v_soul_character_data:soul_ui_name_bailiff_004/43ae7f7a-c6bd-7b7a-8ff7-adb4ab1c5c98/0 NEW row,localization: 2; manifest: 1; pak (container): 1; other: 1; tables (PTF): 1; lua identical to vanilla: 0,R=3263 T=1 median_rel=0.00 lua_lines=0 cfg=0 assets=0 loc=2898 native=no,zzzz_Named_NPCs_BIO_1.4/Data/More_Named_NPCs.pak!Libs/Tables/rpg/v_soul_character_data.xml: no suffix: replaces the whole vanilla table,"full (scratch, deleted after reading)"
808,Named NPCs,P3,Quests / lore / content,Named NPCs 1.4-808-1-4-1568060673.7z,c_quests-lore-content,archive,0.19,A changes the most,high,D0 content/text; D1 data tables (PTF),Mods/<mod folder> with mod.manifest (Vortex or manual),yes (no version restriction),"gameplay data, text",low,(none),,v_soul_character_data,3263,0,1762,3263,1,0.0,0,0,0,0,2804,,none,v_soul_character_data:soul_ui_name_armorer_001/4203d715-43a1-0049-e26b-8579c81ce0b0/0 NEW row | v_soul_character_data:soul_ui_name_armorer_002/4618f1c3-240c-52fb-eb00-97d3179c56af/105 NEW row | v_soul_character_data:soul_ui_name_armorer_003/47a70946-4377-2716-ba39-0ddcc7becc9c/0 NEW row | v_soul_character_data:soul_ui_name_armorer_004/47ecc7dc-f8aa-f615-7599-b079bcec6ea1/76 NEW row | v_soul_character_data:soul_ui_name_bailiff_001/413b78e1-9650-a4f7-979e-ff7afbb576a8/0 NEW row | v_soul_character_data:soul_ui_name_bailiff_002/4161c2ed-8426-3257-d2df-0380d9ee6886/81 NEW row | v_soul_character_data:soul_ui_name_bailiff_003/424f8832-7d19-26e8-c9cc-d6fbe9597bbf/98 NEW row | v_soul_character_data:soul_ui_name_bailiff_004/43ae7f7a-c6bd-7b7a-8ff7-adb4ab1c5c98/0 NEW row,localization: 2; manifest: 1; pak (container): 1; other: 1; tables (PTF): 1; lua identical to vanilla: 0,R=3263 T=1 median_rel=0.00 lua_lines=0 cfg=0 assets=0 loc=2804 native=no,Named_NPCs_1.4/Data/Named_NPCs_1.4.pak!Libs/Tables/rpg/v_soul_character_data.xml: no suffix: replaces the whole vanilla table,"full (scratch, deleted after reading)"
829,Shop Proper,P3,Economy / merchants,Shop Proper-829-1-0-5-1575357704.7z,c_economy-merchants,archive,0.06,A changes the most,high,D1 data tables (PTF),Mods/<mod folder> with mod.manifest (Vortex or manual),yes (no version restriction),gameplay data,none,(none),,"shop, shop_type2item",282,577,1843,10,2,6.866,0,0,0,0,0,states requirements,none,shop_type2item:cda856d8-9ee4-4f61-b2c7-eace8e082d62 amount 2->8 | shop_type2item:9fa3000e-3807-48a8-bed8-81427f0bda55 amount 3->12 | shop_type2item:9f7a0c0a-6458-4622-9cc5-2f4dd4898b50 amount 3->10 | shop_type2item:4454e377-d0d8-5bbb-e968-3e41cd366899 amount 1->3 | shop_type2item:4662e866-6a82-eb4b-ed98-26213ca118a8 amount 1->3 | shop_type2item:486c1cda-e1ec-5d01-b1f1-1540d0863c9e amount 1->3 | shop_type2item:432237ec-b13a-bd6c-4026-a3db68e4d89e amount 1->3 | shop_type2item:4bdc6232-47e7-e675-3730-5d218359e3ac amount 1->3,other: 2; tables (PTF): 2; manifest: 1; docs: 1; pak (container): 1; lua identical to vanilla: 0,R=859 T=2 median_rel=6.87 lua_lines=0 cfg=0 assets=0 loc=0 native=no,ShopProper/data/ShopProper.pak!Libs/Tables/shop/shop.xml: no suffix: replaces the whole vanilla table | ShopProper/data/ShopProper.pak!Libs/Tables/shop/shop_type2item.xml: no suffix: replaces the whole vanilla table,"full (scratch, deleted after reading)"
837,Easy Edit,P3,(unclassified),EasyEdit-837--1-1567314659.zip,c_unclassified,archive,0.01,"C effective (few rows, strong effect)",high,D1 data tables (PTF),loose .pak (legacy: copy into Data),no manifest (legacy install),gameplay data,none,,,food,0,29,170,3,1,0.5,0,0,0,0,0,,none,food:5dceabb5-aef0-4bf5-b401-acbc30a44e21 nutrition_benefit -0.5->2 | food:b3e363cf-8dde-4733-89a9-c468d5580d2e refresh_benefit 0.5->-2 | food:6a324aa9-a566-406c-a3f8-6c416a00b399 refresh_benefit -0.5->-1.5 | food:9e782670-3291-4382-a6d3-a843d13e67d9 refresh_benefit 10->-1 | food:8d6964b1-b645-4aa1-adcc-db22646f3722 refresh_benefit 0->-3 | food:55537a99-41ba-4497-925c-a543ced248e3 refresh_benefit 0->1 | food:5f02ef0d-0551-44b1-902c-c96a8650d01d nutrition_benefit 0->2 | food:86e4ff24-88db-4024-abe6-46545fa0fbd1 refresh_benefit 0->-3,pak (container): 1; tables (PTF): 1; other: 1; lua identical to vanilla: 0,R=29 T=1 median_rel=0.50 lua_lines=0 cfg=0 assets=0 loc=0 native=no,EasyEdit/Data/EasyEdit.pak!Libs/Tables/rpg/food.xml: no suffix: replaces the whole vanilla table,"full (scratch, deleted after reading)"
840,Blood and Iron Encounter System,P3,Quests / lore / content,Blood and Iron Encounter System-840-1-0-1567464422.7z,c_quests-lore-content,archive,0.77,A changes the most,high,D1 data tables (PTF),Mods/<mod folder> with mod.manifest (Vortex or manual),yes (no version restriction),gameplay data,none,(none),,"random_event, soul",0,5081,29,0,2,0.647,0,0,0,0,0,,none,random_event:0/5/5 base_run_chance 0.07->0.5 | random_event:0/68/7 base_run_chance 0.15->0.4 | random_event:0/9/8 base_run_chance 0.2->0.5 | random_event:0/67/7 base_run_chance 0.1->0.25 | random_event:0/111/7 base_run_chance 0.1->0.25 | random_event:0/112/7 base_run_chance 0.1->0.25 | random_event:0/113/7 base_run_chance 0.1->0.25 | random_event:0/114/7 base_run_chance 0.1->0.25,other: 2; tables (PTF): 2; manifest: 1; pak (container): 1; lua identical to vanilla: 0,R=5081 T=2 median_rel=0.65 lua_lines=0 cfg=0 assets=0 loc=0 native=no,Blood and Iron Encounter System/Data/BIO Encounter System.pak!Libs/Tables/random_event.xml: no suffix: replaces the whole vanilla table | Blood and Iron Encounter System/Data/BIO Encounter System.pak!Libs/Tables/rpg/soul.xml: no suffix: replaces the whole vanilla table,"full (scratch, deleted after reading)"
844,Yet Another (Realistic) Reshade,P4,Reshade / ENB / visual preset,Yet Another Reshade-844-1-0-1567756118.7z,c_reshade-enb-visual-preset,archive,8.38,"E visual, audio or UI only (no gameplay change)",none,D0 content/text,unclear: read the archive's own instructions,no manifest (legacy install),post-processing (ReShade/ENB),high,,,,0,0,0,0,0,0.0,0,0,0,0,0,,none,,"reshade/ENB (shaders, presets): 48; other: 1; lua identical to vanilla: 0",R=0 T=0 median_rel=0.00 lua_lines=0 cfg=0 assets=0 loc=0 native=no,,"full (scratch, deleted after reading)"
867,APEX Realistic Modding Guide tweaks and fixes,P3,Tools / reference,cfg files-867-1-4-1585770880.7z,c_tools-reference,archive,0.0,D small tweak,medium,D2 engine config,unclear: read the archive's own instructions,no manifest (legacy install),"engine config, graphics config",high,,,,0,0,0,0,0,0.0,0,0,118,0,0,,none,,config (.cfg): 3; lua identical to vanilla: 0,R=0 T=0 median_rel=0.00 lua_lines=0 cfg=118 assets=0 loc=0 native=no,,"full (scratch, deleted after reading)"
879,Original clouds KCD no mipmap,P3,World / weather / visuals,zima101-879-1-0-1575121825.zip,c_world-weather-visuals,archive,33.24,"E visual, audio or UI only (no gameplay change)",low,D0 content/text,loose .pak (legacy: copy into Data),no manifest (legacy install),textures/models/animations,high,,,,0,0,0,0,0,0.0,0,0,0,39,0,,none,,textures: 39; other: 10; docs: 1; pak (container): 1; lua identical to vanilla: 0,R=0 T=0 median_rel=0.00 lua_lines=0 cfg=0 assets=39 loc=0 native=no,,"full (scratch, deleted after reading)"
892,Baselard Dagger,P3,Weapons / armor / items,Baselard Dagger Mod-892-1-0-2-1581856259.zip,c_weapons-armor-items,archive,2.07,B large,high,D0 content/text; D1 data tables (PTF); D3 Lua scripts,Mods/<mod folder> with mod.manifest (Vortex or manual),yes (no version restriction),"gameplay data, scripts, textures/models/animations, text",high,(none),,"equippable_item, item, melee_weapon, pickable_item, player_item, shop_type2item, weapon",17,0,0,8614,7,0.0,2,30,0,6,2,states requirements,none,equippable_item:0e7b2f6b-8ff1-4154-a2de-77f3defb7a7c NEW row | item:0e7b2f6b-8ff1-4154-a2de-77f3defb7a7c NEW row | melee_weapon:0e7b2f6b-8ff1-4154-a2de-77f3defb7a7c NEW row | pickable_item:0e7b2f6b-8ff1-4154-a2de-77f3defb7a7c NEW row | player_item:0e7b2f6b-8ff1-4154-a2de-77f3defb7a7c NEW row | weapon:0e7b2f6b-8ff1-4154-a2de-77f3defb7a7c NEW row | shop_type2item:0e7b2f6b-8ff1-4154-a2de-77f3defb7a7c NEW row | shop_type2item:0e7b2f6b-8ff1-4154-a2de-77f3defb7a7c NEW row,tables (PTF): 7; textures: 4; models/animations/materials: 2; scripts (Lua): 2; localization: 2; manifest: 1; docs: 1; pak (container): 1; lua identical to vanilla: 0,R=17 T=7 median_rel=0.00 lua_lines=30 cfg=0 assets=6 loc=2 native=no,,"full (scratch, deleted after reading)"
922,Enhanced Hair Textures,P3,World / weather / visuals,Enhanced Hair Textures by Grimsy 1.1-922-1-1-1583842369.rar,c_world-weather-visuals,archive,42.12,"E visual, audio or UI only (no gameplay change)",low,D0 content/text,Mods/<mod folder> with mod.manifest (Vortex or manual),yes (no version restriction),textures/models/animations,high,(none),,,0,0,0,0,0,0.0,0,0,0,30,0,,none,,textures: 25; models/animations/materials: 5; docs: 1; manifest: 1; pak (container): 1; lua identical to vanilla: 0,R=0 T=0 median_rel=0.00 lua_lines=0 cfg=0 assets=30 loc=0 native=no,,"full (scratch, deleted after reading)"
930,Photorealistic Beauty,P3,World / weather / visuals,Photorealistic Beauty 3.0-930-3-0-1584403800.zip,c_world-weather-visuals,archive,9.64,D small tweak,medium,D0 content/text; D2 engine config,legacy: files go into the game's Bin folder,no manifest (legacy install),"engine config, graphics config, post-processing (ReShade/ENB)",high,,,,0,0,0,0,0,0.0,0,0,130,0,0,,none,,"reshade/ENB (shaders, presets): 174; config (.cfg): 2; lua identical to vanilla: 0",R=0 T=0 median_rel=0.00 lua_lines=0 cfg=130 assets=0 loc=0 native=no,,"full (scratch, deleted after reading)"
950,Henry's Castle at Pribyslavits,P3,World / weather / visuals,Castle Pribyslavits-950-1-2-1583519496.zip,c_world-weather-visuals,archive,529.38,A changes the most,high,D0 content/text; D1 data tables (PTF); D1 game data xml (not table rows); D3 Lua scripts,Mods/<mod folder> with mod.manifest (Vortex or manual),yes (no version restriction),"gameplay data, scripts, other game data (xml), textures/models/animations",high,(none),castle_pribyslavits,"clothing_mesh_data, clothing_raycast, equippable_item, item, melee_weapon, pickable_item, player_item, shop_type2item, weapon",401,0,37,166456,9,0.0,1,112,0,4024,0,,MEDIUM,equippable_item:c049e569-f0bf-4425-b0df-2e0a7f769af7 NEW row | item:c049e569-f0bf-4425-b0df-2e0a7f769af7 NEW row | melee_weapon:c049e569-f0bf-4425-b0df-2e0a7f769af7 NEW row | pickable_item:c049e569-f0bf-4425-b0df-2e0a7f769af7 NEW row | player_item:c049e569-f0bf-4425-b0df-2e0a7f769af7 NEW row | weapon:c049e569-f0bf-4425-b0df-2e0a7f769af7 NEW row | shop_type2item:c049e569-f0bf-4425-b0df-2e0a7f769af7 NEW row | shop_type2item:c049e569-f0bf-4425-b0df-2e0a7f769af7 NEW row,"other: 142851; models/animations/materials: 4024; other game data (xml, not table rows): 1861; tables (PTF): 12; docs: 3; pak (container): 3; manifest: 1; scripts (Lua): 1; lua identical to vanilla: 0",R=401 T=9 median_rel=0.00 lua_lines=112 cfg=0 assets=4024 loc=0 native=no,,"full (scratch, deleted after reading)"
955,Treasure Maps Of Bohemia,P3,Quests / lore / content,Treasure Maps Of Bohemia-955-1-9-5-1-1585332038.7z,c_quests-lore-content,archive,98.46,"E visual, audio or UI only (no gameplay change)",low,D0 content/text,Mods/<mod folder> with mod.manifest (Vortex or manual),yes (no version restriction),textures/models/animations,high,(none),,,0,0,0,0,0,0.0,0,0,0,66,0,,none,,textures: 66; manifest: 1; pak (container): 1; lua identical to vanilla: 0,R=0 T=0 median_rel=0.00 lua_lines=0 cfg=0 assets=66 loc=0 native=no,,"full (scratch, deleted after reading)"
957,Dark Souls Death Screen,P3,Maps / UI / HUD,DSDeathScreen (Option 1)-957-1-0-1584101845.rar,c_maps-ui-hud,archive,0.26,"E visual, audio or UI only (no gameplay change)",none,D0 content/text,Mods/<mod folder> with mod.manifest (Vortex or manual),yes (no version restriction),UI,medium,(none),,,0,0,0,0,0,0.0,0,0,0,0,0,,none,,docs: 1; manifest: 1; pak (container): 1; ui: 1; lua identical to vanilla: 0,R=0 T=0 median_rel=0.00 lua_lines=0 cfg=0 assets=0 loc=0 native=no,,"full (scratch, deleted after reading)"
966,15th to 16th Century style Ottoman sword,P3,Weapons / armor / items,ottomansword-966-1-0-1584472459.rar,c_weapons-armor-items,archive,3.13,B large,high,D0 content/text; D1 data tables (PTF); D3 Lua scripts,Mods/<mod folder> with mod.manifest (Vortex or manual),yes (no version restriction),"gameplay data, scripts, textures/models/animations, text",high,(none),ottomansword,"equippable_item, item, melee_weapon, pickable_item, player_item, shop_type2item, weapon",16,0,0,17228,14,0.0,4,60,0,10,4,,none,equippable_item:ad9b8664-4d94-423e-9189-ff4ba8f22282 NEW row | item:ad9b8664-4d94-423e-9189-ff4ba8f22282 NEW row | melee_weapon:ad9b8664-4d94-423e-9189-ff4ba8f22282 NEW row | pickable_item:ad9b8664-4d94-423e-9189-ff4ba8f22282 NEW row | player_item:ad9b8664-4d94-423e-9189-ff4ba8f22282 NEW row | weapon:ad9b8664-4d94-423e-9189-ff4ba8f22282 NEW row | shop_type2item:ad9b8664-4d94-423e-9189-ff4ba8f22282 NEW row | shop_type2item:ad9b8664-4d94-423e-9189-ff4ba8f22282 NEW row,tables (PTF): 14; textures: 6; scripts (Lua): 4; models/animations/materials: 4; localization: 3; other: 2; manifest: 1; docs: 1; pak (container): 1; lua identical to vanilla: 0,R=16 T=14 median_rel=0.00 lua_lines=60 cfg=0 assets=10 loc=4 native=no,,"full (scratch, deleted after reading)"
969,Enhanced Eyes,P3,World / weather / visuals,Enhanced Eyes 1.1-969-1-1-1585051202.zip,c_world-weather-visuals,archive,0.19,"E visual, audio or UI only (no gameplay change)",low,D0 content/text,Mods/<mod folder> with mod.manifest (Vortex or manual),yes (no version restriction),textures/models/animations,high,(none),,,0,0,0,0,0,0.0,0,0,0,30,0,,none,,models/animations/materials: 28; textures: 2; manifest: 1; pak (container): 1; lua identical to vanilla: 0,R=0 T=0 median_rel=0.00 lua_lines=0 cfg=0 assets=30 loc=0 native=no,,"full (scratch, deleted after reading)"
972,Let Me Loot,P3,Crime / stealth / loot,Let Me Loot v1.3-972-1-3-1592335957.zip,_quarantine,archive,0.07,A changes the most,none,D4 native/external,legacy: files go into the game's Bin folder,no manifest (legacy install),native/external,none,,,,0,0,0,0,0,0.0,0,0,0,0,0,,HIGH,,executables/scripts: 2; docs: 1; lua identical to vanilla: 0,R=0 T=0 median_rel=0.00 lua_lines=0 cfg=0 assets=0 loc=0 native=yes,,"full (scratch, deleted after reading)"
975,Super Natural Reshade,P4,Reshade / ENB / visual preset,Super Natural Reshade v1.5-975-v1-5-1587646699.zip,c_reshade-enb-visual-preset,archive,0.0,"E visual, audio or UI only (no gameplay change)",none,D0 content/text,unclear: read the archive's own instructions,no manifest (legacy install),post-processing (ReShade/ENB),high,,,,0,0,0,0,0,0.0,0,0,0,0,0,,none,,"reshade/ENB (shaders, presets): 1; lua identical to vanilla: 0",R=0 T=0 median_rel=0.00 lua_lines=0 cfg=0 assets=0 loc=0 native=no,,"full (scratch, deleted after reading)"
977,Alms for Beggars,P3,Economy / merchants,Beggars_alms_mod_v1.5.2-977-1-5-2-1590399761.zip,c_economy-merchants,archive,0.05,B large,high,D0 content/text; D1 data tables (PTF),Mods/<mod folder> with mod.manifest (Vortex or manual),yes (no version restriction),"gameplay data, text",low,(none),alms_for_beggars,"?, clothing_mesh_data, clothing_raycast, response, sequence, sequence_line, topic, topic2sequence, v_branch, v_dialogue_commands",207,4,0,502463,10,0.0,0,0,0,0,126,,none,clothing_mesh_data:Objects/characters/humans/body/s1_body_npc.skin/0/// NEW row | clothing_mesh_data:Objects/characters/humans/head/s1_head_v002.skin/0/// NEW row | clothing_mesh_data:Objects/characters/humans/head/s1_head_v001.skin/0/// NEW row | clothing_mesh_data:Objects/characters/humans/attachment/s2_att_belt_006.skin/0/// NEW row | clothing_mesh_data:Objects/characters/humans/attachment/s2_att_p2_l2_v003.skin/0/// NEW row | clothing_mesh_data:Objects/characters/humans/attachment/s2_att_p2_l1_v005.skin/0/// NEW row | clothing_mesh_data:Objects/characters/humans/body/s2_body.skin/0/// NEW row | clothing_mesh_data:Objects/characters/humans/head/s2_head_v001.skin/0/// NEW row,localization: 14; other: 10; tables (PTF): 10; manifest: 1; docs: 1; pak (container): 1; lua identical to vanilla: 0,R=211 T=10 median_rel=0.00 lua_lines=0 cfg=0 assets=0 loc=126 native=no,alms_for_beggars/data/tables_patch.pak!libs/tables/text/topictorole__alms_for_beggars.xml: table 'TopicToRole__alms_for_beggars' is not in the vanilla game,"full (scratch, deleted after reading)"
978,minimalistic HUD,P3,Maps / UI / HUD,minimalisticHUD-978-1-0-1585828036.zip,c_maps-ui-hud,archive,0.35,"E visual, audio or UI only (no gameplay change)",low,D0 content/text,Mods/<mod folder> with mod.manifest (Vortex or manual),yes (wildcard),textures/models/animations,medium,1.*,,,0,0,0,0,0,0.0,0,0,0,4,0,,none,,textures: 4; manifest: 1; pak (container): 1; lua identical to vanilla: 0,R=0 T=0 median_rel=0.00 lua_lines=0 cfg=0 assets=4 loc=0 native=no,,"full (scratch, deleted after reading)"
994,Depth ReShade,P4,Reshade / ENB / visual preset,Depth Reshade by Ahaut-994-2-0-1586561627.zip,c_reshade-enb-visual-preset,archive,0.0,"E visual, audio or UI only (no gameplay change)",none,D0 content/text,unclear: read the archive's own instructions,no manifest (legacy install),post-processing (ReShade/ENB),high,,,,0,0,0,0,0,0.0,0,0,0,0,0,,none,,"reshade/ENB (shaders, presets): 1; lua identical to vanilla: 0",R=0 T=0 median_rel=0.00 lua_lines=0 cfg=0 assets=0 loc=0 native=no,,"full (scratch, deleted after reading)"
1045,MORE BLOOD,P3,World / weather / visuals,More blood-1045-0-2-2-1592095918.zip,c_world-weather-visuals,archive,0.01,D small tweak,medium,D1 game data xml (not table rows),Mods/<mod folder> with mod.manifest (Vortex or manual),NO (disabled: lists *),other game data (xml),none,*,,,0,0,0,0,0,0.0,0,0,0,0,0,,none,,"other game data (xml, not table rows): 2; manifest: 1; pak (container): 1; lua identical to vanilla: 0",R=0 T=0 median_rel=0.00 lua_lines=0 cfg=0 assets=0 loc=0 native=no,,"full (scratch, deleted after reading)"
1046,Rudy ENB for KCD,P4,Reshade / ENB / visual preset,Rudy ENB for KCD-1046-1-0a-1591826956.rar,c_reshade-enb-visual-preset,archive,0.58,A changes the most,medium,D0 content/text; D2 engine config; D4 native/external,unclear: read the archive's own instructions,no manifest (legacy install),"graphics config, post-processing (ReShade/ENB), textures/models/animations, native/external",high,,,,0,0,0,0,0,0.0,0,0,26,9,0,"ReShade, user.cfg",none,,"reshade/ENB (shaders, presets): 27; textures: 9; docs: 1; config (.cfg): 1; lua identical to vanilla: 0",R=0 T=0 median_rel=0.00 lua_lines=0 cfg=26 assets=9 loc=0 native=yes,,"full (scratch, deleted after reading)"
1059,Icon ID Resource,P3,Tools / reference,Icon ID Resource-1059-1-0-1592792055.rar,c_tools-reference,archive,14.14,"E visual, audio or UI only (no gameplay change)",low,D0 content/text,unclear: read the archive's own instructions,no manifest (legacy install),textures/models/animations,medium,,,,0,0,0,0,0,0.0,0,0,0,3,0,,none,,textures: 3; lua identical to vanilla: 0,R=0 T=0 median_rel=0.00 lua_lines=0 cfg=0 assets=3 loc=0 native=no,,"full (scratch, deleted after reading)"
1063,Paper UI,P3,Maps / UI / HUD,PaperUI-1063-1-0-1593630274.rar,c_maps-ui-hud,archive,2.71,D small tweak,medium,D0 content/text; D1 game data xml (not table rows),Mods/<mod folder> with mod.manifest (Vortex or manual),yes (no version restriction),"other game data (xml), textures/models/animations",high,(none),,,0,0,0,0,0,0.0,0,0,0,83,0,,none,,"textures: 83; manifest: 1; pak (container): 1; other game data (xml, not table rows): 1; lua identical to vanilla: 0",R=0 T=0 median_rel=0.00 lua_lines=0 cfg=0 assets=83 loc=0 native=no,,"full (scratch, deleted after reading)"
1074,Realism Enlighted ReShade - lore-friendly realistic Visual Enhancing and Sharpening - big quality boost on lower resolutions,P4,Reshade / ENB / visual preset,Realism Enlighted Reshade 1.0-1074-1-0-1594741584.rar,_quarantine,archive,37.55,A changes the most,none,D0 content/text; D4 native/external,unclear: read the archive's own instructions,no manifest (legacy install),"post-processing (ReShade/ENB), native/external",high,,,,0,0,0,0,0,0.0,0,0,0,0,0,,HIGH,,"reshade/ENB (shaders, presets): 311; executables/scripts: 1; lua identical to vanilla: 0",R=0 T=0 median_rel=0.00 lua_lines=0 cfg=0 assets=0 loc=0 native=yes,,"full (scratch, deleted after reading)"
1080,ReformationFX Reshade,P4,Reshade / ENB / visual preset,ReformationFX v1.1-1080-v1-1-1597071272.rar,c_reshade-enb-visual-preset,archive,0.0,"E visual, audio or UI only (no gameplay change)",none,D0 content/text,unclear: read the archive's own instructions,no manifest (legacy install),post-processing (ReShade/ENB),high,,,,0,0,0,0,0,0.0,0,0,0,0,0,,none,,"reshade/ENB (shaders, presets): 1; lua identical to vanilla: 0",R=0 T=0 median_rel=0.00 lua_lines=0 cfg=0 assets=0 loc=0 native=no,,"full (scratch, deleted after reading)"
1088,Polearms Unleashed,P3,Weapons / armor / items,PolearmsUnleashed-1088-2-4-3-1603958640.7z,c_weapons-armor-items,archive,0.21,A changes the most,high,D0 content/text; D1 data tables (PTF); D1 game data xml (not table rows); D3 Lua scripts,Mods/<mod folder> with mod.manifest (Vortex or manual),yes (no version restriction),"gameplay data, scripts, other game data (xml), textures/models/animations, text",high,(none),,"combat_action_attack, combat_action_guard_movement, combat_action_perfect_block, combat_action_pose_modifier, combat_action_sync_attack, combat_action_sync_hit, combat_action_sync_pb_hit, combat_combo, combat_sync_action_hit, combat_weapon_group_to_class, melee_weapon, mn_fragment, perk, shop_type2i",107,49,8,4579,18,0.171,2,20,0,5,7,,none,melee_weapon:44940b6c-f1f9-4ad1-9419-b5705a88e5b0 smash_att_mod 0.05->0.5 | melee_weapon:033fc7b6-17b6-486d-95cb-a22afb131be2 smash_att_mod 0.05->0.5 | melee_weapon:7377215a-a0ca-44a2-b11a-113a024191ca smash_att_mod 0.05->0.5 | melee_weapon:405c1865-413d-43b8-8db9-c44a0eefd350 smash_att_mod 0.05->0.45 | melee_weapon:0f5be0ac-ff11-4a01-a7f4-bf8e84c2e31b smash_att_mod 0.1->0.4 | combat_action_sync_attack:18/-1/1/-1/0/0/1/-1/-1/4/-1/7/-1/CombatAttackCombo/-1/-1/-1/-1/-1/-1/7/-1/-1 NEW row | combat_action_sync_attack:18/-1/0/-1/0/0/2/-1/-1/-1/-1/7/-1/CombatAttackCombo/-1/-1/-1/-1/-1/-1/7/-1/-1 NEW row | combat_action_sync_attack:18/-1/1/-1/0/0/1/-1/-1/2/-1/7/-1/CombatAttackCombo/-1/-1/-1/-1/-1/-1/7/-1/-1 NEW row,"tables (PTF): 18; pak (container): 6; models/animations/materials: 5; scripts (Lua): 2; localization: 2; manifest: 1; other game data (xml, not table rows): 1; lua identical to vanilla: 0",R=156 T=18 median_rel=0.17 lua_lines=20 cfg=0 assets=5 loc=7 native=no,,"full (scratch, deleted after reading)"
1092,Pollax replacer (Axe and Hammer head interchangable),P3,Weapons / armor / items,pollax-1092-1-4-1601148804.7z,c_weapons-armor-items,archive,0.09,D small tweak,medium,D0 content/text; D1 data tables (PTF),Mods/<mod folder> with mod.manifest (Vortex or manual),yes (no version restriction),"gameplay data, textures/models/animations, text",high,(none),,"pickable_item, player_item",0,2,0,4322,2,0.0,0,0,0,2,2,,none,pickable_item:3ef71c79-57c2-4f28-8f31-a091d9b78798 model weapons/long_weapons->weapons/war_hammers/ | player_item:3ef71c79-57c2-4f28-8f31-a091d9b78798 ui_info ui_in_lucerne_hammer->ui_in_pollax,tables (PTF): 2; models/animations/materials: 2; localization: 2; manifest: 1; pak (container): 1; lua identical to vanilla: 0,R=2 T=2 median_rel=0.00 lua_lines=0 cfg=0 assets=2 loc=2 native=no,,"full (scratch, deleted after reading)"
1093,Fishing in Bohemia,P3,Quests / lore / content,Fishing in Bohemia 1.1-1093-1-1-1598974175.7z,c_quests-lore-content,archive,0.01,"C effective (few rows, strong effect)",high,D0 content/text; D1 data tables (PTF); D3 Lua scripts,Mods/<mod folder> with mod.manifest (Vortex or manual),yes (no version restriction),"gameplay data, scripts, UI, text",medium,(none),,"item, pickable_item, player_item, questible_item",4,0,0,7378,4,0.0,2,158,0,0,8,,none,item:2aef9b0a-f485-4935-be7d-7ceee381b546 NEW row | pickable_item:2aef9b0a-f485-4935-be7d-7ceee381b546 NEW row | player_item:2aef9b0a-f485-4935-be7d-7ceee381b546 NEW row | questible_item:2aef9b0a-f485-4935-be7d-7ceee381b546 NEW row,tables (PTF): 4; ui: 2; scripts (Lua): 2; localization: 2; manifest: 1; pak (container): 1; lua identical to vanilla: 0,R=4 T=4 median_rel=0.00 lua_lines=158 cfg=0 assets=0 loc=8 native=no,,"full (scratch, deleted after reading)"
1107,Blood and Steel with NO FPS LOSS,P3,World / weather / visuals,Blood and Steel-1107-1-0-1600512585.zip,c_world-weather-visuals,archive,0.06,"E visual, audio or UI only (no gameplay change)",none,D0 content/text,unclear: read the archive's own instructions,no manifest (legacy install),post-processing (ReShade/ENB),high,,,,0,0,0,0,0,0.0,0,0,0,0,0,,none,,"reshade/ENB (shaders, presets): 10; lua identical to vanilla: 0",R=0 T=0 median_rel=0.00 lua_lines=0 cfg=0 assets=0 loc=0 native=no,,"full (scratch, deleted after reading)"
1110,AI Standalone Library,P3,Tools / reference,resource-1110-1-5-1603783234.7z,c_tools-reference,archive,0.14,B large,high,D1 data tables (PTF); D1 game data xml (not table rows),Mods/<mod folder> with mod.manifest (Vortex or manual),yes (no version restriction),"gameplay data, other game data (xml)",none,(none),aistandalone,"brain, brain2mailbox, brain2subbrain, brain_variable, subbrain, subbrain_behaviour_tree, subbrain_combat",116,0,0,4438,7,0.0,0,0,0,0,0,,none,brain2mailbox:47b6c85f-8264-085c-f9b4-aba01c3b6aa5/14e5d62e-91fd-436b-84b5-ae570a5391a5 NEW row | brain2mailbox:47b6c85f-8264-085c-f9b4-aba01c3b6aa5/3fc6fad4-31e6-4834-8943-4321435509d5 NEW row | brain2mailbox:47b6c85f-8264-085c-f9b4-aba01c3b6aa5/406877cd-58bb-a2db-343d-dc9d2d083e84 NEW row | brain2mailbox:47b6c85f-8264-085c-f9b4-aba01c3b6aa5/40f9ec95-374e-829c-82b8-9554078a5482 NEW row | brain2mailbox:47b6c85f-8264-085c-f9b4-aba01c3b6aa5/40fb6ff5-d1a8-6708-f5f6-c6717981cebd NEW row | brain2mailbox:47b6c85f-8264-085c-f9b4-aba01c3b6aa5/42e861d6-b5d9-deba-6b3c-f030a3f6a5a5 NEW row | brain2mailbox:47b6c85f-8264-085c-f9b4-aba01c3b6aa5/437ed51e-4c52-8997-210a-efb2040e6380 NEW row | brain2mailbox:47b6c85f-8264-085c-f9b4-aba01c3b6aa5/43c9310f-23e9-5d7c-1aae-b9dce6d69d9f NEW row,"tables (PTF): 7; other game data (xml, not table rows): 4; pak (container): 2; manifest: 1; docs: 1; lua identical to vanilla: 0",R=116 T=7 median_rel=0.00 lua_lines=0 cfg=0 assets=0 loc=0 native=no,,"full (scratch, deleted after reading)"
1114,Snow Mod,P3,World / weather / visuals,Snow-Mod-1114-0-5-1600873143.zip,c_world-weather-visuals,archive,341.04,"E visual, audio or UI only (no gameplay change)",low,D0 content/text,Mods/<mod folder> with mod.manifest (Vortex or manual),yes (wildcard),textures/models/animations,high,1.*,,,0,0,0,0,0,0.0,0,0,0,257,0,,none,,textures: 257; pak (container): 4; manifest: 1; ini (text settings): 1; other: 1; lua identical to vanilla: 0,R=0 T=0 median_rel=0.00 lua_lines=0 cfg=0 assets=257 loc=0 native=no,,"full (scratch, deleted after reading)"
1153,More historically accurate item stats,P3,Weapons / armor / items,mod-1153-1-0-0-1605526312.zip,c_weapons-armor-items,archive,0.1,B large,high,D1 data tables (PTF),Mods/<mod folder> with mod.manifest (Vortex or manual),"NO (disabled: lists 1.9.4, 1.9.5, 1.9.6)",gameplay data,none,1.9.4 1.9.5 1.9.6,,"ammo, armor, equippable_item, melee_weapon, missile_weapon, weapon",0,370,1820,0,6,1.09,0,0,0,0,0,,none,melee_weapon:24a7c868-f23f-4799-8e64-331435a77404 slash_att_mod 0.05->0.95 | melee_weapon:3ef71c79-57c2-4f28-8f31-a091d9b78798 slash_att_mod 0.05->1 | melee_weapon:488d9792-0dbf-41dc-a320-753d94d1f1b6 slash_att_mod 0.05->1.1 | melee_weapon:662a3ac5-5883-4b7d-bd84-173eaa136a73 slash_att_mod 0.05->1.2 | melee_weapon:6ec15d56-4f77-4751-af72-e6225f825ae8 slash_att_mod 0.05->1 | melee_weapon:e16b0af6-fb6a-43e2-9a9c-1b8c227e64b8 slash_att_mod 0.05->1.2 | melee_weapon:033fc7b6-17b6-486d-95cb-a22afb131be2 smash_att_mod 0.05->0.45 | armor:4da15cb9-ab68-def0-f5c4-cb44e6c4a393 slash_def 0.39->2.6,other: 6; tables (PTF): 6; manifest: 1; pak (container): 1; lua identical to vanilla: 0,R=370 T=6 median_rel=1.09 lua_lines=0 cfg=0 assets=0 loc=0 native=no,Data/mod.pak!Libs/Tables/item/ammo.xml: no suffix: replaces the whole vanilla table | Data/mod.pak!Libs/Tables/item/armor.xml: no suffix: replaces the whole vanilla table | Data/mod.pak!Libs/Tables/item/equippable_item.xml: no suffix: replaces the whole vanilla table | Data/mod.pak!Libs/Tables/item/melee_weapon.xml: no suffix: replaces the whole vanilla table | Data/mod.pak!Libs/Tables/item/missile_weapon.xml: no suffix: replaces the whole vanilla table | Data/mod.pak!Libs/Tables/item/weapon.xml: no suffix: replaces the whole vanilla table,"full (scratch, deleted after reading)"
1193,Weather Mod,P3,World / weather / visuals,Weather Mod-1193-1-0-1610176393.7z,_quarantine,archive,0.07,A changes the most,high,D3 Lua scripts,Mods/<mod folder> with mod.manifest (Vortex or manual),yes (no version restriction),scripts,none,(none),,,0,0,0,0,0,0.0,24,5840,0,0,0,,HIGH,,scripts (Lua): 24; docs: 2; manifest: 1; pak (container): 1; lua identical to vanilla: 0,R=0 T=0 median_rel=0.00 lua_lines=5840 cfg=0 assets=0 loc=0 native=no,,"full (scratch, deleted after reading)"
1196,Better graphics reshade,P4,Reshade / ENB / visual preset,Better_graphics Reshade-1196-V-1-0-1610810923.zip,c_reshade-enb-visual-preset,archive,0.01,"E visual, audio or UI only (no gameplay change)",none,D0 content/text,unclear: read the archive's own instructions,no manifest (legacy install),post-processing (ReShade/ENB),high,,,,0,0,0,0,0,0.0,0,0,0,0,0,,none,,"reshade/ENB (shaders, presets): 1; lua identical to vanilla: 0",R=0 T=0 median_rel=0.00 lua_lines=0 cfg=0 assets=0 loc=0 native=no,,"full (scratch, deleted after reading)"
1197,Proper Cyrillic Fonts,P3,Maps / UI / HUD,ProperCyrillicFonts.zip-1197-1-2-1612480063.zip,c_maps-ui-hud,archive,12.68,"E visual, audio or UI only (no gameplay change)",none,D0 content/text,Mods/<mod folder> with mod.manifest (Vortex or manual),yes (no version restriction),UI,medium,(none),,,0,0,0,0,0,0.0,0,0,0,0,0,,none,,ui: 2; manifest: 1; pak (container): 1; lua identical to vanilla: 0,R=0 T=0 median_rel=0.00 lua_lines=0 cfg=0 assets=0 loc=0 native=no,,"full (scratch, deleted after reading)"
1218,Lartigue's Upscale Project 2.0 - Upscaled UI and icons,P3,Maps / UI / HUD,LartiguesUpscaleProject2.1-1218-2-1-1734099038,c_maps-ui-hud,folder (already extracted),0,"E visual, audio or UI only (no gameplay change)",low,D0 content/text,Mods/<mod folder> with mod.manifest (Vortex or manual),yes (no version restriction),textures/models/animations,high,(none),,,0,0,0,0,0,0.0,0,0,0,945,0,,MEDIUM,,textures: 945; manifest: 1; other: 1; lua identical to vanilla: 0,R=0 T=0 median_rel=0.00 lua_lines=0 cfg=0 assets=945 loc=0 native=no,,read in place (already extracted by the author)
1218,Lartigue's Upscale Project 2.0 - Upscaled UI and icons,P3,Maps / UI / HUD,LartiguesUpscaleProject2.1.1-1218-2-1-1-1750232674.zip,c_maps-ui-hud,archive,311.86,"E visual, audio or UI only (no gameplay change)",low,D0 content/text,Mods/<mod folder> with mod.manifest (Vortex or manual),yes (no version restriction),textures/models/animations,high,(none),,,0,0,0,0,0,0.0,0,0,0,945,0,,none,,textures: 945; manifest: 1; other: 1; pak (container): 1; lua identical to vanilla: 0,R=0 T=0 median_rel=0.00 lua_lines=0 cfg=0 assets=945 loc=0 native=no,,"full (scratch, deleted after reading)"
1227,30 FPS Cutscene Fix V3,P4,Graphics config (cfg),CutsceneFPSFixV3-1227-3-0-1766546982.zip,c_graphics-config-cfg,archive,0.0,D small tweak,medium,D3 Lua scripts,Mods/<mod folder> with mod.manifest (Vortex or manual),yes (no version restriction),scripts,none,(none),,,0,0,0,0,0,0.0,2,130,0,0,0,,none,,scripts (Lua): 2; manifest: 1; pak (container): 1; other: 1; lua identical to vanilla: 0,R=0 T=0 median_rel=0.00 lua_lines=130 cfg=0 assets=0 loc=0 native=no,,"full (scratch, deleted after reading)"
1256,Horus 2.0 KCD Reshade Preset,P4,Reshade / ENB / visual preset,Horus 2.0 KCD-1256-2-0-1662311636.zip,c_reshade-enb-visual-preset,archive,0.0,"E visual, audio or UI only (no gameplay change)",none,D0 content/text,unclear: read the archive's own instructions,no manifest (legacy install),post-processing (ReShade/ENB),high,,,,0,0,0,0,0,0.0,0,0,0,0,0,,none,,"reshade/ENB (shaders, presets): 1; lua identical to vanilla: 0",R=0 T=0 median_rel=0.00 lua_lines=0 cfg=0 assets=0 loc=0 native=no,,"full (scratch, deleted after reading)"
1258,vShade for GShade Realistic Graphic Preset,P4,Reshade / ENB / visual preset,vShade-1258-1-0-1625557844.zip,c_reshade-enb-visual-preset,archive,0.0,"E visual, audio or UI only (no gameplay change)",none,D0 content/text,unclear: read the archive's own instructions,no manifest (legacy install),post-processing (ReShade/ENB),high,,,,0,0,0,0,0,0.0,0,0,0,0,0,,none,,"reshade/ENB (shaders, presets): 1; lua identical to vanilla: 0",R=0 T=0 median_rel=0.00 lua_lines=0 cfg=0 assets=0 loc=0 native=no,,"full (scratch, deleted after reading)"
1259,Easy Assassination,P3,Crime / stealth / loot,EasyAssassination 1.1-1259-1-1-1628879677.zip,c_crime-stealth-loot,archive,0.0,"C effective (few rows, strong effect)",high,D1 data tables (PTF); D1 game data xml (not table rows),Mods/<mod folder> with mod.manifest (Vortex or manual),yes (no version restriction),"gameplay data, other game data (xml)",none,(none),,rpg_param,0,1,0,181,1,4.0,0,0,0,0,0,,none,rpg_param:StealthKillProbCoefA rpg_param_value 4->20,"manifest: 1; pak (container): 1; tables (PTF): 1; other game data (xml, not table rows): 1; lua identical to vanilla: 0",R=1 T=1 median_rel=4.00 lua_lines=0 cfg=0 assets=0 loc=0 native=no,,"full (scratch, deleted after reading)"
1283,KINGDOM CINEMATIC ReShade,P4,Reshade / ENB / visual preset,Kingdom Cinematic ReShade-1283-2-0-1728918057.rar,c_reshade-enb-visual-preset,archive,0.02,"E visual, audio or UI only (no gameplay change)",none,D0 content/text,unclear: read the archive's own instructions,no manifest (legacy install),post-processing (ReShade/ENB),high,,,,0,0,0,0,0,0.0,0,0,0,0,0,,none,,"reshade/ENB (shaders, presets): 1; lua identical to vanilla: 0",R=0 T=0 median_rel=0.00 lua_lines=0 cfg=0 assets=0 loc=0 native=no,,"full (scratch, deleted after reading)"
1291,Eye Candy Reshade,P4,Reshade / ENB / visual preset,Eye Candy Reshade Preset-1291-1-0-1636232494.rar,c_reshade-enb-visual-preset,archive,0.0,"E visual, audio or UI only (no gameplay change)",none,D0 content/text,unclear: read the archive's own instructions,no manifest (legacy install),post-processing (ReShade/ENB),high,,,,0,0,0,0,0,0.0,0,0,0,0,0,,none,,"reshade/ENB (shaders, presets): 1; lua identical to vanilla: 0",R=0 T=0 median_rel=0.00 lua_lines=0 cfg=0 assets=0 loc=0 native=no,,"full (scratch, deleted after reading)"
1308,Less Income Pribyslavitz,P3,Economy / merchants,less_income_Pribyslavitz-1308-1-1640897693.zip,c_economy-merchants,archive,0.0,"C effective (few rows, strong effect)",high,D1 data tables (PTF),Mods/<mod folder> with mod.manifest (Vortex or manual),yes (no version restriction),gameplay data,none,(none),,"new_homes_modifier_effect_structure, new_homes_objective, new_homes_structure_tier",0,77,14,0,3,0.9,0,0,0,0,0,,none,new_homes_structure_tier:11 people 13->38 | new_homes_modifier_effect_structure:57/10 income 70->-7 | new_homes_modifier_effect_structure:60/11 income 50->-5 | new_homes_structure_tier:10 income 140->-14 | new_homes_modifier_effect_structure:54/9 income 200->2 | new_homes_objective:1 complete_limit 1200->12 | new_homes_structure_tier:9 income 500->5 | new_homes_modifier_effect_structure:49/4 income 250->5,other: 3; tables (PTF): 3; manifest: 1; pak (container): 1; lua identical to vanilla: 0,R=77 T=3 median_rel=0.90 lua_lines=0 cfg=0 assets=0 loc=0 native=no,less_income_Pribyslavitz/Data/less_income_Pribyslavitz.pak!Libs/Tables/minigame/new_homes_modifier_effect_structure.xml: no suffix: replaces the whole vanilla table | less_income_Pribyslavitz/Data/less_income_Pribyslavitz.pak!Libs/Tables/minigame/new_homes_objective.xml: no suffix: replaces the whole vanilla table | less_income_Pribyslavitz/Data/less_income_Pribyslavitz.pak!Libs/Tables/minigame/new_homes_structure_tier.xml: no suffix: replaces the whole vanilla table,"full (scratch, deleted after reading)"
1309,Less Encounters,P3,Quests / lore / content,less_encounters-1309-1-1640901979.zip,c_quests-lore-content,archive,0.0,"C effective (few rows, strong effect)",high,D1 data tables (PTF),Mods/<mod folder> with mod.manifest (Vortex or manual),yes (no version restriction),gameplay data,none,(none),,random_event,0,85,0,0,1,0.667,0,0,0,0,0,,none,random_event:2/0/3 map_disappear_time 11->0 | random_event:1/4/6 map_disappear_time 11->0 | random_event:2/7/4 map_disappear_time 11->0 | random_event:0/8/7 map_game_speed 0->0.5 | random_event:1/11/6 map_disappear_time 11->0 | random_event:1/31/6 map_disappear_time 11->0 | random_event:1/32/6 map_disappear_time 11->0 | random_event:1/33/6 map_disappear_time 11->0,manifest: 1; pak (container): 1; other: 1; tables (PTF): 1; lua identical to vanilla: 0,R=85 T=1 median_rel=0.67 lua_lines=0 cfg=0 assets=0 loc=0 native=no,less_encounters/Data/less_encounters.pak!Libs/Tables/random_event.xml: no suffix: replaces the whole vanilla table,"full (scratch, deleted after reading)"
1311,Knightly Robard and Bernard,P3,Quests / lore / content,Knightly Robard and Bernard-1311-1-1-1641324997.zip,c_quests-lore-content,archive,0.09,"C effective (few rows, strong effect)",high,D1 data tables (PTF),Mods/<mod folder> with mod.manifest (Vortex or manual),yes (no version restriction),gameplay data,none,(none),,"armor2clothing_preset, clothing_preset, inventory_preset2item, soul",41,12,3403,13704,4,0.0,0,0,0,0,0,,none,inventory_preset2item:45ff9e32-ee90-4051-f963-1058dd4360a4 NEW row | inventory_preset2item:19d5def6-e491-43c7-ab1d-5978ac197485 NEW row | inventory_preset2item:4af53552-ba45-84fc-7dea-aabc594a55a0 NEW row | inventory_preset2item:47d11f76-1007-00c0-1c63-cfb2b02b0c80 NEW row | armor2clothing_preset:19d5def6-e491-43c7-ab1d-5978ac197485/48a6f701-c6f4-b05a-6472-b8e8386d30a3 NEW row | armor2clothing_preset:4a8c97cb-9312-333e-2384-6a2a12aba398/48a6f701-c6f4-b05a-6472-b8e8386d30a3 NEW row | armor2clothing_preset:45edc80c-1b34-a0f5-001c-a08a1fe632a6/48a6f701-c6f4-b05a-6472-b8e8386d30a3 NEW row | armor2clothing_preset:44135951-cf1c-f2fd-15f0-0f0ea223a584/48a6f701-c6f4-b05a-6472-b8e8386d30a3 NEW row,other: 4; tables (PTF): 4; manifest: 1; pak (container): 1; lua identical to vanilla: 0,R=53 T=4 median_rel=0.00 lua_lines=0 cfg=0 assets=0 loc=0 native=no,,"full (scratch, deleted after reading)"
1314,Ultimate Ray Tracing KCD Reshade Preset,P4,Reshade / ENB / visual preset,Reshade Preset file-1314-1-1650805970.zip,c_reshade-enb-visual-preset,archive,0.01,A changes the most,none,D0 content/text; D4 native/external,unclear: read the archive's own instructions,no manifest (legacy install),"post-processing (ReShade/ENB), native/external",high,,,,0,0,0,0,0,0.0,0,0,0,0,0,"ReShade, user.cfg",none,,"reshade/ENB (shaders, presets): 2; docs: 1; lua identical to vanilla: 0",R=0 T=0 median_rel=0.00 lua_lines=0 cfg=0 assets=0 loc=0 native=yes,,"full (scratch, deleted after reading)"
1322,Mutt Be Quiet,P3,Animations / audio,Mutt Be Quiet-1322-1-0-1642520795.7z,c_animations-audio,archive,0.0,D small tweak,medium,D1 game data xml (not table rows),Mods/<mod folder> with mod.manifest (Vortex or manual),yes (wildcard),other game data (xml),none,1.9.*,,,0,0,0,0,0,0.0,0,0,0,0,0,,none,,"manifest: 1; docs: 1; pak (container): 1; other game data (xml, not table rows): 1; lua identical to vanilla: 0",R=0 T=0 median_rel=0.00 lua_lines=0 cfg=0 assets=0 loc=0 native=no,,"full (scratch, deleted after reading)"
1327,Weather Overhaul,P3,World / weather / visuals,Weather Overhaul DLC-1327-1-2-1669068726.7z,c_world-weather-visuals,archive,0.04,D small tweak,medium,D1 game data xml (not table rows),Mods/<mod folder> with mod.manifest (Vortex or manual),yes (wildcard),other game data (xml),none,1.9.*,,,0,0,0,0,0,0.0,0,0,0,0,0,,none,,"pak (container): 2; other game data (xml, not table rows): 2; manifest: 1; docs: 1; lua identical to vanilla: 0",R=0 T=0 median_rel=0.00 lua_lines=0 cfg=0 assets=0 loc=0 native=no,,"full (scratch, deleted after reading)"
1327,Weather Overhaul,P3,World / weather / visuals,Weather Overhaul-1327-1-2-1669068697.7z,c_world-weather-visuals,archive,0.04,D small tweak,medium,D1 game data xml (not table rows),Mods/<mod folder> with mod.manifest (Vortex or manual),yes (wildcard),other game data (xml),none,1.9.*,,,0,0,0,0,0,0.0,0,0,0,0,0,,none,,"manifest: 1; docs: 1; pak (container): 1; other game data (xml, not table rows): 1; lua identical to vanilla: 0",R=0 T=0 median_rel=0.00 lua_lines=0 cfg=0 assets=0 loc=0 native=no,,"full (scratch, deleted after reading)"
1330,Noble Sir Hans,P3,Quests / lore / content,Noble Sir Hans-1330-1-1-1645324411.zip,c_quests-lore-content,archive,0.0,"C effective (few rows, strong effect)",high,D1 data tables (PTF),Mods/<mod folder> with mod.manifest (Vortex or manual),yes (no version restriction),gameplay data,none,(none),,armor2clothing_preset,3,0,3,8681,1,0.0,0,0,0,0,0,,none,armor2clothing_preset:46a124e4-481c-5880-d187-573c1d8a57b9/4a15d408-3c02-7dbe-6615-e2fbe6dca0a1 NEW row | armor2clothing_preset:4d253305-bc59-a0b0-1d6f-ff202e1aaf89/4a15d408-3c02-7dbe-6615-e2fbe6dca0a1 NEW row | armor2clothing_preset:af6f2946-ce54-4e38-9b2b-5ab95d5c4777/4a15d408-3c02-7dbe-6615-e2fbe6dca0a1 NEW row,manifest: 1; pak (container): 1; other: 1; tables (PTF): 1; lua identical to vanilla: 0,R=3 T=1 median_rel=0.00 lua_lines=0 cfg=0 assets=0 loc=0 native=no,,"full (scratch, deleted after reading)"
1332,Less Headbob,P3,Animations / audio,KCB Less Headbob-1332-1-0-1644512525.7z,c_animations-audio,archive,0.0,D small tweak,medium,D3 Lua scripts,unclear: read the archive's own instructions,no manifest (legacy install),scripts,none,,,,0,0,0,0,0,0.0,1,33,0,0,0,,none,,scripts (Lua): 1; lua identical to vanilla: 0,R=0 T=0 median_rel=0.00 lua_lines=33 cfg=0 assets=0 loc=0 native=no,,"full (scratch, deleted after reading)"
1337,Helmet Vision,P3,Weapons / armor / items,WhisHelmetVision-1337-1-2-1644818002.rar,c_weapons-armor-items,archive,1.45,"E visual, audio or UI only (no gameplay change)",low,D0 content/text,Mods/<mod folder> with mod.manifest (Vortex or manual),yes (no version restriction),"textures/models/animations, UI",medium,(none),,,0,0,0,0,0,0.0,0,0,0,9,0,,none,,textures: 9; manifest: 1; pak (container): 1; ui: 1; lua identical to vanilla: 0,R=0 T=0 median_rel=0.00 lua_lines=0 cfg=0 assets=9 loc=0 native=no,,"full (scratch, deleted after reading)"
1342,Adjusted Ultra Graphics Config,P4,Graphics config (cfg),Adjusted Config-1342-1-0-1666308185.zip,c_graphics-config-cfg,archive,0.0,D small tweak,medium,D2 engine config,unclear: read the archive's own instructions,no manifest (legacy install),"engine config, graphics config",high,,,,0,0,0,0,0,0.0,0,0,46,0,0,autoexec.cfg,none,,config (.cfg): 1; docs: 1; lua identical to vanilla: 0,R=0 T=0 median_rel=0.00 lua_lines=0 cfg=46 assets=0 loc=0 native=no,,"full (scratch, deleted after reading)"
1342,Adjusted Ultra Graphics Config,P4,Graphics config (cfg),Custom Config-1342-1-0-1666308248.zip,c_graphics-config-cfg,archive,0.0,D small tweak,medium,D2 engine config,unclear: read the archive's own instructions,no manifest (legacy install),"engine config, graphics config",high,,,,0,0,0,0,0,0.0,0,0,43,0,0,autoexec.cfg,none,,config (.cfg): 1; docs: 1; lua identical to vanilla: 0,R=0 T=0 median_rel=0.00 lua_lines=0 cfg=43 assets=0 loc=0 native=no,,"full (scratch, deleted after reading)"
1349,Natural Reshade,P4,Reshade / ENB / visual preset,Reshade preset-1349-1-0-1646765704.zip,c_reshade-enb-visual-preset,archive,18.84,"E visual, audio or UI only (no gameplay change)",none,D0 content/text,unclear: read the archive's own instructions,no manifest (legacy install),post-processing (ReShade/ENB),high,,,,0,0,0,0,0,0.0,0,0,0,0,0,,none,,"reshade/ENB (shaders, presets): 48; lua identical to vanilla: 0",R=0 T=0 median_rel=0.00 lua_lines=0 cfg=0 assets=0 loc=0 native=no,,"full (scratch, deleted after reading)"
1355,Better Crime Stealth Plus No Dogs,P3,Crime / stealth / loot,Better Stealth Plus Crime-1355-1-0-1648906747.zip,c_crime-stealth-loot,archive,0.0,D small tweak,high,D3 Lua scripts,Mods/<mod folder> with mod.manifest (Vortex or manual),yes (no version restriction),scripts,none,(none),,,0,0,0,0,0,0.0,1,491,0,0,0,,none,,manifest: 1; pak (container): 1; scripts (Lua): 1; lua identical to vanilla: 0,R=0 T=0 median_rel=0.00 lua_lines=491 cfg=0 assets=0 loc=0 native=no,,"full (scratch, deleted after reading)"
1356,Fan Side Quest - Heritage,P3,Maps / UI / HUD,heritage_release-1356-1-2-1648922073.rar,c_maps-ui-hud,archive,1.45,A changes the most,high,D0 content/text; D1 data tables (PTF); D1 game data xml (not table rows); D3 Lua scripts,Mods/<mod folder> with mod.manifest (Vortex or manual),yes (no version restriction),"gameplay data, scripts, other game data (xml), textures/models/animations, text",high,(none),heritage_release,"?, anim_fragment, brain, brain2subbrain, clothing_mesh_data, clothing_raycast, item, mailbox, mailbox_filter, misc, pickable_item, player_item, quest, quest2skald_subchapter, quest_asset, quest_item, quest_npc, quest_objective, quest_place, quest_reward_exp, quest_reward_money, quest_tracked_asset, ",2022,27,0,923492,48,1.08,581,9643,0,2,2925,"states requirements, unpack",MEDIUM,brain2subbrain:41564e9f-2a60-8716-22ee-d87fc4f11ca5/405923ef-0846-68eb-0983-f014f5b20bb9 NEW row | brain2subbrain:4db77d1f-f7a9-fcbd-57ed-b824e6ad1c85/4141bf4f-2461-5ca1-9ec9-7bac6c4b4ea0 NEW row | brain:41564e9f-2a60-8716-22ee-d87fc4f11ca5 NEW row | brain:4db77d1f-f7a9-fcbd-57ed-b824e6ad1c85 NEW row | mailbox:4befb8bd-d42b-15b7-9999-3fc0dfe64590 NEW row | mailbox_filter:49a7118c-c7ce-eb56-02b1-04e198d387b1/4befb8bd-d42b-15b7-9999-3fc0dfe64590 NEW row | subbrain:405923ef-0846-68eb-0983-f014f5b20bb9 NEW row | subbrain:4141bf4f-2461-5ca1-9ec9-7bac6c4b4ea0 NEW row,"scripts (Lua): 581; lua identical to vanilla: 481; other game data (xml, not table rows): 203; other: 53; tables (PTF): 48; localization: 20; docs: 7; pak (container): 2; models/animations/materials: 2; manifest: 1",R=2049 T=48 median_rel=1.08 lua_lines=9643 cfg=0 assets=2 loc=2925 native=no,heritage_release/data/tables_patch.pak!libs/tables/text/topictorole__heritage_release.xml: table 'TopicToRole__heritage_release' is not in the vanilla game,"full (scratch, deleted after reading)"
1367,Apostalus User Configs,P4,Graphics config (cfg),Apostalus_User_Config_Mod-1367-1-2-1650769642.zip,c_graphics-config-cfg,archive,0.0,E non-perceptive to gameplay (no effective change found),none,none found,Mods/<mod folder> with mod.manifest (Vortex or manual),yes (wildcard),none,none,1.9.*,,,0,0,0,0,0,0.0,0,0,0,0,0,,none,,manifest: 1; other: 1; lua identical to vanilla: 0,R=0 T=0 median_rel=0.00 lua_lines=0 cfg=0 assets=0 loc=0 native=no,,"full (scratch, deleted after reading)"
1373,Custom UI Loading progress,P3,Maps / UI / HUD,UI Loading Progress Retexture-1373-1-0-1652104461.zip,c_maps-ui-hud,archive,0.14,"E visual, audio or UI only (no gameplay change)",low,D0 content/text,Mods/<mod folder> with mod.manifest (Vortex or manual),yes (no version restriction),textures/models/animations,medium,(none),,,0,0,0,0,0,0.0,0,0,0,5,0,,none,,textures: 5; manifest: 1; pak (container): 1; lua identical to vanilla: 0,R=0 T=0 median_rel=0.00 lua_lines=0 cfg=0 assets=5 loc=0 native=no,,"full (scratch, deleted after reading)"
1391,Better Equipped Runt,P3,Quests / lore / content,Better Equipped Runt-1391-1-0-1655791454.zip,c_quests-lore-content,archive,0.0,"C effective (few rows, strong effect)",high,D1 data tables (PTF),Mods/<mod folder> with mod.manifest (Vortex or manual),yes (no version restriction),gameplay data,none,(none),,armor2clothing_preset,5,0,8,8676,1,0.0,0,0,0,0,0,,none,armor2clothing_preset:4eee90c8-2406-357f-6d9f-8e8e4274b387/448c4755-e462-0058-b108-d5f7b2af9eb8 NEW row | armor2clothing_preset:4a946556-ee8b-ed84-ecf1-f848601cf486/448c4755-e462-0058-b108-d5f7b2af9eb8 NEW row | armor2clothing_preset:229d96aa-a435-4e89-85ce-8119a1df8228/448c4755-e462-0058-b108-d5f7b2af9eb8 NEW row | armor2clothing_preset:42de552f-eaac-ee43-5e36-129615d2b4ab/448c4755-e462-0058-b108-d5f7b2af9eb8 NEW row | armor2clothing_preset:4af19514-66e8-1a2b-67d5-6528225681b4/448c4755-e462-0058-b108-d5f7b2af9eb8 NEW row,manifest: 1; pak (container): 1; other: 1; tables (PTF): 1; lua identical to vanilla: 0,R=5 T=1 median_rel=0.00 lua_lines=0 cfg=0 assets=0 loc=0 native=no,,"full (scratch, deleted after reading)"
1394,KDC ReShader,P4,Reshade / ENB / visual preset,KDC ReShader-1394-1-0-1656189412.rar,_quarantine,archive,28.19,A changes the most,none,D0 content/text; D4 native/external,unclear: read the archive's own instructions,no manifest (legacy install),"post-processing (ReShade/ENB), native/external",high,,,,0,0,0,0,0,0.0,0,0,0,0,0,,HIGH,,"reshade/ENB (shaders, presets): 58; lua identical to vanilla: 0",R=0 T=0 median_rel=0.00 lua_lines=0 cfg=0 assets=0 loc=0 native=yes,,"full (scratch, deleted after reading)"
1403,Ultra Reshade for Low Settings,P4,Reshade / ENB / visual preset,Ultra ENB for Low Settings-1403-1-0-1659381780.rar,_quarantine,archive,12.44,A changes the most,none,D0 content/text; D4 native/external,legacy: files go into the game's Bin folder,no manifest (legacy install),"post-processing (ReShade/ENB), native/external",high,,,,0,0,0,0,0,0.0,0,0,0,0,0,,HIGH,,"reshade/ENB (shaders, presets): 341; executables/scripts: 1; lua identical to vanilla: 0",R=0 T=0 median_rel=0.00 lua_lines=0 cfg=0 assets=0 loc=0 native=yes,,"full (scratch, deleted after reading)"
1410,Better Rain,P3,World / weather / visuals,Better Rain mod 2.1-1410-2-1-1676326729.zip,c_world-weather-visuals,archive,102.33,D small tweak,medium,D0 content/text; D1 game data xml (not table rows),legacy: files go into the game's Data folder,no manifest (legacy install),"other game data (xml), textures/models/animations",medium,,,,0,0,0,0,0,0.0,0,0,0,3,0,,none,,"other: 967; pak (container): 5; textures: 3; config (.cfg): 1; other game data (xml, not table rows): 1; lua identical to vanilla: 0",R=0 T=0 median_rel=0.00 lua_lines=0 cfg=0 assets=3 loc=0 native=no,,"full (scratch, deleted after reading)"
1414,Real Life Kingdom Come Experience Reshade,P4,Reshade / ENB / visual preset,Real Life Kingdom Come Experience Reshade-1414-1-0-1-1663774303.rar,c_reshade-enb-visual-preset,archive,0.0,"E visual, audio or UI only (no gameplay change)",none,D0 content/text,unclear: read the archive's own instructions,no manifest (legacy install),post-processing (ReShade/ENB),high,,,,0,0,0,0,0,0.0,0,0,0,0,0,,none,,"reshade/ENB (shaders, presets): 1; lua identical to vanilla: 0",R=0 T=0 median_rel=0.00 lua_lines=0 cfg=0 assets=0 loc=0 native=no,,"full (scratch, deleted after reading)"
1423,Hoods and Scarfs UP (PTF - Dynamic - with Correct Meshes),P3,Weapons / armor / items,HoodsUp-1423-1-2-1673054605.rar,c_weapons-armor-items,archive,0.01,"C effective (few rows, strong effect)",high,D1 data tables (PTF),Mods/<mod folder> with mod.manifest (Vortex or manual),yes (no version restriction),gameplay data,none,(none),,"armor, clothing, clothing_preset",2,79,0,2536,3,0.0,0,0,0,0,0,,none,armor:420f7feb-dc22-a2ec-b2a6-e1178f8c8386 clothing2_id ->4c33164c-a49d-54a8-7 | armor:42e146c8-f2d1-1db1-c44c-7482b0f307b2 clothing2_id ->42a330c3-e603-86cb-b | armor:432237ec-b13a-bd6c-4026-a3db68e4d89e clothing2_id ->4c33164c-a49d-54a8-7 | armor:45c1c6ff-b658-9ed5-5395-66d1ce58cf93 clothing2_id ->4c33164c-a49d-54a8-7 | armor:4715c753-bafa-df3e-d3a6-c3fcd5d76f8c clothing2_id ->42a330c3-e603-86cb-b | armor:47aedf46-0047-053a-28f0-03e51a9f0baf clothing2_id ->4c33164c-a49d-54a8-7 | armor:486c1cda-e1ec-5d01-b1f1-1540d0863c9e clothing2_id ->4c33164c-a49d-54a8-7 | armor:48d624ae-0149-0854-2c41-82dba1f99088 clothing2_id ->42a330c3-e603-86cb-b,tables (PTF): 3; manifest: 1; pak (container): 1; lua identical to vanilla: 0,R=81 T=3 median_rel=0.00 lua_lines=0 cfg=0 assets=0 loc=0 native=no,,"full (scratch, deleted after reading)"
1428,Reshade DOF With UI Mask,P4,Reshade / ENB / visual preset,MatsoDOFSettings-1428-1-0-1667951429.rar,c_reshade-enb-visual-preset,archive,0.02,A changes the most,none,D0 content/text; D4 native/external,unclear: read the archive's own instructions,no manifest (legacy install),"post-processing (ReShade/ENB), native/external",high,,,,0,0,0,0,0,0.0,0,0,0,0,0,ReShade,none,,"reshade/ENB (shaders, presets): 3; docs: 2; lua identical to vanilla: 0",R=0 T=0 median_rel=0.00 lua_lines=0 cfg=0 assets=0 loc=0 native=yes,,"full (scratch, deleted after reading)"
1452,Storable Halberds,P3,Weapons / armor / items,Storable Halberds v1.0-1452-1-0-1673203304.rar,c_weapons-armor-items,archive,0.0,"C effective (few rows, strong effect)",high,D1 data tables (PTF),Mods/<mod folder> with mod.manifest (Vortex or manual),yes (no version restriction),gameplay data,none,(none),,weapon_class,2,7,5,2,1,0.6,0,0,0,0,0,,none,weapon_class:/9//0/0/-1/22/0/1 NEW row | weapon_class:/0/8938ac5f-35d3-44dc-8251-97df7570b672/0/0/1/23/7/0 NEW row | weapon_class:/1//8/1/0/16/1/0 horse_pull_down_z_tolerance 0.5->0.2 | weapon_class:/1//0/1/0/16/2/0 horse_pull_down_z_tolerance 0.5->0.2 | weapon_class:/2//0/1/0/17/3/0 horse_pull_down_z_tolerance 0.5->0.2 | weapon_class:bf861d60-b892-42a3-9c3b-d3787362f88b/1//8/1/0/16/4/0 horse_pull_down_z_tolerance 0.5->0.2 | weapon_class:/2//0/2/0/21/5/0 horse_pull_down_z_tolerance 0.5->0.2 | weapon_class:/1//0/5/0/24/12/0 horse_pull_down_z_tolerance 0.5->0.2,manifest: 1; docs: 1; pak (container): 1; other: 1; tables (PTF): 1; lua identical to vanilla: 0,R=9 T=1 median_rel=0.60 lua_lines=0 cfg=0 assets=0 loc=0 native=no,Halberds/Data/StorableHalberds.pak!Libs/Tables/item/weapon_class.xml: no suffix: replaces the whole vanilla table,"full (scratch, deleted after reading)"
1460,Merchants Have x3 Money,P3,Economy / merchants,For 1.9.6-1460-1-1674511920.rar,c_economy-merchants,archive,0.03,"C effective (few rows, strong effect)",high,D1 data tables (PTF),Mods/<mod folder> with mod.manifest (Vortex or manual),yes (no version restriction),gameplay data,none,(none),,shop_type2item,0,78,1875,0,1,2.0,0,0,0,0,0,,none,shop_type2item:5ef63059-322e-4e1b-abe8-926e100c770e amount 2800->8400 | shop_type2item:5ef63059-322e-4e1b-abe8-926e100c770e amount 200->600 | shop_type2item:5ef63059-322e-4e1b-abe8-926e100c770e amount 100->300 | shop_type2item:5ef63059-322e-4e1b-abe8-926e100c770e amount 20000->60000 | shop_type2item:5ef63059-322e-4e1b-abe8-926e100c770e amount 2000->6000 | shop_type2item:5ef63059-322e-4e1b-abe8-926e100c770e amount 4000->12000 | shop_type2item:5ef63059-322e-4e1b-abe8-926e100c770e amount 200->600 | shop_type2item:5ef63059-322e-4e1b-abe8-926e100c770e amount 1500->4500,manifest: 1; pak (container): 1; other: 1; tables (PTF): 1; lua identical to vanilla: 0,R=78 T=1 median_rel=2.00 lua_lines=0 cfg=0 assets=0 loc=0 native=no,MerchantsHavex3Money/Data/MerchantsHavex3Money.pak!Libs/Tables/shop/shop_type2item.xml: no suffix: replaces the whole vanilla table,"full (scratch, deleted after reading)"
1479,Batch files for all items sorted and easy to read,P3,Tools / reference,KCD Batch files-1479-1-0-1676653419.rar,c_tools-reference,archive,0.07,E non-perceptive to gameplay (no effective change found),none,none found,unclear: read the archive's own instructions,no manifest (legacy install),none,none,,,,0,0,0,0,0,0.0,0,0,0,0,0,,none,,docs: 18; lua identical to vanilla: 0,R=0 T=0 median_rel=0.00 lua_lines=0 cfg=0 assets=0 loc=0 native=no,,"full (scratch, deleted after reading)"
1485,SOLID HELMET VISORS,P3,Weapons / armor / items,SOLID HELMET VISORS-1485-1-2-1737430681.rar,c_weapons-armor-items,archive,68.96,"E visual, audio or UI only (no gameplay change)",low,D0 content/text,Mods/<mod folder> with mod.manifest (Vortex or manual),yes (no version restriction),textures/models/animations,high,(none),,,0,0,0,0,0,0.0,0,0,0,52,0,,none,,textures: 52; manifest: 3; pak (container): 3; docs: 1; lua identical to vanilla: 0,R=0 T=0 median_rel=0.00 lua_lines=0 cfg=0 assets=52 loc=0 native=no,,"full (scratch, deleted after reading)"
1510,Mount while encumbered,P3,Horses,mount_while_encumbered-1510-1-0-1684251631.zip,c_horses,archive,0.0,"C effective (few rows, strong effect)",high,D1 data tables (PTF),Mods/<mod folder> with mod.manifest (Vortex or manual),yes (no version restriction),gameplay data,none,(none),,rpg_param,0,1,0,181,1,5.667,0,0,0,0,0,,none,rpg_param:HorseMountMaxRelativeEncumberance rpg_param_value 1.5->10,manifest: 1; pak (container): 1; tables (PTF): 1; lua identical to vanilla: 0,R=1 T=1 median_rel=5.67 lua_lines=0 cfg=0 assets=0 loc=0 native=no,,"full (scratch, deleted after reading)"
1511,JSCR - Just simple custom Reshade,P4,Reshade / ENB / visual preset,JSCR RESHADE V3-1511-V3-0-1687154831.rar,c_reshade-enb-visual-preset,archive,20.22,"E visual, audio or UI only (no gameplay change)",none,D0 content/text,unclear: read the archive's own instructions,no manifest (legacy install),post-processing (ReShade/ENB),high,,,,0,0,0,0,0,0.0,0,0,0,0,0,,none,,"reshade/ENB (shaders, presets): 133; lua identical to vanilla: 0",R=0 T=0 median_rel=0.00 lua_lines=0 cfg=0 assets=0 loc=0 native=no,,"full (scratch, deleted after reading)"
1526,Force High Quality Trees in the distance,P4,Graphics config (cfg),KCD HQ Trees-1526-1-1690937203.zip,c_graphics-config-cfg,archive,0.0,E non-perceptive to gameplay (no effective change found),none,none found,unclear: read the archive's own instructions,no manifest (legacy install),none,none,,,,0,0,0,0,0,0.0,0,0,0,0,0,autoexec.cfg,none,,config (.cfg): 3; docs: 1; lua identical to vanilla: 0,R=0 T=0 median_rel=0.00 lua_lines=0 cfg=0 assets=0 loc=0 native=no,,"full (scratch, deleted after reading)"
1527,Infinite Draw Distance,P4,Graphics config (cfg),KCD PhotoMode-1527-1-1690992048.zip,c_graphics-config-cfg,archive,0.0,A changes the most,none,D4 native/external,unclear: read the archive's own instructions,no manifest (legacy install),native/external,none,,,,0,0,0,0,0,0.0,0,0,0,0,0,"ReShade, autoexec.cfg",none,,config (.cfg): 3; docs: 1; lua identical to vanilla: 0,R=0 T=0 median_rel=0.00 lua_lines=0 cfg=0 assets=0 loc=0 native=yes,,"full (scratch, deleted after reading)"
1528,Enchanced Shadows and Shadow Cascades,P4,Graphics config (cfg),KCD 2K Shadow Cascades-1528-1-1691349516.zip,c_graphics-config-cfg,archive,0.0,E non-perceptive to gameplay (no effective change found),none,none found,unclear: read the archive's own instructions,no manifest (legacy install),none,none,,,,0,0,0,0,0,0.0,0,0,0,0,0,autoexec.cfg,none,,config (.cfg): 2; docs: 1; lua identical to vanilla: 0,R=0 T=0 median_rel=0.00 lua_lines=0 cfg=0 assets=0 loc=0 native=no,,"full (scratch, deleted after reading)"
1535,Dandelion Baron,P3,Quests / lore / content,DandelionBaron-1535-1-0-1691856480.7z,c_quests-lore-content,archive,0.0,B large,high,D1 data tables (PTF),Mods/<mod folder> with mod.manifest (Vortex or manual),yes (wildcard),gameplay data,none,1.*,,"pickable_item, shop_type2item",0,220,18,2896,2,1.0,0,0,0,0,0,,none,pickable_item:3373a604-a2fd-4af0-a5e8-760e1a9893f9 price 2->0 | pickable_item:5e9b4fa1-aafa-4352-b5d6-58df2c263caa price 1->0 | pickable_item:a11cc7f6-b499-4003-aef1-938e87b30a2e price 4->0 | pickable_item:a364b800-c1ca-4bd1-92cb-ae1689bfa7ea price 2->0 | shop_type2item:0290b689-c01c-480f-b121-bed71ad1f5e0 amount 10->0 | shop_type2item:7259b9bc-dfae-487e-a8bb-c1f500894e0c amount 10->0 | shop_type2item:7da04bba-0564-42da-bcf1-9a2fc5faf025 amount 10->0 | shop_type2item:9b771c16-c0b1-438c-aeda-8c4d3ce28465 amount 10->0,tables (PTF): 2; manifest: 1; pak (container): 1; lua identical to vanilla: 0,R=220 T=2 median_rel=1.00 lua_lines=0 cfg=0 assets=0 loc=0 native=no,,"full (scratch, deleted after reading)"
1538,Batch's Ultra Graphics Settings,P4,Graphics config (cfg),High Preset-1538-1-1692237999.zip,c_graphics-config-cfg,archive,0.0,E non-perceptive to gameplay (no effective change found),none,none found,unclear: read the archive's own instructions,no manifest (legacy install),none,none,,,,0,0,0,0,0,0.0,0,0,0,0,0,autoexec.cfg,none,,config (.cfg): 2; docs: 1; lua identical to vanilla: 0,R=0 T=0 median_rel=0.00 lua_lines=0 cfg=0 assets=0 loc=0 native=no,,"full (scratch, deleted after reading)"
1538,Batch's Ultra Graphics Settings,P4,Graphics config (cfg),Medium Preset-1538-1-1692237905.zip,c_graphics-config-cfg,archive,0.0,E non-perceptive to gameplay (no effective change found),none,none found,unclear: read the archive's own instructions,no manifest (legacy install),none,none,,,,0,0,0,0,0,0.0,0,0,0,0,0,autoexec.cfg,none,,config (.cfg): 2; docs: 1; lua identical to vanilla: 0,R=0 T=0 median_rel=0.00 lua_lines=0 cfg=0 assets=0 loc=0 native=no,,"full (scratch, deleted after reading)"
1544,Summertime Reshade for Kindom Come,P4,Reshade / ENB / visual preset,Flunkiii Reshade for Kingdom Come-1544-1-0-1694268222.zip,c_reshade-enb-visual-preset,archive,0.01,"E visual, audio or UI only (no gameplay change)",none,D0 content/text,unclear: read the archive's own instructions,no manifest (legacy install),post-processing (ReShade/ENB),high,,,,0,0,0,0,0,0.0,0,0,0,0,0,,none,,"reshade/ENB (shaders, presets): 1; lua identical to vanilla: 0",R=0 T=0 median_rel=0.00 lua_lines=0 cfg=0 assets=0 loc=0 native=no,,"full (scratch, deleted after reading)"
1548,Immersive Economy,P3,Economy / merchants,Immersive Economy-1548-1-1-1696198684.7z,c_economy-merchants,archive,0.0,"C effective (few rows, strong effect)",high,D1 data tables (PTF),Mods/<mod folder> with mod.manifest (Vortex or manual),"NO (disabled: lists 1.9.4, 1.9.5, 1.9.6)",gameplay data,none,1.9.4 1.9.5 1.9.6,,rpg_param,0,1,0,181,1,0.25,0,0,0,0,0,,none,rpg_param:ItemHealthPriceStatusWeight rpg_param_value 0.8->1,tables (PTF): 2; manifest: 1; pak (container): 1; lua identical to vanilla: 0,R=1 T=1 median_rel=0.25 lua_lines=0 cfg=0 assets=0 loc=0 native=no,"ImmersiveEconomy/Data/immersive_economy.pak!Libs/Tables/rpg/rpg_param.xml: no suffix: replaces the whole vanilla table | ImmersiveEconomy/Data/immersive_economy.pak!Libs/Tables/shop/shop.xml: not a readable table (malformed XML, or not a table): the game would reject or ignore it","full (scratch, deleted after reading)"
1552,See NPCs and Animals Farther (Increased NPC render distance),P4,Graphics config (cfg),NPC_RenderDist_Extreme-1552-1-0-1696674070.zip,c_graphics-config-cfg,archive,0.0,D small tweak,medium,D2 engine config,loose .pak (legacy: copy into Data),no manifest (legacy install),"engine config, graphics config",high,,,,0,0,0,0,0,0.0,0,0,85,0,0,,none,,config (.cfg): 2; docs: 1; pak (container): 1; lua identical to vanilla: 0,R=0 T=0 median_rel=0.00 lua_lines=0 cfg=85 assets=0 loc=0 native=no,,"full (scratch, deleted after reading)"
1552,See NPCs and Animals Farther (Increased NPC render distance),P4,Graphics config (cfg),NPC_RenderDist_High-1552-1-0-1696674005.zip,c_graphics-config-cfg,archive,0.0,D small tweak,medium,D2 engine config,loose .pak (legacy: copy into Data),no manifest (legacy install),"engine config, graphics config",high,,,,0,0,0,0,0,0.0,0,0,85,0,0,,none,,config (.cfg): 2; docs: 1; pak (container): 1; lua identical to vanilla: 0,R=0 T=0 median_rel=0.00 lua_lines=0 cfg=85 assets=0 loc=0 native=no,,"full (scratch, deleted after reading)"
1552,See NPCs and Animals Farther (Increased NPC render distance),P4,Graphics config (cfg),NPC_RenderDist_Medium-1552-1-0-1696673983.zip,c_graphics-config-cfg,archive,0.0,D small tweak,medium,D2 engine config,loose .pak (legacy: copy into Data),no manifest (legacy install),"engine config, graphics config",high,,,,0,0,0,0,0,0.0,0,0,85,0,0,,none,,config (.cfg): 2; docs: 1; pak (container): 1; lua identical to vanilla: 0,R=0 T=0 median_rel=0.00 lua_lines=0 cfg=85 assets=0 loc=0 native=no,,"full (scratch, deleted after reading)"
1561,Karnages_KCD_user.cfg 2.0,P4,Graphics config (cfg),Karnages_KCD_user.cfg 2.0-1561-1-0-0-1700592743.7z,c_graphics-config-cfg,archive,0.0,D small tweak,medium,D2 engine config,unclear: read the archive's own instructions,no manifest (legacy install),"engine config, graphics config",high,,,,0,0,0,0,0,0.0,0,0,47,0,0,user.cfg,none,,docs: 1; config (.cfg): 1; lua identical to vanilla: 0,R=0 T=0 median_rel=0.00 lua_lines=0 cfg=47 assets=0 loc=0 native=no,,"full (scratch, deleted after reading)"
1562,Karnages_Polearm_Rebalance 2.0,P3,Weapons / armor / items,Karnage's_Polearm_Rebalance 2.0-1562-1-0-0-1700618129.7z,c_weapons-armor-items,archive,0.0,"C effective (few rows, strong effect)",high,D1 data tables (PTF),Mods/<mod folder> with mod.manifest (Vortex or manual),yes (no version restriction),gameplay data,none,(none),,melee_weapon,0,10,0,157,1,0.4,0,0,0,0,0,,none,melee_weapon:44940b6c-f1f9-4ad1-9419-b5705a88e5b0 smash_att_mod 0.05->0.5 | melee_weapon:033fc7b6-17b6-486d-95cb-a22afb131be2 smash_att_mod 0.05->0.5 | melee_weapon:7377215a-a0ca-44a2-b11a-113a024191ca smash_att_mod 0.05->0.5 | melee_weapon:405c1865-413d-43b8-8db9-c44a0eefd350 smash_att_mod 0.05->0.5 | melee_weapon:3ef71c79-57c2-4f28-8f31-a091d9b78798 slash_att_mod 0.05->0.25 | melee_weapon:0f5be0ac-ff11-4a01-a7f4-bf8e84c2e31b smash_att_mod 0.1->0.4 | melee_weapon:1f389792-6ddb-4060-8cc4-13bcc9117db8 smash_att_mod 0.25->0.57 | melee_weapon:f2817f34-9e28-4b97-8f6c-d2b2a7aaa61b smash_att_mod 0.25->0.5,manifest: 1; pak (container): 1; tables (PTF): 1; lua identical to vanilla: 0,R=10 T=1 median_rel=0.40 lua_lines=0 cfg=0 assets=0 loc=0 native=no,,"full (scratch, deleted after reading)"
1566,Karnages_Lost_Weapons_Pack_Redux 2.0,P3,Weapons / armor / items,Karnages_Lost_Weapons_Pack_Redux 2.0-1566-1-0-0-1700619203.7z,c_weapons-armor-items,archive,0.01,B large,high,D1 data tables (PTF),Mods/<mod folder> with mod.manifest (Vortex or manual),yes (no version restriction),gameplay data,none,(none),,"equippable_item, melee_weapon, pickable_item, player_item, shop_type2item, weapon, weapon_class",23,50,10,6356,7,1.0,0,0,0,0,0,,none,melee_weapon:e5fc1a89-9bb1-44a9-a524-c6834a5e2e76 smash_att_mod 0.05->1 | melee_weapon:a7d5c50c-de7d-4982-969e-33fcbccb749a smash_att_mod 0.05->2 | pickable_item:6dda19ab-a26d-4585-9600-15942e16caeb price 666->19244 | pickable_item:2c9e4731-1858-423d-a898-a15484507cb7 price 666->7867 | weapon:6dda19ab-a26d-4585-9600-15942e16caeb defense 1->17.5 | weapon:2c9e4731-1858-423d-a898-a15484507cb7 defense 1->13 | weapon:b741463f-fe65-430b-9082-13d1950a523d max_status 70->800 | weapon:e73cf113-a458-40fc-82a5-36c00f96da08 max_status 25->800,tables (PTF): 7; manifest: 1; pak (container): 1; lua identical to vanilla: 0,R=73 T=7 median_rel=1.00 lua_lines=0 cfg=0 assets=0 loc=0 native=no,,"full (scratch, deleted after reading)"
1568,Karnages_Shop_Prices,P3,Economy / merchants,Karnages_Shop_Prices-1568-1-0-0-1700623554.7z,c_economy-merchants,archive,0.0,X not analysed,unknown,none found,Mods/<mod folder> with mod.manifest (Vortex or manual),yes (no version restriction),none,none,(none),,,0,0,0,0,0,0.0,0,0,0,0,0,,none,,manifest: 1; pak (container): 1; lua identical to vanilla: 0,nothing readable (see problems),Karnages_Shop_Prices/Data/Karnages_Shop_Prices.pak: not a ZIP (the game cannot read it either),"full (scratch, deleted after reading)"
1570,Karnages_Inventory_Recolour,P3,Maps / UI / HUD,Karnages_Inventory_Recolour-1570-1-0-0-1700624167.7z,c_maps-ui-hud,archive,3.59,"E visual, audio or UI only (no gameplay change)",low,D0 content/text,Mods/<mod folder> with mod.manifest (Vortex or manual),yes (no version restriction),textures/models/animations,medium,(none),,,0,0,0,0,0,0.0,0,0,0,13,0,,none,,textures: 13; manifest: 1; pak (container): 1; lua identical to vanilla: 0,R=0 T=0 median_rel=0.00 lua_lines=0 cfg=0 assets=13 loc=0 native=no,,"full (scratch, deleted after reading)"
1577,Invisible hands FIX (UPDATE),P3,Fix bundle,Vest Fix 3.0-1577-3-0-1702474761.zip,c_fix-bundle,archive,1.26,"E visual, audio or UI only (no gameplay change)",low,D0 content/text,Mods/<mod folder> with mod.manifest (Vortex or manual),yes (no version restriction),textures/models/animations,low,(none),,,0,0,0,0,0,0.0,0,0,0,1,0,,none,,manifest: 1; pak (container): 1; textures: 1; lua identical to vanilla: 0,R=0 T=0 median_rel=0.00 lua_lines=0 cfg=0 assets=1 loc=0 native=no,,"full (scratch, deleted after reading)"
1589,Realistic Colour Correction Kingdom Come Deliverance,P4,Reshade / ENB / visual preset,Realistic Colour Correction Kingdom Come Deliveran-1589-1-0-1705385136.rar,c_reshade-enb-visual-preset,archive,0.01,"E visual, audio or UI only (no gameplay change)",none,D0 content/text,unclear: read the archive's own instructions,no manifest (legacy install),post-processing (ReShade/ENB),high,,,,0,0,0,0,0,0.0,0,0,0,0,0,,none,,"other: 1; reshade/ENB (shaders, presets): 1; lua identical to vanilla: 0",R=0 T=0 median_rel=0.00 lua_lines=0 cfg=0 assets=0 loc=0 native=no,,"full (scratch, deleted after reading)"
1603,Sharper graphic reshade for Kingdom Come Deliverance,P4,Reshade / ENB / visual preset,Kingdom Come Deliverence Present v2.4-1603-2-4-1711991518.zip,c_reshade-enb-visual-preset,archive,0.0,A changes the most,none,D0 content/text; D4 native/external,unclear: read the archive's own instructions,no manifest (legacy install),"post-processing (ReShade/ENB), native/external",high,,,,0,0,0,0,0,0.0,0,0,0,0,0,ReShade,none,,"docs: 1; reshade/ENB (shaders, presets): 1; lua identical to vanilla: 0",R=0 T=0 median_rel=0.00 lua_lines=0 cfg=0 assets=0 loc=0 native=yes,,"full (scratch, deleted after reading)"
1605,Formidable Runt,P3,Quests / lore / content,Formidable Runt-1605-1-4-1711201397.zip,c_quests-lore-content,archive,0.01,B large,high,D1 data tables (PTF),Mods/<mod folder> with mod.manifest (Vortex or manual),yes (no version restriction),gameplay data,none,(none),,"armor2clothing_preset, buff, perk, perk_buff, soul, soul2perk, soul2skill",25,8,0,99989,7,0.667,0,0,0,0,0,,none,soul2skill:20/47e2f514-fa2e-826f-3565-c97a749265bc value 2->20 | soul2skill:16/47e2f514-fa2e-826f-3565-c97a749265bc value 8->20 | soul2skill:21/47e2f514-fa2e-826f-3565-c97a749265bc value 8->20 | armor2clothing_preset:4a8c97cb-9312-333e-2384-6a2a12aba398/448c4755-e462-0058-b108-d5f7b2af9eb8 NEW row | armor2clothing_preset:4af19514-66e8-1a2b-67d5-6528225681b4/448c4755-e462-0058-b108-d5f7b2af9eb8 NEW row | armor2clothing_preset:40129e7b-b9e0-a193-1145-d53292caf7a1/f6583131-1b13-4979-97f0-10f679cc3525 NEW row | armor2clothing_preset:4156d594-be4a-71c2-8ede-4d517ac668a5/f6583131-1b13-4979-97f0-10f679cc3525 NEW row | armor2clothing_preset:418864f6-f9c0-ead7-dd4e-6f3aacb0288c/f6583131-1b13-4979-97f0-10f679cc3525 NEW row,tables (PTF): 7; manifest: 1; pak (container): 1; lua identical to vanilla: 0,R=33 T=7 median_rel=0.67 lua_lines=0 cfg=0 assets=0 loc=0 native=no,,"full (scratch, deleted after reading)"
1618,HD Clock Retexture - Inventory Clock Updated,P3,Maps / UI / HUD,Time-HD-updated v1.2.zip-1618-1-2-1714429516.zip,c_maps-ui-hud,archive,0.43,"E visual, audio or UI only (no gameplay change)",low,D0 content/text,Mods/<mod folder> with mod.manifest (Vortex or manual),yes (no version restriction),textures/models/animations,low,(none),,,0,0,0,0,0,0.0,0,0,0,2,0,,none,,textures: 2; manifest: 1; pak (container): 1; lua identical to vanilla: 0,R=0 T=0 median_rel=0.00 lua_lines=0 cfg=0 assets=2 loc=0 native=no,,"full (scratch, deleted after reading)"
1625,MadHUDAutoHideHUDRebornEdition,unlisted,(not in the 365 index),MadHUD-AutoHideHUDRebornEdition-MsRhtBttnComptblVr-1625-r1-1-0-1745126962.zip,_unmatched,archive,0.02,D small tweak,medium,D0 content/text; D1 game data xml (not table rows),Mods/<mod folder> with mod.manifest (Vortex or manual),yes (wildcard),"other game data (xml), text",low,1.9.*,,,0,0,0,0,0,0.0,0,0,0,0,144,,none,,"localization: 9; other game data (xml, not table rows): 2; manifest: 1; pak (container): 1; lua identical to vanilla: 0",R=0 T=0 median_rel=0.00 lua_lines=0 cfg=0 assets=0 loc=144 native=no,,"full (scratch, deleted after reading)"
1636,More Sensible Weapons and Armor,P3,Weapons / armor / items,More Sensible Weapons and Armor-1636-1-11-1741394601.zip,c_weapons-armor-items,archive,0.26,A changes the most,high,D1 data tables (PTF),Mods/<mod folder> with mod.manifest (Vortex or manual),yes (wildcard),gameplay data,none,1.9.*,,"armor, equippable_item, melee_weapon, missile_weapon, ointment_item, pickable_item, weapon",0,822,3574,0,7,0.333,0,0,0,0,0,,none,equippable_item:00000000-0000-0000-0000-00000000001b conspicuousness -0.02->-0.26 | equippable_item:4a22fe68-b9c5-7b04-ee81-23613de682b6 conspicuousness -0.02->-0.22 | equippable_item:4b82dda9-7cfe-4c26-01c7-c1322b7fc8b4 visibility -0.02->0.26 | pickable_item:2b08dbc7-31bf-42fd-89ce-b840299930b5 price 10->400 | pickable_item:40a2b1d3-f475-a8f3-667a-075486518b8f price 10->8500 | pickable_item:41a9ea6a-eed1-471c-754a-196d368245a6 price 10->8900 | pickable_item:42414d23-c8dc-7b1a-31e6-00644075feaa price 10->4700 | pickable_item:42c04555-15cb-ac3a-aef4-e377a125aca5 price 10->4500,tables (PTF): 7; other: 3; manifest: 1; pak (container): 1; lua identical to vanilla: 0,R=822 T=7 median_rel=0.33 lua_lines=0 cfg=0 assets=0 loc=0 native=no,,"full (scratch, deleted after reading)"
1646,AutoLimitFPS,P4,Graphics config (cfg),AutoLimitFps144-1646-0-1-0-1716157681.zip,c_graphics-config-cfg,archive,0.01,D small tweak,high,D3 Lua scripts,Mods/<mod folder> with mod.manifest (Vortex or manual),"NO (disabled: lists 1.9.4, 1.9.5, 1.9.6)",scripts,none,1.9.4 1.9.5 1.9.6,,,0,0,0,0,0,0.0,6,242,0,0,0,,none,,scripts (Lua): 6; other: 2; manifest: 1; pak (container): 1; lua identical to vanilla: 0,R=0 T=0 median_rel=0.00 lua_lines=242 cfg=0 assets=0 loc=0 native=no,,"full (scratch, deleted after reading)"
1654,Boots with Common Plate Chausses,P3,Weapons / armor / items,Plate Legs-1654-1-0-1716846598.7z,c_weapons-armor-items,archive,0.0,D small tweak,low,D1 data tables (PTF),Mods/<mod folder> with mod.manifest (Vortex or manual),"NO (disabled: lists 1.9.4, 1.9.5, 1.9.6)",gameplay data,none,1.9.4 1.9.5 1.9.6,,clothing,1,0,0,419,1,0.0,0,0,0,0,0,,none,clothing:55/4ec05c66-af3e-7f25-c995-3a432314c789/1/0 NEW row,manifest: 1; pak (container): 1; tables (PTF): 1; lua identical to vanilla: 0,R=1 T=1 median_rel=0.00 lua_lines=0 cfg=0 assets=0 loc=0 native=no,,"full (scratch, deleted after reading)"
1667,Surface Type Rework,P3,World / weather / visuals,Surface Type Rework-1667-1-0-0-1718540697.7z,c_world-weather-visuals,archive,0.0,D small tweak,medium,D1 game data xml (not table rows),Mods/<mod folder> with mod.manifest (Vortex or manual),yes (no version restriction),other game data (xml),none,(none),,,0,0,0,0,0,0.0,0,0,0,0,0,,none,,"manifest: 1; pak (container): 1; other game data (xml, not table rows): 1; lua identical to vanilla: 0",R=0 T=0 median_rel=0.00 lua_lines=0 cfg=0 assets=0 loc=0 native=no,,"full (scratch, deleted after reading)"
1683,Roads Are Dangerous - Redux,P3,Quests / lore / content,RAD_redix-1683-0-1-1721003439.zip,c_quests-lore-content,archive,0.0,X not analysed,unknown,none found,Mods/<mod folder> with mod.manifest (Vortex or manual),yes (no version restriction),none,none,(none),,,0,0,0,0,0,0.0,0,0,0,0,0,,none,,manifest: 1; pak (container): 1; lua identical to vanilla: 0,nothing readable (see problems),RAD_redux/Data/RAD_redux.pak: not a ZIP (the game cannot read it either),"full (scratch, deleted after reading)"
1689,Playable Daggers,P3,Weapons / armor / items,PlayableDaggers-1689-V3-0-1736559656.7z,c_weapons-armor-items,archive,2.08,B large,high,D0 content/text; D1 data tables (PTF); D3 Lua scripts,Mods/<mod folder> with mod.manifest (Vortex or manual),NO (disabled: lists 1.9.6),"gameplay data, scripts, textures/models/animations, text",high,1.9.6,,"buff, equippable_item, inventory2item, item, melee_weapon, perk, perk_buff, pickable_item, player_item, shop_type2item, skill, weapon, weapon2weapon_preset, weapon_class",101,10,1,11055,14,0.4,2,114,0,8,55,,none,weapon_class:/5/8a5dd3a2-04e1-4ce7-8833-9252b410662b/1/0/-1/-1/20/8/1 NEW row | inventory2item:e794cabc-9629-45c2-9f76-83231a80f7c5 NEW row | equippable_item:a8f152f2-1693-4686-82c0-df620f073276 NEW row | equippable_item:bcccf2cf-dced-49ac-a291-4b76b20442e7 NEW row | equippable_item:ca446315-e266-4a0c-9674-9654ecd47702 NEW row | equippable_item:da56ed6d-4306-412b-bf34-cca2a24c720f NEW row | equippable_item:e794cabc-9629-45c2-9f76-83231a80f7c5 NEW row | item:a8f152f2-1693-4686-82c0-df620f073276 NEW row,tables (PTF): 14; models/animations/materials: 4; textures: 4; docs: 3; scripts (Lua): 2; localization: 2; manifest: 1; pak (container): 1; lua identical to vanilla: 0,R=111 T=14 median_rel=0.40 lua_lines=114 cfg=0 assets=8 loc=55 native=no,,"full (scratch, deleted after reading)"
1691,zzz_Clean_Items_In_Trough.pak,unlisted,(not in the 365 index),zzz_Clean_Items_In_Trough.pak,_unmatched,loose file,0.0,D small tweak,medium,D1 game data xml (not table rows),loose .pak (legacy: copy into Data),no manifest (legacy install),other game data (xml),none,,,,0,0,0,0,0,0.0,0,0,0,0,0,,none,,"pak (container): 1; other game data (xml, not table rows): 1; lua identical to vanilla: 0",R=0 T=0 median_rel=0.00 lua_lines=0 cfg=0 assets=0 loc=0 native=no,,read in place
1702,SLEE realistic reshade preset and performance file,P4,Reshade / ENB / visual preset,GST-1702-1-0-0-1724428743.rar,_quarantine,archive,56.7,A changes the most,medium,D0 content/text; D2 engine config; D4 native/external,unclear: read the archive's own instructions,no manifest (legacy install),"engine config, graphics config, post-processing (ReShade/ENB), native/external",high,,,,0,0,0,0,0,0.0,0,0,25,0,0,"ReShade, states requirements",HIGH,,"reshade/ENB (shaders, presets): 594; config (.cfg): 1; executables/scripts: 1; docs: 1; lua identical to vanilla: 0",R=0 T=0 median_rel=0.00 lua_lines=0 cfg=25 assets=0 loc=0 native=yes,,"full (scratch, deleted after reading)"
1720,Performance Configuration (Mid-High End),P4,Graphics config (cfg),autoexec.cfg-1720-1-1726007579.7z,c_graphics-config-cfg,archive,0.0,D small tweak,medium,D2 engine config,unclear: read the archive's own instructions,no manifest (legacy install),"engine config, graphics config",high,,,,0,0,0,0,0,0.0,0,0,64,0,0,,none,,config (.cfg): 1; lua identical to vanilla: 0,R=0 T=0 median_rel=0.00 lua_lines=0 cfg=64 assets=0 loc=0 native=no,,"full (scratch, deleted after reading)"
1723,Intimidation Stat In Inventory,P3,Maps / UI / HUD,IntimidationStat-1723-1-1-1728217688,c_maps-ui-hud,folder (already extracted),0,"E visual, audio or UI only (no gameplay change)",none,D0 content/text,Mods/<mod folder> with mod.manifest (Vortex or manual),yes (no version restriction),UI,medium,(none),,,0,0,0,0,0,0.0,0,0,0,0,0,,MEDIUM,,manifest: 1; other: 1; ui: 1; lua identical to vanilla: 0,R=0 T=0 median_rel=0.00 lua_lines=0 cfg=0 assets=0 loc=0 native=no,,read in place (already extracted by the author)
1732,Torch Radius,P3,World / weather / visuals,Torch Light Radius-1732-1-0-1728140274.zip,c_world-weather-visuals,archive,0.0,D small tweak,medium,D1 game data xml (not table rows),Mods/<mod folder> with mod.manifest (Vortex or manual),yes (no version restriction),other game data (xml),none,(none),,,0,0,0,0,0,0.0,0,0,0,0,0,,none,,"manifest: 1; pak (container): 1; other game data (xml, not table rows): 1; lua identical to vanilla: 0",R=0 T=0 median_rel=0.00 lua_lines=0 cfg=0 assets=0 loc=0 native=no,,"full (scratch, deleted after reading)"
1733,TyburnMedievalPoisons,unlisted,(not in the 365 index),MedievalPoisons-1733-V2-0-1729998376.7z,_unmatched,archive,6.37,A changes the most,high,D0 content/text; D1 data tables (PTF); D1 game data xml (not table rows),Mods/<mod folder> with mod.manifest (Vortex or manual),NO (disabled: lists 1.9.6),"gameplay data, other game data (xml), textures/models/animations, text",high,1.9.6,,"alchemy_material, buff, consumable_item, divisible_item, document, document_content_images, document_required_skill, food, herb, inventory, inventory2item, item, pickable_item, player_item, potion, recipe, recipe_ingredient, recipe_step, shop_type2item, soul",268,71,5,16273,20,1.0,0,0,0,22,160,,none,pickable_item:9186b747-2591-43c0-91c6-54146543a8d8 price 30->450 | pickable_item:b5587dd4-f7d8-4378-9903-7626a227ca0f price 10->250 | pickable_item:38ea59b9-ead9-4fb5-a62a-2051abd844a2 price 70->350 | pickable_item:b6de890f-068b-4a58-b927-0860becae508 price 120->250 | inventory2item:e72ea05c-06d6-4292-8f02-c8ad222ff788 NEW row | inventory2item:b5587dd4-f7d8-4378-9903-7626a227ca0f NEW row | inventory2item:c6a00407-df94-4e52-bb07-9df1e55fa59e NEW row | inventory2item:d092f230-df9d-4050-b871-ba4d98c4bd87 NEW row,"textures: 22; tables (PTF): 20; other game data (xml, not table rows): 13; docs: 3; localization: 2; manifest: 1; pak (container): 1; lua identical to vanilla: 0",R=339 T=20 median_rel=1.00 lua_lines=0 cfg=0 assets=22 loc=160 native=no,,"full (scratch, deleted after reading)"
1777,TyburnDiseases,unlisted,(not in the 365 index),Diseases-1777-V2-0-1739366414.7z,_unmatched,archive,120.66,A changes the most,high,D0 content/text; D1 data tables (PTF); D1 game data xml (not table rows); D3 Lua scripts,Mods/<mod folder> with mod.manifest (Vortex or manual),NO (disabled: lists 1.9.6),"gameplay data, scripts, other game data (xml), textures/models/animations, text",high,1.9.6,,"armor, armor2clothing_attachment, armor2clothing_preset, armor_type, buff, buff_class, character_head, consumable_item, divisible_item, document, document_content, equippable_item, food, inventory, inventory2item, item, perk, perk_codex, pickable_item, player_item, questible_item, shop_type2item, st",411,29,18,23682,24,0.7,15,2878,0,55,390,"mentions Tables.pak, states requirements, user.cfg",none,inventory2item:ba85cb8a-80c3-420e-b073-1d50807334f6 NEW row | armor2clothing_attachment:e4f950e5-4b46-48e4-8b27-a910e87da97b NEW row | armor2clothing_preset:e4f950e5-4b46-48e4-8b27-a910e87da97b/41648381-53a9-5c97-d96f-7fcb7a3e6ea5 NEW row | armor_type:66/5164435d-0ba4-40da-a17f-817e3738966f NEW row | armor:e4f950e5-4b46-48e4-8b27-a910e87da97b NEW row | consumable_item:aaae7109-660f-48c3-801a-05f74b4819a6 NEW row | consumable_item:ef8c5339-d1ce-4e58-97f2-08a0140129d2 NEW row | consumable_item:fafd8838-6f80-418e-988d-2652cb879023 NEW row,"textures: 33; other game data (xml, not table rows): 32; tables (PTF): 24; models/animations/materials: 22; scripts (Lua): 15; docs: 4; localization: 2; manifest: 1; pak (container): 1; lua identical to vanilla: 0",R=440 T=24 median_rel=0.70 lua_lines=2878 cfg=0 assets=55 loc=390 native=no,,"full (scratch, deleted after reading)"
1777,TyburnDiseases,unlisted,(not in the 365 index),Diseases_NoAudio-1777-V2-0-1739366653.7z,_unmatched,archive,120.67,A changes the most,high,D0 content/text; D1 data tables (PTF); D1 game data xml (not table rows); D3 Lua scripts,Mods/<mod folder> with mod.manifest (Vortex or manual),NO (disabled: lists 1.9.6),"gameplay data, scripts, other game data (xml), textures/models/animations, text",high,1.9.6,,"armor, armor2clothing_attachment, armor2clothing_preset, armor_type, buff, buff_class, character_head, consumable_item, divisible_item, document, document_content, equippable_item, food, inventory, inventory2item, item, perk, perk_codex, pickable_item, player_item, questible_item, shop_type2item, st",411,29,18,23682,24,0.7,15,2878,0,55,390,"mentions Tables.pak, states requirements, user.cfg",none,inventory2item:ba85cb8a-80c3-420e-b073-1d50807334f6 NEW row | armor2clothing_attachment:e4f950e5-4b46-48e4-8b27-a910e87da97b NEW row | armor2clothing_preset:e4f950e5-4b46-48e4-8b27-a910e87da97b/41648381-53a9-5c97-d96f-7fcb7a3e6ea5 NEW row | armor_type:66/5164435d-0ba4-40da-a17f-817e3738966f NEW row | armor:e4f950e5-4b46-48e4-8b27-a910e87da97b NEW row | consumable_item:aaae7109-660f-48c3-801a-05f74b4819a6 NEW row | consumable_item:ef8c5339-d1ce-4e58-97f2-08a0140129d2 NEW row | consumable_item:fafd8838-6f80-418e-988d-2652cb879023 NEW row,"textures: 33; other game data (xml, not table rows): 32; tables (PTF): 24; models/animations/materials: 22; scripts (Lua): 15; docs: 4; localization: 2; manifest: 1; pak (container): 1; lua identical to vanilla: 0",R=440 T=24 median_rel=0.70 lua_lines=2878 cfg=0 assets=55 loc=390 native=no,,"full (scratch, deleted after reading)"
1779,Semi Sorted soul XML,P3,Tools / reference,souls_sorted_v1.2-1779-1-2-1736773918.zip,c_tools-reference,archive,0.62,D small tweak,medium,D1 game data xml (not table rows),unclear: read the archive's own instructions,no manifest (legacy install),other game data (xml),none,,,,0,0,0,0,0,0.0,0,0,0,0,0,,none,,"other game data (xml, not table rows): 1; lua identical to vanilla: 0",R=0 T=0 median_rel=0.00 lua_lines=0 cfg=0 assets=0 loc=0 native=no,,"full (scratch, deleted after reading)"
1780,Timed Quest Indicator,P3,Maps / UI / HUD,TimedQuestIndicator-1780-V1-1-1736764991.7z,c_maps-ui-hud,archive,0.0,E text only (no gameplay change),low,D0 content/text,Mods/<mod folder> with mod.manifest (Vortex or manual),NO (disabled: lists 1.9.6),text,low,1.9.6,,,0,0,0,0,0,0.0,0,0,0,0,22,,none,,localization: 4; manifest: 2; docs: 1; lua identical to vanilla: 0,R=0 T=0 median_rel=0.00 lua_lines=0 cfg=0 assets=0 loc=22 native=no,,"full (scratch, deleted after reading)"
1800,KCD 2 Reshade,P4,Reshade / ENB / visual preset,KCD2 Reshade-1800-1-0-1737510963.rar,c_reshade-enb-visual-preset,archive,0.01,"E visual, audio or UI only (no gameplay change)",none,D0 content/text,unclear: read the archive's own instructions,no manifest (legacy install),post-processing (ReShade/ENB),high,,,,0,0,0,0,0,0.0,0,0,0,0,0,,none,,"reshade/ENB (shaders, presets): 1; lua identical to vanilla: 0",R=0 T=0 median_rel=0.00 lua_lines=0 cfg=0 assets=0 loc=0 native=no,,"full (scratch, deleted after reading)"
1807,TyburnPoisonousEnemies,unlisted,(not in the 365 index),PoisonousEnemies-1807-V1-1-1739657277.7z,_unmatched,archive,0.07,A changes the most,high,D0 content/text; D1 data tables (PTF); D1 game data xml (not table rows); D3 Lua scripts,Mods/<mod folder> with mod.manifest (Vortex or manual),NO (disabled: lists 1.9.6),"gameplay data, scripts, other game data (xml), text",low,1.9.6,,"armor, armor2clothing_attachment, armor2clothing_preset, armor_type, buff, divisible_item, equippable_item, food, item, pickable_item, player_item, shop_type2item, statistic",95,0,0,19144,13,0.0,4,3891,0,0,32,mentions Tables.pak,none,armor2clothing_attachment:a36ebe4e-14e0-4110-b903-5c225a831410 NEW row | armor2clothing_preset:a36ebe4e-14e0-4110-b903-5c225a831410/41648381-53a9-5c97-d96f-7fcb7a3e6ea5 NEW row | armor2clothing_preset:b58d737a-0b33-410d-bcf1-c16f1e5fb682/40173a1a-33ae-8c7a-93bc-12dfc0b55ab8 NEW row | armor_type:67/6872d989-3628-415b-bce2-bd8487a3e41d NEW row | armor_type:68/78854441-f00f-49da-a3f5-4c2ffd6f020d NEW row | armor:a36ebe4e-14e0-4110-b903-5c225a831410 NEW row | armor:b58d737a-0b33-410d-bcf1-c16f1e5fb682 NEW row | divisible_item:15063d71-3c1b-4267-8ea1-edd9437fc63b NEW row,"tables (PTF): 13; docs: 5; scripts (Lua): 4; localization: 2; manifest: 1; pak (container): 1; other game data (xml, not table rows): 1; lua identical to vanilla: 0",R=95 T=13 median_rel=0.00 lua_lines=3891 cfg=0 assets=0 loc=32 native=no,,"full (scratch, deleted after reading)"
1823,RTX 3050 PACK,P4,Graphics config (cfg),3050 8GB VRAM - 16GB RAM-1823-1-1-1739410244.zip,c_graphics-config-cfg,archive,0.0,D small tweak,medium,D1 game data xml (not table rows); D2 engine config,unclear: read the archive's own instructions,no manifest (legacy install),"other game data (xml), engine config, graphics config",high,,,,0,0,0,0,0,0.0,0,0,59,0,0,autoexec.cfg,none,,"other game data (xml, not table rows): 1; config (.cfg): 1; docs: 1; lua identical to vanilla: 0",R=0 T=0 median_rel=0.00 lua_lines=0 cfg=59 assets=0 loc=0 native=no,,"full (scratch, deleted after reading)"
1823,RTX 3050 PACK,P4,Graphics config (cfg),3050 8GB VRAM - 32GB RAM-1823-1-1-1739410283.zip,c_graphics-config-cfg,archive,0.0,D small tweak,medium,D1 game data xml (not table rows); D2 engine config,unclear: read the archive's own instructions,no manifest (legacy install),"other game data (xml), engine config, graphics config",high,,,,0,0,0,0,0,0.0,0,0,59,0,0,autoexec.cfg,none,,"other game data (xml, not table rows): 1; config (.cfg): 1; docs: 1; lua identical to vanilla: 0",R=0 T=0 median_rel=0.00 lua_lines=0 cfg=59 assets=0 loc=0 native=no,,"full (scratch, deleted after reading)"
1829,Mod Order Tool 1.2,P3,Tools / reference,EN-1829-1-2-1741033054.zip,_quarantine,archive,0.02,A changes the most,none,D4 native/external,unclear: read the archive's own instructions,no manifest (legacy install),native/external,none,,,,0,0,0,0,0,0.0,0,0,0,0,0,,HIGH,,executables/scripts: 1; lua identical to vanilla: 0,R=0 T=0 median_rel=0.00 lua_lines=0 cfg=0 assets=0 loc=0 native=yes,,"full (scratch, deleted after reading)"
1861,Sell Damaged Items At Full Price - PTF,P3,Economy / merchants,Sell Damaged Items At Full Price-1861-1-0-1739532223.zip,c_economy-merchants,archive,0.0,"C effective (few rows, strong effect)",high,D1 data tables (PTF),Mods/<mod folder> with mod.manifest (Vortex or manual),yes (no version restriction),gameplay data,none,(none),selldamagedfullprice,perk_rpg_param_override,1,1,0,49,2,1.0,0,0,0,0,0,,none,perk_rpg_param_override:01c3b32a-5751-4c98-b6ab-258d02370382/ItemHealthPriceStatusWeight rpg_param_value 0.85->0 | perk_rpg_param_override:/ItemHealthPriceStatusWeight NEW row,tables (PTF): 2; manifest: 1; pak (container): 1; lua identical to vanilla: 0,R=2 T=2 median_rel=1.00 lua_lines=0 cfg=0 assets=0 loc=0 native=no,,"full (scratch, deleted after reading)"
1870,Fair Trade - PTF,P3,Economy / merchants,Fair Trade-1870-1-0-1739553563.zip,c_economy-merchants,archive,0.0,B large,high,D1 data tables (PTF),Mods/<mod folder> with mod.manifest (Vortex or manual),yes (no version restriction),gameplay data,none,(none),fairtrade,shop,0,133,30,0,1,0.375,0,0,0,0,0,,none,shop:25/15/13 price_sell_multiplier 0.5->1.5 | shop:25/102/52 price_sell_multiplier 0.4->1.2 | shop:25/118/41 price_sell_multiplier 0.4->1.2 | shop:25/119/60 price_sell_multiplier 0.4->1.2 | shop:25/137/53 price_sell_multiplier 0.4->1.2 | shop:3/159/85 price_sell_multiplier 0.3->0.8 | shop:3/166/94 price_sell_multiplier 0.3->0.8 | shop:10/11/9 price_sell_multiplier 0.4->1,manifest: 1; pak (container): 1; tables (PTF): 1; lua identical to vanilla: 0,R=133 T=1 median_rel=0.38 lua_lines=0 cfg=0 assets=0 loc=0 native=no,,"full (scratch, deleted after reading)"
1873,Daily Restock And Rich Merchants - PTF,P3,Economy / merchants,Daily Restock And Rich Merchants-1873-1-0-1739611543.zip,c_economy-merchants,archive,0.0,B large,high,D1 data tables (PTF),Mods/<mod folder> with mod.manifest (Vortex or manual),yes (no version restriction),gameplay data,none,(none),dailyrestockrichmerchant,"shop, shop_type2item",0,125,117,718,2,10.0,0,0,0,0,0,,none,shop_type2item:5ef63059-322e-4e1b-abe8-926e100c770e amount 2800->280000 | shop_type2item:5ef63059-322e-4e1b-abe8-926e100c770e amount 200->20000 | shop_type2item:5ef63059-322e-4e1b-abe8-926e100c770e amount 100->10000 | shop_type2item:5ef63059-322e-4e1b-abe8-926e100c770e amount 20000->2000000 | shop_type2item:5ef63059-322e-4e1b-abe8-926e100c770e amount 2000->200000 | shop_type2item:5ef63059-322e-4e1b-abe8-926e100c770e amount 4000->400000 | shop_type2item:5ef63059-322e-4e1b-abe8-926e100c770e amount 1500->150000 | shop_type2item:5ef63059-322e-4e1b-abe8-926e100c770e amount 20000->2000000,tables (PTF): 2; manifest: 1; pak (container): 1; lua identical to vanilla: 0,R=125 T=2 median_rel=10.00 lua_lines=0 cfg=0 assets=0 loc=0 native=no,,"full (scratch, deleted after reading)"
1875,KCD1 Enhanced Visuals - UBER Graphics ReShade,P4,Reshade / ENB / visual preset,KCD1 - Enhanced Visuals - R3MIND ReShade-1875-1-0-0-1739656641.rar,c_reshade-enb-visual-preset,archive,0.0,"E visual, audio or UI only (no gameplay change)",none,D0 content/text,unclear: read the archive's own instructions,no manifest (legacy install),post-processing (ReShade/ENB),high,,,,0,0,0,0,0,0.0,0,0,0,0,0,,none,,"reshade/ENB (shaders, presets): 2; lua identical to vanilla: 0",R=0 T=0 median_rel=0.00 lua_lines=0 cfg=0 assets=0 loc=0 native=no,,"full (scratch, deleted after reading)"
1900,Jiggle Physics,P4,Adult / nudity,Jiggle Physics 1900 1.2 2026-07-17T22-19Z lzEbrHFy3.zip,c_adult-nudity,archive,0.01,"E visual, audio or UI only (no gameplay change)",low,D0 content/text,Mods/<mod folder> with mod.manifest (Vortex or manual),yes (no version restriction),textures/models/animations,high,(none),,,0,0,0,0,0,0.0,0,0,0,12,0,,none,,models/animations/materials: 12; pak (container): 2; manifest: 1; lua identical to vanilla: 0,R=0 T=0 median_rel=0.00 lua_lines=0 cfg=0 assets=12 loc=0 native=no,,"full (scratch, deleted after reading)"
1907,Visorless Helmets,P3,Weapons / armor / items,Visorless Helmets-1907-1-0-2-1741145962.zip,c_weapons-armor-items,archive,4.47,"E visual, audio or UI only (no gameplay change)",low,D0 content/text,Mods/<mod folder> with mod.manifest (Vortex or manual),yes (wildcard),textures/models/animations,medium,1.9.*,,,0,0,0,0,0,0.0,0,0,0,5,0,,none,,pak (container): 5; textures: 5; manifest: 1; lua identical to vanilla: 0,R=0 T=0 median_rel=0.00 lua_lines=0 cfg=0 assets=5 loc=0 native=no,,"full (scratch, deleted after reading)"
1909,Helmet-Off Dialog (Beta),P3,Weapons / armor / items,Helmet-Off Dialog-1909-1-4-3-1743453648.zip,c_weapons-armor-items,archive,0.02,B large,high,D3 Lua scripts,Mods/<mod folder> with mod.manifest (Vortex or manual),yes (no version restriction),scripts,none,(none),helmet_off_dialog,,0,0,0,0,0,0.0,19,1654,0,0,0,,none,,scripts (Lua): 19; manifest: 1; docs: 1; pak (container): 1; lua identical to vanilla: 0,R=0 T=0 median_rel=0.00 lua_lines=1654 cfg=0 assets=0 loc=0 native=no,,"full (scratch, deleted after reading)"
1918,KCD1 Reborn - Verdant Vegetation,P3,World / weather / visuals,Checkers Verdant Vegetation-1918-1-0-1743125688.zip,c_world-weather-visuals,archive,177.03,"E visual, audio or UI only (no gameplay change)",low,D0 content/text,Mods/<mod folder> with mod.manifest (Vortex or manual),yes (no version restriction),textures/models/animations,high,(none),,,0,0,0,0,0,0.0,0,0,0,66,0,,none,,textures: 66; manifest: 1; pak (container): 1; lua identical to vanilla: 0,R=0 T=0 median_rel=0.00 lua_lines=0 cfg=0 assets=66 loc=0 native=no,,"full (scratch, deleted after reading)"
1927,KCD1 Reborn-Terrain and Structures,P3,World / weather / visuals,Checkers Terrain and Structures-1927-1-3-5-1743121857 (1).zip,c_world-weather-visuals,archive,1879.35,"E visual, audio or UI only (no gameplay change)",low,D0 content/text,Mods/<mod folder> with mod.manifest (Vortex or manual),yes (no version restriction),textures/models/animations,high,(none),,,0,0,0,0,0,0.0,0,0,0,196,0,,none,,textures: 196; manifest: 1; pak (container): 1; lua identical to vanilla: 0,R=0 T=0 median_rel=0.00 lua_lines=0 cfg=0 assets=196 loc=0 native=no,,"full (scratch, deleted after reading)"
1944,Lore Of Die,P3,Quests / lore / content,Die Of Lore-1944-1-3-1756187796.zip,c_quests-lore-content,archive,0.0,E text only (no gameplay change),low,D0 content/text,Mods/<mod folder> with mod.manifest (Vortex or manual),NO (disabled: lists 1.9.6),text,low,1.9.6,,,0,0,0,0,0,0.0,0,0,0,0,1,,none,,localization: 2; manifest: 1; lua identical to vanilla: 0,R=0 T=0 median_rel=0.00 lua_lines=0 cfg=0 assets=0 loc=1 native=no,,"full (scratch, deleted after reading)"
1944,Lore Of Die,P3,Quests / lore / content,Lore Of Die Pricing Module-1944-1-0-1743087028.zip,c_quests-lore-content,archive,0.05,"C effective (few rows, strong effect)",high,D1 data tables (PTF),Mods/<mod folder> with mod.manifest (Vortex or manual),NO (disabled: lists 1.9.6),gameplay data,none,1.9.6,,pickable_item,0,20,1,2189,1,1.65,0,0,0,0,0,,none,pickable_item:c56c54b5-b113-41ce-a250-b4eb137909bc price 100->2300 | pickable_item:045b5264-5840-43bf-90fb-d8635cd799cf price 500->3500 | pickable_item:f3cf6a4e-4749-495e-91c7-3e935e2b301a price 500->3100 | pickable_item:ff5efcee-a92f-406a-8c6f-518556c205da price 500->2100 | pickable_item:29fb91de-5454-41b6-a591-c86c8d614db9 price 1000->4000 | pickable_item:6d4602d4-790e-44f0-816b-96d514db0b7a price 500->2000 | pickable_item:65ccc0cd-de18-4305-9d64-42bb3c6d8d30 price 500->2000 | pickable_item:4ede7cfe-e698-4917-a092-a01d8ac3646f price 500->1800,manifest: 1; pak (container): 1; other: 1; tables (PTF): 1; lua identical to vanilla: 0,R=20 T=1 median_rel=1.65 lua_lines=0 cfg=0 assets=0 loc=0 native=no,,"full (scratch, deleted after reading)"
1956,Auto Hide HUD REBORN,P3,Maps / UI / HUD,AutoHideHUDReborn-1956-1-4-0-1777734198.zip,c_maps-ui-hud,archive,3.27,A changes the most,high,D0 content/text; D1 data tables (PTF); D3 Lua scripts,Mods/<mod folder> with mod.manifest (Vortex or manual),yes (wildcard),"gameplay data, scripts, textures/models/animations, UI, text",medium,1.*,,"buff, perk, perk_buff, soul2perk",4,0,0,49846,4,0.0,2,8052,0,2,39,,MEDIUM,buff:2c19a972-cfcf-453b-9d27-82124899c579 NEW row | perk_buff:40f2a9e4-564b-48ff-89bb-937684416542/2c19a972-cfcf-453b-9d27-82124899c579 NEW row | perk:40f2a9e4-564b-48ff-89bb-937684416542 NEW row | soul2perk:40f2a9e4-564b-48ff-89bb-937684416542/43144483-f3bb-fab8-9ceb-f77e3020598a NEW row,localization: 26; config (.cfg): 8; tables (PTF): 4; ui: 4; docs: 3; scripts (Lua): 2; textures: 2; manifest: 1; pak (container): 1; lua identical to vanilla: 0,R=4 T=4 median_rel=0.00 lua_lines=8052 cfg=0 assets=2 loc=39 native=no,,"full (scratch, deleted after reading)"
1958,Selected Immersion Breaking Music Mute,P3,Animations / audio,SIBMM All-1958-1-2-1743947561.zip,c_animations-audio,archive,0.0,D small tweak,medium,D1 game data xml (not table rows),Mods/<mod folder> with mod.manifest (Vortex or manual),NO (disabled: lists 1.9.6),other game data (xml),none,1.9.6,,,0,0,0,0,0,0.0,0,0,0,0,0,,none,,"manifest: 1; pak (container): 1; other game data (xml, not table rows): 1; lua identical to vanilla: 0",R=0 T=0 median_rel=0.00 lua_lines=0 cfg=0 assets=0 loc=0 native=no,,"full (scratch, deleted after reading)"
1961,Unconscious Crime UI,P3,Crime / stealth / loot,Unconscious Crime UI-1961-1-0-1742809272.zip,c_crime-stealth-loot,archive,0.0,"E visual, audio or UI only (no gameplay change)",low,D0 content/text,Mods/<mod folder> with mod.manifest (Vortex or manual),NO (disabled: lists 1.9.6),textures/models/animations,low,1.9.6,,,0,0,0,0,0,0.0,0,0,0,2,0,,none,,textures: 2; manifest: 1; pak (container): 1; lua identical to vanilla: 0,R=0 T=0 median_rel=0.00 lua_lines=0 cfg=0 assets=2 loc=0 native=no,,"full (scratch, deleted after reading)"
1964,KCD1 Reborn - Enhanced Faces and Skin,P3,World / weather / visuals,Checkers Enhanced Faces and Skin-1964-0-95-1743115948 (1).zip,c_world-weather-visuals,archive,2001.68,"E visual, audio or UI only (no gameplay change)",low,D0 content/text,Mods/<mod folder> with mod.manifest (Vortex or manual),yes (no version restriction),textures/models/animations,high,(none),,,0,0,0,0,0,0.0,0,0,0,155,0,,none,,textures: 155; manifest: 1; pak (container): 1; lua identical to vanilla: 0,R=0 T=0 median_rel=0.00 lua_lines=0 cfg=0 assets=155 loc=0 native=no,,"full (scratch, deleted after reading)"
1972,FINAL Beyond SUPER Ultra Graphics and Visuals Configs,P4,Graphics config (cfg),FINAL Beyond SUPER Ultra Graphics and Visuals Conf-1972-1--1743452912.zip,c_graphics-config-cfg,archive,0.01,D small tweak,medium,D2 engine config,unclear: read the archive's own instructions,no manifest (legacy install),"engine config, graphics config",high,,,,0,0,0,0,0,0.0,0,0,222,0,0,,none,,config (.cfg): 2; lua identical to vanilla: 0,R=0 T=0 median_rel=0.00 lua_lines=0 cfg=222 assets=0 loc=0 native=no,,"full (scratch, deleted after reading)"
1980,Medieval Loading Screens,P3,Maps / UI / HUD,MedievalLoadingScreens-1980-1-1-1744118421 (1).rar,c_maps-ui-hud,archive,12.42,"E visual, audio or UI only (no gameplay change)",low,D0 content/text,Mods/<mod folder> with mod.manifest (Vortex or manual),yes (wildcard),"textures/models/animations, UI",high,1.*,,,0,0,0,0,0,0.0,0,0,0,23,0,,none,,textures: 23; manifest: 1; pak (container): 1; ui: 1; lua identical to vanilla: 0,R=0 T=0 median_rel=0.00 lua_lines=0 cfg=0 assets=23 loc=0 native=no,,"full (scratch, deleted after reading)"
1981,Lesser Income Pribyslavitz - Supplies Cost Patch,P3,Economy / merchants,LIP - Annual Contract Supplies Cost Patch-1981-1-0-1744439495.zip,c_economy-merchants,archive,0.0,D small tweak,medium,D1 data tables (PTF),Mods/<mod folder> with mod.manifest (Vortex or manual),NO (disabled: lists 1.9.6),gameplay data,none,1.9.6,,new_homes_modifier_effect_structure,0,8,0,64,1,9.5,0,0,0,0,0,,none,new_homes_modifier_effect_structure:8/8 income -120->-2184 | new_homes_modifier_effect_structure:9/8 income -80->-1740 | new_homes_modifier_effect_structure:12/8 income -30->-550 | new_homes_modifier_effect_structure:14/8 income -50->-950 | new_homes_modifier_effect_structure:13/8 income -70->-700 | new_homes_modifier_effect_structure:7/8 income -160->-1540 | new_homes_modifier_effect_structure:10/8 income -220->-650 | new_homes_modifier_effect_structure:11/8 income -180->-450,manifest: 1; pak (container): 1; tables (PTF): 1; lua identical to vanilla: 0,R=8 T=1 median_rel=9.50 lua_lines=0 cfg=0 assets=0 loc=0 native=no,,"full (scratch, deleted after reading)"
1981,Lesser Income Pribyslavitz - Supplies Cost Patch,P3,Economy / merchants,LIP - Supplies Cost Patch-1981-1-1-1744439433.zip,c_economy-merchants,archive,0.0,D small tweak,low,D1 data tables (PTF),Mods/<mod folder> with mod.manifest (Vortex or manual),NO (disabled: lists 1.9.6),gameplay data,none,1.9.6,,new_homes_modifier_effect_structure,0,2,6,64,1,1.727,0,0,0,0,0,,none,new_homes_modifier_effect_structure:10/8 income -220->-650 | new_homes_modifier_effect_structure:11/8 income -180->-450,manifest: 1; pak (container): 1; tables (PTF): 1; lua identical to vanilla: 0,R=2 T=1 median_rel=1.73 lua_lines=0 cfg=0 assets=0 loc=0 native=no,,"full (scratch, deleted after reading)"
1982,Stormy Skies,P3,World / weather / visuals,Stormy_Skies_v1.0.zip-1982-1-0-1744237965 (1).zip,c_world-weather-visuals,archive,1.54,D small tweak,medium,D0 content/text; D1 game data xml (not table rows),unclear: read the archive's own instructions,no manifest (legacy install),"other game data (xml), textures/models/animations",medium,,,,0,0,0,0,0,0.0,0,0,0,4,0,unpack,none,,"textures: 4; other game data (xml, not table rows): 2; docs: 1; lua identical to vanilla: 0",R=0 T=0 median_rel=0.00 lua_lines=0 cfg=0 assets=4 loc=0 native=no,,"full (scratch, deleted after reading)"
1984,Sharpening Overhaul,P3,Weapons / armor / items,Sharpening Overhaul-1984-2-1-1749895972.zip,c_weapons-armor-items,archive,0.01,"C effective (few rows, strong effect)",high,D0 content/text; D1 data tables (PTF); D3 Lua scripts,Mods/<mod folder> with mod.manifest (Vortex or manual),NO (disabled: lists 1.9.6),"gameplay data, scripts, textures/models/animations, text",low,1.9.6,,buff,4,0,0,439,1,0.0,7,445,0,1,23,,none,buff:f7985d3c-dfc5-4d65-a6a9-238cefc1fa39 NEW row | buff:38e2c0a5-90b4-4e99-8d95-19e2a137ff6d NEW row | buff:2180e3d9-0a1d-42c1-bf49-d2bdf8c89d88 NEW row | buff:4cd02867-5583-4b68-b5c0-0ad5b362f9d0 NEW row,scripts (Lua): 7; localization: 2; manifest: 1; pak (container): 1; tables (PTF): 1; textures: 1; other: 1; lua identical to vanilla: 0,R=4 T=1 median_rel=0.00 lua_lines=445 cfg=0 assets=1 loc=23 native=no,,"full (scratch, deleted after reading)"
2005,Snarky Loading Screens PTF Edition,P3,Maps / UI / HUD,Snarky Loading Screens PTF-2005-1-0-1746781186.zip,c_maps-ui-hud,archive,0.0,E text only (no gameplay change),low,D0 content/text,Mods/<mod folder> with mod.manifest (Vortex or manual),yes (wildcard),text,low,1.9.*,,,0,0,0,0,0,0.0,0,0,0,0,28,,none,,localization: 2; manifest: 1; lua identical to vanilla: 0,R=0 T=0 median_rel=0.00 lua_lines=0 cfg=0 assets=0 loc=28 native=no,,"full (scratch, deleted after reading)"
2008,Perfection,P3,Other,Preset-2008-1-0-1748032883.zip,c_other,archive,0.15,"E visual, audio or UI only (no gameplay change)",none,D0 content/text,unclear: read the archive's own instructions,no manifest (legacy install),post-processing (ReShade/ENB),high,,,,0,0,0,0,0,0.0,0,0,0,0,0,,MEDIUM,,"reshade/ENB (shaders, presets): 69; lua identical to vanilla: 0",R=0 T=0 median_rel=0.00 lua_lines=0 cfg=0 assets=0 loc=0 native=no,,"full (scratch, deleted after reading)"
2022,Restored Sabres PTF,P3,Weapons / armor / items,Restored Sabres PTF-2022-1-1-1779784649.7z,c_weapons-armor-items,archive,2.83,"C effective (few rows, strong effect)",high,D0 content/text; D1 data tables (PTF),Mods/<mod folder> with mod.manifest (Vortex or manual),yes (explicit),"gameplay data, textures/models/animations",medium,1.9.4 1.9.5 1.9.6 1.9.7 1.9.8,,"melee_weapon, pickable_item, shop_type2item, weapon, weapon2weapon_preset",1,5,1,3449,5,1.577,0,0,0,4,0,,none,melee_weapon:50ef44b2-73f9-412f-bb4b-29047887a11b slash_att_mod 0.75->3.8 | pickable_item:50ef44b2-73f9-412f-bb4b-29047887a11b price 302->900 | weapon:50ef44b2-73f9-412f-bb4b-29047887a11b max_status 23->50 | shop_type2item:aca90050-0b70-4ca0-9d29-b94326203c75 NEW row | weapon2weapon_preset:ec470e0c-5bbd-43bb-803e-0e7867253c25 weapon_preset_id 463dc53f-86c2-5b8c-a->42b3ad6f-cc12-bcb2-e | weapon2weapon_preset:ec470e0c-5bbd-43bb-803e-0e7867253c25 weapon_preset_id 463dc53f-86c2-5b8c-a->48271a75-6e1e-269a-f,tables (PTF): 5; textures: 4; manifest: 1; pak (container): 1; lua identical to vanilla: 0,R=6 T=5 median_rel=1.58 lua_lines=0 cfg=0 assets=4 loc=0 native=no,,"full (scratch, deleted after reading)"
2030,Clean and Minimal HUD and Map,P3,Maps / UI / HUD,Clean and Minimal HUD-2030-0-1-1749657994.zip,c_maps-ui-hud,archive,0.94,"E visual, audio or UI only (no gameplay change)",low,D0 content/text,Mods/<mod folder> with mod.manifest (Vortex or manual),yes (no version restriction),textures/models/animations,high,(none),,,0,0,0,0,0,0.0,0,0,0,97,0,,none,,textures: 97; manifest: 1; pak (container): 1; lua identical to vanilla: 0,R=0 T=0 median_rel=0.00 lua_lines=0 cfg=0 assets=97 loc=0 native=no,,"full (scratch, deleted after reading)"
2031,Mud and Iron Kingdom Come Deliverance Reshade,P4,Reshade / ENB / visual preset,Mud and Iron Kingdom Come Deliverance Reshade-2031-1-0-1749855727 (1).7z,c_reshade-enb-visual-preset,archive,0.0,"E visual, audio or UI only (no gameplay change)",none,D0 content/text,unclear: read the archive's own instructions,no manifest (legacy install),post-processing (ReShade/ENB),high,,,,0,0,0,0,0,0.0,0,0,0,0,0,,none,,"reshade/ENB (shaders, presets): 1; lua identical to vanilla: 0",R=0 T=0 median_rel=0.00 lua_lines=0 cfg=0 assets=0 loc=0 native=no,,"full (scratch, deleted after reading)"
2031,Mud and Iron Kingdom Come Deliverance Reshade,P4,Reshade / ENB / visual preset,Mud and Iron Kingdom Come Deliverance Reshade-2031-1-0-1749855727.7z,c_reshade-enb-visual-preset,archive,0.0,"E visual, audio or UI only (no gameplay change)",none,D0 content/text,unclear: read the archive's own instructions,no manifest (legacy install),post-processing (ReShade/ENB),high,,,,0,0,0,0,0,0.0,0,0,0,0,0,,none,,"reshade/ENB (shaders, presets): 1; lua identical to vanilla: 0",R=0 T=0 median_rel=0.00 lua_lines=0 cfg=0 assets=0 loc=0 native=no,,"full (scratch, deleted after reading)"
2046,Arsenal - A Weapons Overhaul - DDDB,P3,Weapons / armor / items,Arsenal Melee Weapons Overhaul-2046-6-1774914631.7z,c_weapons-armor-items,archive,0.03,A changes the most,high,D0 content/text; D1 data tables (PTF),Mods/<mod folder> with mod.manifest (Vortex or manual),NO (disabled: lists *),"gameplay data, text",low,*,zzdddbarsenal,"equippable_item, item_manipulation_type, melee_weapon, melee_weapon_type, pickable_item, player_item, weapon, weapon_class",153,344,166,5255,8,0.333,0,0,0,0,9,,none,melee_weapon:547dbb33-e2a7-414c-a2ea-379c96b776ee stab_att_mod 0.05->0.55 | melee_weapon:662a3ac5-5883-4b7d-bd84-173eaa136a73 slash_att_mod 0.05->0.85 | melee_weapon:af7fd872-0830-4e33-843e-5c015bbe9e73 stab_att_mod 0.05->0.66 | melee_weapon:e3ee5787-f4c5-42b7-a900-33dc97c60706 stab_att_mod 0.05->0.7 | melee_weapon:2db35809-5a6b-4a5b-8782-eaf85c46f1d5 stab_att_mod 0.05->0.63 | melee_weapon:49fa5ec9-92a9-4bfb-b56e-a33d04b69ee1 attack 0.2->5 | melee_weapon:8468933a-7d6b-4cf9-92f0-af5874d40a9b attack 0.1->3.2 | melee_weapon:e73cf113-a458-40fc-82a5-36c00f96da08 attack 0.1->2.5,tables (PTF): 9; docs: 2; localization: 2; manifest: 1; pak (container): 1; lua identical to vanilla: 0,R=497 T=8 median_rel=0.33 lua_lines=0 cfg=0 assets=0 loc=9 native=no,,"full (scratch, deleted after reading)"
2061,Meticulously Edited Shops and Services,P3,Economy / merchants,Meticulously Edited Shops (and Services)-2061-0-4-4-1771229823.zip,c_economy-merchants,archive,0.89,A changes the most,high,D1 data tables (PTF),Mods/<mod folder> with mod.manifest (Vortex or manual),"NO (disabled: lists 1.9.4, 1.9.5, 1.9.6, 1.9.7)",gameplay data,none,1.9.4 1.9.5 1.9.6 1.9.7,,"shop, shop_type2item, soul",1449,6013,2891,49,3,0.943,0,0,0,0,0,,none,shop_type2item:00000000-0000-0000-0000-00000000001b amount 3->100 | shop_type2item:22eb16a0-1175-4e2e-a951-33d362e288fb amount 1->100 | shop_type2item:ddb0fc96-be22-42d8-ba8c-ff00b68c0481 amount 2->100 | shop_type2item:4cea28a0-0814-405a-bf24-4fd711f7eb63 amount 5->10.86 | shop_type2item:44414acf-f175-7e9b-3af0-57f2b339aa90 NEW row | shop_type2item:453ea77f-9f5a-dfb5-1934-f18e44ab08a0 NEW row | shop_type2item:4472ab5e-def2-e154-34a3-15349c976283 NEW row | shop_type2item:44dd60cb-a67f-395f-a6a2-25feeceadd99 NEW row,tables (PTF): 3; other: 2; docs: 1; manifest: 1; pak (container): 1; lua identical to vanilla: 0,R=7462 T=3 median_rel=0.94 lua_lines=0 cfg=0 assets=0 loc=0 native=no,MESS/Data/MESS.pak!Libs/Tables/shop/shop.xml: no suffix: replaces the whole vanilla table | MESS/Data/MESS.pak!Libs/Tables/shop/shop_type2item.xml: no suffix: replaces the whole vanilla table,"full (scratch, deleted after reading)"
2068,SPOA Silver Knight Armor for Kingdom Come Deliverance,P3,Weapons / armor / items,SPOA SKA for KCD (2K textures)-2068-1-03-1755982732.zip,c_weapons-armor-items,archive,131.02,B large,high,D0 content/text; D1 data tables (PTF),Mods/<mod folder> with mod.manifest (Vortex or manual),yes (wildcard),"gameplay data, textures/models/animations, text",high,1.9.*,,"armor, armor2clothing_attachment, armor2clothing_preset, clothing, clothing_attachment, clothing_mesh_data, clothing_raycast, equippable_item, helmet, item, pickable_item, player_item, shop_type2item",82,0,0,19228,13,0.0,0,0,0,58,42,,none,armor2clothing_attachment:03bde0d1-1499-4cf1-8599-c9f865c6f787 NEW row | armor2clothing_preset:03bde0d1-1499-4cf1-8599-c9f865c6f787/440e9c0e-c8c9-c691-fdab-2411fa876bba NEW row | armor2clothing_preset:03bde0d1-1499-4cf1-8599-c9f865c6f787/4f604161-fd71-f76d-1c9d-08295e1119be NEW row | armor:3112d89d-1d6f-4791-9244-b901f043f917 NEW row | armor:0600d533-3421-4723-abdd-5317b5ed8184 NEW row | armor:e53bf9f0-1552-4a1e-b082-4c6e75eb3276 NEW row | armor:03bde0d1-1499-4cf1-8599-c9f865c6f787 NEW row | armor:1a09f922-13f2-4ba4-a94b-b1348c4ae22a NEW row,textures: 36; models/animations/materials: 22; tables (PTF): 13; localization: 6; docs: 1; manifest: 1; pak (container): 1; lua identical to vanilla: 0,R=82 T=13 median_rel=0.00 lua_lines=0 cfg=0 assets=58 loc=42 native=no,,"full (scratch, deleted after reading)"
2079,Thin The Herd - Immersive Hunting and Realistic Animal Loot,P3,Crime / stealth / loot,Thin The Herd 2079 1.3.1 2026-07-16T19-00Z ksgvwCnjt.zip,c_crime-stealth-loot,archive,0.13,"C effective (few rows, strong effect)",high,D1 data tables (PTF); D1 game data xml (not table rows),Mods/<mod folder> with mod.manifest (Vortex or manual),yes (no version restriction),"gameplay data, other game data (xml)",none,(none),,"inventory2item, inventory_preset2item, quest_tracked_asset",2,47,0,3788,3,0.96,0,0,0,0,0,states requirements,none,inventory_preset2item:87a65e52-dfa1-4b45-9306-0b7083f93c90 priority 0.05->1 | inventory2item:a0a6a756-e204-4943-b215-543471b5cc39 amount_random_add 1->4 | inventory2item:81c21fdc-3d62-4d1f-854f-eb364db1bcff amount 1->3 | inventory2item:d1d1b932-4b23-4622-bd7e-b77ad40e29cd NEW row | inventory2item:4446bc26-efff-4117-b4f5-19ee9045847d amount 1->2 | inventory2item:6f1d0e9e-d532-4476-af7a-e24ea01da040 amount 0->1 | inventory2item:87a65e52-dfa1-4b45-9306-0b7083f93c90 NEW row | inventory2item:a1dda25f-3a35-4376-b198-4e5173c742a8 amount 0->1,"other game data (xml, not table rows): 3; tables (PTF): 3; docs: 2; manifest: 1; pak (container): 1; lua identical to vanilla: 0",R=49 T=3 median_rel=0.96 lua_lines=0 cfg=0 assets=0 loc=0 native=no,,"full (scratch, deleted after reading)"
2084,Mount  Horse - Torch Toggle Keys,P3,Horses,Mount Horse - Torch Toggle Keys-2084-1-0-1758809416.rar,c_horses,archive,0.0,D small tweak,medium,D0 content/text; D1 game data xml (not table rows),legacy: files go into the game's Data folder,no manifest (legacy install),"other game data (xml), text",low,,,,0,0,0,0,0,0.0,0,0,0,0,3,,none,,"localization: 7; pak (container): 1; other game data (xml, not table rows): 1; lua identical to vanilla: 0",R=0 T=0 median_rel=0.00 lua_lines=0 cfg=0 assets=0 loc=3 native=no,,"full (scratch, deleted after reading)"
2100,Diseases - spolszczenie,P3,(unclassified),Diseases - Spolszczenie-2100-1-0-1763742966.rar,c_unclassified,archive,0.03,E text only (no gameplay change),low,D0 content/text,loose .pak (legacy: copy into Data),no manifest (legacy install),text,low,,,,0,0,0,0,0,0.0,0,0,0,0,390,,none,,localization: 2; lua identical to vanilla: 0,R=0 T=0 median_rel=0.00 lua_lines=0 cfg=0 assets=0 loc=390 native=no,,"full (scratch, deleted after reading)"
2103,Pickpocket menu  from KCD2,P3,Crime / stealth / loot,pickpocket_kcd2 1.1-2103-1-1-0-1764612642 (1).zip,c_crime-stealth-loot,archive,2.73,"E visual, audio or UI only (no gameplay change)",low,D0 content/text,Mods/<mod folder> with mod.manifest (Vortex or manual),yes (wildcard),"textures/models/animations, UI",medium,1.*,,,0,0,0,0,0,0.0,0,0,0,11,0,,none,,textures: 11; manifest: 1; pak (container): 1; ui: 1; lua identical to vanilla: 0,R=0 T=0 median_rel=0.00 lua_lines=0 cfg=0 assets=11 loc=0 native=no,,"full (scratch, deleted after reading)"
2106,High FPS FX (KCD1),P4,Graphics config (cfg),High FPS FX 2106 2.1 2026-07-11T22-23Z LQeSByZhK.zip,c_graphics-config-cfg,archive,0.07,D small tweak,medium,D1 game data xml (not table rows),Mods/<mod folder> with mod.manifest (Vortex or manual),yes (explicit),other game data (xml),none,1.9.4 1.9.5 1.9.6 1.9.7 1.9.8,,,0,0,0,0,0,0.0,0,0,0,0,0,,none,,"other game data (xml, not table rows): 8; manifest: 1; pak (container): 1; lua identical to vanilla: 0",R=0 T=0 median_rel=0.00 lua_lines=0 cfg=0 assets=0 loc=0 native=no,,"full (scratch, deleted after reading)"
2106,High FPS FX (KCD1),P4,Graphics config (cfg),High FPS FX-2106-1-3-1777265116.zip,c_graphics-config-cfg,archive,0.07,D small tweak,medium,D1 game data xml (not table rows),Mods/<mod folder> with mod.manifest (Vortex or manual),yes (explicit),other game data (xml),none,1.9.4 1.9.5 1.9.6 1.9.7 1.9.8,,,0,0,0,0,0,0.0,0,0,0,0,0,,none,,"other game data (xml, not table rows): 8; manifest: 1; pak (container): 1; lua identical to vanilla: 0",R=0 T=0 median_rel=0.00 lua_lines=0 cfg=0 assets=0 loc=0 native=no,,"full (scratch, deleted after reading)"
2108,New KCD HUD 2.0,P3,Maps / UI / HUD,new_hud_2.0 1.3-2108-1-3-0-1770680449 (1).rar,c_maps-ui-hud,archive,2.97,"E visual, audio or UI only (no gameplay change)",low,D0 content/text,Mods/<mod folder> with mod.manifest (Vortex or manual),yes (wildcard),"textures/models/animations, UI",medium,1.*,,,0,0,0,0,0,0.0,0,0,0,15,0,,none,,textures: 15; manifest: 1; pak (container): 1; ui: 1; lua identical to vanilla: 0,R=0 T=0 median_rel=0.00 lua_lines=0 cfg=0 assets=15 loc=0 native=no,,"full (scratch, deleted after reading)"
2132,MOD file override conflicts and PTF patch detection,P3,Fix bundle,ModsCheckEng-2132-1-1-1768208612.7z,c_fix-bundle,archive,0.0,E non-perceptive to gameplay (no effective change found),none,none found,unclear: read the archive's own instructions,no manifest (legacy install),none,none,,,,0,0,0,0,0,0.0,0,0,0,0,0,,none,,docs: 1; lua identical to vanilla: 0,R=0 T=0 median_rel=0.00 lua_lines=0 cfg=0 assets=0 loc=0 native=no,,"full (scratch, deleted after reading)"
2152,Lighting and Shadow 2.0 - ENB for KCD,P4,Reshade / ENB / visual preset,ENB MartinSpielt Preset-2152-1-0-1770911762.zip,c_reshade-enb-visual-preset,archive,0.03,"E visual, audio or UI only (no gameplay change)",none,D0 content/text,unclear: read the archive's own instructions,no manifest (legacy install),post-processing (ReShade/ENB),high,,,,0,0,0,0,0,0.0,0,0,0,0,0,,none,,"reshade/ENB (shaders, presets): 16; lua identical to vanilla: 0",R=0 T=0 median_rel=0.00 lua_lines=0 cfg=0 assets=0 loc=0 native=no,,"full (scratch, deleted after reading)"
2153,Engine Tweaks KCD 2.0 - user.cfg details,P4,Graphics config (cfg),user.cfg-2153-1-0-1770914009.zip,c_graphics-config-cfg,archive,0.0,D small tweak,medium,D2 engine config,unclear: read the archive's own instructions,no manifest (legacy install),"engine config, graphics config",high,,,,0,0,0,0,0,0.0,0,0,43,0,0,,none,,config (.cfg): 1; lua identical to vanilla: 0,R=0 T=0 median_rel=0.00 lua_lines=0 cfg=43 assets=0 loc=0 native=no,,"full (scratch, deleted after reading)"
2158,Finders Keepers,P3,Crime / stealth / loot,FindersKeepers_Wait_No-2158-1-2-1773048312.zip,c_crime-stealth-loot,archive,0.06,A changes the most,high,D1 data tables (PTF),Mods/<mod folder> with mod.manifest (Vortex or manual),yes (wildcard),gameplay data,none,1.9.*,,pickable_item,0,2109,0,101,1,1.0,0,0,0,0,0,,none,pickable_item:00000000-0000-0000-0000-000000000005 owner_fading_coef 0.02->0 | pickable_item:00000000-0000-0000-0000-00000000001b owner_fading_coef 0.02->0 | pickable_item:00000000-0000-0000-0000-00000000001c owner_fading_coef 0.02->0 | pickable_item:00000000-0000-0000-0000-00000000001d owner_fading_coef 0.02->0 | pickable_item:00000000-0000-0000-0000-000000000020 owner_fading_coef 0.02->0 | pickable_item:00000000-0000-0000-0000-000000000023 owner_fading_coef 0.02->0 | pickable_item:00000000-0000-0000-0000-000000000024 owner_fading_coef 0.02->0 | pickable_item:00000000-0000-0000-0000-000000000025 owner_fading_coef 0.02->0,manifest: 1; pak (container): 1; tables (PTF): 1; lua identical to vanilla: 0,R=2109 T=1 median_rel=1.00 lua_lines=0 cfg=0 assets=0 loc=0 native=no,FindersKeepers_Wait_No/Data/FindersKeepers_Wait_No.pak!Libs/Tables/item/pickable_item__FindersKeepers_Wait_No.xml: suffix 'FindersKeepers_Wait_No' != id 'finders_keepers_wait_no' (the game ignores it),"full (scratch, deleted after reading)"
2171,No Stolen Items (PTF),P3,Crime / stealth / loot,No Stolen Items-2171-1-2-1772686214.zip,c_crime-stealth-loot,archive,0.0,"C effective (few rows, strong effect)",high,D1 data tables (PTF),Mods/<mod folder> with mod.manifest (Vortex or manual),yes (no version restriction),gameplay data,none,(none),,rpg_param,8,0,0,182,1,0.0,0,0,0,0,0,,none,rpg_param:ItemOwnerFactionDistanceCoef1 NEW row | rpg_param:ItemOwnerFactionDistanceCoef2 NEW row | rpg_param:ItemOwnerFactionDistanceToSuspiciencyMax NEW row | rpg_param:ItemOwnerFactionDistanceToSuspiciencyMin NEW row | rpg_param:ItemOwnerFadeCoefToSuspiciencyExp NEW row | rpg_param:ItemOwnerFadeCoefToSuspiciencyMul NEW row | rpg_param:ItemOwnerFadeConspicuousnessToHours NEW row | rpg_param:ItemOwnerFadePriceToHours NEW row,manifest: 1; pak (container): 1; tables (PTF): 1; lua identical to vanilla: 0,R=8 T=1 median_rel=0.00 lua_lines=0 cfg=0 assets=0 loc=0 native=no,,"full (scratch, deleted after reading)"
2174,Horse Body Armor (Barding),P3,Horses,Barding Improved-2174-1-0-1-1772742779 (1).zip,c_horses,archive,20.59,B large,high,D0 content/text; D1 data tables (PTF),Mods/<mod folder> with mod.manifest (Vortex or manual),yes (wildcard),"gameplay data, textures/models/animations, text",high,1.9.*,,"armor, armor2clothing_preset, armor_archetype, armor_archetype2body_subpart, clothing, clothing_raycast, equipment_slot, equippable_item, item, pickable_item, player_item, shop_type2item",65,0,0,19302,12,0.0,0,0,0,12,84,,none,player_item:100c0a43-d863-4c8e-b49e-375c3fc825fb NEW row | player_item:cd23e264-eabb-49fe-973c-3d86c7910931 NEW row | player_item:df1b7bc5-770c-4f9a-857f-7ca77ae53799 NEW row | pickable_item:cd23e264-eabb-49fe-973c-3d86c7910931 NEW row | pickable_item:100c0a43-d863-4c8e-b49e-375c3fc825fb NEW row | pickable_item:df1b7bc5-770c-4f9a-857f-7ca77ae53799 NEW row | item:100c0a43-d863-4c8e-b49e-375c3fc825fb NEW row | item:cd23e264-eabb-49fe-973c-3d86c7910931 NEW row,localization: 28; tables (PTF): 12; textures: 9; models/animations/materials: 3; manifest: 1; pak (container): 1; lua identical to vanilla: 0,R=65 T=12 median_rel=0.00 lua_lines=0 cfg=0 assets=12 loc=84 native=no,,"full (scratch, deleted after reading)"
2175,Enhanced Color Grading,P4,Reshade / ENB / visual preset,Enhanced Color Grading-2175-1-3-1775786024.zip,c_reshade-enb-visual-preset,archive,0.02,D small tweak,medium,D0 content/text; D3 Lua scripts,Mods/<mod folder> with mod.manifest (Vortex or manual),yes (wildcard),"scripts, textures/models/animations, UI",medium,1.*,,,0,0,0,0,0,0.0,1,77,0,1,0,,none,,manifest: 1; pak (container): 1; textures: 1; ui: 1; scripts (Lua): 1; lua identical to vanilla: 0,R=0 T=0 median_rel=0.00 lua_lines=77 cfg=0 assets=1 loc=0 native=no,,"full (scratch, deleted after reading)"
2180,Optimized CryEngine simple tweaks,P4,Graphics config (cfg),cry engine tweaks-2180-1-1-1772892590.rar,c_graphics-config-cfg,archive,0.0,E non-perceptive to gameplay (no effective change found),none,none found,unclear: read the archive's own instructions,no manifest (legacy install),none,none,,,,0,0,0,0,0,0.0,0,0,0,0,0,,none,,docs: 1; lua identical to vanilla: 0,R=0 T=0 median_rel=0.00 lua_lines=0 cfg=0 assets=0 loc=0 native=no,,"full (scratch, deleted after reading)"
2190,ENHANCED Bohemian Redux  and FX Overhaul,P3,World / weather / visuals,ENHANCED Bohemian Redux FX Overhaul-2190-2-0-1774439071 (1).rar,c_world-weather-visuals,archive,18.68,D small tweak,medium,D0 content/text; D1 game data xml (not table rows); D2 engine config; D3 Lua scripts,Mods/<mod folder> with mod.manifest (Vortex or manual),yes (no version restriction),"scripts, other game data (xml), graphics config, textures/models/animations",high,(none),lut,,0,0,0,0,0,0.0,1,32,18,30,0,,none,,"textures: 25; models/animations/materials: 5; other game data (xml, not table rows): 4; config (.cfg): 1; manifest: 1; pak (container): 1; scripts (Lua): 1; lua identical to vanilla: 0",R=0 T=0 median_rel=0.00 lua_lines=32 cfg=18 assets=30 loc=0 native=no,,"full (scratch, deleted after reading)"
2191,Realistic Footprints v2.0 KCD I,P3,World / weather / visuals,Realistic Footprints v2.0 KCD1-2191-3-0-1780731196.rar,c_world-weather-visuals,archive,0.91,D small tweak,medium,D0 content/text; D1 game data xml (not table rows),Mods/<mod folder> with mod.manifest (Vortex or manual),yes (no version restriction),"other game data (xml), textures/models/animations",high,(none),realisticfootprints,,0,0,0,0,0,0.0,0,0,0,19,0,,none,,"textures: 12; models/animations/materials: 7; other game data (xml, not table rows): 5; manifest: 1; pak (container): 1; lua identical to vanilla: 0",R=0 T=0 median_rel=0.00 lua_lines=0 cfg=0 assets=19 loc=0 native=no,,"full (scratch, deleted after reading)"
2196,ENHANCED Adult Bounce KCD I,P4,Adult / nudity,ENHANCED Adult Bounce KCD1-2196-2-0-1774424692.rar,c_adult-nudity,archive,0.01,"E visual, audio or UI only (no gameplay change)",low,D0 content/text,Mods/<mod folder> with mod.manifest (Vortex or manual),yes (no version restriction),textures/models/animations,high,(none),enhancedadultbounce,,0,0,0,0,0,0.0,0,0,0,12,0,,none,,models/animations/materials: 12; manifest: 1; pak (container): 1; lua identical to vanilla: 0,R=0 T=0 median_rel=0.00 lua_lines=0 cfg=0 assets=12 loc=0 native=no,,"full (scratch, deleted after reading)"
2199,DualSense Buttons,P3,Maps / UI / HUD,DualSense Buttons-2199-2-0-1778555602.rar,c_maps-ui-hud,archive,0.68,"E visual, audio or UI only (no gameplay change)",low,D0 content/text,Mods/<mod folder> with mod.manifest (Vortex or manual),yes (wildcard),textures/models/animations,high,1.9.*,,,0,0,0,0,0,0.0,0,0,0,23,0,,none,,textures: 23; manifest: 1; pak (container): 1; lua identical to vanilla: 0,R=0 T=0 median_rel=0.00 lua_lines=0 cfg=0 assets=23 loc=0 native=no,,"full (scratch, deleted after reading)"
2202,Animals Looted Statistic Tracker - Separate from Corpses Looted,P3,Crime / stealth / loot,LootStatSplit-2202-1-1774557285.zip,c_crime-stealth-loot,archive,0.42,"C effective (few rows, strong effect)",high,D0 content/text; D1 data tables (PTF); D2 engine config; D3 Lua scripts,Mods/<mod folder> with mod.manifest (Vortex or manual),yes (wildcard),"gameplay data, scripts, engine config, UI, text",medium,1.*,,statistic,1,7,0,176,1,0.0,2,277,1,0,1,mentions Tables.pak,none,statistic:/3/184// NEW row | statistic:/3/83// ui_order 73->74 | statistic:/3/84/3/ ui_order 74->75 | statistic:/3/10// ui_order 75->76 | statistic:/3/23// ui_order 76->77 | statistic:/3/90// ui_order 77->78 | statistic:/3/93// ui_order 78->79 | statistic:/3/94/1/ ui_order 79->80,ui: 4; docs: 3; pak (container): 3; scripts (Lua): 2; localization: 2; config (.cfg): 1; manifest: 1; tables (PTF): 1; lua identical to vanilla: 0,R=8 T=1 median_rel=0.00 lua_lines=277 cfg=1 assets=0 loc=1 native=no,,"full (scratch, deleted after reading)"
2203,Categorized Sorted Inventory,P3,Maps / UI / HUD,CategorizedSortedInventory-2203-1-0-0-1775489193.zip,c_maps-ui-hud,archive,0.04,A changes the most,high,D0 content/text; D1 data tables (PTF),Mods/<mod folder> with mod.manifest (Vortex or manual),yes (no version restriction),"gameplay data, text",low,(none),,player_item,0,425,0,1689,1,0.0,0,0,0,0,405,,none,player_item:4d49d1bd-5a73-3659-5209-5a38acd4c0b6 ui_name ui_nm_jacket_001_rac->ui_nm_jacket_002_rac | player_item:4119b64e-f072-0cf2-4b8c-13e5ee901994 ui_name ui_nm_jacket_001_rac->ui_nm_jacket_003_rac | player_item:49f1d199-c8e4-5e9a-7aeb-09e3999a25a7 ui_name ui_nm_hood_black->ui_nm_hood_grey | player_item:46f60a88-47c9-9fa9-e55b-58553a841592 ui_name ui_nm_hood_black_yel->ui_nm_hood_blue_blue | player_item:42de552f-eaac-ee43-5e36-129615d2b4ab ui_name ui_nm_pros_kukla->ui_nm_pros_kukla_bla | player_item:4b0bdc51-a989-db25-bccb-9fe09655a8b0 ui_name bavorsky_kabatec_bar->bavorsky_kabatec_bar | player_item:4a60cbcc-9de1-055d-e37c-0856d8897482 ui_name kutnohorska_prosivan->kutnohorska_prosivan | player_item:4eff8951-db9e-5710-48be-5c2a9445f4be ui_name prosivana_vesta_pule->prosivana_vesta_pule,localization: 2; manifest: 1; pak (container): 1; tables (PTF): 1; lua identical to vanilla: 0,R=425 T=1 median_rel=0.00 lua_lines=0 cfg=0 assets=0 loc=405 native=no,,"full (scratch, deleted after reading)"
2204,A Real Sorted Inventory (ARSI),P3,Maps / UI / HUD,A Real Sorted Inventory 2204 1.3.3.1 2026-06-26T10-36Z M04BeYC8a.zip,c_maps-ui-hud,archive,0.25,A changes the most,high,D0 content/text; D1 data tables (PTF); D3 Lua scripts,Mods/<mod folder> with mod.manifest (Vortex or manual),yes (wildcard),"gameplay data, scripts, textures/models/animations, UI, text",medium,1.*,,player_item,0,425,0,1689,1,0.0,1,298,0,2,408,,MEDIUM,player_item:4d49d1bd-5a73-3659-5209-5a38acd4c0b6 ui_name ui_nm_jacket_001_rac->ui_nm_jacket_002_rac | player_item:4119b64e-f072-0cf2-4b8c-13e5ee901994 ui_name ui_nm_jacket_001_rac->ui_nm_jacket_003_rac | player_item:49f1d199-c8e4-5e9a-7aeb-09e3999a25a7 ui_name ui_nm_hood_black->ui_nm_hood_grey | player_item:46f60a88-47c9-9fa9-e55b-58553a841592 ui_name ui_nm_hood_black_yel->ui_nm_hood_blue_blue | player_item:42de552f-eaac-ee43-5e36-129615d2b4ab ui_name ui_nm_pros_kukla->ui_nm_pros_kukla_bla | player_item:4b0bdc51-a989-db25-bccb-9fe09655a8b0 ui_name bavorsky_kabatec_bar->bavorsky_kabatec_bar | player_item:4a60cbcc-9de1-055d-e37c-0856d8897482 ui_name kutnohorska_prosivan->kutnohorska_prosivan | player_item:4eff8951-db9e-5710-48be-5c2a9445f4be ui_name prosivana_vesta_pule->prosivana_vesta_pule,ui: 2; textures: 2; localization: 2; manifest: 1; pak (container): 1; tables (PTF): 1; scripts (Lua): 1; lua identical to vanilla: 0,R=425 T=1 median_rel=0.00 lua_lines=298 cfg=0 assets=2 loc=408 native=no,,"full (scratch, deleted after reading)"
2206,Rivers of Blood KCD I HD v2.0,P3,World / weather / visuals,Rivers of Blood KCD I HD v2.0-2206-1-0-1775912726.rar,c_world-weather-visuals,archive,6.15,D small tweak,medium,D0 content/text; D1 game data xml (not table rows),Mods/<mod folder> with mod.manifest (Vortex or manual),yes (no version restriction),"other game data (xml), textures/models/animations",high,(none),rivers_of_blood_kcdi_hd,,0,0,0,0,0,0.0,0,0,0,12,0,,none,,"textures: 8; models/animations/materials: 4; other game data (xml, not table rows): 3; manifest: 1; pak (container): 1; lua identical to vanilla: 0",R=0 T=0 median_rel=0.00 lua_lines=0 cfg=0 assets=12 loc=0 native=no,,"full (scratch, deleted after reading)"
2216,KCD Mod Organizer Plugin (Steam - GOG - Epic),P3,Tools / reference,Plugins-2216-3-4-2-1778799500.7z,_quarantine,archive,0.0,E non-perceptive to gameplay (no effective change found),none,none found,unclear: read the archive's own instructions,no manifest (legacy install),none,none,,,,0,0,0,0,0,0.0,0,0,0,0,0,,HIGH,,other: 1; lua identical to vanilla: 0,R=0 T=0 median_rel=0.00 lua_lines=0 cfg=0 assets=0 loc=0 native=no,,"full (scratch, deleted after reading)"
2223,Stop Looking Up On Horseback,P3,Horses,StopLookingUpOnHorseback-2223-2-1778010739.7z,c_horses,archive,0.0,D small tweak,none,D2 engine config,unclear: read the archive's own instructions,no manifest (legacy install),engine config,none,,,,0,0,0,0,0,0.0,0,0,1,0,0,,none,,config (.cfg): 1; lua identical to vanilla: 0,R=0 T=0 median_rel=0.00 lua_lines=0 cfg=1 assets=0 loc=0 native=no,,"full (scratch, deleted after reading)"
2224,More Realistic Horse Handling,P3,Horses,HorseHandlingKCD-2224-1-1778012631.7z,c_horses,archive,0.0,D small tweak,none,D2 engine config,unclear: read the archive's own instructions,no manifest (legacy install),engine config,none,,,,0,0,0,0,0,0.0,0,0,2,0,0,,none,,config (.cfg): 1; lua identical to vanilla: 0,R=0 T=0 median_rel=0.00 lua_lines=0 cfg=2 assets=0 loc=0 native=no,,"full (scratch, deleted after reading)"
2243,Performance Tweaks and best visuals,P4,Graphics config (cfg),Autoexec-2243-1-1779736741.rar,c_graphics-config-cfg,archive,0.0,D small tweak,medium,D2 engine config,unclear: read the archive's own instructions,no manifest (legacy install),"engine config, graphics config",high,,,,0,0,0,0,0,0.0,0,0,106,0,0,,none,,config (.cfg): 1; lua identical to vanilla: 0,R=0 T=0 median_rel=0.00 lua_lines=0 cfg=106 assets=0 loc=0 native=no,,"full (scratch, deleted after reading)"
2243,Performance Tweaks and best visuals,P4,Graphics config (cfg),AutoexecCPUTWEAKS 2243 1 2026-06-28T16-43Z zEf3mMkId.rar,c_graphics-config-cfg,archive,0.0,D small tweak,medium,D2 engine config,unclear: read the archive's own instructions,no manifest (legacy install),"engine config, graphics config",high,,,,0,0,0,0,0,0.0,0,0,29,0,0,,none,,config (.cfg): 1; lua identical to vanilla: 0,R=0 T=0 median_rel=0.00 lua_lines=0 cfg=29 assets=0 loc=0 native=no,,"full (scratch, deleted after reading)"
2244,Kingdom Come Script Extender,P3,Tools / reference,KCSE 2244 3 2026-06-29T13-46Z b37E8uyAU.zip,_quarantine,archive,7.8,A changes the most,none,D4 native/external,legacy: files go into the game's Bin folder,no manifest (legacy install),native/external,none,,,,0,0,0,0,0,0.0,0,0,0,0,0,,HIGH,,executables/scripts: 1; other: 1; lua identical to vanilla: 0,R=0 T=0 median_rel=0.00 lua_lines=0 cfg=0 assets=0 loc=0 native=yes,,"full (scratch, deleted after reading)"
2255,Fast Travel Tweaks,P3,Maps / UI / HUD,FastTravelTweaks 2255 3 2026-06-29T13-59Z EfL7D0slv.zip,_quarantine,archive,3.06,A changes the most,none,D4 native/external,unclear: read the archive's own instructions,no manifest (legacy install),native/external,none,,,,0,0,0,0,0,0.0,0,0,0,0,0,,HIGH,,executables/scripts: 1; other: 1; lua identical to vanilla: 0,R=0 T=0 median_rel=0.00 lua_lines=0 cfg=0 assets=0 loc=0 native=yes,,"full (scratch, deleted after reading)"
2261,Proper Third Person View (TPV Camera),P3,Maps / UI / HUD,Proper Third Person View (TPV Camera) 2261 1.0.1 2026-06-30T19-31Z pA6IjrMhB.zip,_quarantine,archive,0.77,A changes the most,none,D4 native/external,unclear: read the archive's own instructions,no manifest (legacy install),native/external,none,,,,0,0,0,0,0,0.0,0,0,0,0,0,ASI loader,HIGH,,docs: 2; executables/scripts: 1; ini (text settings): 1; lua identical to vanilla: 0,R=0 T=0 median_rel=0.00 lua_lines=0 cfg=0 assets=0 loc=0 native=yes,,"full (scratch, deleted after reading)"
2270,Horse Control Tweaks,P3,Horses,HorseControlTweaks 2270 2 2026-06-29T14-02Z OrmK3LNnM.zip,_quarantine,archive,3.11,A changes the most,none,D4 native/external,unclear: read the archive's own instructions,no manifest (legacy install),native/external,none,,,,0,0,0,0,0,0.0,0,0,0,0,0,,HIGH,,executables/scripts: 1; other: 1; lua identical to vanilla: 0,R=0 T=0 median_rel=0.00 lua_lines=0 cfg=0 assets=0 loc=0 native=yes,,"full (scratch, deleted after reading)"
2271,No Horse Manes,P3,Horses,NoHorseMane Basic 2271 1.0.1 2026-07-13T20-32Z NYwqvZpIg.zip,c_horses,archive,0.02,"C effective (few rows, strong effect)",high,D1 data tables (PTF),Mods/<mod folder> with mod.manifest (Vortex or manual),yes (wildcard),gameplay data,none,1.9.*,,soul,44,0,0,5025,1,0.0,0,0,0,0,0,,none,soul:00000000-0000-0000-0000-000000035000/00000000-0000-0000-0000-000000045002//445d16d9-5798-b136-1d02-9859932ce5a4///4e33cb49-0ff2-a50b-8fac-be63bab45185/////3/7/4022aef9-9d0a-b0c3-1221-51c2bd7ebe85/0 NEW row | soul:00000000-0000-0000-0000-000000035000/00000000-0000-0000-0000-000000045002//445d16d9-5798-b136-1d02-9859932ce5a4///4e33cb49-0ff2-a50b-8fac-be63bab45185/////3/7/415108b4-41f8-2715-6d6d-de4686ada79d/0 NEW row | soul:00000000-0000-0000-0000-000000035000/494dad1a-adec-4fc8-983e-19d81e60eb9c//425451b6-ba9b-91d2-f3b5-9dc977ed0fb4////////3/7/41913183-e462-8ee0-779f-44404d093bb1/0 NEW row | soul:00000000-0000-0000-0000-000000035000/494dad1a-adec-4fc8-983e-19d81e60eb9c//42855b88-f189-7ee4-5d39-9bd0feea8d86////////3/7/422ca522-daaa-d049-f645-6055022a25a4/0 NEW row | soul:00000000-0000-0000-0000-000000035000/494dad1a-adec-4fc8-983e-19d81e60eb9c//4f14fe8f-5380-84b2-aeb3-6e51163f2a84///4706ec2f-471d-2d38-c03b-fd0ba26fe8ab/////3/7/424f8814-1cca-4917-4a2e-a8bb8a04b0a8/0 NEW row | soul:00000000-0000-0000-0000-000000035000/494dad1a-adec-4fc8-983e-19d81e60eb9c//4b58d97c-a4b0-f52f-7506-4b74504db390////////3/7/43119f4b-0b5e-0c7b-4bce-ad750d883283/0 NEW row | soul:00000000-0000-0000-0000-000000035000/494dad1a-adec-4fc8-983e-19d81e60eb9c//4b58d97c-a4b0-f52f-7506-4b74504db390///452d30e2-410f-7cb5-e0f5-4cbe282c759f///699//3/7/438809fe-1531-2ad9-0f5b-30cadaa83ca7/31 NEW row | soul:00000000-0000-0000-0000-000000035000/494dad1a-adec-4fc8-983e-19d81e60eb9c//4dfff942-502b-2089-2f77-e2fac3466483////////3/7/43fa9d1c-b2b1-ee91-873a-5edfc50f8291/0 NEW row,manifest: 1; pak (container): 1; tables (PTF): 1; lua identical to vanilla: 0,R=44 T=1 median_rel=0.00 lua_lines=0 cfg=0 assets=0 loc=0 native=no,,"full (scratch, deleted after reading)"
2273,Address Library For KCSE,P3,Tools / reference,1.9.8 Steam Epic GOG 2273 1 2026-06-29T13-38Z U5RChtbYi.zip,c_tools-reference,archive,7.41,E non-perceptive to gameplay (no effective change found),none,none found,unclear: read the archive's own instructions,no manifest (legacy install),none,none,,,,0,0,0,0,0,0.0,0,0,0,0,0,,none,,other: 3; lua identical to vanilla: 0,R=0 T=0 median_rel=0.00 lua_lines=0 cfg=0 assets=0 loc=0 native=no,,"full (scratch, deleted after reading)"
2277,Toggle Hud - KCSE,P3,Tools / reference,ToggleHud 2277 1.1.1 2026-07-05T16-42Z sgZiUxTFA.zip,_quarantine,archive,4.69,A changes the most,none,D4 native/external,unclear: read the archive's own instructions,no manifest (legacy install),native/external,none,,,,0,0,0,0,0,0.0,0,0,0,0,0,,HIGH,,executables/scripts: 1; ini (text settings): 1; other: 1; lua identical to vanilla: 0,R=0 T=0 median_rel=0.00 lua_lines=0 cfg=0 assets=0 loc=0 native=yes,,"full (scratch, deleted after reading)"
2279,Immersive Economy FIXED,P3,Economy / merchants,ImmersiveEconomyFIXED 2279 1.0.2 2026-07-17T19-29Z 6b3zKD4k2.zip,c_economy-merchants,archive,0.05,B large,high,D1 data tables (PTF),Mods/<mod folder> with mod.manifest (Vortex or manual),yes (explicit),gameplay data,none,1.9.4 1.9.5 1.9.6 1.9.7 1.9.8 1.9.*,,"rpg_param, shop",0,164,0,181,2,0.875,0,0,0,0,0,,none,rpg_param:ItemHealthPriceStatusWeight rpg_param_value 0.8->1 | shop:25/17/14 price_sell_multiplier 1->0.1 | shop:25/28/30 price_sell_multiplier 1->0.1 | shop:25/78/35 price_sell_multiplier 1->0.1 | shop:25/106/54 price_sell_multiplier 1->0.1 | shop:8/139/57 price_sell_multiplier 1->0.1 | shop:8/140/55 price_sell_multiplier 1->0.1 | shop:8/141/56 price_sell_multiplier 1->0.1,tables (PTF): 2; manifest: 1; pak (container): 1; lua identical to vanilla: 0,R=164 T=2 median_rel=0.88 lua_lines=0 cfg=0 assets=0 loc=0 native=no,ImmersiveEconomy/Data/immersive_economy.pak!immersive_economy/Libs/Tables/rpg/rpg_param.xml: no suffix: replaces the whole vanilla table | ImmersiveEconomy/Data/immersive_economy.pak!immersive_economy/Libs/Tables/shop/shop.xml: no suffix: replaces the whole vanilla table,"full (scratch, deleted after reading)"
2288,Light Armour Vambraces,P3,Weapons / armor / items,Lightarmvam 2288 1 2026-07-16T21-14Z ZWdhR2r8c.zip,c_weapons-armor-items,archive,0.0,D small tweak,medium,D1 data tables (PTF),Mods/<mod folder> with mod.manifest (Vortex or manual),yes (no version restriction),gameplay data,none,(none),,armor,0,1,0,795,1,0.0,0,0,0,0,0,,none,armor:4573af03-8382-d87c-93aa-5dbb6fc79698 armor_type_id 5->2,manifest: 1; pak (container): 1; tables (PTF): 1; lua identical to vanilla: 0,R=1 T=1 median_rel=0.00 lua_lines=0 cfg=0 assets=0 loc=0 native=no,,"full (scratch, deleted after reading)"
2293,Bigger Hud (KCD1),P3,Maps / UI / HUD,Bigger Hud KCD1 2.0 Update 2293 2 2026-07-19T03-12Z A6blGm0FF.zip,c_maps-ui-hud,archive,0.2,"E visual, audio or UI only (no gameplay change)",none,D0 content/text,Mods/<mod folder> with mod.manifest (Vortex or manual),yes (explicit),UI,medium,1.9.4 1.9.5 1.9.6 1.9.7 1.9.8,,,0,0,0,0,0,0.0,0,0,0,0,0,,none,,ui: 2; manifest: 1; pak (container): 1; lua identical to vanilla: 0,R=0 T=0 median_rel=0.00 lua_lines=0 cfg=0 assets=0 loc=0 native=no,,"full (scratch, deleted after reading)"
2297,Ultimate Loadingscreen Artwork Overhaul,P3,Animations / audio,Ultimate Loadingscreen Overhaul 2297 1.1 2026-07-19T21-10Z 2jGTl3Qoz.zip,c_animations-audio,archive,45.66,"E visual, audio or UI only (no gameplay change)",low,D0 content/text,Mods/<mod folder> with mod.manifest (Vortex or manual),yes (wildcard),"textures/models/animations, UI",high,1.*,,,0,0,0,0,0,0.0,0,0,0,44,0,,none,,textures: 44; manifest: 1; pak (container): 1; ui: 1; lua identical to vanilla: 0,R=0 T=0 median_rel=0.00 lua_lines=0 cfg=0 assets=44 loc=0 native=no,,"full (scratch, deleted after reading)"
2313,Reshield From Torch,P3,Weapons / armor / items,Reshield 2313 3 2026-08-01T01-48Z OrmK3LN3q.zip,c_weapons-armor-items,archive,0.01,D small tweak,high,D3 Lua scripts,Mods/<mod folder> with mod.manifest (Vortex or manual),yes (no version restriction),scripts,none,(none),reshield,,0,0,0,0,0,0.0,1,544,0,0,0,,none,,manifest: 1; pak (container): 1; scripts (Lua): 1; lua identical to vanilla: 0,R=0 T=0 median_rel=0.00 lua_lines=544 cfg=0 assets=0 loc=0 native=no,,"full (scratch, deleted after reading)"
2317,Enemy Health Bar,P3,Maps / UI / HUD,EnemyBar 2317 1 2026-07-31T06-38Z VnT2AzaAK.zip,c_maps-ui-hud,archive,0.1,"E visual, audio or UI only (no gameplay change)",none,D0 content/text,Mods/<mod folder> with mod.manifest (Vortex or manual),yes (no version restriction),UI,medium,(none),,,0,0,0,0,0,0.0,0,0,0,0,0,,none,,manifest: 1; pak (container): 1; ui: 1; lua identical to vanilla: 0,R=0 T=0 median_rel=0.00 lua_lines=0 cfg=0 assets=0 loc=0 native=no,,"full (scratch, deleted after reading)"
2330,Compass and Map Upgrades - Wayfinder,P3,Maps / UI / HUD,Wayfinder 1.0.2 (Compatibility Patched) 2330 2 2026-09-10T02-01Z 6b3zKD4Qh.zip,c_maps-ui-hud,archive,0.32,"E visual, audio or UI only (no gameplay change)",none,D0 content/text,Mods/<mod folder> with mod.manifest (Vortex or manual),yes (no version restriction),UI,medium,(none),,,0,0,0,0,0,0.0,0,0,0,0,0,,none,,ui: 9; manifest: 1; docs: 1; pak (container): 1; lua identical to vanilla: 0,R=0 T=0 median_rel=0.00 lua_lines=0 cfg=0 assets=0 loc=0 native=no,,"full (scratch, deleted after reading)"
2333,Homecoming - Runt Fight Redux,P3,Quests / lore / content,Homecoming Runt Fight Redux 2333 1.0.0 2026-08-12T10-25Z JCx5Wpz09.zip,c_quests-lore-content,archive,0.03,D small tweak,medium,D1 game data xml (not table rows),Mods/<mod folder> with mod.manifest (Vortex or manual),yes (no version restriction),other game data (xml),none,(none),,,0,0,0,0,0,0.0,0,0,0,0,0,states requirements,none,,"manifest: 1; docs: 1; pak (container): 1; other game data (xml, not table rows): 1; lua identical to vanilla: 0",R=0 T=0 median_rel=0.00 lua_lines=0 cfg=0 assets=0 loc=0 native=no,,"full (scratch, deleted after reading)"
2349,KCD1 Map Cursor Contrast - Visible Ring and X,P3,Maps / UI / HUD,MapCursorContrast Bold 2.1.0 2349 2.1.0 2026-09-05T04-03Z QeXoFvWUO.zip,c_maps-ui-hud,archive,0.01,"E visual, audio or UI only (no gameplay change)",low,D0 content/text,Mods/<mod folder> with mod.manifest (Vortex or manual),yes (no version restriction),textures/models/animations,low,(none),map_cursor_contrast,,0,0,0,0,0,0.0,0,0,0,1,0,Vortex,none,,manifest: 1; docs: 1; pak (container): 1; textures: 1; lua identical to vanilla: 0,R=0 T=0 median_rel=0.00 lua_lines=0 cfg=0 assets=1 loc=0 native=no,,"full (scratch, deleted after reading)"
2351,Keyboard Controls,P3,Maps / UI / HUD,Keyboard Controls - Global 2351 1 2026-09-06T01-30Z 4yvkqUPWj.zip,c_maps-ui-hud,archive,0.0,E non-perceptive to gameplay (no effective change found),none,none found,unclear: read the archive's own instructions,no manifest (legacy install),none,none,,,,0,0,0,0,0,0.0,0,0,0,0,0,,none,,other: 1; lua identical to vanilla: 0,R=0 T=0 median_rel=0.00 lua_lines=0 cfg=0 assets=0 loc=0 native=no,,"full (scratch, deleted after reading)"
2353,Ultimate Graphics Adjustment,P4,Graphics config (cfg),KCD Ultimate Adjustment 2353 1 2026-09-09T14-55Z q1JwghIVc.rar,c_graphics-config-cfg,archive,0.0,D small tweak,medium,D2 engine config,unclear: read the archive's own instructions,no manifest (legacy install),"engine config, graphics config",high,,,,0,0,0,0,0,0.0,0,0,113,0,0,,none,,config (.cfg): 1; lua identical to vanilla: 0,R=0 T=0 median_rel=0.00 lua_lines=0 cfg=113 assets=0 loc=0 native=no,,"full (scratch, deleted after reading)"
2358,MatthusTweaksKCDarmwea,unlisted,(not in the 365 index),MT New Armor And Weapon System V1.0 2358 1 2026-09-11T18-39Z EfL7D0sNl.zip,_unmatched,archive,0.04,A changes the most,high,D1 data tables (PTF),Mods/<mod folder> with mod.manifest (Vortex or manual),yes (wildcard),gameplay data,none,1.*,,"armor, melee_weapon, weapon",0,537,8,608,3,0.316,0,0,0,0,0,,none,armor:4fec3673-04fe-45ae-b200-600704ecea70 slash_def 0.1->1.25 | melee_weapon:033fc7b6-17b6-486d-95cb-a22afb131be2 smash_att_mod 0.05->0.5978261129 | melee_weapon:44940b6c-f1f9-4ad1-9419-b5705a88e5b0 smash_att_mod 0.05->0.6321839008 | weapon:3e1e9a1d-37b5-4564-be23-af1017296d6c max_status 1->50 | melee_weapon:662a3ac5-5883-4b7d-bd84-173eaa136a73 slash_att_mod 0.05->0.538 | melee_weapon:24a7c868-f23f-4799-8e64-331435a77404 stab_att_mod 0.05->0.534 | armor:413806e7-f3b7-c6cf-2309-e47ce3c97fa2 slash_def 0.1->0.85 | melee_weapon:9d9bdc38-9e6e-459f-8a75-700fdc1e604f stab_att_mod 0.05->0.418,tables (PTF): 3; other: 2; manifest: 1; pak (container): 1; lua identical to vanilla: 0,R=537 T=3 median_rel=0.32 lua_lines=0 cfg=0 assets=0 loc=0 native=no,,"full (scratch, deleted after reading)"
2365,KCDT,P3,(unclassified),Kcdt 2365 1 2026-09-16T13-46Z 8HMDLo1KJ (1).zip,_quarantine,archive,0.15,A changes the most,none,D4 native/external,Mods/<mod folder> with mod.manifest (Vortex or manual),yes (no version restriction),native/external,none,(none),,,0,0,0,0,0,0.0,0,0,0,0,0,,HIGH,,executables/scripts: 1; manifest: 1; other: 1; lua identical to vanilla: 0,R=0 T=0 median_rel=0.00 lua_lines=0 cfg=0 assets=0 loc=0 native=yes,,"full (scratch, deleted after reading)"
2365,KCDT,P3,(unclassified),Kcdt 2365 1 2026-09-16T13-46Z 8HMDLo1KJ.zip,_quarantine,archive,0.15,A changes the most,none,D4 native/external,Mods/<mod folder> with mod.manifest (Vortex or manual),yes (no version restriction),native/external,none,(none),,,0,0,0,0,0,0.0,0,0,0,0,0,,HIGH,,executables/scripts: 1; manifest: 1; other: 1; lua identical to vanilla: 0,R=0 T=0 median_rel=0.00 lua_lines=0 cfg=0 assets=0 loc=0 native=yes,,"full (scratch, deleted after reading)"
2366,Faster Book Flipping,P3,Maps / UI / HUD,FasterBookFlipping 2366 1 2026-09-17T08-10Z aSoQ0kc7B.zip,_quarantine,archive,0.08,A changes the most,none,D4 native/external,Mods/<mod folder> with mod.manifest (Vortex or manual),yes (no version restriction),native/external,none,(none),,,0,0,0,0,0,0.0,0,0,0,0,0,,HIGH,,executables/scripts: 1; ini (text settings): 1; manifest: 1; other: 1; lua identical to vanilla: 0,R=0 T=0 median_rel=0.00 lua_lines=0 cfg=0 assets=0 loc=0 native=yes,,"full (scratch, deleted after reading)"
2367,Pray Animation KCD1,P3,Quests / lore / content,Pray Animation KCD1 2367 1 2026-09-18T23-43Z 8HMDLo1Kr.zip,c_quests-lore-content,archive,0.0,E non-perceptive to gameplay (no effective change found),none,none found,unclear: read the archive's own instructions,no manifest (legacy install),none,none,,,,0,0,0,0,0,0.0,0,0,0,0,0,,none,,docs: 1; lua identical to vanilla: 0,R=0 T=0 median_rel=0.00 lua_lines=0 cfg=0 assets=0 loc=0 native=no,,"full (scratch, deleted after reading)"
2369,Fewer Tournaments,P3,Crime / stealth / loot,Rattay Tournament 15 Days Cycle 2369 1.0 2026-09-19T12-07Z ZWdhR2rgE.zip,c_crime-stealth-loot,archive,0.22,D small tweak,low,D1 data tables (PTF),Mods/<mod folder> with mod.manifest (Vortex or manual),yes (no version restriction),gameplay data,none,(none),,quest_objective,0,1,9196,0,1,0.0,0,0,0,0,0,,none,quest_objective:4/123694193 autocomplete_timeout_str 5d #WT->13d #WT,manifest: 1; pak (container): 1; other: 1; tables (PTF): 1; lua identical to vanilla: 0,R=1 T=1 median_rel=0.00 lua_lines=0 cfg=0 assets=0 loc=0 native=no,RattayTournament15Days/Data/RattayTournament15Days.pak!Libs/Tables/quest/quest_objective.xml: no suffix: replaces the whole vanilla table,"full (scratch, deleted after reading)"
2383,Wooden Training Mace,unlisted,(not in the 365 index),TrainingMace 1.0.0 2383 1 2026-10-01T20-08Z GK8rEaXw5.zip,_unmatched,archive,0.09,B large,high,D0 content/text; D1 data tables (PTF); D1 game data xml (not table rows),Mods/<mod folder> with mod.manifest (Vortex or manual),yes (no version restriction),"gameplay data, other game data (xml), text",low,(none),,"equippable_item, item, melee_weapon, pickable_item, player_item, weapon",6,0,0,7895,6,0.0,0,0,0,0,28,Vortex,none,equippable_item:e53e6098-b10a-4efe-95fc-cd02bb489c69 NEW row | item:e53e6098-b10a-4efe-95fc-cd02bb489c69 NEW row | melee_weapon:e53e6098-b10a-4efe-95fc-cd02bb489c69 NEW row | pickable_item:e53e6098-b10a-4efe-95fc-cd02bb489c69 NEW row | player_item:e53e6098-b10a-4efe-95fc-cd02bb489c69 NEW row | weapon:e53e6098-b10a-4efe-95fc-cd02bb489c69 NEW row,"localization: 28; tables (PTF): 6; manifest: 1; docs: 1; pak (container): 1; other game data (xml, not table rows): 1; lua identical to vanilla: 0",R=6 T=6 median_rel=0.00 lua_lines=0 cfg=0 assets=0 loc=28 native=no,,"full (scratch, deleted after reading)"
2384,KCD HI-Res Maps,P3,Maps / UI / HUD,KCD In-game Maps 2384 1.0.0 2026-10-02T17-16Z LQeSByZ98.zip,c_maps-ui-hud,archive,70.82,"E visual, audio or UI only (no gameplay change)",low,D0 content/text,unclear: read the archive's own instructions,no manifest (legacy install),textures/models/animations,medium,,,,0,0,0,0,0,0.0,0,0,0,18,0,,none,,textures: 18; lua identical to vanilla: 0,R=0 T=0 median_rel=0.00 lua_lines=0 cfg=0 assets=18 loc=0 native=no,,"full (scratch, deleted after reading)"
