table,key,mods_changing_it,mod_ids
rpg_param,CombatAutoSPBWeight,12,284 651 1070 1243 1260 1384 1558 1668 2124 2179 2294 2299
rpg_param,CombatAutoMaxAttackDelay,11,651 1070 1112 1243 1260 1384 1558 1668 2179 2294 2299
rpg_param,CombatAutoAttackDelayIncreasePerAttacker,10,651 883 1070 1243 1260 1558 1668 2124 2179 2299
rpg_param,CombatAutoNormalBWeight,10,651 1070 1112 1243 1260 1384 1558 2124 2179 2299
rpg_param,CombatAutoPBWeight,10,651 1070 1112 1243 1260 1384 1558 2124 2179 2299
rpg_param,MaxPerfectBlockSlotModifier,10,651 1070 1112 1236 1260 1558 1668 2124 2179 2299
rpg_param,MaxSpecialPerfectBlockSlotModifier,10,651 1070 1236 1260 1558 1668 2124 2179 2294 2299
ammo,13ba7468-11a2-483d-8cb9-25ce36a2d228,9,1376 1419 1565 1678 2035 2049 2124 2179 2299
ammo,19df1c5c-3dbf-45c0-ac01-336facf5f741,9,1376 1419 1565 1678 2035 2049 2124 2179 2299
ammo,4fd563e5-a44a-4a6e-958d-95bcb196814a,9,1376 1419 1565 1678 2035 2049 2124 2179 2299
ammo,710e3706-8974-404b-b23a-6f51670ef1ed,9,1376 1419 1565 1678 2035 2049 2124 2179 2299
ammo,802507e9-d620-47b5-ae66-08fcc314e26a,9,1376 1419 1565 1678 2035 2049 2124 2179 2299
ammo,a5b31bbc-1e11-4831-835b-c06d5b13a7da,9,1376 1419 1565 1678 2035 2049 2124 2179 2299
ammo,c49aa63a-07a6-4417-9f9b-97f2712a4cd0,9,1376 1419 1565 1678 2035 2049 2124 2179 2299
ammo,d5e6764d-18ba-44cb-8dd0-6640a17785a8,9,1376 1419 1565 1678 2035 2049 2124 2179 2299
ammo,dfea5d01-b25c-414a-9ab4-6911a5f82118,9,1376 1419 1565 1678 2035 2049 2124 2179 2299
ammo,e5b3f681-3714-4623-97be-4015fa454797,9,1376 1419 1565 1678 2035 2049 2124 2179 2299
perk_rpg_param_override,01c3b32a-5751-4c98-b6ab-258d02370382/MaxPerfectBlockSlotModifier,9,651 1070 1112 1260 1384 1558 2124 2179 2299
perk_rpg_param_override,01c3b32a-5751-4c98-b6ab-258d02370382/MaxSpecialPerfectBlockSlotModifier,9,651 1070 1260 1384 1558 2124 2179 2294 2299
rpg_param,AimStamCost,9,802 804 1260 1334 1419 1558 1564 1678 2124
rpg_param,BowChargeDurationMin,9,802 804 1100 1419 1564 1668 1678 2124 2179
rpg_param,CombatAutoDodgeWeight,9,651 1070 1243 1260 1384 1558 2124 2179 2299
rpg_param,CombatAutoNoDefenseWeight,9,651 1070 1112 1243 1384 1558 2124 2179 2299
ammo,7db6b854-e307-4a47-ba39-943190b2469e,8,1376 1419 1678 2035 2049 2124 2179 2299
ammo,ad6f0f01-aec4-44d1-982c-1210eb01b74a,8,1376 1419 1565 1678 2049 2124 2179 2299
ammo,c70cbea8-64fc-4309-b559-6b1ed76ea9d4,8,1376 1419 1565 1678 2035 2049 2179 2299
food,2509115d-59c9-44f8-9802-f600eba63fa9,8,651 1926 2011 2124 2188 2210 2299 2345
food,2529e246-6f1b-4529-8d6b-64245207bae8,8,651 1266 1926 2011 2124 2210 2299 2345
food,2b24a290-ec3c-454c-901e-fea76aa76d74,8,651 1926 2011 2124 2179 2210 2299 2345
food,5c17d1d9-70ec-49d9-9b05-ae23247c045f,8,651 765 2011 2124 2208 2210 2299 2345
food,f1309a89-045f-44ae-a4d9-c997b892a162,8,651 1926 2011 2124 2179 2210 2299 2345
rpg_param,AimSpreadMax,8,804 1260 1334 1558 1564 1678 2124 2179
rpg_param,AimSpreadSkillDecrease,8,802 804 1419 1564 1668 1678 2124 2179
rpg_param,BowChargeDurationMax,8,802 804 1100 1419 1564 1668 1678 2124
rpg_param,BowPowerToChargeDuration,8,802 804 1100 1419 1564 1678 2124 2179
rpg_param,RepairKitItemHealthBestLimit,8,1260 1292 1558 1668 1842 2173 2299 2340
food,1df1ee61-0b44-4efd-bfa4-37efbcd4be42,7,651 1483 1639 2011 2124 2299 2345
food,31148cbb-8592-4b26-a1ae-8a9e07e309e6,7,1926 2011 2124 2208 2210 2299 2345
food,3157d51d-7461-4fdc-9601-93bd5ed42156,7,1926 2011 2124 2179 2210 2299 2345
food,34d9f446-e5a7-4af4-858a-e96473de814f,7,1926 2011 2124 2188 2210 2299 2345
food,3c78b620-ca94-11e1-9b23-0800200c9a66,7,651 1483 1639 2011 2124 2299 2345
food,4446bc26-efff-4117-b4f5-19ee9045847d,7,651 1483 1639 2011 2124 2299 2345
food,4d1d646c-ce45-434b-96ae-cfa27b86b4b6,7,651 1483 1639 2011 2124 2299 2345
food,567fc1b1-1424-4784-9da8-5104e2e7354d,7,1926 2011 2124 2179 2210 2299 2345
food,6b955a9b-d8de-492c-a53e-a052fab4ff0a,7,1926 2011 2124 2210 2219 2299 2345
food,6f1d0e9e-d532-4476-af7a-e24ea01da040,7,651 1483 1639 2011 2124 2299 2345
food,73ff1fde-ec8b-41e9-95e3-b5938c715bf1,7,651 1926 2011 2124 2210 2299 2345
food,81c21fdc-3d62-4d1f-854f-eb364db1bcff,7,651 1483 1639 2011 2124 2299 2345
food,850d28d9-9d0a-4b2e-9feb-e6c48c5f1aad,7,1926 2011 2124 2179 2210 2299 2345
food,8b713d0c-9a04-4354-a53f-ffd384057fa6,7,1926 2011 2124 2208 2210 2299 2345
food,92c829ca-41f6-40a7-b8d9-aac5159c7a89,7,1926 2011 2124 2179 2210 2299 2345
food,a0a6a756-e204-4943-b215-543471b5cc39,7,651 1483 1639 2011 2124 2299 2345
food,ab25a50a-7836-47a9-acb2-5fd93684b8c5,7,1926 2011 2124 2210 2219 2299 2345
food,ba4b74ad-f8f1-427e-905b-1bc8c27163e7,7,651 1483 1639 2011 2124 2299 2345
food,d837e829-d706-4db8-8e3d-e70a16882c96,7,1926 2011 2124 2188 2210 2299 2345
food,ff25cae9-7182-4d55-bbb0-0706404e5b69,7,651 1483 1639 2011 2124 2299 2345
perk_rpg_param_override,01c3b32a-5751-4c98-b6ab-258d02370382/CombatAutoAttackDelayIncreasePerAttacker,7,651 1070 1260 1384 1558 2124 2179
perk_rpg_param_override,01c3b32a-5751-4c98-b6ab-258d02370382/CombatAutoMaxAttackDelay,7,651 1070 1112 1260 1384 1558 2179
rpg_param,AimPainlessDelay,7,802 804 1419 1564 1678 2124 2179
rpg_param,SkillXPPerfectBlock,7,883 1260 1334 1558 1572 2124 2299
rpg_param,SkillXPRiposte,7,883 1260 1334 1558 1572 2124 2299
ammo,278d26d1-e9a7-4354-84f9-37d20cb72b45,6,1376 1419 1678 2049 2179 2299
armor,4ad02fe1-d15c-db1f-1981-59ac21854e9c,6,651 883 1560 2124 2299 2340
armor,4af19514-66e8-1a2b-67d5-6528225681b4,6,651 883 1560 2124 2299 2340
buff,7f4d0a7e-849b-46a7-a344-f2efa4762f64,6,85 651 1009 1384 2179 2299
food,025f546b-7465-4070-a57d-e84852adc184,6,1483 1639 2011 2124 2299 2345
food,0368a199-117e-4079-b182-b042360c7d61,6,1483 1639 2011 2124 2299 2345
food,0686c001-d42b-467c-b3de-f87beb915c68,6,1483 1639 2011 2124 2299 2345
food,06be2a3d-4e05-4a78-85cd-33879cd669c9,6,1483 1639 2011 2124 2299 2345
food,0b4e244a-e3de-4502-afd0-fb7fe309629a,6,1483 1639 2011 2124 2299 2345
food,154a8471-b753-4f84-ac5f-d989c8532d02,6,1483 1639 2011 2124 2299 2345
food,18ff9093-2cc4-4ab3-9f34-7cb0dd7cd30a,6,1483 1639 2011 2124 2299 2345
food,19644921-6bb7-4342-be8d-dc235362d20b,6,1483 1639 2011 2124 2299 2345
food,1c2da556-488b-4a86-b22a-c42acb299938,6,1483 1639 2011 2124 2299 2345
food,208362ca-1006-4821-8118-227e64143a3e,6,1483 1639 2011 2124 2299 2345
food,2264f217-590e-4c0f-a4c6-f50c6532b9f6,6,1483 1639 2011 2124 2299 2345
food,265f4d46-a993-464f-8f84-919569aa6818,6,1483 1639 2011 2124 2299 2345
food,295c54f8-76a3-42fa-8fe1-8f1ecb63576b,6,1483 1639 2011 2124 2299 2345
food,29a4f58e-6e00-4f9c-9273-1a76e0eccff0,6,1483 1639 2011 2124 2299 2345
food,2bac1a01-c77a-4d1b-803d-020c33af4de2,6,1483 1639 2011 2124 2299 2345
food,2eeb7bf7-f0ac-4c46-9468-97c2f76cb254,6,1483 1639 2011 2124 2299 2345
food,319a7fe7-1c5d-42fa-80cd-83126cb6eaff,6,1483 1639 2011 2124 2299 2345
food,373747b8-5225-41ba-b511-56526ff90a30,6,1483 1639 2011 2124 2299 2345
food,38df365c-a4bb-462b-80cc-eb92f16930fa,6,651 1266 2011 2124 2299 2345
food,390c0dc8-23fd-42a0-91f2-a4d42f96a387,6,651 1266 2011 2124 2299 2345
food,3c056762-3e14-471a-8f0e-8d57919fb9c4,6,1483 1639 2011 2124 2299 2345
food,3c1c1d0d-66c5-4b40-a501-6fb875c8e3c7,6,1483 1639 2011 2124 2299 2345
food,3d3f5935-c2e3-4e52-8a16-a6a04ee4a79f,6,1926 2011 2124 2210 2299 2345
food,40454568-df13-4648-9535-1e2eab9f63ef,6,1483 1639 2011 2124 2299 2345
food,4088cfbd-c7cc-46ba-9e68-8db8815932e3,6,1483 1639 2011 2124 2299 2345
food,43e66d17-75e5-4832-a511-48c77b8d4cb3,6,1483 1639 2011 2124 2299 2345
food,44593169-7482-4293-80bc-01c3144e4fa2,6,1483 1639 2011 2124 2299 2345
food,470cfa96-9bf4-41ee-9c74-cf2a1176ce45,6,1483 1639 2011 2124 2299 2345
food,4a3dc302-b035-44cc-a49b-9da912c28cc1,6,1483 1639 2011 2124 2299 2345
food,4c5a74d8-92b1-4c78-bdef-6c19a762e062,6,1483 1639 2011 2124 2299 2345
food,51555071-7c55-4da1-9b61-ee3c14fde18b,6,1483 1639 2011 2124 2299 2345
food,52446f8a-3073-4006-b181-60c82475a03a,6,1483 1639 2011 2124 2299 2345
food,52afd6fa-9377-457c-83a2-b5b39321a4dc,6,651 1266 2011 2124 2299 2345
food,5459ce70-3c48-402f-9f59-98e2594328e8,6,1483 1639 2011 2124 2299 2345
food,55537a99-41ba-4497-925c-a543ced248e3,6,1483 1639 2011 2124 2299 2345
food,5585da96-12c9-478d-a1a2-d5f206d9fe72,6,1483 1639 2011 2124 2299 2345
food,5c0981cd-1c99-4690-8e54-29dbfc315c1d,6,1483 1639 2011 2124 2299 2345
food,5ff91d0f-e525-4b37-9256-d8fea8be1c8d,6,1483 1639 2011 2124 2299 2345
food,6198800d-2524-4b66-b9ca-b640e2ae99f5,6,651 1483 1639 2011 2299 2345
food,63d98446-f3c8-4407-8949-c246295b1496,6,1483 1639 2011 2124 2299 2345
food,6a324aa9-a566-406c-a3f8-6c416a00b399,6,1483 1639 2011 2124 2299 2345
food,76fd4ad3-84e2-444c-9822-b67c4adbc349,6,1483 1639 2011 2124 2299 2345
food,7ac72484-f37f-458d-857a-74cf4bba672e,6,1483 1639 2011 2124 2299 2345
food,7c5126cd-b010-4484-8465-22a3d69fa0df,6,651 1266 2011 2124 2299 2345
food,7c97d412-d1db-4d42-a85a-27f381f4a9e9,6,1483 1639 2011 2124 2299 2345
food,86e4ff24-88db-4024-abe6-46545fa0fbd1,6,1483 1639 2011 2124 2299 2345
food,8a0bfe8a-ff7d-4059-bb6f-ae062fb00d9a,6,1483 1639 2011 2124 2299 2345
food,8bfec925-7c39-447e-94bc-c4fb96fe12e7,6,1483 1639 2011 2124 2299 2345
food,8d6964b1-b645-4aa1-adcc-db22646f3722,6,1483 1639 2011 2124 2299 2345
food,8fdb519f-51a4-4531-a20e-732065dd1ede,6,1483 1639 2011 2124 2299 2345
food,9e782670-3291-4382-a6d3-a843d13e67d9,6,651 1266 2011 2124 2299 2345
food,a3483b1b-bef2-402e-906f-0c2fd4917f49,6,1483 1639 2011 2124 2299 2345
food,aaad7362-ec12-4e22-885c-075450001468,6,1483 1639 2011 2124 2299 2345
food,b2f8f5e3-8e5e-4600-a4bb-be17e2d4a058,6,1483 1639 2011 2124 2299 2345
food,b38c34b7-6016-4f64-9ba2-65e1ce31d4a1,6,1926 2011 2124 2210 2299 2345
food,b3e363cf-8dde-4733-89a9-c468d5580d2e,6,1483 1639 2011 2124 2299 2345
food,b73fc42f-829f-4f3e-8ae5-2b6fc5f4b157,6,1483 1639 2011 2124 2299 2345
food,b7ee311c-736b-4f7c-987b-8431ce3b5600,6,1483 1639 2011 2124 2299 2345
food,b8f8953c-5668-4e6c-9d8c-843d85ec83ee,6,1483 1639 2011 2124 2299 2345
food,bc26419a-f9d5-40bb-98f0-05b6c527e85a,6,1483 1639 2011 2124 2299 2345
food,bc76f2f4-8ba0-458e-8ec6-fc88d4c8202f,6,1483 1639 2011 2124 2299 2345
food,bd6a9ffc-68b6-4222-b7fd-7bd72634b712,6,1483 1639 2011 2124 2299 2345
food,be9bd6b7-b2c1-432a-90a7-4a13c58c0936,6,1483 1639 2011 2124 2299 2345
food,c27e73bd-05db-42c5-963e-09c42395160a,6,1483 1639 2011 2124 2299 2345
food,c352d8ae-4021-4f9b-b49c-b1f087f2cd2c,6,1483 1639 2011 2124 2299 2345
food,c40dc516-9886-4245-8a8b-2cbb16da918d,6,651 1926 2011 2124 2299 2345
food,c64b7286-07b8-4bdf-afd0-359171d35249,6,651 1266 2011 2124 2299 2345
food,c6d9387a-30de-469a-a785-3220bf0426ba,6,1483 1639 2011 2124 2299 2345
food,c888acac-26ef-4f4a-be33-0b8bd82e7500,6,1483 1639 2011 2124 2299 2345
food,ca873759-2d0d-4f2f-ba05-49b6c1872a9e,6,1483 1639 2011 2124 2299 2345
food,d031224d-34c3-4f2b-98f7-d77789a309c2,6,1483 1639 2011 2124 2299 2345
food,d7248e1e-64dd-4d38-8049-826eb2fb39d0,6,1483 1639 2011 2124 2299 2345
food,db357169-2012-4c12-b82b-d021cd4c8d9f,6,1483 1639 2011 2124 2299 2345
food,db66940d-09bc-4450-8df9-8268e52e4ac2,6,1483 1639 2011 2124 2299 2345
food,dea2883f-6bd9-4f6e-bae8-80322d428652,6,651 1266 2011 2124 2299 2345
food,e19d0a82-e5cc-49b2-b0a2-14b004cb4717,6,1483 1639 2011 2124 2299 2345
food,e1cc4970-df00-4fec-b831-976b753fd73f,6,1483 1639 2011 2124 2299 2345
food,e7598115-b58c-43a8-b2f8-c566dd572873,6,1483 1639 2011 2124 2299 2345
food,e86b8924-37b9-479d-9249-b082b019d435,6,1483 1639 2011 2124 2299 2345
food,e9170235-1d45-465b-bdec-a5599605e15e,6,1483 1639 2011 2124 2299 2345
food,eb47297f-4a52-45d4-b98c-057c2db35d33,6,1483 1639 2011 2124 2299 2345
food,eca88106-4bab-4419-8772-4450739c193c,6,1926 2011 2124 2210 2299 2345
food,f0c9f56f-cd0f-4973-bfb5-3cea3e756bcc,6,1483 1639 2011 2124 2299 2345
food,f2e16499-8a27-4acc-a4af-f29e00300507,6,1483 1639 2011 2124 2299 2345
melee_weapon,1592a436-4a22-4636-b82d-14af8127ee01,6,883 1148 1559 2124 2299 2340
melee_weapon,1ff6e150-de1d-4cff-b263-e3dad48eef1a,6,883 1148 1559 2124 2299 2340
melee_weapon,214f7911-d9be-4260-b5cb-590f96ffde9a,6,883 1148 1559 2124 2299 2340
melee_weapon,21afc054-37d2-4cce-928e-c7d0d2e295c5,6,883 1148 1559 2124 2299 2340
melee_weapon,4317a4e7-cfdc-4984-aab0-eba14f01e0ab,6,883 1148 1559 2124 2299 2340
melee_weapon,4ac3347e-a93a-4cc0-9ba5-add86391bc12,6,883 1148 1559 2124 2299 2340
melee_weapon,4c0874f3-67f9-4e5f-ad53-9ed29156acd5,6,883 1148 1559 2124 2299 2340
melee_weapon,4da4eeda-663b-4ef3-9793-518a3b9ac13a,6,883 1148 1559 2124 2299 2340
melee_weapon,547dbb33-e2a7-414c-a2ea-379c96b776ee,6,883 1148 1559 2124 2299 2340
melee_weapon,58ef3e13-d40f-4b25-b4bc-3b06df0f2578,6,883 1148 1559 2124 2299 2340
melee_weapon,5ab5581a-be10-4520-9ab4-90c6985498d3,6,883 1148 1559 2124 2299 2340
melee_weapon,5bcd587a-4d97-4bad-a8b4-3248fc6d0cc6,6,883 1148 1559 2124 2299 2340
melee_weapon,5e2ba1cd-4a42-407c-9261-8afdbc3e86b4,6,883 1148 1559 2124 2299 2340
melee_weapon,662a3ac5-5883-4b7d-bd84-173eaa136a73,6,1148 1559 1563 2124 2299 2340
melee_weapon,68a35c34-51db-4f5d-827b-fed5a45ddfcd,6,883 1148 1559 2124 2299 2340
melee_weapon,6c8a6e64-350c-4f47-9a3f-18e3450987ef,6,883 1148 1559 2124 2299 2340
melee_weapon,791ca878-59c2-455f-a3d1-c12bafa0e74f,6,883 1148 1559 2124 2299 2340
melee_weapon,85b71c81-e087-47f1-a290-bb80ed1bfaf2,6,883 1148 1559 2124 2299 2340
melee_weapon,86386baf-5228-4a29-b545-4e6784b81f7c,6,883 1148 1559 2124 2299 2340
melee_weapon,8e2ccaa1-17c2-4cef-b378-e71dc83bddb7,6,883 1148 1559 2124 2299 2340
melee_weapon,937c90ad-fdee-45ff-a712-6fae845a5210,6,883 1148 1559 2124 2299 2340
melee_weapon,965cc83a-1d34-416f-aabd-c4a461a6e583,6,883 1148 1559 2124 2299 2340
melee_weapon,9d2561cc-892f-4527-94cc-4fa607102949,6,883 1148 1559 2124 2299 2340
melee_weapon,9f754566-7fb2-47e1-951b-22c27debb3c8,6,883 1148 1559 2124 2299 2340
melee_weapon,9fb601d5-486c-4082-93cc-6356b0771b05,6,883 1148 1559 2124 2299 2340
melee_weapon,a415c3a7-82f0-4a73-925a-bb2c1674955f,6,883 1148 1559 2124 2299 2340
melee_weapon,a8014877-ce10-4331-88ab-04173b6370ad,6,883 1148 1559 2124 2299 2340
melee_weapon,aa8ebb16-e117-46ae-8c85-5c53ceb79394,6,883 1148 1559 2124 2299 2340
melee_weapon,ad443031-370e-4a63-ba12-ee3fc4c338a8,6,883 1148 1559 2124 2299 2340
melee_weapon,b59ab3c7-f70b-4de4-937e-074e97bfe327,6,883 1148 1559 2124 2299 2340
melee_weapon,b61b9315-d9b4-4a93-bcc0-3db9848886ab,6,883 1148 1559 2124 2299 2340
melee_weapon,b97a2084-a5ca-4d16-ab58-e4665afe212f,6,883 1148 1559 2124 2299 2340
melee_weapon,c316062a-5633-4e1e-bea3-f226717c0258,6,883 1148 1559 2124 2299 2340
melee_weapon,c9cc366b-7192-4261-8861-be7877e9ef17,6,883 1148 1559 2124 2299 2340
melee_weapon,d14a845b-3787-4172-9fe4-f4dfcd6ac0ec,6,883 1148 1559 2124 2299 2340
melee_weapon,d41af9ba-400f-49ae-91fa-38c7da4b815b,6,883 1148 1559 2124 2299 2340
melee_weapon,d459cb3a-04b5-4de7-b115-35ec17d293ba,6,883 1148 1559 2124 2299 2340
melee_weapon,d5ca8f35-28ec-4bf3-b042-7c97ce4c4f14,6,883 1148 1559 2124 2299 2340
melee_weapon,db0725ac-c0e0-41db-b7a6-2887c57df612,6,883 1148 1559 2124 2299 2340
melee_weapon,db35e15d-ccc0-4c59-b76e-f7d6be6939f2,6,883 1148 1559 2124 2299 2340
melee_weapon,e0c5c6fb-6a02-4ead-9877-ff0464b92729,6,883 1148 1559 2124 2299 2340
melee_weapon,e5ab81a9-d02e-4361-acf5-ac755df7f2dc,6,883 1148 1559 2124 2299 2340
melee_weapon,e6391b02-c09c-495d-a980-ad675d523fb3,6,883 1148 1559 2124 2299 2340
melee_weapon,e680ebb5-c752-4640-906d-70f332106154,6,883 1148 1559 2124 2299 2340
melee_weapon,ee4d4a9d-dfe7-432e-80ae-6be5ac6c6225,6,883 1148 1559 2124 2299 2340
melee_weapon,ff2b21b8-c613-45ff-89c6-8a347cf37ff6,6,883 1148 1559 2124 2299 2340
perk_rpg_param_override,01c3b32a-5751-4c98-b6ab-258d02370382/ArmorStatusToDefenseCoef,6,651 1260 1384 1558 2124 2179
perk_rpg_param_override,01c3b32a-5751-4c98-b6ab-258d02370382/RepairKitItemHealthBestLimit,6,1260 1292 1558 1842 2173 2340
rpg_param,ArmorStatusToDefenseCoef,6,651 883 1384 1558 2124 2179
rpg_param,BaseInventoryCapacity,6,883 1260 1334 1558 1668 2299
rpg_param,CombatAutoZoneChangeDelayMaxMax,6,651 1112 1384 2124 2179 2294
rpg_param,CombatAutoZoneChangeDelayMaxMin,6,651 1112 1384 2124 2179 2294
rpg_param,CombatAutoZoneChangeDelayMinMax,6,651 1112 1384 2124 2179 2294
rpg_param,CombatAutoZoneChangeDelayMinMin,6,651 1112 1384 2124 2179 2294
rpg_param,FullClothDirtyingOnFullSpeed,6,390 651 883 1260 1558 1668
rpg_param,MaxDamage,6,651 1112 1384 1558 1668 2179
rpg_param,PickpocketingXP,6,1260 1334 1558 1572 1883 2299
rpg_param,RepairKitCapacity,6,1260 1558 1668 2173 2299 2340
rpg_param,SkillXPUseRepairKit,6,1334 1558 1572 1668 2124 2299
skill,23,6,85 651 1009 1563 2045 2124
armor,40031fce-5752-3279-92f6-b564d55aeb8f,5,883 1560 2124 2299 2340
armor,401179d4-8a48-cc9a-ceac-eeaf7eb7b099,5,883 1560 2124 2299 2340
armor,401ad7c8-4a34-0ef9-7117-9e4ce2044e9a,5,883 1560 2124 2299 2340
armor,4025719c-da4e-cb6e-963a-c26ca4cdaa9d,5,883 1560 2124 2299 2340
armor,402d9c88-ef9a-8eef-7475-107459ea1794,5,883 1560 2124 2299 2340
armor,40317a13-b96c-e894-3334-e5d70b9420bb,5,883 1560 2124 2299 2340
armor,4038ccc9-976c-efd3-014c-0cc80a6695b5,5,883 1560 2124 2299 2340
armor,406b05fb-c409-f2d0-ec82-8c9e6dd422b8,5,883 1560 2124 2299 2340
armor,406bc0f2-ba52-b3f7-8844-10bcdec68195,5,883 1560 2124 2299 2340
armor,406c92ad-4c17-25d7-84d7-28500800f59e,5,1545 2124 2173 2299 2340
armor,4088843b-6f0b-7016-1e16-e2455e33dcb6,5,883 1560 2124 2299 2340
armor,40a9b459-1058-26a6-19f8-0e6ffe01418e,5,883 1560 2124 2299 2340
armor,40af7f97-143c-95a5-5e0b-01efbfac29b6,5,883 1560 2124 2299 2340
armor,40b08f5c-ffdf-4e83-de69-23a17580c3bc,5,883 1560 2124 2299 2340
armor,40bafc6f-ea0f-d9d2-57f7-0da666d60083,5,883 1560 2124 2299 2340
armor,40c05582-26f8-b1dc-f0ba-80e717a8869e,5,883 1560 2124 2299 2340
armor,40c16f73-5b83-c139-96eb-c39ff5e9e7a6,5,1545 2124 2173 2299 2340
armor,40e66e8a-bf10-8c39-66e0-aac2eb644dba,5,883 1560 2124 2299 2340
armor,40ebc815-c78f-24ea-aff7-0e4beb4136b8,5,883 1560 2124 2299 2340
armor,40edf98e-f577-4192-67cd-4f1776d14ea4,5,883 1560 2124 2299 2340
armor,4135abae-bcce-b9f7-7fff-9139b57aebbe,5,883 1560 2124 2299 2340
armor,41382adf-569c-4f33-90a0-36b6e874eca7,5,1545 2124 2173 2299 2340
armor,413a23a3-3d34-de11-abeb-2dfc9af846a9,5,883 1560 2124 2299 2340
armor,4156d594-be4a-71c2-8ede-4d517ac668a5,5,883 1560 2124 2299 2340
armor,416efa2d-68db-6dfb-3d5d-98489f638bad,5,883 1560 2124 2299 2340
armor,416efb7c-8e5f-3518-89d2-5b9af35ad7b6,5,883 1560 2124 2299 2340
armor,417fd467-dbb9-0016-6e6d-89ce0b507fbe,5,883 1560 2124 2299 2340
armor,41866b96-12d5-290a-90a6-67cf4db3ab83,5,883 1560 2124 2299 2340
armor,418864f6-f9c0-ead7-dd4e-6f3aacb0288c,5,883 1560 2124 2299 2340
armor,41ad6890-dc2e-96d5-2ead-ba01ecf69799,5,883 1560 2124 2299 2340
armor,41afa317-7311-5ecb-8a91-94189c2dc2a9,5,883 1560 2124 2299 2340
armor,41b3cfda-0a6c-c009-9482-4c78ea2f1980,5,1545 2124 2173 2299 2340
armor,41c9dee4-7f56-917c-cf8d-3482bbb3ad9a,5,883 1560 2124 2299 2340
armor,41e550e4-12df-49f0-3b05-74959224a8a5,5,883 1560 2124 2299 2340
armor,41f6e46c-bca6-16da-169a-f0c8f1a6e2ab,5,1545 2124 2173 2299 2340
armor,41fe34ab-46ea-6c34-da68-f1e66f46fb89,5,883 1560 2124 2299 2340
armor,421f173c-99b2-f030-cedd-0ba2a25270ac,5,883 1560 2124 2299 2340
armor,4222ca69-3a10-91c1-91ff-26f36122b8a2,5,883 1560 2124 2299 2340
armor,422917fc-435a-f436-3245-a356367f8881,5,883 1560 2124 2299 2340
armor,422c924d-eed3-9183-f47f-3b62e6b66ea1,5,883 1560 2124 2299 2340
armor,42857dcb-baff-8a29-fd59-b779b12589b1,5,883 1560 2124 2299 2340
armor,42960eae-d460-e350-5a80-e1689724269d,5,883 1560 2124 2299 2340
armor,429b05ff-5eec-37ac-e8c0-5e5a51feb99c,5,883 1560 2124 2299 2340
armor,42a14b38-295a-a659-3e43-c1684a5dfa88,5,1545 2124 2173 2299 2340
armor,42b152d3-d3f4-b390-088e-3127534281aa,5,1545 2124 2173 2299 2340
armor,42bb0602-e6bc-5edd-b91c-ebc319568bad,5,883 1560 2124 2299 2340
armor,42c0a17c-123a-6416-8620-56fcf1a5199c,5,883 1560 2124 2299 2340
armor,42d47b43-637d-58da-5fed-2f71259cd093,5,883 1560 2124 2299 2340
armor,42ed0221-fee6-22c1-a86a-70126610fa84,5,883 1560 2124 2299 2340
armor,42ed6b9c-19c5-0b8c-5feb-bfe0d7001997,5,883 1560 2124 2299 2340
armor,42f8d0ed-63d9-a104-cf0a-de415f6aa8b3,5,883 1560 2124 2299 2340
armor,43043f1f-64ad-95cb-f55c-fd7d624ba294,5,883 1560 2124 2299 2340
armor,43062de7-afe1-5743-5aec-d4dcff83c1b8,5,1545 2124 2173 2299 2340
armor,430f6156-27f7-b985-9b1d-18c495273cbd,5,883 1560 2124 2299 2340
armor,431a2a36-312d-d6b0-ddff-fcaddc294291,5,883 1560 2124 2299 2340
armor,434d07c4-ec87-4e17-b3d7-354e1cd55f8b,5,883 1560 2124 2299 2340
armor,434e3f99-d8f6-bf7b-3e26-43d95b91f693,5,883 1560 2124 2299 2340
armor,4353f1e8-e0c6-30a6-c5e8-5b76a22093a0,5,1545 2124 2173 2299 2340
armor,43631624-d640-42c8-be81-0a236b8ed094,5,883 1560 2124 2299 2340
armor,436b6b1d-1471-da5f-ad03-f64bafbd8bb6,5,883 1560 2124 2299 2340
armor,4373f01b-b49e-5a74-31f1-6302dcda5d8f,5,883 1560 2124 2299 2340
armor,4377c0a6-98d4-ebdb-eb0a-f35220fb1398,5,883 1560 2124 2299 2340
armor,43a7cb95-710e-b5f4-35be-43f1a281a692,5,883 1560 2124 2299 2340
armor,43c6062f-7a46-aa6a-ce45-9f8b90adb7a9,5,883 1560 2124 2299 2340
armor,43c85848-0181-06b6-a870-2b3c951e8aa8,5,1545 2124 2173 2299 2340
armor,43f19e40-1107-38aa-a226-5d6179e9b4a3,5,883 1560 2124 2299 2340
armor,440074cf-4d3d-5d80-2944-f49d91d642a1,5,883 1560 2124 2299 2340
armor,4405924b-de8b-e31b-72f1-29bb227ff1b1,5,883 1560 2124 2299 2340
armor,44059610-696d-7039-c0ee-c69a92217392,5,883 1560 2124 2299 2340
armor,44135951-cf1c-f2fd-15f0-0f0ea223a584,5,883 1560 2124 2299 2340
armor,441979f2-838e-9f91-36ef-64fd17735492,5,883 1560 2124 2299 2340
armor,44342f54-fc71-f435-c68a-d6382d1e0ca2,5,883 1560 2124 2299 2340
armor,4439d7db-c440-9576-cd07-2d531afa7bb6,5,883 1560 2124 2299 2340
armor,44501763-1d31-6b8b-fb85-a57b3fce9596,5,883 1560 2124 2299 2340
armor,447acc02-8ee6-ff70-1cb3-ccafd3ba01b3,5,883 1560 2124 2299 2340
armor,44d904d0-03cc-8851-8fb9-31bc292d208c,5,883 1560 2124 2299 2340
armor,44dc0755-74c4-582d-c92c-4a54990da4b9,5,883 1560 2124 2299 2340
armor,44e4e7ba-05b1-fd0f-5aac-2e6f8d8cf682,5,883 1560 2124 2299 2340
armor,44eaf818-5cb6-3868-b3c4-f51d821773a0,5,883 1560 2124 2299 2340
armor,44ee56de-46f9-0169-0d72-606c82576b97,5,883 1560 2124 2299 2340
armor,44f1b7f3-9098-6bc9-2965-ceb35571719c,5,883 1560 2124 2299 2340
armor,45143b21-88c0-6217-1848-099a680d26b9,5,883 1560 2124 2299 2340
armor,4516652a-7e40-d46d-cdd7-62ea97c3bb83,5,883 1560 2124 2299 2340
armor,4517b07b-ca19-07bf-6011-e2cec8868185,5,883 1560 2124 2299 2340
armor,455ce2bd-2e97-1dc1-9e14-90927f0b4b9d,5,883 1560 2124 2299 2340
armor,45683673-edcb-4446-a995-3e76c0f11bae,5,883 1560 2124 2299 2340
armor,4573af03-8382-d87c-93aa-5dbb6fc79698,5,883 1560 2124 2299 2340
armor,457922f9-5c5b-8caa-5df0-7449097cff90,5,883 1560 2124 2299 2340
armor,4582224b-55b8-82f8-4230-371ca1093db3,5,883 1560 2124 2299 2340
armor,45a39144-03ee-67b2-e79c-864bedf93186,5,883 1560 2124 2299 2340
armor,45bc3e68-adc8-b03d-29e3-93e044472fbf,5,883 1560 2124 2299 2340
armor,45cacc1b-dc58-a1c0-9873-d954e7cf3ebc,5,883 1560 2124 2299 2340
armor,45d503dc-ac4b-62c9-5994-c09288667dbf,5,883 1560 2124 2299 2340
armor,45e0883f-b164-edce-8f8a-4df43039759d,5,883 1560 2124 2299 2340
armor,45e28f40-6882-6a01-e281-25733f761f9f,5,883 1560 2124 2299 2340
armor,45e2b460-dbd4-4bf4-3643-33c2648d60bc,5,1545 2124 2173 2299 2340
armor,45f96751-8f3b-09dd-a06d-d75bb80e8e9c,5,883 1560 2124 2299 2340
armor,45ff98b0-d684-5f01-5a6f-679d2e8b5696,5,883 1560 2124 2299 2340
armor,45ff9e32-ee90-4051-f963-1058dd4360a4,5,883 1560 2124 2299 2340
armor,4621b468-38bc-79ed-f0ce-9219543d7fa9,5,883 1560 2124 2299 2340
armor,4638d719-74df-29ba-2bea-99f46ff9e1a7,5,883 1560 2124 2299 2340
armor,464325c1-4aca-b41c-360c-7937cfc74eb9,5,883 1560 2124 2299 2340
armor,464a913e-9b03-ae4e-3561-89a1b2d9ac98,5,883 1560 2124 2299 2340
armor,4651e310-5ad4-cf89-7f57-9755e344ed84,5,883 1560 2124 2299 2340
armor,4659edf0-7122-577c-effd-5e03afac77bf,5,883 1560 2124 2299 2340
armor,465d76a9-1d09-8b19-8b7e-20a57e7e5495,5,883 1560 2124 2299 2340
armor,46798a36-0e40-4822-ec6e-bf682955b0b4,5,883 1560 2124 2299 2340
armor,46898847-2ffc-dcda-890e-8027524c2f91,5,883 1560 2124 2299 2340
armor,4692f1e5-e4bc-c8af-1b0b-1da823ec1db9,5,1545 2124 2173 2299 2340
armor,475642da-17e6-c06e-b035-2b1ab31cbb8f,5,1545 2124 2173 2299 2340
armor,475a8c7a-1162-6641-efe5-b8a401e72c8f,5,883 1560 2124 2299 2340
armor,478e9d83-c4e7-7d76-1b02-60ba80597ebb,5,883 1560 2124 2299 2340
armor,479b4760-f3b3-0d23-40f7-9a2f899676b0,5,883 1560 2124 2299 2340
armor,47a86203-78c8-463a-6ce6-4b22754786ba,5,883 1560 2124 2299 2340
armor,47af49ef-bdd7-2e07-2fc8-d53b6b4faea9,5,883 1560 2124 2299 2340
armor,47b8a5a6-0912-c070-49b9-d126e8c55bbd,5,883 1560 2124 2299 2340
armor,47c7f6cf-2f8b-9591-3825-c805205e71ac,5,883 1560 2124 2299 2340
armor,47d11f76-1007-00c0-1c63-cfb2b02b0c80,5,883 1560 2124 2299 2340
armor,47fd7eb2-de81-37fc-0ca2-772fd3c54baa,5,1545 2124 2173 2299 2340
armor,480b95cf-9c92-3b6f-df51-1e9a84701f8b,5,883 1560 2124 2299 2340
armor,48146c21-3bc0-fc8c-24b3-cd0f0427dc8c,5,883 1560 2124 2299 2340
armor,481b929a-0e8e-05da-54c5-2939bd72e594,5,883 1560 2124 2299 2340
armor,4838fa1c-da32-9c55-b20b-d4b17b70ecac,5,1545 2124 2173 2299 2340
armor,4866cba5-da9f-00b9-bed9-2d135eb760ba,5,1545 2124 2173 2299 2340
armor,487ff48f-5ecc-86f9-fb0f-cbbb2c9b6788,5,883 1560 2124 2299 2340
armor,4897feb7-a12e-ad0e-a93c-2699798d1ba7,5,883 1560 2124 2299 2340
armor,48d88e9a-72b8-b605-0fe8-be6c62e5d58c,5,883 1560 2124 2299 2340
armor,48dafad3-3606-b7e8-d1dc-ebc1de6b99bd,5,883 1560 2124 2299 2340
armor,48f4b085-973d-247d-bc22-b43c27f995b3,5,883 1560 2124 2299 2340
armor,490d57d4-3e96-3a75-96ca-54cb52c6f6ab,5,883 1560 2124 2299 2340
armor,491a93ae-fb02-b2fe-fa37-c87aa5f4c980,5,883 1560 2124 2299 2340
armor,491e4460-878a-20aa-3d69-5a9d88d75795,5,883 1560 2124 2299 2340
armor,4964faf4-b122-9856-e3d4-7e026ce4a0a7,5,883 1560 2124 2299 2340
armor,496651b7-ddcb-2f4e-1774-3c37fab166a7,5,883 1560 2124 2299 2340
armor,49692af5-b44e-f166-b6cf-27bf9874bcac,5,883 1560 2124 2299 2340
armor,498ca985-c074-886b-af88-aec5b12dc7ad,5,883 1560 2124 2299 2340
armor,498d3f6d-49a2-6f80-e1ae-d07cd1d4d08f,5,883 1560 2124 2299 2340
armor,499f8ebf-cdb7-e65f-33c5-a2818b40a5b4,5,883 1560 2124 2299 2340
armor,49bccc9b-8290-8958-5df2-471f9db9b784,5,883 1560 2124 2299 2340
armor,49cbb237-9280-ba16-cfe4-3d05bacb85a3,5,883 1560 2124 2299 2340
armor,49ed390f-1d7d-50d8-83d8-62a35b054bbd,5,883 1560 2124 2299 2340
armor,4a0b54a0-f893-122d-5171-74ac68e933ad,5,883 1560 2124 2299 2340
armor,4a15b1e2-c083-7bad-6fdc-8b2548241c80,5,883 1560 2124 2299 2340
armor,4a16b1e8-f30f-eea1-4329-aa3030891bbb,5,883 1560 2124 2299 2340
armor,4a22fe68-b9c5-7b04-ee81-23613de682b6,5,883 1560 2124 2299 2340
armor,4a2e6701-7c43-b97a-0823-6e22ea1d8fb3,5,883 1560 2124 2299 2340
armor,4a60cbcc-9de1-055d-e37c-0856d8897482,5,883 1560 2124 2299 2340
armor,4a946556-ee8b-ed84-ecf1-f848601cf486,5,883 1560 2124 2299 2340
armor,4a9c8bc3-759d-f9a4-87f8-77cd31481e9b,5,883 1560 2124 2299 2340
armor,4aa23d07-ef96-e285-2cec-c7eb93ec4999,5,883 1560 2124 2299 2340
armor,4ab8c97d-6977-4b6c-4d66-86b471549483,5,883 1560 2124 2299 2340
armor,4af53552-ba45-84fc-7dea-aabc594a55a0,5,883 1560 2124 2299 2340
armor,4b0bdc51-a989-db25-bccb-9fe09655a8b0,5,883 1560 2124 2299 2340
armor,4b1d6789-532c-97dd-48e0-51f2d0bd5db9,5,1545 2124 2173 2299 2340
armor,4b3dae7a-eb8a-c312-3afe-b5e0db85d7b2,5,883 1560 2124 2299 2340
armor,4b50992e-c69e-37da-366e-dc0c804536ac,5,883 1560 2124 2299 2340
armor,4b808fa2-b621-57b3-e973-b695ce96e9b2,5,883 1560 2124 2299 2340
armor,4b82dda9-7cfe-4c26-01c7-c1322b7fc8b4,5,883 1560 2124 2299 2340
armor,4bc9a38b-a310-3ca7-cfa5-6eed1259ad86,5,883 1560 2124 2299 2340
armor,4bffbc58-792a-e84d-1665-797d31cbc486,5,883 1560 2124 2299 2340
armor,4c71ff43-0696-66e4-71d9-45f30cf05392,5,883 1560 2124 2299 2340
armor,4c8920a7-4745-0ec1-0c52-471aef7d8e9b,5,883 1560 2124 2299 2340
armor,4c8f4d4b-72d3-c337-ed0c-41225e7b2382,5,883 1560 2124 2299 2340
armor,4c9e2e36-d746-b6ca-fe1a-5405cd465895,5,883 1560 2124 2299 2340
armor,4cbcab6e-332c-535c-e8ed-860581ced9ad,5,883 1560 2124 2299 2340
armor,4cc0f5a0-1531-68a2-ff52-4d9234617db7,5,883 1560 2124 2299 2340
armor,4cd854dd-7c7c-3050-27e4-8b67b1d1338c,5,883 1560 2124 2299 2340
armor,4d0691f6-632e-f5fd-0b5e-349509655698,5,883 1560 2124 2299 2340
armor,4d171f84-c6d1-95ac-0dfe-9c3860bfa3a5,5,883 1560 2124 2299 2340
armor,4d29d49a-e6d1-d0a0-47b7-3fac105c23b5,5,883 1560 2124 2299 2340
armor,4d3eb06c-581c-72a2-acf5-07c56cbb47b4,5,883 1560 2124 2299 2340
armor,4d3ef67e-9a67-38aa-c6f1-0285338aa583,5,883 1560 2124 2299 2340
armor,4d56566c-5d57-9795-ca45-139668a75195,5,883 1560 2124 2299 2340
armor,4d60338a-8a13-40f8-9002-fcbc79fc36b1,5,883 1560 2124 2299 2340
armor,4d838e31-5767-b65f-eb5d-22bd4ac7eaad,5,883 1560 2124 2299 2340
armor,4d8ce20d-2002-b4c5-596c-e3302a96299d,5,883 1560 2124 2299 2340
armor,4da15cb9-ab68-def0-f5c4-cb44e6c4a393,5,883 1560 2124 2299 2340
armor,4db5f5f4-b653-9e9d-0f04-dc7ed9e47fb0,5,883 1560 2124 2299 2340
armor,4dcb9bbd-ace9-131d-96ea-cd3964180185,5,883 1560 2124 2299 2340
armor,4deb11fd-f319-17b9-8d46-27f7f3d7a7a3,5,883 1560 2124 2299 2340
armor,4e0fbb0b-70c0-1ae3-da9c-fc74e2512193,5,883 1560 2124 2299 2340
armor,4e204e92-7832-af18-73ff-71885ab02788,5,883 1560 2124 2299 2340
armor,4e225489-88e6-cbbc-a13f-15c04e4a6a83,5,883 1560 2124 2299 2340
armor,4e3144b5-cf35-2142-1493-a0a75820e781,5,883 1560 2124 2299 2340
armor,4e392593-3a86-318b-65bc-05907a52fe8a,5,883 1560 2124 2299 2340
armor,4e4f2711-dc79-d2da-1377-719d6525b6b5,5,883 1560 2124 2299 2340
armor,4e75a619-e574-65af-b95f-6648c6db6295,5,1545 2124 2173 2299 2340
armor,4e874d43-cf70-1d41-7510-296b8e2c839d,5,1545 2124 2173 2299 2340
armor,4e8bfdae-a38a-fae5-1177-b513733f1c90,5,883 1560 2124 2299 2340
armor,4e92a77b-f989-fa76-4147-4ed3cf5c0faf,5,883 1560 2124 2299 2340
armor,4e969bae-648a-194c-5d9d-3e52a0225597,5,883 1560 2124 2299 2340
armor,4e992c69-fcd2-57a1-5be3-5c2e03fcc0ba,5,883 1560 2124 2299 2340
armor,4eb0f0ad-008d-8b4c-4ca7-6626eb428481,5,883 1560 2124 2299 2340
armor,4ef2fdb9-ad9d-012b-f526-92f78f8f6f91,5,883 1560 2124 2299 2340
armor,4eff8951-db9e-5710-48be-5c2a9445f4be,5,883 1560 2124 2299 2340
armor,4f1da9ed-8bbb-af3d-18a5-98803ad18082,5,883 1560 2124 2299 2340
armor,4f210bf5-0eab-7d8f-1c3b-fbb4615a1dae,5,883 1560 2124 2299 2340
armor,4f24ba2e-3b5d-9e11-a55f-1861ef8b1098,5,883 1560 2124 2299 2340
armor,4f2d2511-7ee5-4ec4-9fe9-79b76d83378a,5,883 1560 2124 2299 2340
armor,4f36ba66-e139-fca3-42d5-b5d8bcaf91b9,5,883 1560 2124 2299 2340
armor,4f4e5326-5e10-5a3e-bf80-e38e381c19a2,5,883 1560 2124 2299 2340
armor,4f564b29-350f-df8b-dc0b-9f4bf1d75c9c,5,883 1560 2124 2299 2340
armor,4f56d88a-c1d6-6213-36c8-b44bb552b782,5,883 1560 2124 2299 2340
armor,4f7541b9-7854-2e70-27e0-89029dda2782,5,883 1560 2124 2299 2340
armor,4f7a8fa9-6701-df14-8a95-1166c9de20a3,5,1545 2124 2173 2299 2340
armor,4f8dc7eb-f1c4-f01a-dc3e-170d4288cd9d,5,883 1560 2124 2299 2340
armor,4f953795-b11c-9a8a-c373-97c249e853ad,5,883 1560 2124 2299 2340
armor,4facd4ae-32a6-2a57-6ec2-cad139af6e82,5,883 1560 2124 2299 2340
armor,4fc17391-b9ec-aedc-997e-0e0b9e094898,5,883 1560 2124 2299 2340
armor,4fc634a9-798c-d6ab-6db1-c586e55d468a,5,883 1560 2124 2299 2340
armor,4fed49d1-4203-c258-12ea-a1630dd6979b,5,883 1560 2124 2299 2340
armor,bb1bf9c5-002b-40e4-a2fd-3fdaf639c6d1,5,883 1560 2124 2299 2340
buff,25bdbc39-c19a-4a11-8c0f-6e16c432846f,5,85 651 765 2208 2210
buff,49e55549-614a-4e02-9560-a552964fb81d,5,85 651 1384 2179 2299
buff,4bcfee17-0691-4f22-8d78-1d21cb05a304,5,85 651 2124 2219 2299
buff,56f66d97-43c6-45d1-a463-05ec76fac01c,5,651 765 2208 2210 2299
buff,74213ddf-7a92-4a49-ae40-dca43e179197,5,765 1009 2124 2179 2299
buff,8b1ee791-17ee-445f-9be2-cf75da1e719b,5,85 651 1384 2179 2299
buff,8b634ea8-31ca-4da1-b4e0-a31890a14405,5,85 651 2124 2179 2210
buff,b56d79e6-156c-4803-8d91-73a82f01926e,5,651 765 2208 2210 2299
buff,b76b68e6-2bf2-475d-bed1-6a8f9d060018,5,651 1736 2124 2219 2299
buff,c5e9fc52-85ca-4c5e-9e4a-fe0a0b26a09d,5,85 651 1736 2210 2219
food,0712d873-29bd-4fdd-8966-79aefb82c829,5,1483 1639 2011 2124 2345
food,0a78fe34-737c-4346-9762-6b3036fbc9c6,5,1483 1639 2011 2299 2345
food,0fc6cac7-29e6-4753-8873-0bcbbeba5548,5,1483 1639 2011 2299 2345
food,10ee7741-d121-4d3a-b342-d72920d6d90e,5,1483 1639 2011 2299 2345
food,239ea469-3237-48d8-af90-da7cdf4140dc,5,1483 1639 2011 2124 2345
food,24522d1a-942c-4e3f-870d-58861f898985,5,1483 1639 2011 2124 2345
food,2668d311-8667-4f27-b94b-7f6175678f17,5,1926 2011 2124 2210 2299
food,4a6fa310-067a-404d-9813-bd1761d1c70d,5,1483 1639 2011 2124 2299
food,4eed0a2b-1233-40b4-88f5-7f67de916b58,5,1483 1639 2124 2299 2345
food,501ef3d2-5d16-4f98-90bd-d40f6ff74e30,5,1483 1639 2011 2124 2299
food,5f02ef0d-0551-44b1-902c-c96a8650d01d,5,1483 1639 2011 2124 2299
food,68d9f225-030a-43c0-83b3-c4bc57568581,5,1483 1639 2124 2299 2345
food,7899825d-ed6f-4f00-b698-649ba652cf6d,5,1483 1639 2011 2124 2299
food,7ae2e77b-bdae-46cb-b6ac-f532cf225748,5,1483 1639 2011 2124 2345
food,81358847-cc24-4036-aa0f-99f180cd4ecc,5,1483 1639 2011 2124 2345
food,8fb1de6d-2985-45ea-ae9c-007540b4f37e,5,1926 2011 2124 2210 2299
food,907a2cd5-2730-424e-bf11-ef1f2db8f7e1,5,1483 1639 2124 2299 2345
food,961d80db-9847-4c65-aa1e-3b2366d66068,5,1483 1639 2124 2299 2345
food,ab3ee24b-1e2f-4fe8-a3e8-a059d8391d2f,5,1483 1639 2011 2124 2345
food,b7ef543a-3421-43d3-b57d-94f382ae6822,5,1483 1639 2011 2124 2345
food,bc7771bc-5ef2-4177-8c8e-3b0e989175a4,5,1483 1639 2011 2299 2345
food,ca5a0aa3-e373-48ec-96e4-1c3b9907bac3,5,1266 2011 2124 2299 2345
food,de574125-0ff9-4d98-a1d9-74a7cf1f019c,5,1483 1639 2011 2299 2345
food,e1c06864-38e2-4bb8-a5c2-dcc52eee1c44,5,1483 1639 2011 2299 2345
food,fd6cceee-06d0-4a0b-a0f6-c52d0afd5481,5,765 2011 2124 2299 2345
food,fdd2036c-15a6-462e-9a0e-acbe20288bcc,5,1483 1639 2011 2299 2345
food,fe68ee1c-579a-4414-a794-da184ea494cd,5,1483 1639 2011 2299 2345
melee_weapon,24a7c868-f23f-4799-8e64-331435a77404,5,1148 1559 2124 2299 2340
melee_weapon,28a3a4be-3866-47be-91db-878888340674,5,1148 1559 2124 2299 2340
melee_weapon,42f20475-2329-4771-8b12-0cad34574bc8,5,1148 1559 2124 2299 2340
melee_weapon,488d9792-0dbf-41dc-a320-753d94d1f1b6,5,1148 1559 2124 2299 2340
melee_weapon,4ef4527a-cf8b-4103-a845-0b1f531c0848,5,1148 1559 2124 2299 2340
melee_weapon,50ef44b2-73f9-412f-bb4b-29047887a11b,5,1148 1559 2124 2299 2340
melee_weapon,5878eeed-a6b6-481c-ac10-9e7cd5958988,5,1148 1559 2124 2299 2340
melee_weapon,5e079d0b-0909-45c8-9306-8ac579b7b407,5,1148 1559 2124 2299 2340
melee_weapon,6ec15d56-4f77-4751-af72-e6225f825ae8,5,1148 1559 2124 2299 2340
melee_weapon,709c3428-ee1c-4fbe-87d1-8282660308fb,5,1148 1559 2124 2299 2340
melee_weapon,788c57a8-ae7a-43a7-8236-07fec193531c,5,1148 1559 2124 2299 2340
melee_weapon,8fbb03c8-55bf-4e5f-aadf-872409fefb48,5,1148 1559 2124 2299 2340
melee_weapon,931be8b2-e9e7-48f8-84f9-54f438d19cc4,5,1148 1559 2124 2299 2340
melee_weapon,980003b4-f81f-42c5-bdc7-5d389158aa4a,5,1148 1559 2124 2299 2340
melee_weapon,9d9bdc38-9e6e-459f-8a75-700fdc1e604f,5,1148 1559 2124 2299 2340
melee_weapon,a4861145-5574-4482-8719-2b7e0f46dfb4,5,1148 1559 2124 2299 2340
melee_weapon,aca90050-0b70-4ca0-9d29-b94326203c75,5,1148 1559 2124 2299 2340
melee_weapon,af7fd872-0830-4e33-843e-5c015bbe9e73,5,1148 1559 2124 2299 2340
melee_weapon,c2d79308-ce89-41e4-b07c-8c00f4496370,5,1148 1559 2124 2299 2340
melee_weapon,c8072476-7ac0-4cdd-8cfc-51893e5c86c6,5,1148 1559 2124 2299 2340
melee_weapon,d7a081e8-2b8c-49d0-915d-2d3c8d4c5274,5,1148 1559 2124 2299 2340
melee_weapon,e16b0af6-fb6a-43e2-9a9c-1b8c227e64b8,5,1148 1559 2124 2299 2340
melee_weapon,e3ee5787-f4c5-42b7-a900-33dc97c60706,5,1148 1559 2124 2299 2340
melee_weapon,e85bbb3c-a40e-4c42-94c2-61372a4e889a,5,1148 1559 2124 2299 2340
melee_weapon,ec470e0c-5bbd-43bb-803e-0e7867253c25,5,1148 1559 2124 2299 2340
melee_weapon,f42fb3ff-9790-4831-a364-ae7b9c60a519,5,1148 1559 2124 2299 2340
missile_weapon,3bafe608-b757-491d-a51c-3a48b758a6b8,5,1564 2035 2049 2124 2299
missile_weapon,47267303-7658-40a7-b39c-57aa8093c176,5,1564 2035 2049 2124 2299
missile_weapon,58649b63-8239-4ef5-a834-5530d145fe95,5,1564 2035 2049 2124 2299
missile_weapon,7c1ee5f9-e089-4ee5-9f65-524976e86e7d,5,1564 2035 2049 2124 2299
pickable_item,13ba7468-11a2-483d-8cb9-25ce36a2d228,5,2035 2049 2124 2179 2299
pickable_item,a5b31bbc-1e11-4831-835b-c06d5b13a7da,5,2035 2049 2124 2179 2299
pickable_item,ad6f0f01-aec4-44d1-982c-1210eb01b74a,5,2035 2049 2124 2179 2299
pickable_item,c49aa63a-07a6-4417-9f9b-97f2712a4cd0,5,2035 2049 2124 2179 2299
pickable_item,d5e6764d-18ba-44cb-8dd0-6640a17785a8,5,2035 2049 2124 2179 2299
pickable_item,dfea5d01-b25c-414a-9ab4-6911a5f82118,5,2035 2049 2124 2179 2299
rpg_param,AimSkillToZoom,5,802 804 1564 2124 2179
rpg_param,AimZoomBase,5,802 804 1564 2124 2179
rpg_param,AimZoomBaseSkill,5,802 804 1564 2124 2179
rpg_param,AimZoomMax,5,802 804 1564 2124 2179
rpg_param,CombatAutoClinchReactionDelayMaxMax,5,651 1070 1384 2124 2179
rpg_param,CombatAutoClinchReactionDelayMaxMin,5,651 1070 1384 2124 2179
rpg_param,HerbGatherSkillToRadius,5,1260 1558 1938 2210 2299
rpg_param,HorseRidingXPPerDistance,5,1260 1334 1558 1572 1668
rpg_param,HoundmasterXPKill,5,1260 1334 1558 1572 2299
rpg_param,MaxStatToAttackMult,5,883 1112 1558 2179 2294
rpg_param,PickpocketingDistance,5,1334 1558 1883 2219 2299
rpg_param,ReadingXpPerHour,5,1260 1334 1558 1572 1950
rpg_param,RepairKitItemHealthDefaultLimit,5,1558 1668 1842 2173 2340
rpg_param,RepairPriceModif,5,883 1842 2173 2188 2340
rpg_param,SkillXPComboHit,5,1260 1334 1558 1572 2124
shop,1/100/38,5,883 2124 2188 2299 2340
shop,1/156/82,5,883 2124 2188 2299 2340
shop,1/80/67,5,883 2124 2188 2299 2340
shop,10/11/9,5,883 2124 2188 2299 2340
shop,10/138/50,5,883 2124 2188 2299 2340
shop,10/165/93,5,883 2124 2188 2299 2340
shop,25/10/70,5,883 2124 2188 2299 2340
shop,25/102/52,5,883 2124 2188 2299 2340
shop,25/118/41,5,883 2124 2188 2299 2340
shop,25/119/60,5,883 2124 2188 2299 2340
shop,25/137/53,5,883 2124 2188 2299 2340
shop,25/163/90,5,883 2124 2188 2299 2340
shop,25/28/30,5,883 2124 2188 2299 2340
shop,25/53/2,5,883 2124 2188 2299 2340
shop,3/144/79,5,883 2124 2188 2299 2340
shop,5/161/88,5,883 2124 2188 2299 2340
shop,5/162/89,5,883 2124 2188 2299 2340
shop,5/36/40,5,883 2124 2188 2299 2340
shop,5/48/29,5,883 2124 2188 2299 2340
shop,5/61/77,5,883 2124 2188 2299 2340
shop,5/62/42,5,883 2124 2188 2299 2340
shop,5/74/73,5,883 2124 2188 2299 2340
shop,5/77/76,5,883 2124 2188 2299 2340
shop,5/82/59,5,883 2124 2188 2299 2340
shop,5/83/58,5,883 2124 2188 2299 2340
shop,5/84/36,5,883 2124 2188 2299 2340
shop,5/93/61,5,883 2124 2188 2299 2340
shop,5/94/72,5,883 2124 2188 2299 2340
shop,5/97/71,5,883 2124 2188 2299 2340
shop_type2item,5ef63059-322e-4e1b-abe8-926e100c770e,5,1853 2124 2165 2188 2299
weapon,033fc7b6-17b6-486d-95cb-a22afb131be2,5,1560 1563 2045 2124 2299
weapon,0ad36c8c-cfc7-44ab-8e8f-fe85e7646b71,5,883 1560 2124 2299 2340
weapon,0f5be0ac-ff11-4a01-a7f4-bf8e84c2e31b,5,1560 1563 2045 2124 2299
weapon,1592a436-4a22-4636-b82d-14af8127ee01,5,883 1560 2124 2299 2340
weapon,196be21b-6d21-4dd6-84e4-c95ecd2092a7,5,883 1560 2124 2299 2340
weapon,1f389792-6ddb-4060-8cc4-13bcc9117db8,5,1560 1563 2045 2124 2299
weapon,1ff6e150-de1d-4cff-b263-e3dad48eef1a,5,883 1560 2124 2299 2340
weapon,21afc054-37d2-4cce-928e-c7d0d2e295c5,5,883 1560 2124 2299 2340
weapon,24a7c868-f23f-4799-8e64-331435a77404,5,883 1560 2124 2299 2340
weapon,28a3a4be-3866-47be-91db-878888340674,5,883 1560 2124 2299 2340
weapon,2db35809-5a6b-4a5b-8782-eaf85c46f1d5,5,1560 1563 2045 2124 2299
weapon,3bafe608-b757-491d-a51c-3a48b758a6b8,5,1560 2035 2049 2124 2299
weapon,3ef71c79-57c2-4f28-8f31-a091d9b78798,5,1560 1563 2045 2124 2299
weapon,405c1865-413d-43b8-8db9-c44a0eefd350,5,1560 1563 2045 2124 2299
weapon,42f20475-2329-4771-8b12-0cad34574bc8,5,883 1560 2124 2299 2340
weapon,4317a4e7-cfdc-4984-aab0-eba14f01e0ab,5,883 1560 2124 2299 2340
weapon,44940b6c-f1f9-4ad1-9419-b5705a88e5b0,5,1560 1563 2045 2124 2299
weapon,47267303-7658-40a7-b39c-57aa8093c176,5,1560 2035 2049 2124 2299
weapon,488d9792-0dbf-41dc-a320-753d94d1f1b6,5,883 1560 2124 2299 2340
weapon,49fa5ec9-92a9-4bfb-b56e-a33d04b69ee1,5,1560 1563 2045 2124 2299
weapon,4da4eeda-663b-4ef3-9793-518a3b9ac13a,5,883 1560 2124 2299 2340
weapon,4ef4527a-cf8b-4103-a845-0b1f531c0848,5,883 1560 2124 2299 2340
weapon,50ef44b2-73f9-412f-bb4b-29047887a11b,5,883 1560 2124 2299 2340
weapon,547dbb33-e2a7-414c-a2ea-379c96b776ee,5,883 1560 2124 2299 2340
weapon,58649b63-8239-4ef5-a834-5530d145fe95,5,1560 2035 2049 2124 2299
weapon,5878eeed-a6b6-481c-ac10-9e7cd5958988,5,883 1560 2124 2299 2340
weapon,5ab5581a-be10-4520-9ab4-90c6985498d3,5,883 1560 2124 2299 2340
weapon,5bcd587a-4d97-4bad-a8b4-3248fc6d0cc6,5,883 1560 2124 2299 2340
weapon,5e079d0b-0909-45c8-9306-8ac579b7b407,5,883 1560 2124 2299 2340
weapon,5e2ba1cd-4a42-407c-9261-8afdbc3e86b4,5,883 1560 2124 2299 2340
weapon,662a3ac5-5883-4b7d-bd84-173eaa136a73,5,883 1560 2124 2299 2340
weapon,68a35c34-51db-4f5d-827b-fed5a45ddfcd,5,883 1560 2124 2299 2340
weapon,6ec15d56-4f77-4751-af72-e6225f825ae8,5,883 1560 2124 2299 2340
weapon,709c3428-ee1c-4fbe-87d1-8282660308fb,5,883 1560 2124 2299 2340
weapon,7377215a-a0ca-44a2-b11a-113a024191ca,5,1560 1563 2045 2124 2299
weapon,788c57a8-ae7a-43a7-8236-07fec193531c,5,883 1560 2124 2299 2340
weapon,791ca878-59c2-455f-a3d1-c12bafa0e74f,5,883 1560 2124 2299 2340
weapon,7c1ee5f9-e089-4ee5-9f65-524976e86e7d,5,1560 2035 2049 2124 2299
weapon,80425345-1243-4bc2-b3bf-40ebff4a7fba,5,883 1560 2124 2299 2340
weapon,85b71c81-e087-47f1-a290-bb80ed1bfaf2,5,883 1560 2124 2299 2340
weapon,86386baf-5228-4a29-b545-4e6784b81f7c,5,883 1560 2124 2299 2340
weapon,8e2ccaa1-17c2-4cef-b378-e71dc83bddb7,5,883 1560 2124 2299 2340
weapon,8ef902ea-0c32-44c9-b101-71f35b9cbe3d,5,1560 1563 2045 2124 2299
weapon,931be8b2-e9e7-48f8-84f9-54f438d19cc4,5,883 1560 2124 2299 2340
weapon,937c90ad-fdee-45ff-a712-6fae845a5210,5,883 1560 2124 2299 2340
weapon,980003b4-f81f-42c5-bdc7-5d389158aa4a,5,883 1560 2124 2299 2340
weapon,9d2561cc-892f-4527-94cc-4fa607102949,5,883 1560 2124 2299 2340
weapon,9d9bdc38-9e6e-459f-8a75-700fdc1e604f,5,883 1560 2124 2299 2340
weapon,9f754566-7fb2-47e1-951b-22c27debb3c8,5,883 1560 2124 2299 2340
weapon,9fb601d5-486c-4082-93cc-6356b0771b05,5,883 1560 2124 2299 2340
weapon,a415c3a7-82f0-4a73-925a-bb2c1674955f,5,883 1560 2124 2299 2340
weapon,aa8ebb16-e117-46ae-8c85-5c53ceb79394,5,883 1560 2124 2299 2340
weapon,aca90050-0b70-4ca0-9d29-b94326203c75,5,883 1560 2124 2299 2340
weapon,ad443031-370e-4a63-ba12-ee3fc4c338a8,5,883 1560 2124 2299 2340
weapon,af7fd872-0830-4e33-843e-5c015bbe9e73,5,883 1560 2124 2299 2340
weapon,b59ab3c7-f70b-4de4-937e-074e97bfe327,5,883 1560 2124 2299 2340
weapon,b61b9315-d9b4-4a93-bcc0-3db9848886ab,5,883 1560 2124 2299 2340
weapon,b97a2084-a5ca-4d16-ab58-e4665afe212f,5,883 1560 2124 2299 2340
weapon,c2d79308-ce89-41e4-b07c-8c00f4496370,5,883 1560 2124 2299 2340
weapon,c316062a-5633-4e1e-bea3-f226717c0258,5,883 1560 2124 2299 2340
weapon,c8072476-7ac0-4cdd-8cfc-51893e5c86c6,5,883 1560 2124 2299 2340
weapon,c9cc366b-7192-4261-8861-be7877e9ef17,5,883 1560 2124 2299 2340
weapon,cf58c28c-f2bd-41a0-9c6d-764767d144cf,5,1560 1563 2045 2124 2299
weapon,d14a845b-3787-4172-9fe4-f4dfcd6ac0ec,5,883 1560 2124 2299 2340
weapon,d41af9ba-400f-49ae-91fa-38c7da4b815b,5,883 1560 2124 2299 2340
weapon,d459cb3a-04b5-4de7-b115-35ec17d293ba,5,883 1560 2124 2299 2340
weapon,d5ca8f35-28ec-4bf3-b042-7c97ce4c4f14,5,883 1560 2124 2299 2340
weapon,d7a081e8-2b8c-49d0-915d-2d3c8d4c5274,5,883 1560 2124 2299 2340
weapon,db0725ac-c0e0-41db-b7a6-2887c57df612,5,883 1560 2124 2299 2340
weapon,db35e15d-ccc0-4c59-b76e-f7d6be6939f2,5,883 1560 2124 2299 2340
weapon,e0c5c6fb-6a02-4ead-9877-ff0464b92729,5,883 1560 2124 2299 2340
weapon,e16b0af6-fb6a-43e2-9a9c-1b8c227e64b8,5,883 1560 2124 2299 2340
weapon,e3ee5787-f4c5-42b7-a900-33dc97c60706,5,883 1560 2124 2299 2340
weapon,e6391b02-c09c-495d-a980-ad675d523fb3,5,883 1560 2124 2299 2340
weapon,e680ebb5-c752-4640-906d-70f332106154,5,883 1560 2124 2299 2340
weapon,e85bbb3c-a40e-4c42-94c2-61372a4e889a,5,883 1560 2124 2299 2340
weapon,ec470e0c-5bbd-43bb-803e-0e7867253c25,5,883 1560 2124 2299 2340
weapon,ee4d4a9d-dfe7-432e-80ae-6be5ac6c6225,5,883 1560 2124 2299 2340
weapon,f2817f34-9e28-4b97-8f6c-d2b2a7aaa61b,5,1560 1563 2045 2124 2299
weapon,f42fb3ff-9790-4831-a364-ae7b9c60a519,5,883 1560 2124 2299 2340
weapon,f7359b93-8312-4f13-8c51-ddb671a9edff,5,883 1560 2124 2299 2340
weapon,ff2b21b8-c613-45ff-89c6-8a347cf37ff6,5,883 1560 2124 2299 2340
armor,00000000-0000-0000-0000-000000000024,4,1560 2124 2299 2340
armor,0082de35-b635-4b85-a9ec-95024713f3ab,4,883 1560 2299 2340
armor,40129e7b-b9e0-a193-1145-d53292caf7a1,4,1560 2124 2299 2340
armor,40324632-16c8-5979-2c76-e38210ee2a9b,4,1560 2124 2299 2340
armor,403f6db2-1285-31da-81c6-db426db9d6a5,4,1560 2124 2299 2340
armor,406d2498-5b1e-90dc-4beb-37a0a67ce5a4,4,1560 2124 2299 2340
armor,40a2b1d3-f475-a8f3-667a-075486518b8f,4,1560 2124 2299 2340
armor,40b60983-804f-22fc-8259-ab4a6820829b,4,1560 2124 2299 2340
armor,40cda4e4-8741-4f52-e43c-71fec6d81a96,4,1560 2124 2299 2340
armor,40dac35d-5df7-e4b3-ba7c-ca2c9c706f93,4,1560 2124 2299 2340
armor,4143839b-d46c-0c4f-6bb5-764c742bdba9,4,1560 2124 2299 2340
armor,41a9ea6a-eed1-471c-754a-196d368245a6,4,1560 2124 2299 2340
armor,41be015c-6d05-d058-f5d8-62c17ac8c3a2,4,1560 2124 2299 2340
armor,4206570b-ab9b-a407-e693-29b90e475d81,4,1560 2124 2299 2340
armor,420f7feb-dc22-a2ec-b2a6-e1178f8c8386,4,651 1560 2124 2299
armor,42414d23-c8dc-7b1a-31e6-00644075feaa,4,1560 2124 2299 2340
armor,424d9151-9ccb-989f-7bd8-3c690a9e4393,4,1560 2124 2299 2340
armor,42683028-2e61-4360-9f71-0ac198ca33a7,4,1560 2124 2299 2340
armor,42c04555-15cb-ac3a-aef4-e377a125aca5,4,1560 2124 2299 2340
armor,42de552f-eaac-ee43-5e36-129615d2b4ab,4,1560 2124 2299 2340
armor,431fac2f-58f6-38e8-953e-5738656f1a87,4,1560 2124 2299 2340
armor,432237ec-b13a-bd6c-4026-a3db68e4d89e,4,651 1560 2124 2299
armor,434098fa-7f58-be87-9524-dc2b5ba11ca3,4,1560 2124 2299 2340
armor,4347d1c1-1035-f342-4447-eae73bd785a7,4,1560 2124 2299 2340
armor,4396554c-2efb-6a68-f490-eee58844a7b5,4,1560 2124 2299 2340
armor,4403dcbc-2050-0622-6232-b905c452bbb1,4,1560 2124 2299 2340
armor,441e44c2-718d-c0bb-4c52-32ce88adda98,4,1560 2124 2299 2340
armor,446d9158-a7e3-910b-95a8-12eee9e04997,4,1560 2124 2299 2340
armor,4484294f-244c-3701-8ede-f7a0d10ffbb5,4,1560 2124 2299 2340
armor,449e796c-59b4-7ceb-1f61-4162b0caf4aa,4,1560 2124 2299 2340
armor,44a86f03-1c17-1efb-966f-2202f6360c88,4,1560 2124 2299 2340
armor,44d0c3fa-67f0-9c6f-8c87-b0fc7d8b87a6,4,1560 2124 2299 2340
armor,44e9bb1f-35fb-9ccb-c0d0-482cd005b990,4,1560 2124 2299 2340
armor,44f5058a-a445-887b-d443-32fe726b528c,4,1560 2124 2299 2340
armor,4572c66d-bdf2-fa90-def9-c6fd3e877ca9,4,1560 2124 2299 2340
armor,45c1c6ff-b658-9ed5-5395-66d1ce58cf93,4,651 1560 2124 2299
armor,45c80502-3dbd-e88e-5250-ba4f38c6f689,4,883 1560 2299 2340
armor,45dbc6f8-944d-7df1-dae7-985673a4aa97,4,883 1560 2299 2340
armor,45edc80c-1b34-a0f5-001c-a08a1fe632a6,4,1560 2124 2299 2340
armor,45f77d27-651f-8569-0b73-5617444c269d,4,1560 2124 2299 2340
armor,45f87e26-cda3-9d99-4591-a7f7e6968f92,4,1560 2124 2299 2340
armor,46425a75-bfd9-1824-6cf9-d87632030d88,4,1560 2124 2299 2340
armor,464ae38b-89f3-57f0-760d-7a1b7458d5bc,4,1560 2124 2299 2340
armor,464c250d-7e30-e71e-85cd-37a67b9641a7,4,1560 2124 2299 2340
armor,46b1fa29-8a71-e06d-c1f0-499fc1ad86b9,4,1560 2124 2299 2340
armor,46f0f01a-ec0e-82af-8947-fc15bcf1df82,4,1560 2124 2299 2340
armor,4765b22e-ac12-f985-ebfe-19f9c7e37481,4,1560 2124 2299 2340
armor,4769ab73-cf6a-ce13-d43a-c549a39980b6,4,1560 2124 2299 2340
armor,47aedf46-0047-053a-28f0-03e51a9f0baf,4,651 1560 2124 2299
armor,481cfd5b-b646-1c6b-ff58-af749941cf9e,4,1560 2124 2299 2340
armor,48326991-0b0a-ef6f-8a86-ec152e61afba,4,883 1560 2124 2299
armor,486c1cda-e1ec-5d01-b1f1-1540d0863c9e,4,651 1560 2124 2299
armor,48a827cd-c6ea-4976-9561-327a122326b7,4,1560 2124 2299 2340
armor,48aa8949-fd2a-39af-8a69-0d81290f42ae,4,1560 2124 2299 2340
armor,4901d670-706e-e710-a3ce-4b2d4a1116ad,4,651 1560 2124 2299
armor,49232ade-9c7b-55de-aaf2-418b246b9a81,4,883 1560 2299 2340
armor,495e7020-24d1-6001-d660-33120f250ab2,4,1560 2124 2299 2340
armor,49a405c2-4cb7-997d-9ebf-e13b0a9325be,4,1560 2124 2299 2340
armor,49ca1a1b-be96-f994-be7f-2adaa73d37b8,4,1560 2124 2299 2340
armor,49f22875-6f21-0d2c-fc78-11fa556779b4,4,1560 2124 2299 2340
armor,4a8c97cb-9312-333e-2384-6a2a12aba398,4,1560 2124 2299 2340
armor,4ac6fa35-a801-56cb-5cc7-7c7554e61c8a,4,883 1560 2299 2340
armor,4afcfba0-8899-4509-b099-c30f58e100b8,4,1560 2124 2299 2340
armor,4b46c1f6-e72f-f6dd-e98c-491a6702c3b3,4,651 1560 2124 2299
armor,4b858ce9-030d-b78a-e138-a29d53466ba4,4,1560 2124 2299 2340
armor,4bdc6232-47e7-e675-3730-5d218359e3ac,4,651 1560 2124 2299
armor,4bef1aa8-1d05-6ecc-7797-083fa321cf80,4,1560 2124 2299 2340
armor,4c159c35-5ccd-9eed-4b5b-85f24af989a6,4,1560 2124 2299 2340
armor,4c831cd1-9484-7eb7-8165-f441b38b439d,4,1560 2124 2299 2340
armor,4d10b728-a63d-c1ec-1ec6-8f8754b1e1b6,4,651 1560 2124 2299
armor,4d4ed856-9d3a-e66f-2d2e-a08384f215b1,4,651 1560 2124 2299
armor,4d72afbc-18ac-6ef6-50f1-b9e1f6774b82,4,883 1560 2124 2299
armor,4d83cddb-a7ce-dfd5-d2d0-aa7454313f8d,4,651 1560 2124 2299
armor,4da1a54a-4d69-d13d-6b38-de37a88e14b3,4,1560 2124 2299 2340
armor,4da8f74d-dd58-6895-e0b0-bf94a31a5b92,4,1560 2124 2299 2340
armor,4dc120cc-1a9c-aaf4-939a-c843e2ea2394,4,1560 2124 2299 2340
armor,4dc4999b-c8e2-c6ba-7115-b26e6f7470b5,4,883 1560 2299 2340
armor,4dcb6884-0be0-ca1b-32e6-e20ccbc58c8f,4,1560 2124 2299 2340
armor,4ddf36d8-d7b7-0bfd-1e3e-ba55a5879caa,4,883 1560 2124 2299
armor,4de13cf6-e7b7-c058-23e1-baf4717c4a8a,4,1560 2124 2299 2340
armor,4e1c3929-0e6d-e0c2-61e0-363f8e7ac289,4,1560 2124 2299 2340
armor,4eaca32f-da3e-c71a-0934-061fcda24088,4,1560 2124 2299 2340
armor,4eee90c8-2406-357f-6d9f-8e8e4274b387,4,1560 2124 2299 2340
armor,4f0f5d0b-cccb-6888-8eab-46cb73688caf,4,1560 2124 2299 2340
armor,4f18383a-bbed-61d1-59ef-09da740aaaa0,4,651 1560 2124 2299
armor,4f27f774-be02-ea89-51d6-ad7ac35587a2,4,1560 2124 2299 2340
armor,4f4a20ad-4510-8df6-782a-e96c4aabd7b0,4,651 1560 2124 2299
armor,4f71cd89-9889-1498-ca5a-b8699c4afbaa,4,651 1560 2124 2299
armor,4fbc8b16-6e58-af4e-8b95-59963da5ef96,4,1560 2124 2299 2340
armor,4fe5d61e-dc96-685e-4e5f-6c86a42fb0b1,4,651 1560 2124 2299
armor,4fed003b-d1ee-aaed-a397-9d4083dc688d,4,883 1560 2299 2340
armor,4fedd7a1-ac86-40b1-ba0b-847e602df774,4,1560 2124 2299 2340
armor,51d21693-820d-423a-bac5-fae8d370dcbe,4,1560 2124 2299 2340
armor,64114eed-ddad-4f06-a419-3c9dc0d0cc47,4,883 1560 2299 2340
armor,c8d7fd2d-8237-47f5-a8f6-17549ff59a4e,4,883 1560 2124 2299
armor,f86783e8-b406-44c9-b659-858f94ce2189,4,1560 2124 2299 2340
buff,030c1c68-d6e8-4677-86e9-bea7648ffc20,4,1736 2124 2219 2299
buff,1443eba6-1ca3-4c61-8011-83e4d95f5513,4,85 651 2179 2210
buff,15387b1a-7f7e-4462-8ce6-ea652f0e182e,4,651 765 2208 2210
buff,1d955065-5481-4733-8595-008396e54f2c,4,2124 2173 2179 2299
buff,28aba630-a4ca-4c7c-8961-40b9c7cf5c12,4,651 883 1839 2299
buff,3b7a3c66-9c2e-4f32-a967-dfe889159826,4,85 651 2179 2210
buff,3f915710-1ccf-41a0-bc7f-67c8cc1a8e7b,4,85 651 2188 2210
buff,43705617-32d7-4759-8276-4af71c614ac6,4,85 651 2188 2210
buff,44d83d12-9709-4e54-9b7d-9b6bcfb630be,4,85 770 1009 2299
buff,456da697-438c-4b57-8169-d26aa04fa986,4,85 651 2179 2210
buff,4f76af07-fb3f-460b-b84a-a33f086ee7d1,4,85 651 2124 2299
buff,58138b68-0c86-4d5e-8823-417106d08d3c,4,651 765 2208 2210
buff,5968df62-e746-4c0f-9eb8-dd4de5dd3d2e,4,85 651 2179 2299
buff,5d669fd1-0f36-4e30-95b8-1b5e53fac46e,4,85 651 2124 2299
buff,63d5e1a6-fa33-4f10-87d4-5b9c0e359c75,4,651 883 1839 2299
buff,658deed5-9498-41a0-b57f-8e67c3f4f25c,4,651 1384 2179 2299
buff,679a7453-c1b4-4164-b7e5-8410d682e6da,4,651 2124 2210 2299
buff,8dc445d5-cb2b-43eb-92fb-fe929806a86e,4,651 1384 2179 2299
buff,8f65895d-cbfe-4448-b605-4bb7c36da513,4,85 651 2210 2299
buff,a0af2bc8-0580-4035-a2d8-b58bf08454d2,4,85 651 2219 2299
buff,a642b3cc-6c88-4ecb-be99-10cf2bb90d4a,4,85 651 1384 2179
buff,a684d24b-f828-4998-8164-acbadaa64af9,4,651 883 1839 2299
buff,bcb5d2df-5e75-4211-af98-6f93308d8928,4,651 1384 2179 2299
buff,cdeed798-e09e-45c5-8523-8df75e8791a6,4,651 2124 2179 2210
buff,d0c97def-b9b3-48e7-beab-f46d6bf44d81,4,85 651 2179 2210
buff,d7d61e22-4855-4bcd-98e8-f40f28ff7a74,4,85 651 2210 2219
buff,d8e791a2-7397-4f4e-a657-80c8491919ca,4,85 651 2179 2210
buff,db397470-27c5-4a3a-9717-1b3b5f42377a,4,651 765 2208 2210
buff,e2d6dd73-d48b-4909-8203-0f46d1d66832,4,85 651 2188 2210
buff,e2f2e0c7-b1d0-4ec5-8f1f-9f412f547f2d,4,651 883 1839 2299
buff,eacbd986-ad07-4698-bf81-59df608b56a1,4,651 1736 2210 2219
buff,f13d37c1-5524-4822-9515-48e1ccb0dde4,4,651 765 2208 2210
buff,f405cbea-2a3f-4363-9e6a-23417e4e2a14,4,651 765 2208 2210
buff,f6720007-689b-4f7c-9c7a-f9abbebcf28c,4,85 651 2210 2299
buff,fa2ad41e-5701-4fe7-8630-5cee49eb304f,4,85 651 2210 2219
combat_action_attack,3/-1/0/0/0/0/5/1/0/-1/0/-1/2/CombatAttack/-1/-1/-1/-1/-1/-1/-1/1,4,2049 2124 2294 2299
combat_action_attack,3/-1/0/0/0/0/5/1/0/-1/0/4/-1/CombatAttack/-1/-1/-1/-1/-1/-1/4/-1,4,2049 2124 2294 2299
combat_action_attack,3/-1/0/0/1/0/5/0/0/-1/0/-1/2/CombatAttack/-1/-1/-1/-1/-1/-1/-1/1,4,2049 2124 2294 2299
combat_action_attack,3/-1/0/0/1/0/5/0/0/-1/0/4/-1/CombatAttack/-1/-1/-1/-1/-1/-1/4/-1,4,2049 2124 2294 2299
combat_action_attack,3/-1/0/0/1/0/5/0/0/-1/0/8/-1/CombatAttack/-1/-1/-1/-1/-1/-1/-1/1,4,2049 2124 2294 2299
combat_action_attack,3/-1/0/0/1/0/5/0/0/-1/0/8/-1/CombatAttack/-1/-1/-1/-1/-1/-1/4/1,4,2049 2124 2294 2299
combat_action_attack,3/-1/0/0/1/0/5/1/0/-1/0/8/-1/CombatAttack/-1/-1/-1/-1/-1/-1/-1/1,4,2049 2124 2294 2299
combat_action_attack,3/-1/0/0/1/0/5/1/0/-1/0/8/-1/CombatAttack/-1/-1/-1/-1/-1/-1/4/1,4,2049 2124 2294 2299
combat_action_attack,3/-1/0/5/0/0/4/0/0/-1/0/7/-1/CombatAttack/-1/-1/-1/-1/-1/-1/7/-1,4,2049 2124 2294 2299
combat_action_attack,3/-1/0/5/0/0/5/1/0/-1/0/-1/2/CombatAttack/-1/-1/-1/-1/-1/-1/-1/1,4,2049 2124 2294 2299
combat_action_attack,3/-1/0/5/0/0/5/1/0/-1/0/4/-1/CombatAttack/-1/-1/-1/-1/-1/-1/4/-1,4,2049 2124 2294 2299
combat_action_attack,3/-1/0/5/1/0/3/1/0/-1/0/7/-1/CombatAttack/-1/-1/-1/-1/-1/-1/7/-1,4,2049 2124 2294 2299
combat_action_attack,3/-1/0/5/1/0/5/0/0/-1/0/-1/2/CombatAttack/-1/-1/-1/-1/-1/-1/-1/1,4,2049 2124 2294 2299
combat_action_attack,3/-1/0/5/1/0/5/0/0/-1/0/4/-1/CombatAttack/-1/-1/-1/-1/-1/-1/4/-1,4,2049 2124 2294 2299
combat_action_attack,3/-1/0/5/1/0/5/0/0/-1/0/8/-1/CombatAttack/-1/-1/-1/-1/-1/-1/-1/1,4,2049 2124 2294 2299
combat_action_attack,3/-1/0/5/1/0/5/0/0/-1/0/8/-1/CombatAttack/-1/-1/-1/-1/-1/-1/4/1,4,2049 2124 2294 2299
combat_action_attack,3/-1/0/5/1/0/5/1/0/-1/0/8/-1/CombatAttack/-1/-1/-1/-1/-1/-1/-1/1,4,2049 2124 2294 2299
combat_action_attack,3/-1/0/5/1/0/5/1/0/-1/0/8/-1/CombatAttack/-1/-1/-1/-1/-1/-1/4/1,4,2049 2124 2294 2299
combat_action_attack,3/-1/1/0/0/0/4/0/0/-1/1/4/-1/CombatAttack/-1/-1/-1/-1/-1/-1/4/-1,4,2049 2124 2294 2299
combat_action_attack,3/-1/1/0/1/0/3/0/0/-1/1/-1/2/CombatAttack/-1/-1/-1/-1/-1/-1/-1/1,4,2049 2124 2294 2299
combat_action_attack,3/-1/1/0/1/0/3/0/0/-1/1/8/-1/CombatAttack/-1/-1/-1/-1/-1/-1/-1/1,4,2049 2124 2294 2299
combat_action_attack,3/-1/1/0/1/0/3/1/0/-1/1/-1/2/CombatAttack/-1/-1/-1/-1/-1/-1/-1/1,4,2049 2124 2294 2299
combat_action_attack,3/-1/1/0/1/0/3/1/0/-1/1/4/-1/CombatAttack/-1/-1/-1/-1/-1/-1/4/-1,4,2049 2124 2294 2299
combat_action_attack,3/-1/1/0/1/0/3/1/0/-1/1/8/-1/CombatAttack/-1/-1/-1/-1/-1/-1/-1/1,4,2049 2124 2294 2299
combat_action_attack,3/-1/1/1/1/0/3/0/0/-1/1/-1/2/CombatAttack/-1/-1/-1/-1/-1/-1/-1/1,4,2049 2124 2294 2299
combat_action_attack,3/-1/1/1/1/0/3/0/0/-1/1/4/-1/CombatAttack/-1/-1/-1/-1/-1/-1/4/-1,4,2049 2124 2294 2299
combat_action_attack,3/-1/1/1/1/0/3/0/0/-1/1/7/-1/CombatAttack/-1/-1/-1/-1/-1/-1/7/-1,4,2049 2124 2294 2299
combat_action_attack,3/-1/1/1/1/0/3/0/0/-1/1/8/-1/CombatAttack/-1/-1/-1/-1/-1/-1/-1/1,4,2049 2124 2294 2299
combat_action_attack,3/-1/1/1/1/0/3/1/0/-1/1/-1/2/CombatAttack/-1/-1/-1/-1/-1/-1/-1/1,4,2049 2124 2294 2299
combat_action_attack,3/-1/1/1/1/0/3/1/0/-1/1/4/-1/CombatAttack/-1/-1/-1/-1/-1/-1/4/-1,4,2049 2124 2294 2299
combat_action_attack,3/-1/1/1/1/0/3/1/0/-1/1/8/-1/CombatAttack/-1/-1/-1/-1/-1/-1/-1/1,4,2049 2124 2294 2299
combat_action_attack,3/-1/1/2/0/0/4/0/0/-1/1/-1/2/CombatAttack/-1/-1/-1/-1/-1/-1/-1/1,4,2049 2124 2294 2299
combat_action_attack,3/-1/1/2/0/0/4/0/0/-1/1/4/-1/CombatAttack/-1/-1/-1/-1/-1/-1/4/-1,4,2049 2124 2294 2299
combat_action_attack,3/-1/1/2/0/0/4/1/0/-1/1/-1/2/CombatAttack/-1/-1/-1/-1/-1/-1/-1/1,4,2049 2124 2294 2299
combat_action_attack,3/-1/1/2/0/0/4/1/0/-1/1/4/-1/CombatAttack/-1/-1/-1/-1/-1/-1/4/-1,4,2049 2124 2294 2299
combat_action_attack,3/-1/1/2/0/0/4/1/0/-1/1/7/-1/CombatAttack/-1/-1/-1/-1/-1/-1/7/-1,4,2049 2124 2294 2299
combat_action_attack,3/-1/1/2/1/0/4/1/0/-1/1/8/-1/CombatAttack/-1/-1/-1/-1/-1/-1/-1/1,4,2049 2124 2294 2299
combat_action_attack,3/-1/1/3/1/0/1/0/0/-1/1/-1/2/CombatAttack/-1/-1/-1/-1/-1/-1/-1/1,4,2049 2124 2294 2299
combat_action_attack,3/-1/1/3/1/0/1/0/0/-1/1/4/-1/CombatAttack/-1/-1/-1/-1/-1/-1/4/-1,4,2049 2124 2294 2299
combat_action_attack,3/-1/1/3/1/0/1/0/0/-1/1/7/-1/CombatAttack/-1/-1/-1/-1/-1/-1/7/-1,4,2049 2124 2294 2299
combat_action_attack,3/-1/1/3/1/0/1/0/0/-1/1/8/-1/CombatAttack/-1/-1/-1/-1/-1/-1/-1/1,4,2049 2124 2294 2299
combat_action_attack,3/-1/1/3/1/0/1/1/0/-1/1/-1/2/CombatAttack/-1/-1/-1/-1/-1/-1/-1/1,4,2049 2124 2294 2299
combat_action_attack,3/-1/1/3/1/0/1/1/0/-1/1/4/-1/CombatAttack/-1/-1/-1/-1/-1/-1/4/-1,4,2049 2124 2294 2299
combat_action_attack,3/-1/1/3/1/0/1/1/0/-1/1/8/-1/CombatAttack/-1/-1/-1/-1/-1/-1/-1/1,4,2049 2124 2294 2299
combat_action_attack,3/-1/1/4/0/0/2/0/0/-1/1/-1/2/CombatAttack/-1/-1/-1/-1/-1/-1/-1/1,4,2049 2124 2294 2299
combat_action_attack,3/-1/1/4/0/0/2/0/0/-1/1/4/-1/CombatAttack/-1/-1/-1/-1/-1/-1/4/-1,4,2049 2124 2294 2299
combat_action_attack,3/-1/1/4/0/0/2/1/0/-1/1/-1/2/CombatAttack/-1/-1/-1/-1/-1/-1/-1/1,4,2049 2124 2294 2299
combat_action_attack,3/-1/1/4/0/0/2/1/0/-1/1/4/-1/CombatAttack/-1/-1/-1/-1/-1/-1/4/-1,4,2049 2124 2294 2299
combat_action_attack,3/-1/1/4/0/0/2/1/0/-1/1/7/-1/CombatAttack/-1/-1/-1/-1/-1/-1/7/-1,4,2049 2124 2294 2299
combat_action_attack,3/-1/1/4/1/0/2/1/0/-1/1/8/-1/CombatAttack/-1/-1/-1/-1/-1/-1/-1/1,4,2049 2124 2294 2299
combat_action_perfect_block,55/0/-1/CombatBlockPerfectSpecial/0/0/0/-1/0/0/0/7/0/-1/1/-1/-1/-1/-1/1/12/-1/-1,4,651 1112 1384 2124
combat_action_perfect_block,55/0/-1/CombatBlockPerfectSpecial/0/0/0/-1/0/0/0/7/0/-1/1/-1/4/-1/4/-1/12/-1/-1,4,651 1112 1384 2124
combat_action_perfect_block,55/0/-1/CombatBlockPerfectSpecial/0/0/0/-1/0/0/0/7/0/-1/1/-1/8/-1/-1/1/12/-1/-1,4,651 1112 1384 2124
combat_action_perfect_block,55/0/-1/CombatBlockPerfectSpecial/0/0/0/-1/1/0/0/7/0/-1/1/-1/-1/-1/-1/1/12/-1/-1,4,651 1112 1384 2124
combat_action_perfect_block,55/0/-1/CombatBlockPerfectSpecial/0/0/0/-1/1/0/0/7/0/-1/1/-1/4/-1/4/-1/12/-1/-1,4,651 1112 1384 2124
combat_action_perfect_block,55/0/-1/CombatBlockPerfectSpecial/0/0/0/-1/1/0/0/7/0/-1/1/-1/8/-1/-1/1/12/-1/-1,4,651 1112 1384 2124
combat_action_perfect_block,55/0/-1/CombatBlockPerfectSpecial/0/0/0/2/1/0/0/7/-1/2/1/-1/-1/-1/-1/-1/-1/1/-1,4,651 1112 1384 2124
combat_action_perfect_block,55/0/-1/CombatBlockPerfectSpecial/0/0/0/2/1/0/0/7/8/-1/1/-1/-1/-1/-1/-1/-1/1/-1,4,651 1112 1384 2124
combat_action_perfect_block,55/0/-1/CombatBlockPerfectSpecial/1/0/0/-1/0/0/1/7/0/-1/1/-1/-1/-1/-1/1/12/-1/-1,4,651 1112 1384 2124
combat_action_perfect_block,55/0/-1/CombatBlockPerfectSpecial/1/0/0/-1/0/0/1/7/0/-1/1/-1/4/-1/4/-1/12/-1/-1,4,651 1112 1384 2124
combat_action_perfect_block,55/0/-1/CombatBlockPerfectSpecial/1/0/0/-1/0/0/1/7/0/-1/1/-1/8/-1/-1/1/12/-1/-1,4,651 1112 1384 2124
combat_action_perfect_block,55/0/-1/CombatBlockPerfectSpecial/1/0/0/-1/1/0/1/7/0/-1/1/-1/-1/-1/-1/1/12/-1/-1,4,651 1112 1384 2124
combat_action_perfect_block,55/0/-1/CombatBlockPerfectSpecial/1/0/0/-1/1/0/1/7/0/-1/1/-1/4/-1/4/-1/12/-1/-1,4,651 1112 1384 2124
combat_action_perfect_block,55/0/-1/CombatBlockPerfectSpecial/1/0/0/2/0/0/1/7/4/-1/1/-1/-1/-1/-1/-1/4/-1/-1,4,651 1112 1384 2124
combat_action_perfect_block,55/0/-1/CombatBlockPerfectSpecial/1/0/0/4/1/0/1/7/-1/2/1/-1/-1/-1/-1/-1/-1/1/-1,4,651 1112 1384 2124
combat_action_perfect_block,55/0/-1/CombatBlockPerfectSpecial/1/1/0/-1/1/0/1/7/0/-1/1/-1/8/-1/-1/1/12/-1/-1,4,651 1112 1384 2124
combat_action_perfect_block,55/0/-1/CombatBlockPerfectSpecial/1/1/0/2/1/0/1/7/8/-1/1/-1/-1/-1/-1/-1/-1/1/-1,4,651 1112 1384 2124
combat_action_perfect_block,55/0/-1/CombatBlockPerfectSpecial/2/0/0/-1/0/0/2/7/0/-1/1/-1/-1/-1/-1/1/12/-1/-1,4,651 1112 1384 2124
combat_action_perfect_block,55/0/-1/CombatBlockPerfectSpecial/2/0/0/-1/0/0/2/7/0/-1/1/-1/4/-1/4/-1/12/-1/-1,4,651 1112 1384 2124
combat_action_perfect_block,55/0/-1/CombatBlockPerfectSpecial/2/0/0/-1/0/0/2/7/0/-1/1/-1/8/-1/-1/1/12/-1/-1,4,651 1112 1384 2124
combat_action_perfect_block,55/0/-1/CombatBlockPerfectSpecial/2/0/0/-1/1/0/2/7/0/-1/1/-1/-1/-1/-1/1/12/-1/-1,4,651 1112 1384 2124
combat_action_perfect_block,55/0/-1/CombatBlockPerfectSpecial/2/0/0/-1/1/0/2/7/0/-1/1/-1/4/-1/4/-1/12/-1/-1,4,651 1112 1384 2124
combat_action_perfect_block,55/0/-1/CombatBlockPerfectSpecial/2/0/0/-1/1/0/2/7/0/-1/1/-1/8/-1/-1/1/12/-1/-1,4,651 1112 1384 2124
combat_action_perfect_block,55/0/-1/CombatBlockPerfectSpecial/3/0/0/-1/0/0/3/7/0/-1/1/-1/-1/-1/-1/1/12/-1/-1,4,651 1112 1384 2124
combat_action_perfect_block,55/0/-1/CombatBlockPerfectSpecial/3/0/0/-1/0/0/3/7/0/-1/1/-1/4/-1/4/-1/12/-1/-1,4,651 1112 1384 2124
combat_action_perfect_block,55/0/-1/CombatBlockPerfectSpecial/3/0/0/-1/0/0/3/7/0/-1/1/-1/8/-1/-1/1/12/-1/-1,4,651 1112 1384 2124
combat_action_perfect_block,55/0/-1/CombatBlockPerfectSpecial/3/0/0/-1/1/0/3/7/0/-1/1/-1/8/-1/-1/1/12/-1/-1,4,651 1112 1384 2124
combat_action_perfect_block,55/0/-1/CombatBlockPerfectSpecial/3/0/0/2/0/0/3/7/-1/2/1/-1/-1/-1/-1/-1/-1/1/-1,4,651 1112 1384 2124
combat_action_perfect_block,55/0/-1/CombatBlockPerfectSpecial/3/0/0/2/0/0/3/7/4/-1/1/-1/-1/-1/-1/-1/4/-1/-1,4,651 1112 1384 2124
combat_action_perfect_block,55/0/-1/CombatBlockPerfectSpecial/3/0/0/2/1/0/3/7/4/-1/1/-1/-1/-1/-1/-1/4/-1/-1,4,651 1112 1384 2124
combat_action_perfect_block,55/0/-1/CombatBlockPerfectSpecial/3/0/0/4/0/0/3/7/8/-1/1/-1/-1/-1/-1/-1/-1/1/-1,4,651 1112 1384 2124
combat_action_perfect_block,55/0/-1/CombatBlockPerfectSpecial/3/0/0/4/1/0/3/7/-1/2/1/-1/-1/-1/-1/-1/-1/1/-1,4,651 1112 1384 2124
combat_action_perfect_block,55/0/-1/CombatBlockPerfectSpecial/3/0/0/4/1/0/3/7/8/-1/1/-1/-1/-1/-1/-1/-1/1/-1,4,651 1112 1384 2124
combat_action_perfect_block,55/0/-1/CombatBlockPerfectSpecial/3/1/0/-1/1/0/3/7/0/-1/1/-1/-1/-1/-1/1/12/-1/-1,4,651 1112 1384 2124
combat_action_perfect_block,55/0/-1/CombatBlockPerfectSpecial/3/1/0/-1/1/0/3/7/0/-1/1/-1/4/-1/4/-1/12/-1/-1,4,651 1112 1384 2124
combat_action_perfect_block,55/0/-1/CombatBlockPerfectSpecial/4/0/0/-1/0/0/4/7/0/-1/1/-1/-1/-1/-1/1/12/-1/-1,4,651 1112 1384 2124
combat_action_perfect_block,55/0/-1/CombatBlockPerfectSpecial/4/0/0/-1/0/0/4/7/0/-1/1/-1/4/-1/4/-1/12/-1/-1,4,651 1112 1384 2124
combat_action_perfect_block,55/0/-1/CombatBlockPerfectSpecial/4/0/0/-1/0/0/4/7/0/-1/1/-1/8/-1/-1/1/12/-1/-1,4,651 1112 1384 2124
combat_action_perfect_block,55/0/-1/CombatBlockPerfectSpecial/4/0/0/-1/1/0/4/7/0/-1/1/-1/-1/-1/-1/1/12/-1/-1,4,651 1112 1384 2124
combat_action_perfect_block,55/0/-1/CombatBlockPerfectSpecial/4/0/0/-1/1/0/4/7/0/-1/1/-1/4/-1/4/-1/12/-1/-1,4,651 1112 1384 2124
combat_action_perfect_block,55/0/-1/CombatBlockPerfectSpecial/4/0/0/-1/1/0/4/7/0/-1/1/-1/8/-1/-1/1/12/-1/-1,4,651 1112 1384 2124
combat_action_perfect_block,55/0/-1/CombatBlockPerfectSpecial/4/0/0/2/0/0/4/7/4/-1/1/-1/-1/-1/-1/-1/4/-1/-1,4,651 1112 1384 2124
combat_action_perfect_block,55/1/-1/CombatBlockPerfectSpecial/0/0/0/2/0/0/0/7/4/-1/1/-1/-1/-1/-1/-1/4/-1/-1,4,651 1112 1384 2124
combat_action_perfect_block,55/1/-1/CombatBlockPerfectSpecial/0/0/0/2/1/0/0/7/4/-1/1/-1/-1/-1/-1/-1/4/-1/-1,4,651 1112 1384 2124
combat_action_perfect_block,55/1/-1/CombatBlockPerfectSpecial/1/1/0/2/1/0/1/7/4/-1/1/-1/-1/-1/-1/-1/4/-1/-1,4,651 1112 1384 2124
combat_action_perfect_block,55/1/-1/CombatBlockPerfectSpecial/2/0/0/2/0/0/2/7/4/-1/1/-1/-1/-1/-1/-1/4/-1/-1,4,651 1112 1384 2124
combat_action_perfect_block,55/1/-1/CombatBlockPerfectSpecial/2/0/0/2/1/0/2/7/4/-1/1/-1/-1/-1/-1/-1/4/-1/-1,4,651 1112 1384 2124
combat_action_perfect_block,55/1/-1/CombatBlockPerfectSpecial/4/0/0/2/1/0/4/7/-1/2/1/-1/-1/-1/-1/-1/-1/1/-1,4,651 1112 1384 2124
combat_action_perfect_block,55/1/-1/CombatBlockPerfectSpecial/4/1/0/4/1/0/4/7/8/-1/1/-1/-1/-1/-1/-1/-1/1/-1,4,651 1112 1384 2124
combat_action_perfect_block,55/2/-1/CombatBlockPerfectSpecial/4/0/0/2/0/0/4/7/-1/2/1/-1/-1/-1/-1/-1/-1/1/-1,4,651 1112 1384 2124
combat_action_perfect_block,55/2/-1/CombatBlockPerfectSpecial/4/0/0/4/0/0/4/7/8/-1/1/-1/-1/-1/-1/-1/-1/1/-1,4,651 1112 1384 2124
combat_action_perfect_block,55/3/-1/CombatBlockPerfectSpecial/0/0/0/-1/-1/0/0/7/-1/2/1/-1/-1/-1/-1/1/12/-1/-1,4,651 1112 1384 2124
combat_action_perfect_block,55/3/-1/CombatBlockPerfectSpecial/0/0/0/-1/-1/0/0/7/-1/2/1/-1/4/-1/4/-1/12/-1/-1,4,651 1112 1384 2124
combat_action_perfect_block,55/3/-1/CombatBlockPerfectSpecial/1/0/0/2/0/0/1/7/8/-1/1/-1/-1/-1/-1/-1/-1/1/-1,4,651 1112 1384 2124
combat_action_perfect_block,55/3/-1/CombatBlockPerfectSpecial/1/1/0/-1/-1/0/1/7/-1/2/1/-1/-1/-1/-1/1/12/-1/-1,4,651 1112 1384 2124
combat_action_perfect_block,55/3/-1/CombatBlockPerfectSpecial/1/1/0/-1/-1/0/1/7/-1/2/1/-1/4/-1/4/-1/12/-1/-1,4,651 1112 1384 2124
combat_action_perfect_block,55/3/-1/CombatBlockPerfectSpecial/1/1/0/3/0/0/1/7/-1/2/1/-1/-1/-1/-1/-1/-1/1/-1,4,651 1112 1384 2124
combat_action_perfect_block,55/3/-1/CombatBlockPerfectSpecial/2/0/0/2/0/0/2/7/8/-1/1/-1/-1/-1/-1/-1/-1/1/-1,4,651 1112 1384 2124
combat_action_perfect_block,55/3/-1/CombatBlockPerfectSpecial/2/0/0/2/1/0/2/7/-1/2/1/-1/-1/-1/-1/-1/-1/1/-1,4,651 1112 1384 2124
combat_action_perfect_block,55/3/-1/CombatBlockPerfectSpecial/2/1/0/-1/-1/0/2/7/-1/2/1/-1/-1/-1/-1/1/12/-1/-1,4,651 1112 1384 2124
combat_action_perfect_block,55/3/-1/CombatBlockPerfectSpecial/2/1/0/-1/-1/0/2/7/-1/2/1/-1/4/-1/4/-1/12/-1/-1,4,651 1112 1384 2124
combat_action_perfect_block,55/3/-1/CombatBlockPerfectSpecial/2/1/0/1/0/0/2/7/-1/2/1/-1/-1/-1/-1/-1/-1/1/-1,4,651 1112 1384 2124
combat_action_perfect_block,55/3/-1/CombatBlockPerfectSpecial/2/1/0/2/1/0/2/7/8/-1/1/-1/-1/-1/-1/-1/-1/1/-1,4,651 1112 1384 2124
combat_action_perfect_block,55/3/-1/CombatBlockPerfectSpecial/3/0/0/-1/-1/0/3/7/-1/2/1/-1/-1/-1/-1/1/12/-1/-1,4,651 1112 1384 2124
combat_action_perfect_block,55/3/-1/CombatBlockPerfectSpecial/3/0/0/-1/-1/0/3/7/-1/2/1/-1/4/-1/4/-1/12/-1/-1,4,651 1112 1384 2124
combat_action_perfect_block,55/3/-1/CombatBlockPerfectSpecial/4/0/0/-1/-1/0/4/7/-1/2/1/-1/-1/-1/-1/1/12/-1/-1,4,651 1112 1384 2124
combat_action_perfect_block,55/3/-1/CombatBlockPerfectSpecial/4/0/0/-1/-1/0/4/7/-1/2/1/-1/4/-1/4/-1/12/-1/-1,4,651 1112 1384 2124
combat_action_perfect_block,55/4/-1/CombatBlockPerfectSpecial/0/0/0/2/0/0/0/7/-1/2/1/-1/-1/-1/-1/-1/-1/1/-1,4,651 1112 1384 2124
combat_action_perfect_block,55/4/-1/CombatBlockPerfectSpecial/0/0/0/2/0/0/0/7/8/-1/1/-1/-1/-1/-1/-1/-1/1/-1,4,651 1112 1384 2124
combat_action_perfect_block,55/4/-1/CombatBlockPerfectSpecial/4/0/0/2/1/0/4/7/4/-1/1/-1/-1/-1/-1/-1/4/-1/-1,4,651 1112 1384 2124
equippable_item,40c16f73-5b83-c139-96eb-c39ff5e9e7a6,4,651 883 1839 2124
equippable_item,41382adf-569c-4f33-90a0-36b6e874eca7,4,651 883 1839 2124
equippable_item,42b152d3-d3f4-b390-088e-3127534281aa,4,651 883 1839 2124
equippable_item,43062de7-afe1-5743-5aec-d4dcff83c1b8,4,651 883 1839 2124
equippable_item,43c85848-0181-06b6-a870-2b3c951e8aa8,4,651 883 1839 2124
equippable_item,45e2b460-dbd4-4bf4-3643-33c2648d60bc,4,651 883 1839 2124
equippable_item,4692f1e5-e4bc-c8af-1b0b-1da823ec1db9,4,651 883 1839 2124
equippable_item,475642da-17e6-c06e-b035-2b1ab31cbb8f,4,651 883 1839 2124
equippable_item,47fd7eb2-de81-37fc-0ca2-772fd3c54baa,4,651 883 1839 2124
equippable_item,4838fa1c-da32-9c55-b20b-d4b17b70ecac,4,651 883 1839 2124
equippable_item,4866cba5-da9f-00b9-bed9-2d135eb760ba,4,651 883 1839 2124
equippable_item,4b1d6789-532c-97dd-48e0-51f2d0bd5db9,4,651 883 1839 2124
equippable_item,4e75a619-e574-65af-b95f-6648c6db6295,4,651 883 1839 2124
equippable_item,4e874d43-cf70-1d41-7510-296b8e2c839d,4,651 883 1839 2124
food,07029524-8385-4926-8fee-035db316d770,4,2011 2124 2299 2345
food,0cb47176-06c5-42a9-8d70-969e917eb999,4,2011 2124 2299 2345
food,2a10687c-b9ed-430c-bf7d-644ece4fc1e5,4,2011 2124 2299 2345
food,2f5a67c7-3298-44a9-bee4-106d42d3ce22,4,2011 2124 2299 2345
food,3a2d670c-bfc8-441a-aaf6-3a0ffc874b91,4,1483 1639 2124 2345
food,45be379b-df05-4e13-9aa1-aaae649e8366,4,2011 2124 2299 2345
food,4802fa80-37b4-4017-9ee2-7b48a83fe065,4,2011 2124 2299 2345
food,4adfbd53-aeed-42a8-b79a-9acad76c6351,4,651 1483 1639 2299
food,4dab452b-7f35-4cd9-942f-f59fd14c83fe,4,1483 1639 2011 2124
food,5690cb19-872c-4b84-a437-d40d96b0ee51,4,2011 2124 2299 2345
food,5dceabb5-aef0-4bf5-b401-acbc30a44e21,4,2011 2124 2299 2345
food,60a0200f-a581-4669-bb10-24ac4a28c071,4,2011 2124 2299 2345
food,6568088a-98b6-4353-81d1-31bd2662a545,4,2011 2124 2210 2299
food,7beb4bdc-6478-455c-8746-afb92c604be8,4,2011 2124 2299 2345
food,928463d9-e21a-4f7c-b5d3-8378ed375cd1,4,1864 1926 2011 2124
food,bc16f9ec-a4c9-4d4e-9f6a-35ffcad7085e,4,2011 2124 2299 2345
food,bf7f4128-cf3c-4f70-b18e-aa2979da15ed,4,2011 2124 2299 2345
food,dc4dde5d-2196-41dd-8c5f-1ae94365fe23,4,2011 2124 2299 2345
food,ff44440b-aeeb-409a-9830-4f29d7feabbf,4,2011 2124 2299 2345
melee_weapon,033fc7b6-17b6-486d-95cb-a22afb131be2,4,1563 2045 2124 2299
melee_weapon,0ad36c8c-cfc7-44ab-8e8f-fe85e7646b71,4,1148 1559 2124 2299
melee_weapon,0f5be0ac-ff11-4a01-a7f4-bf8e84c2e31b,4,1563 2045 2124 2299
melee_weapon,196be21b-6d21-4dd6-84e4-c95ecd2092a7,4,1148 1559 2299 2340
melee_weapon,1f389792-6ddb-4060-8cc4-13bcc9117db8,4,1563 2045 2124 2299
melee_weapon,3ef71c79-57c2-4f28-8f31-a091d9b78798,4,1563 2045 2124 2299
melee_weapon,871cbc55-35cf-4397-846e-7bf05d4308c7,4,1148 1559 2124 2299
melee_weapon,8ef902ea-0c32-44c9-b101-71f35b9cbe3d,4,1563 2045 2124 2299
melee_weapon,cf58c28c-f2bd-41a0-9c6d-764767d144cf,4,1563 2045 2124 2299
melee_weapon,f2817f34-9e28-4b97-8f6c-d2b2a7aaa61b,4,1563 2045 2124 2299
missile_weapon,f2c83abc-2252-49f6-bbb7-dc8bc02979b2,4,1084 1564 2124 2299
ointment_item,167eb312-0e9d-4c2f-8ce3-56c32f5a84cb,4,2021 2173 2299 2340
perk,010b08c7-5346-402c-a7cb-a084d624b62e,4,85 770 1009 2299
perk_rpg_param_override,01c3b32a-5751-4c98-b6ab-258d02370382/ArmorStatusToCharismaCoef,4,1260 1558 1863 2188
perk_rpg_param_override,01c3b32a-5751-4c98-b6ab-258d02370382/BarterPriceSellRepCoef,4,651 1260 2124 2188
perk_rpg_param_override,01c3b32a-5751-4c98-b6ab-258d02370382/BarterPriceSellRepMultip,4,651 1260 2124 2188
perk_rpg_param_override,01c3b32a-5751-4c98-b6ab-258d02370382/QuestMoneyRewardScaleConstant,4,1260 1558 2124 2188
perk_rpg_param_override,01c3b32a-5751-4c98-b6ab-258d02370382/RepairKitCapacity,4,1260 1558 2173 2340
perk_rpg_param_override,01c3b32a-5751-4c98-b6ab-258d02370382/RepairKitItemHealthDefaultLimit,4,1558 1842 2173 2340
perk_rpg_param_override,01c3b32a-5751-4c98-b6ab-258d02370382/RepairPriceModif,4,1842 2173 2188 2340
pickable_item,00000000-0000-0000-0000-000000000024,4,883 2124 2299 2340
pickable_item,0290b689-c01c-480f-b121-bed71ad1f5e0,4,883 1914 2299 2340
pickable_item,19df1c5c-3dbf-45c0-ac01-336facf5f741,4,2035 2049 2179 2299
pickable_item,278d26d1-e9a7-4354-84f9-37d20cb72b45,4,2035 2049 2179 2299
pickable_item,27b8a61f-36e4-4101-9be5-1b814d43bd8f,4,883 1914 2299 2340
pickable_item,2ddf6256-0662-44c4-99fe-f713b6d900ea,4,883 1914 2299 2340
pickable_item,3d3f5935-c2e3-4e52-8a16-a6a04ee4a79f,4,2011 2124 2299 2340
pickable_item,40031fce-5752-3279-92f6-b564d55aeb8f,4,883 2124 2299 2340
pickable_item,40129e7b-b9e0-a193-1145-d53292caf7a1,4,883 2124 2299 2340
pickable_item,401ad7c8-4a34-0ef9-7117-9e4ce2044e9a,4,883 2124 2299 2340
pickable_item,4025719c-da4e-cb6e-963a-c26ca4cdaa9d,4,883 2124 2299 2340
pickable_item,402d9c88-ef9a-8eef-7475-107459ea1794,4,883 2124 2299 2340
pickable_item,40317a13-b96c-e894-3334-e5d70b9420bb,4,883 2124 2299 2340
pickable_item,40324632-16c8-5979-2c76-e38210ee2a9b,4,883 2124 2299 2340
pickable_item,4038ccc9-976c-efd3-014c-0cc80a6695b5,4,883 2124 2299 2340
pickable_item,403f6db2-1285-31da-81c6-db426db9d6a5,4,883 2124 2299 2340
pickable_item,4063f2eb-d6d6-a27e-c1d7-a0885269108c,4,883 2124 2299 2340
pickable_item,406b05fb-c409-f2d0-ec82-8c9e6dd422b8,4,883 2124 2299 2340
pickable_item,406bc0f2-ba52-b3f7-8844-10bcdec68195,4,883 2124 2299 2340
pickable_item,406d2498-5b1e-90dc-4beb-37a0a67ce5a4,4,883 2124 2299 2340
pickable_item,40a9b459-1058-26a6-19f8-0e6ffe01418e,4,883 2124 2299 2340
pickable_item,40af7f97-143c-95a5-5e0b-01efbfac29b6,4,883 2124 2299 2340
pickable_item,40b08f5c-ffdf-4e83-de69-23a17580c3bc,4,883 2124 2299 2340
pickable_item,40b60983-804f-22fc-8259-ab4a6820829b,4,883 2124 2299 2340
pickable_item,40bafc6f-ea0f-d9d2-57f7-0da666d60083,4,883 2124 2299 2340
pickable_item,40c05582-26f8-b1dc-f0ba-80e717a8869e,4,883 2124 2299 2340
pickable_item,40cda4e4-8741-4f52-e43c-71fec6d81a96,4,883 2124 2299 2340
pickable_item,40dac35d-5df7-e4b3-ba7c-ca2c9c706f93,4,883 2124 2299 2340
pickable_item,40e66e8a-bf10-8c39-66e0-aac2eb644dba,4,883 2124 2299 2340
pickable_item,40ebc815-c78f-24ea-aff7-0e4beb4136b8,4,883 2124 2299 2340
pickable_item,40edf98e-f577-4192-67cd-4f1776d14ea4,4,883 2124 2299 2340
pickable_item,4135abae-bcce-b9f7-7fff-9139b57aebbe,4,883 2124 2299 2340
pickable_item,413a23a3-3d34-de11-abeb-2dfc9af846a9,4,883 2124 2299 2340
pickable_item,4143839b-d46c-0c4f-6bb5-764c742bdba9,4,883 2124 2299 2340
pickable_item,416efa2d-68db-6dfb-3d5d-98489f638bad,4,883 2124 2299 2340
pickable_item,416efb7c-8e5f-3518-89d2-5b9af35ad7b6,4,883 2124 2299 2340
pickable_item,417fd467-dbb9-0016-6e6d-89ce0b507fbe,4,883 2124 2299 2340
pickable_item,41866b96-12d5-290a-90a6-67cf4db3ab83,4,883 2124 2299 2340
pickable_item,418864f6-f9c0-ead7-dd4e-6f3aacb0288c,4,883 2124 2299 2340
pickable_item,41afa317-7311-5ecb-8a91-94189c2dc2a9,4,883 2124 2299 2340
pickable_item,41be015c-6d05-d058-f5d8-62c17ac8c3a2,4,883 2124 2299 2340
pickable_item,41c44a2b-9d1c-4c64-f07a-bba3f7288ba0,4,883 2124 2299 2340
pickable_item,41c9dee4-7f56-917c-cf8d-3482bbb3ad9a,4,883 2124 2299 2340
pickable_item,41e550e4-12df-49f0-3b05-74959224a8a5,4,883 2124 2299 2340
pickable_item,41fe34ab-46ea-6c34-da68-f1e66f46fb89,4,883 2124 2299 2340
pickable_item,4206570b-ab9b-a407-e693-29b90e475d81,4,883 2124 2299 2340
pickable_item,421f173c-99b2-f030-cedd-0ba2a25270ac,4,883 2124 2299 2340
pickable_item,4222ca69-3a10-91c1-91ff-26f36122b8a2,4,883 2124 2299 2340
pickable_item,422917fc-435a-f436-3245-a356367f8881,4,883 2124 2299 2340
pickable_item,422c924d-eed3-9183-f47f-3b62e6b66ea1,4,883 2124 2299 2340
pickable_item,424d9151-9ccb-989f-7bd8-3c690a9e4393,4,883 2124 2299 2340
pickable_item,42663739-349d-8b14-a737-8cd056f7559e,4,883 2124 2299 2340
pickable_item,42857dcb-baff-8a29-fd59-b779b12589b1,4,883 2124 2299 2340
pickable_item,42960eae-d460-e350-5a80-e1689724269d,4,883 2124 2299 2340
pickable_item,429b05ff-5eec-37ac-e8c0-5e5a51feb99c,4,883 2124 2299 2340
pickable_item,42bb0602-e6bc-5edd-b91c-ebc319568bad,4,883 2124 2299 2340
pickable_item,42c0a17c-123a-6416-8620-56fcf1a5199c,4,883 2124 2299 2340
pickable_item,42d47b43-637d-58da-5fed-2f71259cd093,4,883 2124 2299 2340
pickable_item,42de552f-eaac-ee43-5e36-129615d2b4ab,4,883 2124 2299 2340
pickable_item,42ed0221-fee6-22c1-a86a-70126610fa84,4,883 2124 2299 2340
pickable_item,42ed6b9c-19c5-0b8c-5feb-bfe0d7001997,4,883 2124 2299 2340
pickable_item,42f8d0ed-63d9-a104-cf0a-de415f6aa8b3,4,883 2124 2299 2340
pickable_item,43043f1f-64ad-95cb-f55c-fd7d624ba294,4,883 2124 2299 2340
pickable_item,430f6156-27f7-b985-9b1d-18c495273cbd,4,883 2124 2299 2340
pickable_item,431a2a36-312d-d6b0-ddff-fcaddc294291,4,883 2124 2299 2340
pickable_item,431fac2f-58f6-38e8-953e-5738656f1a87,4,883 2124 2299 2340
pickable_item,434098fa-7f58-be87-9524-dc2b5ba11ca3,4,883 2124 2299 2340
pickable_item,4347d1c1-1035-f342-4447-eae73bd785a7,4,883 2124 2299 2340
pickable_item,434d07c4-ec87-4e17-b3d7-354e1cd55f8b,4,883 2124 2299 2340
pickable_item,434e3f99-d8f6-bf7b-3e26-43d95b91f693,4,883 2124 2299 2340
pickable_item,43631624-d640-42c8-be81-0a236b8ed094,4,883 2124 2299 2340
pickable_item,436b6b1d-1471-da5f-ad03-f64bafbd8bb6,4,883 2124 2299 2340
pickable_item,4373f01b-b49e-5a74-31f1-6302dcda5d8f,4,883 2124 2299 2340
pickable_item,4377c0a6-98d4-ebdb-eb0a-f35220fb1398,4,883 2124 2299 2340
pickable_item,4396554c-2efb-6a68-f490-eee58844a7b5,4,883 2124 2299 2340
pickable_item,43a7cb95-710e-b5f4-35be-43f1a281a692,4,883 2124 2299 2340
pickable_item,43c6062f-7a46-aa6a-ce45-9f8b90adb7a9,4,883 2124 2299 2340
pickable_item,43f19e40-1107-38aa-a226-5d6179e9b4a3,4,883 2124 2299 2340
pickable_item,440074cf-4d3d-5d80-2944-f49d91d642a1,4,883 2124 2299 2340
pickable_item,4403dcbc-2050-0622-6232-b905c452bbb1,4,883 2124 2299 2340
pickable_item,4405924b-de8b-e31b-72f1-29bb227ff1b1,4,883 2124 2299 2340
pickable_item,44059610-696d-7039-c0ee-c69a92217392,4,883 2124 2299 2340
pickable_item,441caaeb-3921-f600-79f5-9256210026bf,4,883 2124 2299 2340
pickable_item,44342f54-fc71-f435-c68a-d6382d1e0ca2,4,883 2124 2299 2340
pickable_item,4439d7db-c440-9576-cd07-2d531afa7bb6,4,883 2124 2299 2340
pickable_item,44501763-1d31-6b8b-fb85-a57b3fce9596,4,883 2124 2299 2340
pickable_item,446d9158-a7e3-910b-95a8-12eee9e04997,4,883 2124 2299 2340
pickable_item,447acc02-8ee6-ff70-1cb3-ccafd3ba01b3,4,883 2124 2299 2340
pickable_item,44a86f03-1c17-1efb-966f-2202f6360c88,4,883 2124 2299 2340
pickable_item,44d904d0-03cc-8851-8fb9-31bc292d208c,4,883 2124 2299 2340
pickable_item,44dc0755-74c4-582d-c92c-4a54990da4b9,4,883 2124 2299 2340
pickable_item,44e4e7ba-05b1-fd0f-5aac-2e6f8d8cf682,4,883 2124 2299 2340
pickable_item,44e9bb1f-35fb-9ccb-c0d0-482cd005b990,4,883 2124 2299 2340
pickable_item,44ee56de-46f9-0169-0d72-606c82576b97,4,883 2124 2299 2340
pickable_item,44f1b7f3-9098-6bc9-2965-ceb35571719c,4,883 2124 2299 2340
pickable_item,45143b21-88c0-6217-1848-099a680d26b9,4,883 2124 2299 2340
pickable_item,4516652a-7e40-d46d-cdd7-62ea97c3bb83,4,883 2124 2299 2340
pickable_item,4517b07b-ca19-07bf-6011-e2cec8868185,4,883 2124 2299 2340
pickable_item,455ce2bd-2e97-1dc1-9e14-90927f0b4b9d,4,883 2124 2299 2340
pickable_item,45683673-edcb-4446-a995-3e76c0f11bae,4,883 2124 2299 2340
pickable_item,457922f9-5c5b-8caa-5df0-7449097cff90,4,883 2124 2299 2340
pickable_item,4582224b-55b8-82f8-4230-371ca1093db3,4,883 2124 2299 2340
pickable_item,45a39144-03ee-67b2-e79c-864bedf93186,4,883 2124 2299 2340
pickable_item,45bc3e68-adc8-b03d-29e3-93e044472fbf,4,883 2124 2299 2340
pickable_item,45cacc1b-dc58-a1c0-9873-d954e7cf3ebc,4,883 2124 2299 2340
pickable_item,45d503dc-ac4b-62c9-5994-c09288667dbf,4,883 2124 2299 2340
pickable_item,45e0883f-b164-edce-8f8a-4df43039759d,4,883 2124 2299 2340
pickable_item,45e28f40-6882-6a01-e281-25733f761f9f,4,883 2124 2299 2340
pickable_item,45edc80c-1b34-a0f5-001c-a08a1fe632a6,4,883 2124 2299 2340
pickable_item,45f87e26-cda3-9d99-4591-a7f7e6968f92,4,883 2124 2299 2340
pickable_item,45f96751-8f3b-09dd-a06d-d75bb80e8e9c,4,883 2124 2299 2340
pickable_item,45ff98b0-d684-5f01-5a6f-679d2e8b5696,4,883 2124 2299 2340
pickable_item,45ff9e32-ee90-4051-f963-1058dd4360a4,4,883 2124 2299 2340
pickable_item,4621b468-38bc-79ed-f0ce-9219543d7fa9,4,883 2124 2299 2340
pickable_item,4638d719-74df-29ba-2bea-99f46ff9e1a7,4,883 2124 2299 2340
pickable_item,46425a75-bfd9-1824-6cf9-d87632030d88,4,883 2124 2299 2340
pickable_item,464325c1-4aca-b41c-360c-7937cfc74eb9,4,883 2124 2299 2340
pickable_item,464a913e-9b03-ae4e-3561-89a1b2d9ac98,4,883 2124 2299 2340
pickable_item,464ae38b-89f3-57f0-760d-7a1b7458d5bc,4,883 2124 2299 2340
pickable_item,464c250d-7e30-e71e-85cd-37a67b9641a7,4,883 2124 2299 2340
pickable_item,4651e310-5ad4-cf89-7f57-9755e344ed84,4,883 2124 2299 2340
pickable_item,4659edf0-7122-577c-effd-5e03afac77bf,4,883 2124 2299 2340
pickable_item,465d76a9-1d09-8b19-8b7e-20a57e7e5495,4,883 2124 2299 2340
pickable_item,46798a36-0e40-4822-ec6e-bf682955b0b4,4,883 2124 2299 2340
pickable_item,46898847-2ffc-dcda-890e-8027524c2f91,4,883 2124 2299 2340
pickable_item,468bca8d-888c-8705-3828-75a80686c192,4,883 2124 2299 2340
pickable_item,46b1fa29-8a71-e06d-c1f0-499fc1ad86b9,4,883 2124 2299 2340
pickable_item,46f0f01a-ec0e-82af-8947-fc15bcf1df82,4,883 2124 2299 2340
pickable_item,4765b22e-ac12-f985-ebfe-19f9c7e37481,4,883 2124 2299 2340
pickable_item,4769ab73-cf6a-ce13-d43a-c549a39980b6,4,883 2124 2299 2340
pickable_item,478e9d83-c4e7-7d76-1b02-60ba80597ebb,4,883 2124 2299 2340
pickable_item,479b4760-f3b3-0d23-40f7-9a2f899676b0,4,883 2124 2299 2340
pickable_item,47a86203-78c8-463a-6ce6-4b22754786ba,4,883 2124 2299 2340
pickable_item,47af49ef-bdd7-2e07-2fc8-d53b6b4faea9,4,883 2124 2299 2340
pickable_item,47b8a5a6-0912-c070-49b9-d126e8c55bbd,4,883 2124 2299 2340
pickable_item,47c7f6cf-2f8b-9591-3825-c805205e71ac,4,883 2124 2299 2340
pickable_item,47d11f76-1007-00c0-1c63-cfb2b02b0c80,4,883 2124 2299 2340
pickable_item,480b95cf-9c92-3b6f-df51-1e9a84701f8b,4,883 2124 2299 2340
pickable_item,48146c21-3bc0-fc8c-24b3-cd0f0427dc8c,4,883 2124 2299 2340
pickable_item,481b929a-0e8e-05da-54c5-2939bd72e594,4,883 2124 2299 2340
pickable_item,487ff48f-5ecc-86f9-fb0f-cbbb2c9b6788,4,883 2124 2299 2340
pickable_item,4897feb7-a12e-ad0e-a93c-2699798d1ba7,4,883 2124 2299 2340
pickable_item,48a827cd-c6ea-4976-9561-327a122326b7,4,883 2124 2299 2340
pickable_item,48aa8949-fd2a-39af-8a69-0d81290f42ae,4,883 2124 2299 2340
pickable_item,48d88e9a-72b8-b605-0fe8-be6c62e5d58c,4,883 2124 2299 2340
pickable_item,48f4b085-973d-247d-bc22-b43c27f995b3,4,883 2124 2299 2340
pickable_item,48f4d62f-f2d7-c064-be4b-450aeea1f39a,4,883 2124 2299 2340
pickable_item,490695a0-15ef-3a8e-7c1c-facfab40148a,4,883 2124 2299 2340
pickable_item,490d57d4-3e96-3a75-96ca-54cb52c6f6ab,4,883 2124 2299 2340
pickable_item,491a93ae-fb02-b2fe-fa37-c87aa5f4c980,4,883 2124 2299 2340
pickable_item,491e4460-878a-20aa-3d69-5a9d88d75795,4,883 2124 2299 2340
pickable_item,495e7020-24d1-6001-d660-33120f250ab2,4,883 2124 2299 2340
pickable_item,4964faf4-b122-9856-e3d4-7e026ce4a0a7,4,883 2124 2299 2340
pickable_item,496651b7-ddcb-2f4e-1774-3c37fab166a7,4,883 2124 2299 2340
pickable_item,49692af5-b44e-f166-b6cf-27bf9874bcac,4,883 2124 2299 2340
pickable_item,498ca985-c074-886b-af88-aec5b12dc7ad,4,883 2124 2299 2340
pickable_item,498d3f6d-49a2-6f80-e1ae-d07cd1d4d08f,4,883 2124 2299 2340
pickable_item,499f8ebf-cdb7-e65f-33c5-a2818b40a5b4,4,883 2124 2299 2340
pickable_item,49a405c2-4cb7-997d-9ebf-e13b0a9325be,4,883 2124 2299 2340
pickable_item,49bccc9b-8290-8958-5df2-471f9db9b784,4,883 2124 2299 2340
pickable_item,49ca1a1b-be96-f994-be7f-2adaa73d37b8,4,883 2124 2299 2340
pickable_item,49cbb237-9280-ba16-cfe4-3d05bacb85a3,4,883 2124 2299 2340
pickable_item,49d8e1c5-1c6a-a388-173d-a207d94c78a1,4,883 2124 2299 2340
pickable_item,49ed390f-1d7d-50d8-83d8-62a35b054bbd,4,883 2124 2299 2340
pickable_item,49f22875-6f21-0d2c-fc78-11fa556779b4,4,883 2124 2299 2340
pickable_item,4a0b54a0-f893-122d-5171-74ac68e933ad,4,883 2124 2299 2340
pickable_item,4a15b1e2-c083-7bad-6fdc-8b2548241c80,4,883 2124 2299 2340
pickable_item,4a16b1e8-f30f-eea1-4329-aa3030891bbb,4,883 2124 2299 2340
pickable_item,4a22fe68-b9c5-7b04-ee81-23613de682b6,4,883 2124 2299 2340
pickable_item,4a2e6701-7c43-b97a-0823-6e22ea1d8fb3,4,883 2124 2299 2340
pickable_item,4a60cbcc-9de1-055d-e37c-0856d8897482,4,883 2124 2299 2340
pickable_item,4a8c97cb-9312-333e-2384-6a2a12aba398,4,883 2124 2299 2340
pickable_item,4a946556-ee8b-ed84-ecf1-f848601cf486,4,883 2124 2299 2340
pickable_item,4aa23d07-ef96-e285-2cec-c7eb93ec4999,4,883 2124 2299 2340
pickable_item,4ab8c97d-6977-4b6c-4d66-86b471549483,4,883 2124 2299 2340
pickable_item,4af19514-66e8-1a2b-67d5-6528225681b4,4,883 2124 2299 2340
pickable_item,4af53552-ba45-84fc-7dea-aabc594a55a0,4,883 2124 2299 2340
pickable_item,4af7b975-1042-f94c-9eb8-4a6adc4e19a4,4,883 2124 2299 2340
pickable_item,4b0bdc51-a989-db25-bccb-9fe09655a8b0,4,883 2124 2299 2340
pickable_item,4b3dae7a-eb8a-c312-3afe-b5e0db85d7b2,4,883 2124 2299 2340
pickable_item,4b50992e-c69e-37da-366e-dc0c804536ac,4,883 2124 2299 2340
pickable_item,4b808fa2-b621-57b3-e973-b695ce96e9b2,4,883 2124 2299 2340
pickable_item,4b82dda9-7cfe-4c26-01c7-c1322b7fc8b4,4,883 2124 2299 2340
pickable_item,4b858ce9-030d-b78a-e138-a29d53466ba4,4,883 2124 2299 2340
pickable_item,4bc9a38b-a310-3ca7-cfa5-6eed1259ad86,4,883 2124 2299 2340
pickable_item,4bffbc58-792a-e84d-1665-797d31cbc486,4,883 2124 2299 2340
pickable_item,4c159c35-5ccd-9eed-4b5b-85f24af989a6,4,883 2124 2299 2340
pickable_item,4c71ff43-0696-66e4-71d9-45f30cf05392,4,883 2124 2299 2340
pickable_item,4c831cd1-9484-7eb7-8165-f441b38b439d,4,883 2124 2299 2340
pickable_item,4c8920a7-4745-0ec1-0c52-471aef7d8e9b,4,883 2124 2299 2340
pickable_item,4c8f4d4b-72d3-c337-ed0c-41225e7b2382,4,883 2124 2299 2340
pickable_item,4c9e2e36-d746-b6ca-fe1a-5405cd465895,4,883 2124 2299 2340
pickable_item,4cbcab6e-332c-535c-e8ed-860581ced9ad,4,883 2124 2299 2340
pickable_item,4cc0f5a0-1531-68a2-ff52-4d9234617db7,4,883 2124 2299 2340
pickable_item,4cd854dd-7c7c-3050-27e4-8b67b1d1338c,4,883 2124 2299 2340
pickable_item,4d0691f6-632e-f5fd-0b5e-349509655698,4,883 2124 2299 2340
pickable_item,4d171f84-c6d1-95ac-0dfe-9c3860bfa3a5,4,883 2124 2299 2340
pickable_item,4d29d49a-e6d1-d0a0-47b7-3fac105c23b5,4,883 2124 2299 2340
pickable_item,4d3eb06c-581c-72a2-acf5-07c56cbb47b4,4,883 2124 2299 2340
pickable_item,4d3ef67e-9a67-38aa-c6f1-0285338aa583,4,883 2124 2299 2340
pickable_item,4d49d1bd-5a73-3659-5209-5a38acd4c0b6,4,883 2124 2299 2340
pickable_item,4d56566c-5d57-9795-ca45-139668a75195,4,883 2124 2299 2340
pickable_item,4d60338a-8a13-40f8-9002-fcbc79fc36b1,4,883 2124 2299 2340
pickable_item,4d838e31-5767-b65f-eb5d-22bd4ac7eaad,4,883 2124 2299 2340
pickable_item,4d879617-b6f3-24c3-1dc5-dfc50ac4d09d,4,883 2124 2299 2340
pickable_item,4d8ce20d-2002-b4c5-596c-e3302a96299d,4,883 2124 2299 2340
pickable_item,4d9e61aa-3f90-4e5d-b836-f9e158196438,4,883 1914 2299 2340
pickable_item,4da15cb9-ab68-def0-f5c4-cb44e6c4a393,4,883 2124 2299 2340
pickable_item,4da1a54a-4d69-d13d-6b38-de37a88e14b3,4,883 2124 2299 2340
pickable_item,4da8f74d-dd58-6895-e0b0-bf94a31a5b92,4,883 2124 2299 2340
pickable_item,4db0679c-af60-b7df-e7af-58886f6354a6,4,883 2124 2299 2340
pickable_item,4db5f5f4-b653-9e9d-0f04-dc7ed9e47fb0,4,883 2124 2299 2340
pickable_item,4dc120cc-1a9c-aaf4-939a-c843e2ea2394,4,883 2124 2299 2340
pickable_item,4dcb6884-0be0-ca1b-32e6-e20ccbc58c8f,4,883 2124 2299 2340
pickable_item,4dcb9bbd-ace9-131d-96ea-cd3964180185,4,883 2124 2299 2340
pickable_item,4de13cf6-e7b7-c058-23e1-baf4717c4a8a,4,883 2124 2299 2340
pickable_item,4deb11fd-f319-17b9-8d46-27f7f3d7a7a3,4,883 2124 2299 2340
pickable_item,4e0fbb0b-70c0-1ae3-da9c-fc74e2512193,4,883 2124 2299 2340
pickable_item,4e1c3929-0e6d-e0c2-61e0-363f8e7ac289,4,883 2124 2299 2340
pickable_item,4e204e92-7832-af18-73ff-71885ab02788,4,883 2124 2299 2340
pickable_item,4e225489-88e6-cbbc-a13f-15c04e4a6a83,4,883 2124 2299 2340
pickable_item,4e3144b5-cf35-2142-1493-a0a75820e781,4,883 2124 2299 2340
pickable_item,4e4f2711-dc79-d2da-1377-719d6525b6b5,4,883 2124 2299 2340
pickable_item,4e8bfdae-a38a-fae5-1177-b513733f1c90,4,883 2124 2299 2340
pickable_item,4e92a77b-f989-fa76-4147-4ed3cf5c0faf,4,883 2124 2299 2340
pickable_item,4e992c69-fcd2-57a1-5be3-5c2e03fcc0ba,4,883 2124 2299 2340
pickable_item,4ea4d59c-20e0-fd17-3366-d4bb16f68385,4,883 2124 2299 2340
pickable_item,4eaca32f-da3e-c71a-0934-061fcda24088,4,883 2124 2299 2340
pickable_item,4eb0f0ad-008d-8b4c-4ca7-6626eb428481,4,883 2124 2299 2340
pickable_item,4eee90c8-2406-357f-6d9f-8e8e4274b387,4,883 2124 2299 2340
pickable_item,4ef8618b-a87c-f25f-dd1d-94558fceab8d,4,883 2124 2299 2340
pickable_item,4eff8951-db9e-5710-48be-5c2a9445f4be,4,883 2124 2299 2340
pickable_item,4f0f5d0b-cccb-6888-8eab-46cb73688caf,4,883 2124 2299 2340
pickable_item,4f1da9ed-8bbb-af3d-18a5-98803ad18082,4,883 2124 2299 2340
pickable_item,4f210bf5-0eab-7d8f-1c3b-fbb4615a1dae,4,883 2124 2299 2340
pickable_item,4f24ba2e-3b5d-9e11-a55f-1861ef8b1098,4,883 2124 2299 2340
pickable_item,4f2d2511-7ee5-4ec4-9fe9-79b76d83378a,4,883 2124 2299 2340
pickable_item,4f36ba66-e139-fca3-42d5-b5d8bcaf91b9,4,883 2124 2299 2340
pickable_item,4f4a20ad-4510-8df6-782a-e96c4aabd7b0,4,883 2124 2299 2340
pickable_item,4f51599b-65ce-b708-0dbb-c9184eca3ba6,4,883 2124 2299 2340
pickable_item,4f564b29-350f-df8b-dc0b-9f4bf1d75c9c,4,883 2124 2299 2340
pickable_item,4f7541b9-7854-2e70-27e0-89029dda2782,4,883 2124 2299 2340
pickable_item,4f8dc7eb-f1c4-f01a-dc3e-170d4288cd9d,4,883 2124 2299 2340
pickable_item,4facd4ae-32a6-2a57-6ec2-cad139af6e82,4,883 2124 2299 2340
pickable_item,4faf7c4a-08a6-3a5e-e75c-3f06b16f939c,4,883 2124 2299 2340
pickable_item,4fbc8b16-6e58-af4e-8b95-59963da5ef96,4,883 2124 2299 2340
pickable_item,4fc17391-b9ec-aedc-997e-0e0b9e094898,4,883 2124 2299 2340
pickable_item,4fc634a9-798c-d6ab-6db1-c586e55d468a,4,883 2124 2299 2340
pickable_item,4fd563e5-a44a-4a6e-958d-95bcb196814a,4,2035 2049 2179 2299
pickable_item,4fed49d1-4203-c258-12ea-a1630dd6979b,4,883 2124 2299 2340
pickable_item,51d21693-820d-423a-bac5-fae8d370dcbe,4,883 2124 2299 2340
pickable_item,6568088a-98b6-4353-81d1-31bd2662a545,4,2011 2124 2299 2340
pickable_item,710e3706-8974-404b-b23a-6f51670ef1ed,4,2035 2049 2179 2299
pickable_item,7259b9bc-dfae-487e-a8bb-c1f500894e0c,4,883 1914 2299 2340
pickable_item,7db6b854-e307-4a47-ba39-943190b2469e,4,2035 2049 2179 2299
pickable_item,928463d9-e21a-4f7c-b5d3-8378ed375cd1,4,1864 2011 2299 2340
pickable_item,9b771c16-c0b1-438c-aeda-8c4d3ce28465,4,883 1914 2299 2340
pickable_item,a11cc7f6-b499-4003-aef1-938e87b30a2e,4,883 1914 2299 2340
pickable_item,a314b580-bc97-4802-ae1f-8f4803e34503,4,883 1914 2299 2340
pickable_item,a364b800-c1ca-4bd1-92cb-ae1689bfa7ea,4,883 1914 2299 2340
pickable_item,b9de1d84-a0c1-4b81-9f60-8d7fbb3cb9d4,4,883 1914 2299 2340
pickable_item,bb1bf9c5-002b-40e4-a2fd-3fdaf639c6d1,4,883 2124 2299 2340
pickable_item,bf7b7c2a-017b-4c7b-b9aa-0c4e29ce5913,4,883 1914 2299 2340
pickable_item,c70cbea8-64fc-4309-b559-6b1ed76ea9d4,4,2035 2049 2179 2299
pickable_item,d837e829-d706-4db8-8e3d-e70a16882c96,4,2011 2124 2299 2340
pickable_item,de134f81-cfbe-422d-9105-df3e0b3b59b5,4,883 1914 2299 2340
pickable_item,e5b3f681-3714-4623-97be-4015fa454797,4,2035 2049 2179 2299
rpg_param,AlchemyXPPerSuccessfullBrewing,4,1260 1334 1572 1668
rpg_param,AverageArmorDefenseWeight,4,651 1384 2124 2179
rpg_param,BarterPriceSellRepBuying,4,651 1558 2124 2188
rpg_param,BarterPriceSellRepCoef,4,651 1558 2124 2188
rpg_param,BarterPriceSellRepMultip,4,651 883 2124 2188
rpg_param,BaseAttackStaminaCost,4,1112 1260 1334 1558
rpg_param,CombatAutoUnarmedBlockProb,4,1243 1260 1558 2299
rpg_param,HoundmasterXPFeed,4,1334 1558 1572 2299
rpg_param,HoundmasterXPFetch,4,1260 1334 1572 2299
rpg_param,HoundmasterXPHit,4,1334 1558 1572 2299
rpg_param,HoundmasterXPPlay,4,1260 1334 1572 2299
rpg_param,HoundmasterXPPraise,4,1334 1558 1572 2299
rpg_param,HunterXPKill,4,1260 1334 1558 1572
rpg_param,LockPickingStealthXP,4,1260 1334 1558 1572
rpg_param,NonSkillBookXP,4,1260 1334 1558 1572
rpg_param,PickpocketingStealthXP,4,1260 1334 1558 1572
rpg_param,QuestMoneyRewardScaleConstant,4,1260 1558 2124 2188
rpg_param,SkillToDmgConstA,4,651 1334 1384 1558
rpg_param,SkillXPBlock,4,1260 1334 1558 1572
rpg_param,SkillXPHit,4,1260 1334 1558 1572
rpg_param,SkillXPKill,4,1260 1334 1558 1572
rpg_param,StamRegenCooldown,4,1112 1260 1558 1668
rpg_param,StatXPComboHit,4,1260 1334 1558 1572
rpg_param,StatXPHit,4,1260 1334 1558 1572
rpg_param,StatXPKill,4,1260 1334 1558 1572
rpg_param,StatXPSpeechPerSequence,4,1260 1334 1558 1572
rpg_param,StatXPVitalityPerJump,4,1260 1334 1558 1572
rpg_param,StatXPVitalityPerKill,4,1260 1334 1558 1572
rpg_param,StatXPVitalityPerVault,4,1260 1334 1558 1572
rpg_param,StealthAttackMaxXp,4,1260 1334 1558 1572
rpg_param,StealthAttackMinXp,4,1260 1334 1558 1572
rpg_param,StrengthToInventoryCapacity,4,651 883 1839 1860
shop,1/153/38,4,883 2188 2299 2340
shop,10/22/68,4,883 2124 2188 2299
shop,10/23/49,4,883 2124 2188 2299
shop,10/27/9,4,883 2188 2299 2340
shop,10/44/9,4,883 2188 2299 2340
shop,25/112/78,4,883 2124 2299 2340
shop,25/115/2,4,883 2188 2299 2340
shop,25/12/65,4,883 2124 2299 2340
shop,25/122/43,4,883 2124 2299 2340
shop,25/123/51,4,883 2124 2299 2340
shop,25/128/62,4,883 2124 2299 2340
shop,25/129/47,4,883 2124 2299 2340
shop,25/130/63,4,883 2124 2299 2340
shop,25/151/2,4,883 2188 2299 2340
shop,25/157/83,4,883 2124 2299 2340
shop,25/158/84,4,883 2124 2299 2340
shop,25/160/87,4,883 2124 2299 2340
shop,25/167/95,4,883 2124 2299 2340
shop,25/21/75,4,883 2124 2299 2340
shop,25/25/19,4,883 2124 2299 2340
shop,25/32/46,4,883 2124 2299 2340
shop,25/33/45,4,883 2124 2299 2340
shop,25/42/26,4,883 2124 2299 2340
shop,25/43/10,4,883 2124 2299 2340
shop,25/67/2,4,883 2188 2299 2340
shop,25/75/2,4,883 2188 2299 2340
shop,25/86/64,4,883 2124 2299 2340
shop,25/89/45,4,883 2188 2299 2340
shop,25/96/37,4,883 2124 2299 2340
shop,3/145/79,4,883 2188 2299 2340
shop,3/146/79,4,883 2188 2299 2340
shop,3/148/79,4,883 2188 2299 2340
shop,3/166/94,4,2124 2188 2299 2340
shop,4/155/81,4,883 2124 2299 2340
shop,4/168/98,4,883 2124 2299 2340
shop,4/31/44,4,883 2124 2299 2340
shop,4/47/28,4,883 2124 2299 2340
shop,4/54/66,4,883 2124 2299 2340
shop,4/56/32,4,883 2124 2299 2340
shop,5/109/76,4,883 2188 2299 2340
shop,5/111/17,4,883 2188 2299 2340
shop,5/113/29,4,883 2188 2299 2340
shop,5/114/77,4,883 2188 2299 2340
shop,5/116/4,4,883 2188 2299 2340
shop,5/117/24,4,883 2188 2299 2340
shop,5/120/40,4,883 2188 2299 2340
shop,5/121/29,4,883 2188 2299 2340
shop,5/131/4,4,883 2188 2299 2340
shop,5/133/29,4,883 2188 2299 2340
shop,5/135/17,4,883 2188 2299 2340
shop,5/136/74,4,883 2124 2299 2340
shop,5/142/40,4,883 2188 2299 2340
shop,5/149/29,4,883 2188 2299 2340
shop,5/150/4,4,883 2188 2299 2340
shop,5/154/17,4,883 2188 2299 2340
shop,5/45/4,4,883 2188 2299 2340
shop,5/49/4,4,883 2188 2299 2340
shop,5/50/29,4,883 2188 2299 2340
shop,5/52/40,4,883 2188 2299 2340
shop,5/57/29,4,883 2188 2299 2340
shop,5/58/29,4,883 2188 2299 2340
shop,5/59/29,4,883 2188 2299 2340
shop,5/64/17,4,883 2188 2299 2340
shop,5/66/29,4,883 2188 2299 2340
shop,5/71/40,4,883 2188 2299 2340
shop,5/72/4,4,883 2188 2299 2340
shop,5/76/24,4,883 2188 2299 2340
shop,5/85/36,4,883 2188 2299 2340
shop,5/90/17,4,883 2188 2299 2340
shop,5/92/61,4,883 2188 2299 2340
shop,5/99/24,4,883 2188 2299 2340
shop,8/139/57,4,883 2124 2188 2340
shop,8/140/55,4,883 2124 2188 2340
shop,8/141/56,4,883 2124 2188 2340
shop_type2item,033fc7b6-17b6-486d-95cb-a22afb131be2,4,651 1563 2045 2124
shop_type2item,0f5be0ac-ff11-4a01-a7f4-bf8e84c2e31b,4,651 1563 2045 2124
shop_type2item,1f389792-6ddb-4060-8cc4-13bcc9117db8,4,651 1563 2045 2124
shop_type2item,3ef71c79-57c2-4f28-8f31-a091d9b78798,4,651 1563 2045 2124
shop_type2item,405c1865-413d-43b8-8db9-c44a0eefd350,4,651 1563 2045 2124
shop_type2item,44940b6c-f1f9-4ad1-9419-b5705a88e5b0,4,651 1563 2045 2124
shop_type2item,7377215a-a0ca-44a2-b11a-113a024191ca,4,651 1563 2045 2124
shop_type2item,8ef902ea-0c32-44c9-b101-71f35b9cbe3d,4,651 1563 2045 2124
shop_type2item,cf58c28c-f2bd-41a0-9c6d-764767d144cf,4,651 1563 2045 2124
shop_type2item,f2817f34-9e28-4b97-8f6c-d2b2a7aaa61b,4,651 1563 2045 2124
skill2item_category,armor.horse_bridle.*/8,4,1292 1842 2173 2340
skill2item_category,armor.horse_saddle.*/8,4,1292 1842 2173 2340
soul_archetype,1/0/0,4,651 883 2124 2179
soul_archetype,1/0/13,4,651 883 2124 2179
weapon,01b86c1e-1614-4310-8bed-10b7682e5815,4,1560 2035 2049 2299
weapon,214f7911-d9be-4260-b5cb-590f96ffde9a,4,883 1560 2124 2299
weapon,481e7576-a6ee-4732-ba2f-98b88b430c41,4,1560 2035 2049 2299
weapon,4ac3347e-a93a-4cc0-9ba5-add86391bc12,4,883 1560 2124 2299
weapon,4c0874f3-67f9-4e5f-ad53-9ed29156acd5,4,883 1560 2124 2299
weapon,53dffc64-bf9c-4a28-af02-a2ec9705d4a7,4,1560 2035 2049 2299
weapon,58ef3e13-d40f-4b25-b4bc-3b06df0f2578,4,883 1560 2124 2299
weapon,6c8a6e64-350c-4f47-9a3f-18e3450987ef,4,883 1560 2124 2299
weapon,7fc2317f-6237-4423-82d2-8c809f651e85,4,1560 2035 2049 2299
weapon,871cbc55-35cf-4397-846e-7bf05d4308c7,4,883 1560 2124 2299
weapon,8fbb03c8-55bf-4e5f-aadf-872409fefb48,4,1560 2124 2299 2340
weapon,965cc83a-1d34-416f-aabd-c4a461a6e583,4,883 1560 2124 2299
weapon,9bafcc7f-3931-4cc4-89ce-8f6ab205dfa8,4,1560 2035 2049 2299
weapon,a4861145-5574-4482-8719-2b7e0f46dfb4,4,1560 2124 2299 2340
weapon,a8014877-ce10-4331-88ab-04173b6370ad,4,883 1560 2124 2299
weapon,b063cb37-8f17-49b9-88f8-04111fc81838,4,1560 2035 2049 2299
weapon,cea13fef-025c-47bb-b148-9783b9951acc,4,1560 2035 2049 2299
weapon,deb5276d-4926-4545-bdda-f457cac8bc01,4,1560 2035 2049 2299
weapon,e38a3c49-811b-4ff2-80d6-fc4d49d89ba5,4,1560 2035 2049 2299
weapon,e5ab81a9-d02e-4361-acf5-ac755df7f2dc,4,883 1560 2124 2299
armor,00000000-0000-0000-0000-00000000001b,3,1560 2124 2299
armor,00000000-0000-0000-0000-00000000001c,3,1560 2124 2299
armor,00000000-0000-0000-0000-00000000001d,3,1560 2124 2299
armor,00000000-0000-0000-0000-000000000020,3,1560 2124 2299
armor,00000000-0000-0000-0000-000000000023,3,1560 2124 2299
armor,00000000-0000-0000-0000-000000000025,3,1560 2124 2299
armor,00000000-0000-0000-0000-000000000032,3,1560 2124 2299
armor,09d799a2-2253-4a46-89cc-142affcb1ede,3,1560 2124 2299
armor,15656c3e-d29e-48a8-bc0e-1451102a9ce5,3,1560 2124 2299
armor,19d5def6-e491-43c7-ab1d-5978ac197485,3,1560 2124 2299
armor,229d96aa-a435-4e89-85ce-8119a1df8228,3,1560 2124 2299
armor,40024d27-b1c4-6ef7-3ca0-98025de43f9e,3,1560 2124 2299
armor,40092838-9807-c0f7-4a48-264b6ed78c8c,3,1560 2124 2299
armor,400b4bb0-a1d0-9bec-1b90-5b2bfcb9e9af,3,1560 2124 2299
armor,4015718d-f526-1bb1-da6f-6e390b15e2b8,3,1560 2124 2299
armor,402c55d2-ae62-bf47-823f-8a5760eab7bd,3,1560 2124 2299
armor,4047af36-3956-e89a-490a-0c38d55c97a4,3,1560 2124 2299
armor,4063f2eb-d6d6-a27e-c1d7-a0885269108c,3,1560 2124 2299
armor,40692480-f24c-54fa-c938-50ccf45918b9,3,1560 2124 2299
armor,4076ced0-55f6-49a0-3364-e6183c03368f,3,1560 2124 2299
armor,407c5a00-2e73-f2dc-6a0b-8244c78e5da7,3,1560 2124 2299
armor,407f6f52-d70e-7e3b-056d-cda8069aab86,3,1560 2124 2299
armor,408660f0-4742-ef99-b434-7f52cfdc2b9c,3,1560 2124 2299
armor,40975019-110c-86fc-4f18-5b36799744bb,3,1560 2124 2299
armor,409cf64d-afc1-1c2c-0af2-2042f2d4f6a0,3,1560 2124 2299
armor,40a5de5a-d3a5-c4c3-f5f1-71ab661d55b4,3,1560 2124 2299
armor,40aed3da-9bdd-180b-65cd-fd81947fc3a9,3,1560 2124 2299
armor,40b23098-b54b-19e3-2fd6-88dd8e63878c,3,1560 2124 2299
armor,40b49226-beb6-64df-e1c5-c34f627379be,3,1560 2124 2299
armor,40c72054-15bf-abaa-ab7d-ee053314458c,3,1560 2124 2299
armor,40c728ba-95cb-9ffc-7688-4ed73eb053ab,3,1560 2124 2299
armor,40d19389-b8e6-8f54-cf74-f3715b0cea8c,3,1560 2124 2299
armor,40dd1053-b0b7-2390-9f5d-b844104748b5,3,1560 2124 2299
armor,40e576c7-74e8-216e-a4f0-a3aa6bd35387,3,1560 2124 2299
armor,40e7af0d-4262-1d6b-ea86-aaf55d6e76a2,3,1560 2124 2299
armor,40ffe5a0-95c6-1bb6-8347-25d93cfd4fbd,3,1560 2124 2299
armor,41033745-5681-2a81-3010-446999b7f8ad,3,1560 2124 2299
armor,4119b64e-f072-0cf2-4b8c-13e5ee901994,3,1560 2124 2299
armor,411f568d-9e62-417c-38a1-ae108bb233ba,3,1560 2124 2299
armor,412e44fb-0e4c-0e80-b763-0b6493b13fa0,3,1560 2124 2299
armor,41366e7f-a0e5-0f23-142a-40f1ca76aabb,3,1560 2124 2299
armor,413806e7-f3b7-c6cf-2309-e47ce3c97fa2,3,1560 2299 2340
armor,41392bb2-9214-92e9-0e7d-e0438149eaa4,3,1560 2124 2299
armor,41412ccb-2199-b9bf-9c79-21c9227b94a7,3,1560 2124 2299
armor,414d7408-c2b3-e891-a652-88d1d9c9da8a,3,1560 2124 2299
armor,41537adc-9759-2dd8-377d-5260815b3eb7,3,1560 2124 2299
armor,415525ee-9ecb-2fd0-edbd-bac703478b93,3,1560 2124 2299
armor,415cb852-5910-50cf-9802-4375257dd3b5,3,1560 2124 2299
armor,416e3fea-aa2d-da7e-45f1-f8d39e1cf6b2,3,1560 2124 2299
armor,41737fee-a0ce-0b64-e660-fbe660befb81,3,1560 2124 2299
armor,4181c649-2642-3d6c-7eb4-6c09f74dbe8d,3,1560 2124 2299
armor,4187ee7a-4331-8224-4853-0d071256b7ad,3,1560 2124 2299
armor,41895ca4-a65a-026d-d5f6-0515a9f5e29a,3,1560 2124 2299
armor,4191cf8a-14e4-2c6e-91fb-1d8f3410ef88,3,1560 2124 2299
armor,419c5f08-fcdb-ac66-9d5f-97eda0f49393,3,1560 2124 2299
armor,41a87049-190c-d5d4-40e8-5950ec296680,3,1560 2124 2299
armor,41acce88-081c-c9a2-e16a-e956bf39a2ac,3,1560 2124 2299
armor,41b0dcfd-e60f-dd06-41bd-08c8d4ba7d91,3,1560 2124 2299
armor,41ba5cc8-60ba-5e3e-8e80-39270a2acf83,3,1560 2124 2299
armor,41bcef0c-d101-397a-0897-8367d9f8ffa6,3,1560 2124 2299
armor,41c031a0-b9f5-4d3f-3968-7f453be343b5,3,1560 2124 2299
armor,41c05047-74e5-f23d-1fe8-b0a8db360087,3,1560 2124 2299
armor,41c44a2b-9d1c-4c64-f07a-bba3f7288ba0,3,1560 2124 2299
armor,41c75f0e-a8a1-e4f0-07be-67ebce8b7bab,3,1560 2124 2299
armor,41cc3e13-635a-38e0-59b1-0225461b6c85,3,1560 2124 2299
armor,41d7815b-1696-571f-d688-d713b39472ba,3,1560 2124 2299
armor,41d8e48a-a3a1-1cb6-76b2-fc99ed139b85,3,1560 2124 2299
armor,41e3f765-4595-8384-6f46-f7ad2a89a6b2,3,1560 2124 2299
armor,41e70a43-df7c-9acc-afe6-42dc972ee891,3,1560 2124 2299
armor,420ee3b3-d9a6-583a-23f4-ec1399a1eea3,3,1560 2124 2299
armor,421ff758-4be3-cc11-1946-39ceb56aecb1,3,1560 2124 2299
armor,4235868c-a29d-0e49-e7dd-20c97940d7ba,3,1560 2124 2299
armor,42391032-a081-32d9-fd70-ac88f3873487,3,1560 2124 2299
armor,423b537e-8fa9-fc3d-10db-443d45e27cbf,3,1560 2124 2299
armor,4249522f-a1db-7d3e-020f-237390c80ba2,3,1560 2124 2299
armor,4251c432-e9a3-bafe-cf3e-60ff40794287,3,1560 2124 2299
armor,42566810-49be-e92f-5181-705bdd2eb1ae,3,1560 2124 2299
armor,42663739-349d-8b14-a737-8cd056f7559e,3,1560 2124 2299
armor,4277266f-8712-e8bf-8020-7a8b857f5795,3,1560 2124 2299
armor,427b04b2-3827-ad9f-39ef-3f2b595b0db3,3,1560 2124 2299
armor,427c2cae-550e-9dc6-f050-467c3901b4aa,3,1560 2124 2299
armor,42936ec8-4b9e-13d9-624f-6762c2f383b6,3,1560 2124 2299
armor,429628f5-b491-51fe-d644-654f6fc13fbe,3,1560 2124 2299
armor,42a18a5a-b2d0-07eb-14c7-ed9f665ca695,3,1560 2124 2299
armor,42a467aa-a1d6-fe8d-31e2-a3fcda5a1f98,3,1560 2124 2299
armor,42a8fd44-fca0-79b6-e17e-461d966100a1,3,1560 2124 2299
armor,42ab514e-a69d-e4b9-606d-3f46e0e6d0ad,3,1560 2124 2299
armor,42afd2cb-91ec-ad09-c39d-57d198dde4a4,3,1560 2124 2299
armor,42c725fb-00fc-c7ce-953a-b675b007d792,3,1560 2124 2299
armor,42d40a4b-b727-c518-26e1-541208b7e197,3,1560 2299 2340
armor,42d6c8cd-d109-5bd2-0cbf-62f6dae942b9,3,1560 2124 2299
armor,42e146c8-f2d1-1db1-c44c-7482b0f307b2,3,1560 2124 2299
armor,42e8c6bf-a457-4ad9-48c8-445fea1507ae,3,1560 2124 2299
armor,42f920a7-4d72-38f2-7f30-84bed084868f,3,1560 2124 2299
armor,42fc11fb-bf16-152b-c94b-6493adf24686,3,1560 2124 2299
armor,42ff5615-e472-bfb0-27e9-6ba3962eca9f,3,1560 2124 2299
armor,4314de6e-9f05-d843-18d8-2de11aa07798,3,1560 2124 2299
armor,4320bd8b-1039-799c-4503-ad2cbf79b4ad,3,1560 2124 2299
armor,4321398a-0000-834f-5c6b-624ba7caaf89,3,1560 2124 2299
armor,43241eed-522c-0369-97e9-ae414829a9ba,3,1560 2124 2299
armor,4327d9fc-2c1b-2d1b-e60d-63a202c133b9,3,1560 2124 2299
armor,433b9e8f-640a-25b0-ea6c-87c03f608baa,3,1560 2124 2299
armor,434525c9-f3b4-c1e5-9ab0-f1002b13a68d,3,1560 2124 2299
armor,43479cae-7ed8-097f-01f5-8234d5d38f85,3,1560 2124 2299
armor,434f28e3-25e8-8bef-ee5b-1b331d106e99,3,1560 2124 2299
armor,4350ad68-f244-477a-f4af-f8e0019041ad,3,1560 2124 2299
armor,4386177a-6262-3144-72c9-0e4ec9922cb3,3,1560 2124 2299
armor,439e49c5-e468-57c2-d44c-9ac6066f14b6,3,1560 2124 2299
armor,43dc25b5-3962-a772-7eeb-dd7820574395,3,1560 2124 2299
armor,43dd7f89-93d5-801a-7dc6-824c367284b4,3,1560 2124 2299
armor,43f3824e-53b6-1b32-99e0-87b4eeef238f,3,1560 2124 2299
armor,44041a83-3119-dfe4-e12f-5098935f409c,3,1560 2124 2299
armor,441b0b1a-719b-cacc-4a6c-f2668cb96a92,3,1560 2124 2299
armor,441caaeb-3921-f600-79f5-9256210026bf,3,1560 2124 2299
armor,4428b573-53c4-bb84-4118-2de98c6ce19d,3,1560 2124 2299
armor,44414acf-f175-7e9b-3af0-57f2b339aa90,3,1560 2124 2299
armor,44469251-9749-7d7c-7903-0810520959a4,3,1560 2124 2299
armor,4454e377-d0d8-5bbb-e968-3e41cd366899,3,1560 2124 2299
armor,44641203-1426-4db8-90f7-8638e3e9fbba,3,1560 2124 2299
armor,4472ab5e-def2-e154-34a3-15349c976283,3,1560 2124 2299
armor,4476da15-6311-7757-da7d-196e812d7885,3,1560 2124 2299
armor,4493f515-b6d8-ebc4-8bd3-469c524b339f,3,1560 2124 2299
armor,4498482d-a404-5646-16d0-f49eaac6d58e,3,1560 2124 2299
armor,44b27e34-566f-cb38-775b-e5981a74f6b8,3,1560 2124 2299
armor,44bb813b-e0cc-da13-3dd3-8d31977064be,3,1560 2124 2299
armor,44c87fc7-cbb4-0f2c-de4c-f2ac16781b98,3,1560 2124 2299
armor,44dd60cb-a67f-395f-a6a2-25feeceadd99,3,1560 2124 2299
armor,450ee588-bc3d-d0ed-69a8-eea895d9998c,3,1560 2124 2299
armor,45250d25-a050-fd3d-5fcd-c1e046582681,3,1560 2124 2299
armor,4526668a-3a05-6aa2-f9f9-280de886c48f,3,1560 2124 2299
armor,4527de55-2a1f-6089-a182-2aa2e031fe99,3,1560 2124 2299
armor,452a54af-683d-e31d-a396-671272017a90,3,1560 2124 2299
armor,452c1f85-3219-c7fc-8d0c-de1d0b4d9885,3,1560 2124 2299
armor,452d01d2-0555-36c0-4b81-2ca0e177e6b4,3,1560 2124 2299
armor,453044fc-b31c-e8df-76a1-6f4b701758b8,3,1560 2124 2299
armor,45345fd3-43ed-b961-fde6-af37d4993aa7,3,1560 2124 2299
armor,453d9fa5-5eec-b6de-ab47-1775370f43b1,3,1560 2124 2299
armor,453ea77f-9f5a-dfb5-1934-f18e44ab08a0,3,1560 2124 2299
armor,4548d3e7-b0d0-6749-4623-d3664a7410a7,3,1560 2124 2299
armor,457ca6d3-b64a-66b8-4c1e-fd606a6530af,3,1560 2124 2299
armor,458a11a5-7293-463b-4a8b-0ec665af1388,3,1560 2124 2299
armor,458f2f44-4e12-591a-1895-e1754df99b9b,3,1560 2124 2299
armor,45af7bc3-18ae-8314-9064-3fad540615bc,3,1560 2124 2299
armor,45bdd999-3050-c096-8e2a-56dec9e231a5,3,1560 2124 2299
armor,45bf8d25-f598-c977-8aa4-84f4658446ab,3,1560 2124 2299
armor,45c7c691-4279-7556-10c3-deb101b1cc8b,3,1560 2124 2299
armor,45e0477d-d891-810f-6783-265ba406beb5,3,1560 2124 2299
armor,45e17389-6776-749b-838a-cd7229935fbb,3,1560 2124 2299
armor,45e290d0-92ed-2895-c1bb-7115baf54992,3,1560 2124 2299
armor,45e3d8ac-5d54-0a39-8ec4-a321fc136991,3,1560 2124 2299
armor,45ee23f0-9bbf-c895-f490-906644ac08b3,3,1560 2124 2299
armor,45f0293a-b0b9-cd56-6864-ade54db775b8,3,1560 2124 2299
armor,45f6875b-1c46-c12e-5e3a-deb4bbfaceab,3,1560 2124 2299
armor,46021c09-1a2e-2683-bd92-d17cb66fb390,3,1560 2124 2299
armor,4608470b-b576-bff5-6777-c5bb7c9a8aa6,3,1560 2124 2299
armor,460fef47-6ee2-1f6e-3e86-8c88da1a0c95,3,1560 2124 2299
armor,4614fd41-bf3e-99bb-8b46-cf7ed8754cb1,3,1560 2124 2299
armor,46275cef-164c-33cd-1027-f3ffa7f55fb9,3,1560 2124 2299
armor,463645bd-4e9e-ed5d-e63d-d373f28b5eb2,3,1560 2124 2299
armor,464ec169-a1a7-851c-c7d6-b2654dc78c92,3,1560 2124 2299
armor,465eafb6-c299-3eb9-908e-4fb6a65f38ad,3,1560 2124 2299
armor,4662e866-6a82-eb4b-ed98-26213ca118a8,3,1560 2124 2299
armor,46662768-5a8b-06ca-1352-d02f56fed083,3,1560 2124 2299
armor,466c49e3-6cbc-e962-2571-c44183da449d,3,1560 2124 2299
armor,4682ef21-53b0-55af-1017-588fe6af429e,3,1560 2124 2299
armor,468323ad-f0f0-bad7-c80b-6ae432977d91,3,1560 2124 2299
armor,46857626-d7c9-985d-4acc-a6ad9a79afa2,3,1560 2124 2299
armor,468a36a5-1aa9-e1c8-1d01-2c778ef84ea9,3,1560 2124 2299
armor,468bca8d-888c-8705-3828-75a80686c192,3,1560 2124 2299
armor,468cddc5-668b-9b8c-46b5-4b53c828f4ad,3,1560 2124 2299
armor,469b7b94-1191-fc54-f679-318a734b43be,3,1560 2124 2299
armor,46a124e4-481c-5880-d187-573c1d8a57b9,3,1560 2124 2299
armor,46a58b43-9c1c-5f0e-32a7-5655b44470b9,3,1560 2124 2299
armor,46a73915-ff3a-d13c-3373-af2934af59b3,3,1560 2124 2299
armor,46a85760-7d6d-2dae-2634-a8db495e29b9,3,1560 2124 2299
armor,46aebc93-ea64-820e-27a7-8ff4a286fa91,3,1560 2124 2299
armor,46bdb7af-8fb4-9eda-1c46-f135bb47ca82,3,1560 2124 2299
armor,46cf7471-dccd-7e3a-18e8-e4a2e05d7ea5,3,1560 2124 2299
armor,46eb884b-a0ed-7da8-4d4f-0a18284dc9bc,3,1560 2299 2340
armor,46ee8c8f-2c9a-3002-a31e-8623e2da529d,3,1560 2124 2299
armor,46f4ab47-ff0a-a617-7b7b-b3203a7ed7a5,3,1560 2124 2299
armor,46f60a88-47c9-9fa9-e55b-58553a841592,3,1560 2124 2299
armor,470014a7-9032-6f6c-e448-b0f15bb03e81,3,1560 2124 2299
armor,4700eb58-fa98-fb17-dcd2-34d12cd4febf,3,1560 2124 2299
armor,4706bb3a-d722-2c20-a6e1-b4d4b6bbc18c,3,1560 2124 2299
armor,4715c753-bafa-df3e-d3a6-c3fcd5d76f8c,3,1560 2124 2299
armor,47253d38-5e4b-4c0a-225d-09c3c826e2ae,3,1560 2124 2299
armor,4727da17-f74e-f71e-ec1b-c43fe01c9e96,3,1560 2124 2299
armor,473110cf-b888-a84b-7c65-e5b1beab47ac,3,1560 2124 2299
armor,473709c6-2b26-5d05-57cf-50e4d6fceaa7,3,1560 2124 2299
armor,4740da1a-d317-4248-0e00-9df6cd843ba5,3,1560 2124 2299
armor,474aee53-2ae2-8127-4ea5-8dc971279596,3,1560 2124 2299
armor,475aeca0-ddcb-ca9e-069d-e33b01b6edb8,3,1560 2124 2299
armor,477ef2b7-5b29-f7a7-c8f7-2cce627ab681,3,1560 2124 2299
armor,4785f1fa-6299-4972-9c4a-e7c848909599,3,1560 2124 2299
armor,4793c108-a30d-641a-71da-efc58a24bf9e,3,1560 2124 2299
armor,4798e8f3-ebcf-a330-1b0b-af27a88897a8,3,1560 2124 2299
armor,47ab3f62-3c4b-c898-8825-f1359541fa85,3,1560 2124 2299
armor,47eea19c-bb27-891b-e2e4-47e76c601d94,3,1560 2124 2299
armor,47f14e4b-26fc-207e-e891-c84ea2c85797,3,1560 2124 2299
armor,480650af-dda4-1ccc-d597-e13000639f9c,3,1560 2124 2299
armor,48146a0b-3476-c43f-63a0-5d9bf1ec1985,3,1560 2124 2299
armor,4824d5d0-8f58-c48e-5e80-34a1ce9795a6,3,1560 2124 2299
armor,482c587f-5fe2-fbe2-a72d-b85d7f0a2393,3,1560 2124 2299
armor,4838434b-91d7-20b6-da95-33227d5fc6b4,3,1560 2124 2299
armor,48399982-a538-e6c9-78c0-2cf1df976cad,3,1560 2124 2299
armor,4841e3ab-ec02-2953-6d7a-931f132459b5,3,1560 2124 2299
armor,4849903a-5dd2-e0b8-bfd0-2e599509c68e,3,1560 2124 2299
armor,4854fc59-9c4a-c3b4-21d3-f7f21bb97a85,3,1560 2124 2299
armor,485e549c-73c9-6caa-2d62-f03de0c20e91,3,1560 2124 2299
armor,48600f3b-cd53-400e-b950-eb39ad085c8f,3,1560 2299 2340
armor,48641946-e22a-7925-8120-9f8825df12ac,3,1560 2124 2299
armor,4865e91b-5644-2109-a0b2-539793a6fca6,3,1560 2124 2299
armor,486d7cf9-9e4e-d88e-40da-bae153f2a3b5,3,1560 2124 2299
armor,486dd691-8359-fa6b-65bb-3d90424232bf,3,1560 2124 2299
armor,486fb98b-9cbe-79dd-314a-ac379dfc96b3,3,1560 2124 2299
armor,486fe517-b412-0a0a-3693-e57302d20b8b,3,1560 2124 2299
armor,4876ade8-6f08-20e8-8068-6298fa329988,3,1560 2124 2299
armor,4893589c-cdd8-887e-3e00-c1f53fab648c,3,1560 2124 2299
armor,4897be0e-7054-cc15-f8a5-bc05bde0b6bd,3,1560 2124 2299
armor,48a1ea8c-c52a-9b35-fda6-8df247fc18a2,3,1560 2124 2299
armor,48b9f3f2-8cca-5a8d-a588-8b1198380d89,3,1560 2124 2299
armor,48c1161d-7bdf-52ff-75a5-3c210060ae8a,3,1560 2124 2299
armor,48cb2661-3c3a-99bc-b09b-3b6a79c9f5a9,3,1560 2124 2299
armor,48d624ae-0149-0854-2c41-82dba1f99088,3,1560 2124 2299
armor,48ebbf6a-ab57-f5ee-6fed-c77c63c31391,3,1560 2124 2299
armor,48f4d62f-f2d7-c064-be4b-450aeea1f39a,3,1560 2124 2299
armor,48f6cde5-a747-dbee-2af1-9fae418ef68b,3,1560 2124 2299
armor,4903be20-7d0c-ca13-5a9b-4ab2fd5a10bd,3,1560 2124 2299
armor,490695a0-15ef-3a8e-7c1c-facfab40148a,3,1560 2124 2299
armor,49160240-18dd-dc84-66fe-2ed005eba1b9,3,1560 2124 2299
armor,491a1973-e6d2-e04d-f718-8f24db2ec4bb,3,1560 2124 2299
armor,4922e6f6-aeef-7ad2-24cd-348a6801ad9c,3,1560 2124 2299
armor,4942b812-d8e5-98c9-912d-0af78e3264a3,3,1560 2124 2299
armor,495fc236-eb42-596a-09a6-1c58eb51a384,3,1560 2124 2299
armor,4962e864-5964-aecf-7a62-6e117b96ec99,3,1560 2124 2299
armor,496a8268-aacd-4f85-0050-b6403bc8d399,3,1560 2124 2299
armor,496cad42-be32-9556-9dc2-137b629c1191,3,1560 2124 2299
armor,49702364-128c-d061-ce8e-26df44b823a3,3,1560 2124 2299
armor,497b2695-4c3a-eb06-bf4c-dd2f07d27c9c,3,1560 2124 2299
armor,498d77ab-14ce-90dd-b8c0-d955dc8aebbb,3,1560 2124 2299
armor,498db788-9972-d973-caa5-6460bd3294af,3,1560 2124 2299
armor,4999ec4c-a60d-3ab0-52ca-1c0fdd761d94,3,1560 2124 2299
armor,499c6d00-8d5e-66c2-206f-ba7c0f84a3bc,3,1560 2124 2299
armor,49a720d9-cbe8-b771-f174-9c6f463645a6,3,1560 2124 2299
armor,49a80640-63aa-00ee-3699-3a4939f45283,3,1560 2124 2299
armor,49a8b0d2-da70-7c04-b705-0fc7de26d881,3,1560 2124 2299
armor,49b1cf4e-d874-d9a6-25fd-b6e4fffc7680,3,1560 2124 2299
armor,49b4595d-298a-df15-0418-8a2633db7487,3,1560 2124 2299
armor,49b83945-99a1-50ba-9107-c3d9846875b1,3,1560 2124 2299
armor,49bf5eba-9762-38cb-162d-98248b894298,3,1560 2124 2299
armor,49d89f9b-31a9-1b5d-a389-7e7545fa4590,3,1560 2124 2299
armor,49d8e1c5-1c6a-a388-173d-a207d94c78a1,3,1560 2124 2299
armor,49f1d199-c8e4-5e9a-7aeb-09e3999a25a7,3,1560 2124 2299
armor,49f3fce6-6942-2cda-e863-2b6e673322b3,3,883 1560 2299
armor,49f7df26-ca65-1fdf-f7b7-afd6df894196,3,1560 2124 2299
armor,49feaeb0-1dbe-91b3-d971-958e6c4212ad,3,1560 2124 2299
armor,4a0742c5-ec0d-b5d5-dadc-b5e9776e22bb,3,1560 2124 2299
armor,4a0dd944-824b-e3ed-620a-2d51d6732ba9,3,1560 2124 2299
armor,4a1db471-2425-34ef-bcdc-ed581f6cc794,3,1560 2124 2299
armor,4a23a37a-2f0c-c389-edab-7ccd673385b3,3,1560 2124 2299
armor,4a30758f-c3f2-cf3c-84d0-4ba26c4d849c,3,1560 2124 2299
armor,4a3446fa-4f4f-1792-3f20-2977b531aea8,3,1560 2124 2299
armor,4a346515-2839-801d-3172-826486b9ee9d,3,1560 2124 2299
armor,4a38d9e5-7092-4d00-f5e4-47533bb94dbc,3,1560 2124 2299
armor,4a3d8ffa-9a65-9e4c-ab86-c07a2898e699,3,1560 2124 2299
armor,4a444ba6-19ca-c4d4-114b-b922f88148b3,3,1560 2124 2299
armor,4a44b8d0-a562-3f6d-6ba4-defe8183a092,3,1560 2124 2299
armor,4a4d56b4-8c9c-7840-6398-dbfe8132d78b,3,1560 2124 2299
armor,4a50a029-0970-6258-6fa1-cbdd9659b4b0,3,1560 2124 2299
armor,4a5b1f83-07dc-3530-3831-e110aed5ffb7,3,1560 2124 2299
armor,4a5ec182-a249-b5d8-9975-b8fa57d5ae9f,3,1560 2124 2299
armor,4a60e0bd-f724-25f1-65fd-305105e3d5bb,3,1560 2124 2299
armor,4a641ae4-ee0a-9311-872e-7742a2fdedbe,3,1560 2124 2299
armor,4a6461df-8b4f-0ad7-d6db-551c2c45aca7,3,1560 2124 2299
armor,4a74e308-fce9-7823-3248-2b4234a286b4,3,1560 2124 2299
armor,4a7dd6db-46c4-2cf0-9701-df09daf459ab,3,1560 2124 2299
armor,4a7f675e-b980-1895-675b-6386127c2cb8,3,1560 2124 2299
armor,4a7fff4d-37d9-74a6-7d7a-8e237b32069b,3,1560 2124 2299
armor,4a800ddc-6a8b-d6d1-4c40-000a2ce22a84,3,1560 2124 2299
armor,4a9b335a-6341-d053-fe8e-13f6f0d67297,3,1560 2124 2299
armor,4ab733db-71b5-d2da-4c84-1d50ca7b6aa0,3,1560 2124 2299
armor,4ae1d488-675e-c68c-a5a0-0100d6f078a4,3,1560 2124 2299
armor,4ae7732e-f2a7-b419-4619-e08d9f6de2bb,3,1560 2124 2299
armor,4ae8ddd0-e4d5-dde8-4f53-65f7ed8e12b7,3,1560 2124 2299
armor,4af4b15c-c5ca-a611-cb3a-368458e5dfb8,3,1560 2124 2299
armor,4af5fe3b-3e23-1a10-4ff6-b2d53d4d7187,3,1560 2124 2299
armor,4af7b975-1042-f94c-9eb8-4a6adc4e19a4,3,1560 2124 2299
armor,4af8619d-aeca-2a65-8012-5392b5655bae,3,1560 2124 2299
armor,4af8b24b-892b-02cd-beb9-4873a70c86b5,3,1560 2124 2299
armor,4afaf60a-6e69-808f-3ba2-1c946008a89b,3,1560 2124 2299
armor,4afcb01c-c7a9-7310-68e3-22943098f8a3,3,1560 2124 2299
armor,4b0a4413-cde5-2f32-f704-0554534b3cb3,3,1560 2124 2299
armor,4b0e9c04-57c7-cd6a-b916-97984fa73098,3,1560 2124 2299
armor,4b1ddc3c-954f-da6d-4947-81621d77119e,3,1560 2124 2299
armor,4b31fbf6-01d3-fb06-a1d9-f284ab277ca0,3,1560 2124 2299
armor,4b509412-cf66-497f-7dc2-845e149d99bf,3,1560 2124 2299
armor,4b609a17-9266-0e3e-75dc-d4d709533dba,3,1560 2124 2299
armor,4b67ffb3-2b21-81bd-768b-57f9cecffcaa,3,1560 2124 2299
armor,4b8f2631-c21d-2468-6e5d-8607f13f28a8,3,1560 2124 2299
armor,4b92491f-060f-d00d-642c-c7b5f9807aaf,3,1560 2124 2299
armor,4b977cd2-0067-3f05-90c0-650bfd801a96,3,1560 2124 2299
armor,4b97e0ac-2280-9ddf-7f17-336f82327f9d,3,1560 2124 2299
armor,4bade180-e6ba-1c8a-5c43-b980a22434b3,3,1560 2124 2299
armor,4bb8c21f-fe2d-92f5-cf1f-7d2c809fb580,3,1560 2124 2299
armor,4bc6e580-eb02-3c7e-1e5c-899767f21cbd,3,1560 2124 2299
armor,4bcb4913-408e-a9bc-ead2-b294248a5e90,3,1560 2124 2299
armor,4bcba582-c984-44d9-225f-2895c7b912b3,3,1560 2124 2299
armor,4bdfe759-8f53-2b2e-1567-cb1e6af469ad,3,1560 2124 2299
armor,4be31ff9-55ce-a5d8-0726-3e99ed54168f,3,1560 2124 2299
armor,4bedf5a4-f1c6-cf51-f99f-7fbbe1e89792,3,1560 2124 2299
armor,4bedf6ce-a99e-a009-1d01-a7dd8f671f92,3,1560 2124 2299
armor,4bf89a4d-b596-1c22-b2fd-ed420433f887,3,1560 2124 2299
armor,4bf98be0-1893-bb82-3ddb-5dd35b0f84b1,3,1560 2124 2299
armor,4c002997-1eb6-e1fd-ef1d-56bbc23b3b92,3,1560 2124 2299
armor,4c18d9e1-1fca-0abb-57be-5ca7cdce14a1,3,1560 2124 2299
armor,4c1ad4d4-f5f2-9b19-a470-14581138b9a9,3,1560 2124 2299
armor,4c249176-daf9-7b59-507d-90b3d6ec59a2,3,1560 2124 2299
armor,4c2a7b22-8d20-ea9e-8772-849883fa89a7,3,1560 2124 2299
armor,4c2bfcf7-b430-8b53-63ac-f7846cc4ad9b,3,1560 2124 2299
armor,4c32b632-b5b4-2a87-31a4-6b88c87a1d97,3,1560 2124 2299
armor,4c3ce212-fc6e-c14a-11e5-973ae0e749b8,3,1560 2124 2299
armor,4c3fc7de-b235-099b-be1f-dff67ca952b6,3,1560 2124 2299
armor,4c41350f-f3dc-8910-0e46-1f937e46d893,3,1560 2124 2299
armor,4c5142bd-015f-e0a8-67a2-f8193bb7fb80,3,1560 2124 2299
armor,4c5c4d12-4e1c-e969-0b7f-11a5884b13ba,3,1560 2299 2340
armor,4c5db521-d5cc-8cbc-5564-541e0de1e096,3,1560 2124 2299
armor,4c6a0d58-e6c2-0b9c-3c89-5765c289479c,3,1560 2124 2299
armor,4c6c8f11-7097-3ca1-3f20-4f1bbba1f68c,3,1560 2124 2299
armor,4c812542-2acf-0481-ec8a-adb77c057495,3,1560 2124 2299
armor,4c828be7-10e9-d339-7492-cf73f5c5ba88,3,1560 2124 2299
armor,4c98b6b4-9645-27f9-8b50-4bd4b63a09b4,3,1560 2124 2299
armor,4c9c5c6b-f50b-d0f4-3037-24ef73f28482,3,1560 2124 2299
armor,4c9cb8ed-e891-2b8b-7e06-c77a32ef2ca8,3,1560 2124 2299
armor,4c9e14f0-23d0-2a72-247f-4c4bb1aa34ba,3,1560 2124 2299
armor,4ca31ae2-ea83-18b9-44a3-85f31d73398c,3,1560 2124 2299
armor,4cbbd7c7-8c03-c549-5352-fd23979e0e96,3,1560 2124 2299
armor,4cc06ca7-46bf-609c-93de-3ce43481a28c,3,1560 2124 2299
armor,4cc65a8a-3d0b-4a3b-bc3a-763027c4329c,3,1560 2124 2299
armor,4cca04da-9b0a-3f16-b904-ecdf7c74a7b9,3,1560 2124 2299
armor,4cdc5248-ce5b-7f52-529a-d7e390bb5dac,3,1560 2124 2299
armor,4cdff9b7-febc-360c-18ba-c872a1fac28c,3,1560 2124 2299
armor,4cee3ad0-5249-8bc6-de75-a00f4e4b0d8e,3,1560 2124 2299
armor,4cf10c00-5150-b4c2-7c56-ee25a5cd6b82,3,1560 2124 2299
armor,4cf927fe-32a6-e48f-9b6c-d7cec8d4c3a1,3,1560 2124 2299
armor,4d05ba28-6f24-924d-cd10-ef3d12e447a6,3,1560 2124 2299
armor,4d13e73c-ef64-612c-c5cd-6497041383b3,3,1560 2124 2299
armor,4d1ad34a-88e0-ee56-8456-0c02eb26c4bd,3,1560 2124 2299
armor,4d1e63d8-34c4-834c-4d7d-41084a2ff980,3,1560 2124 2299
armor,4d253305-bc59-a0b0-1d6f-ff202e1aaf89,3,1560 2124 2299
armor,4d29cf34-5fc1-f4cd-ba8a-04f4a55ed08a,3,1560 2124 2299
armor,4d30b28b-bebf-0d52-67b5-bf3387a38dbe,3,1560 2124 2299
armor,4d49d1bd-5a73-3659-5209-5a38acd4c0b6,3,1560 2124 2299
armor,4d50a641-bc57-e341-ac1d-c741f51d6d9c,3,1560 2124 2299
armor,4d6b0d7f-0660-cb9a-af17-3cfc6908e187,3,1560 2124 2299
armor,4d757aeb-813b-1cf5-cfde-8b07a8294ca5,3,1560 2124 2299
armor,4d82d77b-9543-5a5c-a3c7-e93e62ad20b5,3,1560 2124 2299
armor,4d879617-b6f3-24c3-1dc5-dfc50ac4d09d,3,1560 2124 2299
armor,4d887670-13cb-746d-5e27-5d234e146cb3,3,883 1560 2299
armor,4da95ac5-3f08-e1a5-874f-c2f3885759b2,3,1560 2124 2299
armor,4dac45fe-351a-3e5f-9c27-5c47ddc960ba,3,1560 2124 2299
armor,4daf7e11-bd8a-5e7a-181d-37c790ba1c95,3,1560 2124 2299
armor,4db0679c-af60-b7df-e7af-58886f6354a6,3,1560 2124 2299
armor,4dc915d1-8724-0037-047b-f331128a52a2,3,1560 2124 2299
armor,4dcb07a1-4530-9800-5e98-0bee669e5495,3,1560 2124 2299
armor,4dce971f-2d9d-ec8f-4f3e-568411de918e,3,1560 2124 2299
armor,4dd025d4-1f9e-b029-da07-28d3b60c898a,3,1560 2124 2299
armor,4dd34997-a8f3-9f9f-ddaa-ca0ca4b07c9f,3,1560 2124 2299
armor,4dd7d65f-26ee-8189-d398-10ed812b6e98,3,1560 2124 2299
armor,4e217a75-42fb-aeef-8052-de015d81a895,3,1560 2124 2299
armor,4e594114-e45f-24c4-73b8-be718de35eb3,3,1560 2124 2299
armor,4e6ec506-03c3-d8fd-e1ec-f6882ea314b4,3,1560 2124 2299
armor,4e758a4d-1182-56e1-190f-658c91a45986,3,1560 2124 2299
armor,4e760438-c3b5-7acd-6329-55e19c4e8896,3,1560 2124 2299
armor,4e86424c-a3db-64e9-e7f9-c8108f1686a2,3,1560 2299 2340
armor,4e9a2fc1-c984-28b5-436b-fc669315948f,3,1560 2124 2299
armor,4ea4d59c-20e0-fd17-3366-d4bb16f68385,3,1560 2124 2299
armor,4eabe21e-e15e-34f8-f6a9-86059ba313a8,3,1560 2124 2299
armor,4ebeeea1-87a2-cee7-1e24-9d003c1b0989,3,1560 2124 2299
armor,4ed68c0c-2c7e-af75-09eb-63a4ca3fc5af,3,1560 2124 2299
armor,4ef61ee8-aaff-7b19-9b2f-3310e7ee72be,3,1560 2124 2299
armor,4ef8618b-a87c-f25f-dd1d-94558fceab8d,3,1560 2124 2299
armor,4efaa0ac-2c9d-3a7e-6529-e2b6b57bfc82,3,1560 2124 2299
armor,4efb55de-6380-31fd-0e64-928f5486db90,3,1560 2124 2299
armor,4f07bb72-5fa2-8f1e-dd38-3cd78b4785a6,3,1560 2124 2299
armor,4f124bf4-8d53-052a-3c1b-9dc279cd5ca1,3,1560 2124 2299
armor,4f1dfede-9abd-c403-ce22-3bc088c60b8a,3,1560 2124 2299
armor,4f1eeff7-c946-b7c2-6a04-a700844487b1,3,1560 2124 2299
armor,4f3d01fd-44e0-8a52-8a6a-f1a0aadc3e8a,3,1560 2124 2299
armor,4f3d678e-553c-f810-86fe-5534db2e1ea9,3,1560 2124 2299
armor,4f41911f-6b7a-6dc6-83fc-948c3d5d04b2,3,1560 2124 2299
armor,4f51599b-65ce-b708-0dbb-c9184eca3ba6,3,1560 2124 2299
armor,4f8ccd8a-fa24-eac9-74e9-4c603ffed1ac,3,1560 2124 2299
armor,4fa636da-dda1-7b97-36fb-537cb4800e9d,3,1560 2124 2299
armor,4fa7416d-486e-905d-30fa-79c11069ad8d,3,1560 2124 2299
armor,4faaf3aa-1801-dec3-4127-cd7ab50f45be,3,1560 2124 2299
armor,4fabc3bf-94c7-c7af-f403-0c1632091ea1,3,1560 2124 2299
armor,4fae9467-6bac-0669-cacf-0a7f1d21e889,3,1560 2124 2299
armor,4faf7c4a-08a6-3a5e-e75c-3f06b16f939c,3,1560 2124 2299
armor,4fb18a35-7abd-d93d-ac7e-c5a1d6bf809f,3,1560 2124 2299
armor,4fb3fd57-78dc-f14d-2188-59ebb7fff78b,3,1560 2124 2299
armor,4fb99cfb-d97f-3638-5f1f-cadc7cef0db6,3,1560 2124 2299
armor,4fc0012d-c8dd-cb42-28a6-f6acb6f64b83,3,1560 2124 2299
armor,4fd0a36f-ea8f-4968-a225-1d3aab3447b4,3,1560 2124 2299
armor,4fe77e7d-10eb-f7d5-ad13-1bdc697969a3,3,1560 2124 2299
armor,4fec3673-04fe-45ae-b200-600704ecea70,3,1560 2299 2340
armor,4fec4b5d-a1f3-2664-de46-08b3ce64299d,3,1560 2124 2299
armor,4ffafc67-6df7-7b0e-1e33-f1a2760ff58f,3,1560 2124 2299
armor,5c430200-dd37-408b-9b41-27684dac6d30,3,1560 2124 2299
armor,79e78e2a-8c66-430d-aba4-040ffde5c66f,3,1560 2124 2299
armor,88e3f8f2-e820-40e5-9fc5-82024ded0c5e,3,1560 2124 2299
armor,9f30ca3f-65c0-42f4-be71-cb8f4cc2af7f,3,1560 2124 2299
armor,aac0794c-8fb7-41f5-ba6a-90c313c286b2,3,1560 1893 2299
armor,ab62a875-799d-4472-96a1-32b6e8feeaba,3,1560 2124 2299
armor,ac0f228d-b1dd-493d-909d-105b07192ec9,3,1560 2124 2299
armor,af6f2946-ce54-4e38-9b2b-5ab95d5c4777,3,1560 2124 2299
armor,ca92311e-6413-4c6b-b47a-963211f174e1,3,1560 2124 2299
armor,f12b7150-9e2c-4442-9070-2cde6a32b1a1,3,1560 2124 2299
armor,ff5ab403-62fa-41d2-9afd-7d6857f999c4,3,1560 2124 2299
buff,09a931bc-615f-476c-ac0e-b8c0987c5e7e,3,85 2219 2299
buff,0a6b8191-267b-4d39-b585-675dd759c6ef,3,2124 2219 2299
buff,122c0e62-747e-4bb3-9650-1a14d0420b08,3,651 2179 2210
buff,13be2fa1-8bf2-46da-a241-2e0af729cd81,3,651 2210 2299
buff,1f398bd2-05ea-4a56-b883-9ac3ba3ad01a,3,651 2188 2210
buff,27c2fd6a-9b87-4d1f-b434-44f5ec3fa426,3,651 2179 2210
buff,27f2305e-8b64-4426-ae2f-203ddf38b80b,3,85 651 2299
buff,2edf8a8e-7eba-49e9-aa29-d3149d78c7fd,3,651 2188 2210
buff,3e0867d9-cdb1-469f-a59e-e05a377b2b67,3,85 651 2299
buff,44d83d13-9709-4e54-9b7d-9b6bcfb630be,3,85 770 1009
buff,44d83d14-9709-4e54-9b7d-9b6bcfb630be,3,85 770 1009
buff,44d83d20-9709-4e54-9b7d-9b6bcfb630be,3,85 770 1009
buff,44d83d21-9709-4e54-9b7d-9b6bcfb630be,3,85 770 1009
buff,44d83d22-9709-4e54-9b7d-9b6bcfb630be,3,85 770 1009
buff,44d83d23-9709-4e54-9b7d-9b6bcfb630be,3,85 770 1009
buff,44d83d24-9709-4e54-9b7d-9b6bcfb630be,3,85 770 1009
buff,44d83d25-9709-4e54-9b7d-9b6bcfb630be,3,85 770 1009
buff,44d83d26-9709-4e54-9b7d-9b6bcfb630be,3,85 770 1009
buff,44d83d27-9709-4e54-9b7d-9b6bcfb630be,3,85 770 1009
buff,44d83d28-9709-4e54-9b7d-9b6bcfb630be,3,85 770 1009
buff,44d83d29-9709-4e54-9b7d-9b6bcfb630be,3,85 770 1009
buff,44d83d30-9709-4e54-9b7d-9b6bcfb630be,3,85 770 1009
buff,44d83d31-9709-4e54-9b7d-9b6bcfb630be,3,85 770 1009
buff,44d83d32-9709-4e54-9b7d-9b6bcfb630be,3,85 770 1009
buff,44d83d33-9709-4e54-9b7d-9b6bcfb630be,3,85 770 1009
buff,44d83d34-9709-4e54-9b7d-9b6bcfb630be,3,85 770 1009
buff,44d83d35-9709-4e54-9b7d-9b6bcfb630be,3,85 770 1009
buff,44d83d36-9709-4e54-9b7d-9b6bcfb630be,3,85 770 1009
buff,44d83d37-9709-4e54-9b7d-9b6bcfb630be,3,85 770 1009
buff,44d83d38-9709-4e54-9b7d-9b6bcfb630be,3,85 770 1009
buff,44d83d39-9709-4e54-9b7d-9b6bcfb630be,3,85 770 1009
buff,44d83d40-9709-4e54-9b7d-9b6bcfb630be,3,85 770 1009
buff,44d83d41-9709-4e54-9b7d-9b6bcfb630be,3,85 770 1009
buff,44d83d42-9709-4e54-9b7d-9b6bcfb630be,3,85 770 1009
buff,44d83d43-9709-4e54-9b7d-9b6bcfb630be,3,85 770 1009
buff,44d83d44-9709-4e54-9b7d-9b6bcfb630be,3,85 770 1009
buff,44d83d45-9709-4e54-9b7d-9b6bcfb630be,3,85 770 1009
buff,44d83d46-9709-4e54-9b7d-9b6bcfb630be,3,85 770 1009
buff,44d83d47-9709-4e54-9b7d-9b6bcfb630be,3,85 770 1009
buff,44d83d48-9709-4e54-9b7d-9b6bcfb630be,3,85 770 1009
buff,44d83d49-9709-4e54-9b7d-9b6bcfb630be,3,85 770 1009
buff,44d83d50-9709-4e54-9b7d-9b6bcfb630be,3,85 770 1009
buff,44d83d51-9709-4e54-9b7d-9b6bcfb630be,3,85 770 1009
buff,44d83d52-9709-4e54-9b7d-9b6bcfb630be,3,85 770 1009
buff,44d83d53-9709-4e54-9b7d-9b6bcfb630be,3,85 770 1009
buff,44d83d54-9709-4e54-9b7d-9b6bcfb630be,3,85 770 1009
buff,44d83d55-9709-4e54-9b7d-9b6bcfb630be,3,85 770 1009
buff,44d83d56-9709-4e54-9b7d-9b6bcfb630be,3,85 770 1009
buff,44d83d57-9709-4e54-9b7d-9b6bcfb630be,3,85 770 1009
buff,44d83d58-9709-4e54-9b7d-9b6bcfb630be,3,85 770 1009
buff,44d83d59-9709-4e54-9b7d-9b6bcfb630be,3,85 770 1009
buff,44d83d60-9709-4e54-9b7d-9b6bcfb630be,3,85 770 1009
buff,44d83d61-9709-4e54-9b7d-9b6bcfb630be,3,85 770 1009
buff,44d83d62-9709-4e54-9b7d-9b6bcfb630be,3,85 770 1009
buff,44d83d63-9709-4e54-9b7d-9b6bcfb630be,3,85 770 1009
buff,44d83d64-9709-4e54-9b7d-9b6bcfb630be,3,85 770 1009
buff,44d83d65-9709-4e54-9b7d-9b6bcfb630be,3,85 770 1009
buff,44d83d66-9709-4e54-9b7d-9b6bcfb630be,3,85 770 1009
buff,44d83d67-9709-4e54-9b7d-9b6bcfb630be,3,85 770 1009
buff,44d83d68-9709-4e54-9b7d-9b6bcfb630be,3,85 770 1009
buff,44d83d69-9709-4e54-9b7d-9b6bcfb630be,3,85 770 1009
buff,44d83d70-9709-4e54-9b7d-9b6bcfb630be,3,85 770 1009
buff,44d83d71-9709-4e54-9b7d-9b6bcfb630be,3,85 770 1009
buff,44d83d72-9709-4e54-9b7d-9b6bcfb630be,3,85 770 1009
buff,44d83d73-9709-4e54-9b7d-9b6bcfb630be,3,85 770 1009
buff,4b876924-f960-4332-9b28-e9176a9eac09,3,85 2179 2299
buff,567652f3-9a3d-4129-9cf7-7bcdaffdd406,3,2188 2219 2299
buff,56a556b6-eec3-4cfa-aa3d-3776ad9edc66,3,2124 2219 2299
buff,59575fae-482b-44fe-af16-65379e12fb48,3,85 651 2210
buff,736fcb09-5554-4e6b-b3e0-f9bc6cc4fd0a,3,651 2179 2210
buff,79c48ac4-0a5d-448e-a474-4c9fbe23cd26,3,1736 2179 2299
buff,8503216a-a34c-49f0-aefa-54d4502046f9,3,651 2210 2299
buff,86879e96-f4c0-4824-bc31-c2a24567582f,3,85 651 2299
buff,ab1fdda7-e59b-48aa-926f-94e19a35300c,3,85 2219 2299
buff,b21b2bc7-bff5-4571-a746-46266e9a7296,3,651 2188 2210
buff,bc64bdea-4444-4308-ae54-5e5f268d25f6,3,85 2124 2299
buff,c39b5a56-b682-4154-9dd4-6a42e23168fe,3,651 2208 2210
buff,ceb70cbf-9c4e-491a-8d75-7e8ab874db54,3,651 2179 2210
buff,d468a936-94c6-4c19-b560-22dfd2903eed,3,85 651 1009
buff,df38ebde-91e5-4a88-8a5b-40cf49995034,3,651 2179 2210
buff,e58dac7a-ff92-4506-bac5-160366f7c16a,3,651 2179 2299
buff,f23dda25-6450-49c8-86f3-fc7bc1236199,3,85 651 2210
combat_action_attack,26/-1/0/-1/-1/0/-1/-1/0/-1/0/7/-1/CombatAttack/-1/-1/-1/-1/-1/-1/7/-1,3,1563 2045 2294
combat_action_attack,26/-1/1/-1/-1/0/-1/-1/0/-1/1/7/-1/CombatAttack/-1/-1/-1/-1/-1/-1/7/-1,3,1563 2045 2294
combat_action_attack,3/-1/1/1/1/0/1/0/0/-1/0/-1/2/CombatAttack/-1/-1/-1/-1/-1/-1/-1/1,3,2049 2294 2299
combat_action_attack,3/-1/1/1/1/0/1/0/0/-1/0/4/-1/CombatAttack/-1/-1/-1/-1/-1/-1/4/-1,3,2049 2294 2299
combat_action_attack,3/-1/1/1/1/0/1/0/0/-1/0/7/-1/CombatAttack/-1/-1/-1/-1/-1/-1/7/-1,3,2049 2294 2299
combat_action_attack,3/-1/1/1/1/0/1/0/0/-1/0/8/-1/CombatAttack/-1/-1/-1/-1/-1/-1/-1/1,3,2049 2294 2299
combat_action_attack,3/-1/1/1/1/0/1/0/0/-1/1/-1/2/CombatAttack/-1/-1/-1/-1/-1/-1/-1/1,3,2049 2294 2299
combat_action_attack,3/-1/1/1/1/0/1/0/0/-1/1/4/-1/CombatAttack/-1/-1/-1/-1/-1/-1/4/-1,3,2049 2294 2299
combat_action_attack,3/-1/1/1/1/0/1/0/0/-1/1/7/-1/CombatAttack/-1/-1/-1/-1/-1/-1/7/-1,3,2049 2294 2299
combat_action_attack,3/-1/1/1/1/0/1/0/0/-1/1/8/-1/CombatAttack/-1/-1/-1/-1/-1/-1/-1/1,3,2049 2294 2299
combat_action_attack,3/-1/1/1/1/0/3/1/0/-1/1/7/-1/CombatAttack/-1/-1/-1/-1/-1/-1/7/-1,3,1563 2045 2294
combat_action_attack,3/-1/1/2/0/0/2/1/0/-1/0/-1/2/CombatAttack/-1/-1/-1/-1/-1/-1/-1/1,3,2049 2294 2299
combat_action_attack,3/-1/1/2/0/0/2/1/0/-1/0/4/-1/CombatAttack/-1/-1/-1/-1/-1/-1/4/-1,3,2049 2294 2299
combat_action_attack,3/-1/1/2/0/0/2/1/0/-1/0/7/-1/CombatAttack/-1/-1/-1/-1/-1/-1/7/-1,3,2049 2294 2299
combat_action_attack,3/-1/1/2/0/0/2/1/0/-1/0/8/-1/CombatAttack/-1/-1/-1/-1/-1/-1/-1/1,3,2049 2294 2299
combat_action_attack,3/-1/1/2/0/0/2/1/0/-1/1/-1/2/CombatAttack/-1/-1/-1/-1/-1/-1/-1/1,3,2049 2294 2299
combat_action_attack,3/-1/1/2/0/0/2/1/0/-1/1/4/-1/CombatAttack/-1/-1/-1/-1/-1/-1/4/-1,3,2049 2294 2299
combat_action_attack,3/-1/1/2/0/0/2/1/0/-1/1/7/-1/CombatAttack/-1/-1/-1/-1/-1/-1/7/-1,3,2049 2294 2299
combat_action_attack,3/-1/1/2/0/0/2/1/0/-1/1/8/-1/CombatAttack/-1/-1/-1/-1/-1/-1/-1/1,3,2049 2294 2299
combat_action_attack,3/-1/1/2/0/0/4/0/0/-1/1/7/-1/CombatAttack/-1/-1/-1/-1/-1/-1/7/-1,3,1563 2045 2294
combat_action_attack,3/-1/1/3/1/0/1/1/0/-1/1/7/-1/CombatAttack/-1/-1/-1/-1/-1/-1/7/-1,3,1563 2045 2294
combat_action_attack,3/-1/1/4/0/0/2/0/0/-1/1/7/-1/CombatAttack/-1/-1/-1/-1/-1/-1/7/-1,3,1563 2045 2294
combat_action_attack,3/-1/4/5/0/0/0/1/0/-1/2/-1/2/CombatAttack/-1/-1/-1/-1/-1/-1/12/-1,3,2049 2124 2299
combat_action_attack,3/-1/4/5/0/0/0/1/0/-1/2/-1/2/CombatAttack/-1/-1/-1/2/12/-1/12/-1,3,2049 2124 2299
combat_action_attack,3/-1/4/5/1/0/0/0/0/-1/2/-1/2/CombatAttack/-1/-1/-1/-1/-1/-1/12/-1,3,2049 2124 2299
combat_action_attack,3/-1/4/5/1/0/0/0/0/-1/2/-1/2/CombatAttack/-1/-1/-1/2/12/-1/12/-1,3,2049 2124 2299
combat_action_attack,3/-1/6/0/0/0/0/1/0/-1/1/-1/2/CombatAttack/-1/-1/-1/-1/-1/-1/12/-1,3,2049 2124 2299
combat_action_attack,3/-1/6/0/0/0/0/1/0/-1/1/-1/2/CombatAttack/-1/-1/-1/2/12/-1/12/-1,3,2049 2124 2299
combat_action_attack,3/-1/6/0/1/0/0/0/0/-1/1/-1/2/CombatAttack/-1/-1/-1/-1/-1/-1/12/-1,3,2049 2124 2299
combat_action_attack,3/-1/6/0/1/0/0/0/0/-1/1/-1/2/CombatAttack/-1/-1/-1/2/12/-1/12/-1,3,2049 2124 2299
combat_action_attack,3/-1/7/0/0/0/0/1/0/-1/0/-1/2/CombatAttack/-1/-1/-1/-1/-1/-1/12/-1,3,2049 2124 2299
combat_action_attack,3/-1/7/0/1/0/0/0/0/-1/0/-1/2/CombatAttack/-1/-1/-1/-1/-1/-1/12/-1,3,2049 2124 2299
combat_action_attack,50/-1/0/-1/-1/0/-1/-1/0/-1/2/-1/-1/CombatAttackMercy/-1/-1/-1/-1/-1/-1/1/-1,3,2049 2124 2299
combat_action_attack,50/-1/0/-1/-1/0/-1/-1/0/-1/2/-1/-1/CombatAttackMercy/-1/-1/-1/-1/-1/-1/2/-1,3,2049 2124 2299
combat_action_attack,50/-1/0/-1/-1/0/-1/-1/0/-1/2/-1/-1/CombatAttackMercy/-1/-1/-1/-1/-1/-1/4/-1,3,2049 2124 2299
combat_action_attack,50/-1/0/-1/-1/0/-1/-1/0/-1/2/11/-1/CombatAttackMercy/-1/-1/-1/-1/-1/-1/4/-1,3,2049 2124 2299
combat_action_attack,50/-1/0/-1/-1/0/-1/-1/0/-1/2/8/-1/CombatAttackMercy/-1/-1/-1/-1/-1/-1/1/-1,3,2049 2124 2299
combat_action_attack,50/-1/0/-1/-1/0/-1/-1/0/-1/2/8/-1/CombatAttackMercy/-1/-1/-1/-1/-1/-1/4/-1,3,2049 2124 2299
combat_action_attack,50/-1/2/-1/-1/0/-1/-1/0/-1/2/-1/-1/CombatAttackMercy/-1/-1/-1/-1/-1/-1/3/-1,3,2049 2124 2299
combat_action_attack,50/-1/2/-1/-1/0/-1/-1/0/-1/2/-1/-1/CombatAttackMercy/-1/-1/-1/-1/-1/-1/5/-1,3,2049 2124 2299
combat_action_attack,50/-1/2/-1/-1/0/-1/-1/0/-1/2/0/-1/CombatAttackMercy/-1/-1/-1/-1/-1/-1/1/-1,3,2049 2124 2299
combat_action_attack,50/-1/2/-1/-1/0/-1/-1/0/-1/2/0/-1/CombatAttackMercy/-1/-1/-1/-1/-1/-1/2/-1,3,2049 2124 2299
combat_action_attack,50/-1/2/-1/-1/0/-1/-1/0/-1/2/0/-1/CombatAttackMercy/-1/-1/-1/-1/-1/-1/3/-1,3,2049 2124 2299
combat_action_attack,50/-1/2/-1/-1/0/-1/-1/0/-1/2/0/-1/CombatAttackMercy/-1/-1/-1/-1/-1/-1/4/-1,3,2049 2124 2299
combat_action_attack,50/-1/2/-1/-1/0/-1/-1/0/-1/2/0/-1/CombatAttackMercy/-1/-1/-1/-1/-1/-1/5/-1,3,2049 2124 2299
combat_action_attack,50/-1/2/-1/-1/0/-1/-1/0/-1/2/12/-1/CombatAttackMercy/-1/-1/-1/-1/-1/-1/12/-1,3,2049 2124 2299
combat_action_attack,50/-1/2/-1/-1/0/-1/-1/0/-1/2/8/-1/CombatAttackMercy/-1/-1/-1/-1/-1/-1/3/-1,3,2049 2124 2299
combat_action_attack,50/-1/2/-1/-1/0/-1/-1/0/-1/2/8/-1/CombatAttackMercy/-1/-1/-1/-1/-1/-1/5/-1,3,2049 2124 2299
combat_action_perfect_block,14/-1/-1/CombatBlockPerfect/0/0/0/-1/-1/0/0/7/-1/2/1/-1/-1/-1/-1/-1/12/-1/-1,3,1112 1384 2124
combat_action_perfect_block,14/-1/-1/CombatBlockPerfect/0/0/0/-1/-1/0/0/7/-1/2/6/-1/-1/2/-1/-1/12/-1/-1,3,1112 1384 2124
combat_action_perfect_block,14/-1/-1/CombatBlockPerfect/0/0/0/-1/-1/0/0/7/-1/2/7/-1/-1/2/-1/-1/12/-1/-1,3,1112 1384 2124
combat_action_perfect_block,14/-1/-1/CombatBlockPerfect/0/0/0/-1/-1/0/1/7/-1/2/0/-1/-1/-1/-1/-1/12/-1/-1,3,1112 1384 2124
combat_action_perfect_block,14/-1/-1/CombatBlockPerfect/0/0/0/-1/-1/0/1/7/-1/2/1/-1/-1/-1/-1/-1/12/-1/-1,3,1112 1384 2124
combat_action_perfect_block,14/-1/-1/CombatBlockPerfect/0/0/0/-1/-1/0/2/7/-1/2/1/-1/-1/-1/-1/-1/12/-1/-1,3,1112 1384 2124
combat_action_perfect_block,14/-1/-1/CombatBlockPerfect/1/0/0/-1/-1/0/0/7/-1/2/1/-1/-1/-1/-1/-1/12/-1/-1,3,1112 1384 2124
combat_action_perfect_block,14/-1/-1/CombatBlockPerfect/1/0/0/-1/-1/0/1/7/-1/2/1/-1/-1/-1/-1/-1/12/-1/-1,3,1112 1384 2124
combat_action_perfect_block,14/-1/-1/CombatBlockPerfect/1/0/0/-1/-1/0/3/7/-1/2/1/-1/-1/-1/-1/-1/12/-1/-1,3,1112 1384 2124
combat_action_perfect_block,14/-1/-1/CombatBlockPerfect/2/0/0/-1/-1/0/0/7/-1/2/1/-1/-1/-1/-1/-1/12/-1/-1,3,1112 1384 2124
combat_action_perfect_block,14/-1/-1/CombatBlockPerfect/2/0/0/-1/-1/0/2/7/-1/2/1/-1/-1/-1/-1/-1/12/-1/-1,3,1112 1384 2124
combat_action_perfect_block,14/-1/-1/CombatBlockPerfect/2/0/0/-1/-1/0/4/7/-1/2/1/-1/-1/-1/-1/-1/12/-1/-1,3,1112 1384 2124
combat_action_perfect_block,14/-1/-1/CombatBlockPerfect/3/0/0/-1/-1/0/1/7/-1/2/1/-1/-1/-1/-1/-1/12/-1/-1,3,1112 1384 2124
combat_action_perfect_block,14/-1/-1/CombatBlockPerfect/3/0/0/-1/-1/0/3/7/-1/2/1/-1/-1/-1/-1/-1/12/-1/-1,3,1112 1384 2124
combat_action_perfect_block,14/-1/-1/CombatBlockPerfect/4/0/0/-1/-1/0/2/7/-1/2/1/-1/-1/-1/-1/-1/12/-1/-1,3,1112 1384 2124
combat_action_perfect_block,14/-1/-1/CombatBlockPerfect/4/0/0/-1/-1/0/4/7/-1/2/1/-1/-1/-1/-1/-1/12/-1/-1,3,1112 1384 2124
combat_action_perfect_block,14/-1/-1/CombatBlockPerfect/5/0/0/-1/-1/0/0/7/-1/2/0/-1/-1/-1/-1/-1/12/-1/-1,3,1112 1384 2124
combat_action_perfect_block,14/-1/-1/CombatBlockPerfect/5/0/0/-1/-1/0/2/7/-1/2/0/-1/-1/-1/-1/-1/12/-1/-1,3,1112 1384 2124
combat_action_perfect_block,14/0/0/CombatBlockPerfect/0/1/0/5/-1/0/0/7/-1/2/1/-1/-1/-1/-1/-1/-1/1/0,3,1112 1384 2124
combat_action_perfect_block,14/0/0/CombatBlockPerfect/2/1/0/5/-1/0/4/7/-1/2/1/-1/-1/-1/-1/-1/-1/1/1,3,1112 1384 2124
combat_action_perfect_block,14/0/5/CombatBlockPerfect/0/1/0/5/-1/0/1/7/4/-1/1/-1/-1/-1/-1/-1/4/-1/1,3,1112 1384 2124
combat_action_perfect_block,14/0/5/CombatBlockPerfect/1/1/0/5/-1/0/1/7/4/-1/1/-1/-1/-1/-1/-1/4/-1/5,3,1112 1384 2124
combat_action_perfect_block,14/0/5/CombatBlockPerfect/2/1/0/5/-1/0/4/7/4/-1/1/-1/-1/-1/-1/-1/4/-1/1,3,1112 1384 2124
combat_action_perfect_block,14/1/0/CombatBlockPerfect/0/1/0/4/-1/0/2/7/8/-1/1/-1/-1/-1/-1/-1/-1/1/2,3,1112 1384 2124
combat_action_perfect_block,14/1/0/CombatBlockPerfect/0/1/0/5/-1/0/2/7/4/-1/1/-1/-1/-1/-1/-1/4/-1/0,3,1112 1384 2124
combat_action_perfect_block,14/1/0/CombatBlockPerfect/1/1/0/3/-1/0/0/7/4/-1/1/-1/-1/-1/-1/-1/4/-1/0,3,1112 1384 2124
combat_action_perfect_block,14/1/0/CombatBlockPerfect/2/1/0/3/-1/0/2/7/-1/2/1/-1/-1/-1/-1/-1/-1/1/2,3,1112 1384 2124
combat_action_perfect_block,14/1/0/CombatBlockPerfect/2/1/0/3/-1/0/2/7/4/-1/1/-1/-1/-1/-1/-1/4/-1/0,3,1112 1384 2124
combat_action_perfect_block,14/1/0/CombatBlockPerfect/2/1/0/3/-1/0/4/7/8/-1/1/-1/-1/-1/-1/-1/-1/1/2,3,1112 1384 2124
combat_action_perfect_block,14/1/0/CombatBlockPerfect/2/1/0/4/-1/0/2/7/8/-1/1/-1/-1/-1/-1/-1/-1/1/1,3,1112 1384 2124
combat_action_perfect_block,14/1/0/CombatBlockPerfect/3/1/0/3/-1/0/1/7/-1/2/1/-1/-1/-1/-1/-1/-1/1/2,3,1112 1384 2124
combat_action_perfect_block,14/1/0/CombatBlockPerfect/3/1/0/3/-1/0/1/7/8/-1/1/-1/-1/-1/-1/-1/-1/1/2,3,1112 1384 2124
combat_action_perfect_block,14/1/0/CombatBlockPerfect/3/1/0/4/-1/0/3/7/4/-1/1/-1/-1/-1/-1/-1/4/-1/0,3,1112 1384 2124
combat_action_perfect_block,14/1/0/CombatBlockPerfect/4/1/0/3/-1/0/2/7/4/-1/1/-1/-1/-1/-1/-1/4/-1/0,3,1112 1384 2124
combat_action_perfect_block,14/1/0/CombatBlockPerfect/4/1/0/4/-1/0/2/7/-1/2/1/-1/-1/-1/-1/-1/-1/1/2,3,1112 1384 2124
combat_action_perfect_block,14/1/0/CombatBlockPerfect/4/1/0/4/-1/0/4/7/8/-1/1/-1/-1/-1/-1/-1/-1/1/2,3,1112 1384 2124
combat_action_perfect_block,14/1/1/CombatBlockPerfect/0/1/0/3/-1/0/0/7/4/-1/1/-1/-1/-1/-1/-1/4/-1/2,3,1112 1384 2124
combat_action_perfect_block,14/1/1/CombatBlockPerfect/0/1/0/3/-1/0/0/7/8/-1/1/-1/-1/-1/-1/-1/-1/1/0,3,1112 1384 2124
combat_action_perfect_block,14/1/1/CombatBlockPerfect/0/1/0/3/-1/0/2/7/-1/2/1/-1/-1/-1/-1/-1/-1/1/0,3,1112 1384 2124
combat_action_perfect_block,14/1/1/CombatBlockPerfect/2/1/0/3/-1/0/0/7/4/-1/1/-1/-1/-1/-1/-1/4/-1/1,3,1112 1384 2124
combat_action_perfect_block,14/1/1/CombatBlockPerfect/4/1/0/3/-1/0/2/7/8/-1/1/-1/-1/-1/-1/-1/-1/1/2,3,1112 1384 2124
combat_action_perfect_block,14/1/1/CombatBlockPerfect/4/1/0/3/-1/0/4/7/-1/2/1/-1/-1/-1/-1/-1/-1/1/2,3,1112 1384 2124
combat_action_perfect_block,14/1/1/CombatBlockPerfect/4/1/0/3/-1/0/4/7/4/-1/1/-1/-1/-1/-1/-1/4/-1/1,3,1112 1384 2124
combat_action_perfect_block,14/1/2/CombatBlockPerfect/0/1/0/4/-1/0/1/7/8/-1/1/-1/-1/-1/-1/-1/-1/1/0,3,1112 1384 2124
combat_action_perfect_block,14/1/2/CombatBlockPerfect/0/1/0/4/-1/0/1/7/8/-1/1/-1/-1/-1/-1/-1/-1/1/2,3,1112 1384 2124
combat_action_perfect_block,14/1/2/CombatBlockPerfect/1/1/0/4/-1/0/1/7/-1/2/1/-1/-1/-1/-1/-1/-1/1/1,3,1112 1384 2124
combat_action_perfect_block,14/1/2/CombatBlockPerfect/1/1/0/4/-1/0/3/7/4/-1/1/-1/-1/-1/-1/-1/4/-1/0,3,1112 1384 2124
combat_action_perfect_block,14/1/2/CombatBlockPerfect/1/1/0/4/-1/0/3/7/8/-1/1/-1/-1/-1/-1/-1/-1/1/2,3,1112 1384 2124
combat_action_perfect_block,14/1/2/CombatBlockPerfect/2/1/0/4/-1/0/0/7/8/-1/1/-1/-1/-1/-1/-1/-1/1/0,3,1112 1384 2124
combat_action_perfect_block,14/1/2/CombatBlockPerfect/3/1/0/4/-1/0/1/7/4/-1/1/-1/-1/-1/-1/-1/4/-1/1,3,1112 1384 2124
combat_action_perfect_block,14/1/2/CombatBlockPerfect/3/1/0/4/-1/0/3/7/-1/2/1/-1/-1/-1/-1/-1/-1/1/0,3,1112 1384 2124
combat_action_perfect_block,14/1/2/CombatBlockPerfect/3/1/0/4/-1/0/3/7/8/-1/1/-1/-1/-1/-1/-1/-1/1/0,3,1112 1384 2124
combat_action_perfect_block,14/1/2/CombatBlockPerfect2nd/1/1/0/4/-1/0/0/7/8/-1/1/-1/-1/-1/-1/-1/-1/1/0,3,1112 1384 2124
combat_action_perfect_block,14/1/3/CombatBlockPerfect/-1/1/0/1/-1/0/-1/7/-1/2/0/-1/-1/-1/-1/-1/-1/1/4,3,1112 1384 2124
combat_action_perfect_block,14/1/3/CombatBlockPerfect/1/1/0/1/-1/0/0/7/-1/2/1/-1/-1/-1/-1/-1/-1/1/4,3,1112 1384 2124
combat_action_perfect_block,14/1/3/CombatBlockPerfect/1/1/0/1/-1/0/1/7/8/-1/1/-1/-1/-1/-1/-1/-1/1/4,3,1112 1384 2124
combat_action_perfect_block,14/1/3/CombatBlockPerfect/1/1/0/1/-1/0/3/7/8/-1/1/-1/-1/-1/-1/-1/-1/1/4,3,1112 1384 2124
combat_action_perfect_block,14/1/4/CombatBlockPerfect/-1/1/0/2/-1/0/-1/7/4/-1/0/-1/-1/-1/-1/-1/4/-1/5,3,1112 1384 2124
combat_action_perfect_block,14/1/4/CombatBlockPerfect/-1/1/0/2/-1/0/-1/7/8/-1/0/-1/-1/-1/-1/-1/-1/1/5,3,1112 1384 2124
combat_action_perfect_block,14/1/4/CombatBlockPerfect/2/1/0/2/-1/0/0/7/-1/2/1/-1/-1/-1/-1/-1/-1/1/3,3,1112 1384 2124
combat_action_perfect_block,55/0/-1/CombatBlockPerfectSpecial/0/0/0/2/0/0/0/7/4/-1/0/-1/-1/-1/-1/-1/4/-1/-1,3,651 1384 2124
combat_action_perfect_block,55/0/-1/CombatBlockPerfectSpecial/0/0/0/2/0/0/0/7/8/-1/0/-1/-1/-1/-1/-1/-1/1/-1,3,651 1384 2124
combat_action_perfect_block,55/0/-1/CombatBlockPerfectSpecial/0/0/0/2/1/0/0/7/-1/2/0/-1/-1/-1/-1/-1/-1/1/-1,3,651 1384 2124
combat_action_perfect_block,55/0/-1/CombatBlockPerfectSpecial/0/0/0/2/1/0/0/7/8/-1/0/-1/-1/-1/-1/-1/-1/1/-1,3,651 1384 2124
combat_action_perfect_block,55/0/-1/CombatBlockPerfectSpecial/0/0/0/4/0/0/0/7/-1/2/0/-1/-1/-1/-1/-1/-1/1/-1,3,651 1384 2124
combat_action_perfect_block,55/0/-1/CombatBlockPerfectSpecial/5/0/0/-1/-1/0/1/7/0/-1/0/-1/-1/-1/-1/1/12/-1/-1,3,651 1384 2124
combat_action_perfect_block,55/0/-1/CombatBlockPerfectSpecial/5/0/0/-1/-1/0/1/7/0/-1/0/-1/4/-1/4/-1/12/-1/-1,3,651 1384 2124
combat_action_perfect_block,55/0/-1/CombatBlockPerfectSpecial/5/0/0/-1/-1/0/2/7/0/-1/0/-1/-1/-1/-1/1/12/-1/-1,3,651 1384 2124
combat_action_perfect_block,55/0/-1/CombatBlockPerfectSpecial/5/0/0/-1/-1/0/2/7/0/-1/0/-1/4/-1/4/-1/12/-1/-1,3,651 1384 2124
combat_action_perfect_block,55/0/-1/CombatBlockPerfectSpecial/5/0/0/-1/-1/0/2/7/0/-1/0/-1/8/-1/-1/1/12/-1/-1,3,651 1384 2124
combat_action_perfect_block,55/0/-1/CombatBlockPerfectSpecial/5/0/0/-1/-1/1/-1/7/0/-1/0/-1/8/-1/-1/1/12/-1/-1,3,651 1384 2124
combat_action_perfect_block,55/0/-1/CombatBlockPerfectSpecial/5/0/0/2/-1/0/1/7/4/-1/0/-1/-1/-1/-1/-1/4/-1/-1,3,651 1384 2124
combat_action_perfect_block,55/0/-1/CombatBlockPerfectSpecial/5/0/0/2/-1/0/1/7/8/-1/0/-1/-1/-1/-1/-1/-1/1/-1,3,651 1384 2124
combat_action_perfect_block,55/0/-1/CombatBlockPerfectSpecial/5/0/0/2/-1/0/2/7/-1/2/0/-1/-1/-1/-1/-1/-1/1/-1,3,651 1384 2124
combat_action_perfect_block,55/0/-1/CombatBlockPerfectSpecial/5/0/0/2/-1/0/2/7/8/-1/0/-1/-1/-1/-1/-1/-1/1/-1,3,651 1384 2124
combat_action_perfect_block,55/0/-1/CombatBlockPerfectSpecial/5/0/0/4/-1/0/1/7/-1/2/0/-1/-1/-1/-1/-1/-1/1/-1,3,651 1384 2124
combat_action_perfect_block,55/5/-1/CombatBlockPerfectSpecial/0/0/0/2/1/0/0/7/4/-1/0/-1/-1/-1/-1/-1/4/-1/-1,3,651 1384 2124
combat_action_perfect_block,55/5/-1/CombatBlockPerfectSpecial/5/0/0/2/-1/0/2/7/4/-1/0/-1/-1/-1/-1/-1/4/-1/-1,3,651 1384 2124
combat_action_sync_attack,16/-1/1/-1/1/4/-1/1/4/-1/0/-1/-1/CombatAttackSync/-1/-1/-1/-1/-1/-1/7/-1/-1,3,2049 2124 2299
combat_action_sync_attack,16/-1/1/-1/1/4/-1/1/4/-1/0/-1/2/CombatAttackSync/-1/-1/-1/-1/-1/-1/-1/1/-1,3,2049 2124 2299
combat_action_sync_attack,16/-1/1/-1/1/4/-1/1/4/-1/0/4/-1/CombatAttackSync/-1/-1/-1/-1/-1/-1/4/-1/-1,3,2049 2124 2299
combat_action_sync_attack,16/-1/1/-1/1/4/-1/1/4/-1/0/8/-1/CombatAttackSync/-1/-1/-1/-1/-1/-1/-1/1/-1,3,2049 2124 2299
combat_action_sync_attack,16/-1/1/-1/1/4/-1/1/4/-1/1/-1/-1/CombatAttackSync/-1/-1/-1/-1/-1/-1/7/-1/-1,3,2049 2124 2299
combat_action_sync_attack,16/-1/1/-1/1/4/-1/1/4/-1/1/-1/2/CombatAttackSync/-1/-1/-1/-1/-1/-1/-1/1/-1,3,2049 2124 2299
combat_action_sync_attack,16/-1/1/-1/1/4/-1/1/4/-1/1/4/-1/CombatAttackSync/-1/-1/-1/-1/-1/-1/4/-1/-1,3,2049 2124 2299
combat_action_sync_attack,16/-1/1/-1/1/4/-1/1/4/-1/1/8/-1/CombatAttackSync/-1/-1/-1/-1/-1/-1/-1/1/-1,3,2049 2124 2299
combat_action_sync_attack,16/-1/3/-1/-1/0/2/-1/4/5/2/7/-1/CombatAttackSync/-1/-1/-1/-1/-1/-1/7/-1/-1,3,2049 2124 2299
combat_action_sync_attack,16/-1/3/-1/0/0/-1/-1/4/-1/2/-1/2/CombatAttackSync/-1/-1/-1/2/12/-1/12/-1/-1,3,2049 2124 2299
combat_action_sync_attack,16/-1/3/-1/0/0/-1/-1/4/-1/2/0/-1/CombatAttackSync/-1/-1/-1/-1/12/-1/12/-1/-1,3,2049 2124 2299
combat_action_sync_attack,16/-1/3/-1/0/0/-1/-1/4/1/2/-1/-1/CombatAttackSync/-1/-1/-1/-1/-1/1/12/-1/-1,3,2049 2124 2299
combat_action_sync_attack,16/-1/3/-1/0/0/-1/-1/4/1/2/-1/-1/CombatAttackSync/-1/-1/4/-1/4/-1/12/-1/-1,3,2049 2124 2299
combat_action_sync_attack,16/-1/3/-1/0/0/-1/-1/4/1/2/-1/-1/CombatAttackSync/-1/-1/7/-1/7/-1/12/-1/-1,3,2049 2124 2299
combat_action_sync_attack,16/-1/3/-1/0/0/-1/-1/4/1/2/0/-1/CombatAttackSync/-1/-1/-1/-1/-1/1/12/-1/-1,3,2049 2124 2299
combat_action_sync_attack,16/-1/3/-1/0/0/-1/-1/4/1/2/0/-1/CombatAttackSync/-1/-1/4/-1/4/-1/12/-1/-1,3,2049 2124 2299
combat_action_sync_attack,16/-1/3/-1/0/0/-1/-1/4/1/2/0/-1/CombatAttackSync/-1/-1/7/-1/7/-1/12/-1/-1,3,2049 2124 2299
combat_action_sync_attack,16/-1/3/-1/0/0/-1/-1/4/2/2/-1/-1/CombatAttackSync/-1/-1/-1/-1/-1/1/12/-1/-1,3,2049 2124 2299
combat_action_sync_attack,16/-1/3/-1/0/0/-1/-1/4/2/2/-1/-1/CombatAttackSync/-1/-1/4/-1/4/-1/12/-1/-1,3,2049 2124 2299
combat_action_sync_attack,16/-1/3/-1/0/0/-1/-1/4/2/2/-1/-1/CombatAttackSync/-1/-1/7/-1/7/-1/12/-1/-1,3,2049 2124 2299
combat_action_sync_attack,16/-1/3/-1/0/0/-1/-1/4/2/2/0/-1/CombatAttackSync/-1/-1/-1/-1/-1/1/12/-1/-1,3,2049 2124 2299
combat_action_sync_attack,16/-1/3/-1/0/0/-1/-1/4/2/2/0/-1/CombatAttackSync/-1/-1/4/-1/4/-1/12/-1/-1,3,2049 2124 2299
combat_action_sync_attack,16/-1/3/-1/0/0/-1/-1/4/2/2/0/-1/CombatAttackSync/-1/-1/7/-1/7/-1/12/-1/-1,3,2049 2124 2299
combat_action_sync_attack,16/-1/3/-1/0/0/-1/-1/4/3/2/-1/-1/CombatAttackSync/-1/-1/-1/-1/-1/1/12/-1/-1,3,2049 2124 2299
combat_action_sync_attack,16/-1/3/-1/0/0/-1/-1/4/3/2/-1/-1/CombatAttackSync/-1/-1/4/-1/4/-1/12/-1/-1,3,2049 2124 2299
combat_action_sync_attack,16/-1/3/-1/0/0/-1/-1/4/3/2/-1/-1/CombatAttackSync/-1/-1/7/-1/7/-1/12/-1/-1,3,2049 2124 2299
combat_action_sync_attack,16/-1/3/-1/0/0/-1/-1/4/3/2/0/-1/CombatAttackSync/-1/-1/-1/-1/-1/1/12/-1/-1,3,2049 2124 2299
combat_action_sync_attack,16/-1/3/-1/0/0/-1/-1/4/3/2/0/-1/CombatAttackSync/-1/-1/4/-1/4/-1/12/-1/-1,3,2049 2124 2299
combat_action_sync_attack,16/-1/3/-1/0/0/-1/-1/4/3/2/0/-1/CombatAttackSync/-1/-1/7/-1/7/-1/12/-1/-1,3,2049 2124 2299
combat_action_sync_attack,16/-1/3/-1/0/0/-1/-1/4/4/2/-1/-1/CombatAttackSync/-1/-1/-1/-1/-1/1/12/-1/-1,3,2049 2124 2299
combat_action_sync_attack,16/-1/3/-1/0/0/-1/-1/4/4/2/-1/-1/CombatAttackSync/-1/-1/4/-1/4/-1/12/-1/-1,3,2049 2124 2299
combat_action_sync_attack,16/-1/3/-1/0/0/-1/-1/4/4/2/-1/-1/CombatAttackSync/-1/-1/7/-1/7/-1/12/-1/-1,3,2049 2124 2299
combat_action_sync_attack,16/-1/3/-1/0/0/-1/-1/4/4/2/0/-1/CombatAttackSync/-1/-1/-1/-1/-1/1/12/-1/-1,3,2049 2124 2299
combat_action_sync_attack,16/-1/3/-1/0/0/-1/-1/4/4/2/0/-1/CombatAttackSync/-1/-1/4/-1/4/-1/12/-1/-1,3,2049 2124 2299
combat_action_sync_attack,16/-1/3/-1/0/0/-1/-1/4/4/2/0/-1/CombatAttackSync/-1/-1/7/-1/7/-1/12/-1/-1,3,2049 2124 2299
combat_action_sync_attack,16/-1/3/-1/0/0/2/-1/4/1/2/-1/2/CombatAttackSync/-1/-1/-1/-1/-1/-1/-1/1/-1,3,2049 2124 2299
combat_action_sync_attack,16/-1/3/-1/0/0/2/-1/4/1/2/4/-1/CombatAttackSync/-1/-1/-1/-1/-1/-1/4/-1/-1,3,2049 2124 2299
combat_action_sync_attack,16/-1/3/-1/0/0/2/-1/4/1/2/7/-1/CombatAttackSync/-1/-1/-1/-1/-1/-1/7/-1/-1,3,2049 2124 2299
combat_action_sync_attack,16/-1/3/-1/0/0/2/-1/4/2/2/-1/2/CombatAttackSync/-1/-1/-1/-1/-1/-1/-1/1/-1,3,2049 2124 2299
combat_action_sync_attack,16/-1/3/-1/0/0/2/-1/4/2/2/4/-1/CombatAttackSync/-1/-1/-1/-1/-1/-1/4/-1/-1,3,2049 2124 2299
combat_action_sync_attack,16/-1/3/-1/0/0/2/-1/4/2/2/7/-1/CombatAttackSync/-1/-1/-1/-1/-1/-1/7/-1/-1,3,2049 2124 2299
combat_action_sync_attack,16/-1/3/-1/0/0/2/-1/4/3/2/4/-1/CombatAttackSync/-1/-1/-1/-1/-1/-1/4/-1/-1,3,2049 2124 2299
combat_action_sync_attack,16/-1/3/-1/0/0/2/-1/4/3/2/7/-1/CombatAttackSync/-1/-1/-1/-1/-1/-1/7/-1/-1,3,2049 2124 2299
combat_action_sync_attack,16/-1/3/-1/0/0/2/-1/4/4/2/-1/2/CombatAttackSync/-1/-1/-1/-1/-1/-1/-1/1/-1,3,2049 2124 2299
combat_action_sync_attack,16/-1/3/-1/0/0/2/-1/4/4/2/4/-1/CombatAttackSync/-1/-1/-1/-1/-1/-1/4/-1/-1,3,2049 2124 2299
combat_action_sync_attack,16/-1/3/-1/0/0/2/-1/4/4/2/7/-1/CombatAttackSync/-1/-1/-1/-1/-1/-1/7/-1/-1,3,2049 2124 2299
combat_action_sync_attack,16/-1/3/-1/0/0/2/-1/4/5/2/-1/2/CombatAttackSync/-1/-1/-1/-1/-1/-1/-1/1/-1,3,2049 2124 2299
combat_action_sync_attack,16/-1/3/-1/0/0/5/-1/4/3/2/-1/2/CombatAttackSync/-1/-1/-1/-1/-1/-1/-1/1/-1,3,2049 2124 2299
combat_action_sync_attack,16/-1/4/-1/0/0/-1/-1/4/-1/1/-1/2/CombatAttackSync/-1/-1/-1/2/12/-1/12/-1/-1,3,2049 2124 2299
combat_action_sync_attack,16/-1/4/-1/0/0/-1/-1/4/-1/1/0/-1/CombatAttackSync/-1/-1/-1/-1/12/-1/12/-1/-1,3,2049 2124 2299
combat_action_sync_attack,16/-1/4/-1/0/0/-1/-1/4/1/1/-1/-1/CombatAttackSync/-1/-1/-1/-1/-1/1/12/-1/-1,3,2049 2124 2299
combat_action_sync_attack,16/-1/4/-1/0/0/-1/-1/4/1/1/-1/-1/CombatAttackSync/-1/-1/4/-1/4/-1/12/-1/-1,3,2049 2124 2299
combat_action_sync_attack,16/-1/4/-1/0/0/-1/-1/4/1/1/-1/-1/CombatAttackSync/-1/-1/7/-1/7/-1/12/-1/-1,3,2049 2124 2299
combat_action_sync_attack,16/-1/4/-1/0/0/-1/-1/4/1/1/0/-1/CombatAttackSync/-1/-1/-1/-1/-1/1/12/-1/-1,3,2049 2124 2299
combat_action_sync_attack,16/-1/4/-1/0/0/-1/-1/4/1/1/0/-1/CombatAttackSync/-1/-1/4/-1/4/-1/12/-1/-1,3,2049 2124 2299
combat_action_sync_attack,16/-1/4/-1/0/0/-1/-1/4/1/1/0/-1/CombatAttackSync/-1/-1/7/-1/7/-1/12/-1/-1,3,2049 2124 2299
combat_action_sync_attack,16/-1/4/-1/0/0/-1/-1/4/2/1/-1/-1/CombatAttackSync/-1/-1/-1/-1/-1/1/12/-1/-1,3,2049 2124 2299
combat_action_sync_attack,16/-1/4/-1/0/0/-1/-1/4/2/1/-1/-1/CombatAttackSync/-1/-1/4/-1/4/-1/12/-1/-1,3,2049 2124 2299
combat_action_sync_attack,16/-1/4/-1/0/0/-1/-1/4/2/1/-1/-1/CombatAttackSync/-1/-1/7/-1/7/-1/12/-1/-1,3,2049 2124 2299
combat_action_sync_attack,16/-1/4/-1/0/0/-1/-1/4/2/1/0/-1/CombatAttackSync/-1/-1/-1/-1/-1/1/12/-1/-1,3,2049 2124 2299
combat_action_sync_attack,16/-1/4/-1/0/0/-1/-1/4/2/1/0/-1/CombatAttackSync/-1/-1/4/-1/4/-1/12/-1/-1,3,2049 2124 2299
combat_action_sync_attack,16/-1/4/-1/0/0/-1/-1/4/2/1/0/-1/CombatAttackSync/-1/-1/7/-1/7/-1/12/-1/-1,3,2049 2124 2299
combat_action_sync_attack,16/-1/4/-1/0/0/-1/-1/4/3/1/-1/-1/CombatAttackSync/-1/-1/-1/-1/-1/1/12/-1/-1,3,2049 2124 2299
combat_action_sync_attack,16/-1/4/-1/0/0/-1/-1/4/3/1/-1/-1/CombatAttackSync/-1/-1/4/-1/4/-1/12/-1/-1,3,2049 2124 2299
combat_action_sync_attack,16/-1/4/-1/0/0/-1/-1/4/3/1/-1/-1/CombatAttackSync/-1/-1/7/-1/7/-1/12/-1/-1,3,2049 2124 2299
combat_action_sync_attack,16/-1/4/-1/0/0/-1/-1/4/3/1/0/-1/CombatAttackSync/-1/-1/-1/-1/-1/1/12/-1/-1,3,2049 2124 2299
combat_action_sync_attack,16/-1/4/-1/0/0/-1/-1/4/3/1/0/-1/CombatAttackSync/-1/-1/4/-1/4/-1/12/-1/-1,3,2049 2124 2299
combat_action_sync_attack,16/-1/4/-1/0/0/-1/-1/4/3/1/0/-1/CombatAttackSync/-1/-1/7/-1/7/-1/12/-1/-1,3,2049 2124 2299
combat_action_sync_attack,16/-1/4/-1/0/0/-1/-1/4/4/1/-1/-1/CombatAttackSync/-1/-1/-1/-1/-1/1/12/-1/-1,3,2049 2124 2299
combat_action_sync_attack,16/-1/4/-1/0/0/-1/-1/4/4/1/-1/-1/CombatAttackSync/-1/-1/4/-1/4/-1/12/-1/-1,3,2049 2124 2299
combat_action_sync_attack,16/-1/4/-1/0/0/-1/-1/4/4/1/-1/-1/CombatAttackSync/-1/-1/7/-1/7/-1/12/-1/-1,3,2049 2124 2299
combat_action_sync_attack,16/-1/4/-1/0/0/-1/-1/4/4/1/0/-1/CombatAttackSync/-1/-1/-1/-1/-1/1/12/-1/-1,3,2049 2124 2299
combat_action_sync_attack,16/-1/4/-1/0/0/-1/-1/4/4/1/0/-1/CombatAttackSync/-1/-1/4/-1/4/-1/12/-1/-1,3,2049 2124 2299
combat_action_sync_attack,16/-1/4/-1/0/0/-1/-1/4/4/1/0/-1/CombatAttackSync/-1/-1/7/-1/7/-1/12/-1/-1,3,2049 2124 2299
combat_action_sync_attack,16/-1/4/-1/0/0/2/-1/4/1/1/-1/2/CombatAttackSync/-1/-1/-1/-1/-1/-1/-1/1/-1,3,2049 2124 2299
combat_action_sync_attack,16/-1/4/-1/0/0/2/-1/4/1/1/4/-1/CombatAttackSync/-1/-1/-1/-1/-1/-1/4/-1/-1,3,2049 2124 2299
combat_action_sync_attack,16/-1/4/-1/0/0/2/-1/4/1/1/7/-1/CombatAttackSync/-1/-1/-1/-1/-1/-1/7/-1/-1,3,2049 2124 2299
combat_action_sync_attack,16/-1/4/-1/0/0/2/-1/4/2/1/-1/2/CombatAttackSync/-1/-1/-1/-1/-1/-1/-1/1/-1,3,2049 2124 2299
combat_action_sync_attack,16/-1/4/-1/0/0/2/-1/4/3/1/4/-1/CombatAttackSync/-1/-1/-1/-1/-1/-1/4/-1/-1,3,2049 2124 2299
combat_action_sync_attack,16/-1/4/-1/0/0/2/-1/4/3/1/7/-1/CombatAttackSync/-1/-1/-1/-1/-1/-1/7/-1/-1,3,2049 2124 2299
combat_action_sync_attack,16/-1/4/-1/0/0/2/-1/4/5/1/-1/2/CombatAttackSync/-1/-1/-1/-1/-1/-1/-1/1/-1,3,2049 2124 2299
combat_action_sync_attack,16/-1/4/-1/0/0/5/-1/4/3/1/-1/2/CombatAttackSync/-1/-1/-1/-1/-1/-1/-1/1/-1,3,2049 2124 2299
combat_action_sync_attack,16/-1/4/-1/1/0/1/-1/4/2/1/4/-1/CombatAttackSync/-1/-1/-1/-1/-1/-1/-1/-1/-1,3,2049 2124 2299
combat_action_sync_attack,16/-1/4/-1/1/0/1/-1/4/2/1/4/-1/CombatAttackSync/-1/-1/-1/-1/-1/-1/4/-1/-1,3,2049 2124 2299
combat_action_sync_attack,16/-1/4/-1/1/0/1/-1/4/2/1/7/-1/CombatAttackSync/-1/-1/-1/-1/-1/-1/7/-1/-1,3,2049 2124 2299
combat_action_sync_attack,16/-1/4/-1/1/0/1/-1/4/4/1/-1/2/CombatAttackSync/-1/-1/-1/-1/-1/-1/-1/1/-1,3,2049 2124 2299
combat_action_sync_attack,16/-1/4/-1/1/0/1/-1/4/4/1/4/-1/CombatAttackSync/-1/-1/-1/-1/-1/-1/4/-1/-1,3,2049 2124 2299
combat_action_sync_attack,16/-1/4/-1/1/0/1/-1/4/4/1/7/-1/CombatAttackSync/-1/-1/-1/-1/-1/-1/7/-1/-1,3,2049 2124 2299
combat_action_sync_attack,16/-1/4/-1/1/0/1/-1/4/5/1/7/-1/CombatAttackSync/-1/-1/-1/-1/-1/-1/7/-1/-1,3,2049 2124 2299
combat_action_sync_attack,16/-1/4/-1/1/4/-1/1/4/-1/0/-1/-1/CombatAttackSync/-1/-1/-1/-1/-1/-1/12/-1/-1,3,2049 2124 2299
combat_action_sync_attack,16/-1/5/-1/-1/0/2/-1/4/3/0/7/-1/CombatAttackSync/-1/-1/-1/-1/-1/-1/7/-1/-1,3,2049 2124 2299
combat_action_sync_attack,16/-1/5/-1/0/0/-1/-1/4/-1/0/-1/2/CombatAttackSync/-1/-1/-1/2/12/-1/12/-1/-1,3,2049 2124 2299
combat_action_sync_attack,16/-1/5/-1/0/0/-1/-1/4/-1/0/0/-1/CombatAttackSync/-1/-1/-1/-1/12/-1/12/-1/-1,3,2049 2124 2299
combat_action_sync_attack,16/-1/5/-1/0/0/-1/-1/4/1/0/-1/-1/CombatAttackSync/-1/-1/-1/-1/-1/1/12/-1/-1,3,2049 2124 2299
combat_action_sync_attack,16/-1/5/-1/0/0/-1/-1/4/1/0/-1/-1/CombatAttackSync/-1/-1/4/-1/4/-1/12/-1/-1,3,2049 2124 2299
combat_action_sync_attack,16/-1/5/-1/0/0/-1/-1/4/1/0/-1/-1/CombatAttackSync/-1/-1/7/-1/7/-1/12/-1/-1,3,2049 2124 2299
combat_action_sync_attack,16/-1/5/-1/0/0/-1/-1/4/1/0/0/-1/CombatAttackSync/-1/-1/-1/-1/-1/1/12/-1/-1,3,2049 2124 2299
combat_action_sync_attack,16/-1/5/-1/0/0/-1/-1/4/1/0/0/-1/CombatAttackSync/-1/-1/4/-1/4/-1/12/-1/-1,3,2049 2124 2299
combat_action_sync_attack,16/-1/5/-1/0/0/-1/-1/4/1/0/0/-1/CombatAttackSync/-1/-1/7/-1/7/-1/12/-1/-1,3,2049 2124 2299
combat_action_sync_attack,16/-1/5/-1/0/0/-1/-1/4/3/0/-1/-1/CombatAttackSync/-1/-1/-1/-1/-1/1/12/-1/-1,3,2049 2124 2299
combat_action_sync_attack,16/-1/5/-1/0/0/-1/-1/4/3/0/-1/-1/CombatAttackSync/-1/-1/4/-1/4/-1/12/-1/-1,3,2049 2124 2299
combat_action_sync_attack,16/-1/5/-1/0/0/-1/-1/4/3/0/-1/-1/CombatAttackSync/-1/-1/7/-1/7/-1/12/-1/-1,3,2049 2124 2299
combat_action_sync_attack,16/-1/5/-1/0/0/-1/-1/4/3/0/0/-1/CombatAttackSync/-1/-1/-1/-1/-1/1/12/-1/-1,3,2049 2124 2299
combat_action_sync_attack,16/-1/5/-1/0/0/-1/-1/4/3/0/0/-1/CombatAttackSync/-1/-1/4/-1/4/-1/12/-1/-1,3,2049 2124 2299
combat_action_sync_attack,16/-1/5/-1/0/0/-1/-1/4/3/0/0/-1/CombatAttackSync/-1/-1/7/-1/7/-1/12/-1/-1,3,2049 2124 2299
combat_action_sync_attack,16/-1/5/-1/0/0/2/-1/4/1/0/-1/2/CombatAttackSync/-1/-1/-1/-1/-1/-1/-1/1/-1,3,2049 2124 2299
combat_action_sync_attack,16/-1/5/-1/0/0/2/-1/4/1/0/4/-1/CombatAttackSync/-1/-1/-1/-1/-1/-1/4/-1/-1,3,2049 2124 2299
combat_action_sync_attack,16/-1/5/-1/0/0/2/-1/4/1/0/7/-1/CombatAttackSync/-1/-1/-1/-1/-1/-1/7/-1/-1,3,2049 2124 2299
combat_action_sync_attack,16/-1/5/-1/0/0/2/-1/4/3/0/4/-1/CombatAttackSync/-1/-1/-1/-1/-1/-1/4/-1/-1,3,2049 2124 2299
combat_action_sync_attack,16/-1/5/-1/1/0/-1/-1/4/2/0/-1/-1/CombatAttackSync/-1/-1/-1/-1/-1/1/12/-1/-1,3,2049 2124 2299
combat_action_sync_attack,16/-1/5/-1/1/0/-1/-1/4/2/0/-1/-1/CombatAttackSync/-1/-1/4/-1/4/-1/12/-1/-1,3,2049 2124 2299
combat_action_sync_attack,16/-1/5/-1/1/0/-1/-1/4/2/0/-1/-1/CombatAttackSync/-1/-1/7/-1/7/-1/12/-1/-1,3,2049 2124 2299
combat_action_sync_attack,16/-1/5/-1/1/0/-1/-1/4/2/0/0/-1/CombatAttackSync/-1/-1/-1/-1/-1/1/12/-1/-1,3,2049 2124 2299
combat_action_sync_attack,16/-1/5/-1/1/0/-1/-1/4/2/0/0/-1/CombatAttackSync/-1/-1/4/-1/4/-1/12/-1/-1,3,2049 2124 2299
combat_action_sync_attack,16/-1/5/-1/1/0/-1/-1/4/2/0/0/-1/CombatAttackSync/-1/-1/7/-1/7/-1/12/-1/-1,3,2049 2124 2299
combat_action_sync_attack,16/-1/5/-1/1/0/-1/-1/4/4/0/-1/-1/CombatAttackSync/-1/-1/-1/-1/-1/1/12/-1/-1,3,2049 2124 2299
combat_action_sync_attack,16/-1/5/-1/1/0/-1/-1/4/4/0/-1/-1/CombatAttackSync/-1/-1/4/-1/4/-1/12/-1/-1,3,2049 2124 2299
combat_action_sync_attack,16/-1/5/-1/1/0/-1/-1/4/4/0/-1/-1/CombatAttackSync/-1/-1/7/-1/7/-1/12/-1/-1,3,2049 2124 2299
combat_action_sync_attack,16/-1/5/-1/1/0/-1/-1/4/4/0/0/-1/CombatAttackSync/-1/-1/-1/-1/-1/1/12/-1/-1,3,2049 2124 2299
combat_action_sync_attack,16/-1/5/-1/1/0/-1/-1/4/4/0/0/-1/CombatAttackSync/-1/-1/4/-1/4/-1/12/-1/-1,3,2049 2124 2299
combat_action_sync_attack,16/-1/5/-1/1/0/-1/-1/4/4/0/0/-1/CombatAttackSync/-1/-1/7/-1/7/-1/12/-1/-1,3,2049 2124 2299
combat_action_sync_attack,16/-1/5/-1/1/0/1/-1/4/2/0/4/-1/CombatAttackSync/-1/-1/-1/-1/-1/-1/-1/-1/-1,3,2049 2124 2299
combat_action_sync_attack,16/-1/5/-1/1/0/1/-1/4/2/0/4/-1/CombatAttackSync/-1/-1/-1/-1/-1/-1/4/-1/-1,3,2049 2124 2299
combat_action_sync_attack,16/-1/5/-1/1/0/1/-1/4/2/0/7/-1/CombatAttackSync/-1/-1/-1/-1/-1/-1/7/-1/-1,3,2049 2124 2299
combat_action_sync_attack,16/-1/5/-1/1/0/1/-1/4/4/0/4/-1/CombatAttackSync/-1/-1/-1/-1/-1/-1/4/-1/-1,3,2049 2124 2299
combat_action_sync_attack,16/-1/5/-1/1/0/1/-1/4/4/0/7/-1/CombatAttackSync/-1/-1/-1/-1/-1/-1/7/-1/-1,3,2049 2124 2299
combat_action_sync_attack,16/-1/5/-1/1/0/1/-1/4/5/0/7/-1/CombatAttackSync/-1/-1/-1/-1/-1/-1/7/-1/-1,3,2049 2124 2299
combat_action_sync_attack,16/-1/5/-1/1/0/3/-1/4/2/0/-1/2/CombatAttackSync/-1/-1/-1/-1/-1/-1/-1/1/-1,3,2049 2124 2299
combat_action_sync_attack,16/-1/5/-1/1/0/3/-1/4/4/0/-1/2/CombatAttackSync/-1/-1/-1/-1/-1/-1/-1/1/-1,3,2049 2124 2299
combat_action_sync_attack,16/-1/5/-1/1/0/3/-1/4/5/0/-1/2/CombatAttackSync/-1/-1/-1/-1/-1/-1/-1/1/-1,3,2049 2124 2299
combat_action_sync_attack,16/-1/5/-1/1/4/-1/1/4/-1/1/-1/-1/CombatAttackSync/-1/-1/-1/-1/-1/-1/12/-1/-1,3,2049 2124 2299
combat_action_sync_attack,16/-1/8/-1/-1/0/-1/-1/0/-1/1/-1/-1/CombatAttackSync/-1/-1/-1/-1/-1/-1/-1/-1/-1,3,2049 2124 2299
combat_action_sync_attack,16/-1/8/-1/-1/0/-1/-1/0/-1/1/-1/-1/CombatAttackSync/-1/-1/-1/-1/-1/-1/-1/-1/6,3,2049 2124 2299
combat_action_sync_attack,16/-1/8/-1/-1/0/-1/-1/0/-1/1/-1/-1/CombatAttackSync/-1/-1/-1/-1/-1/-1/-1/-1/7,3,2049 2124 2299
combat_action_sync_attack,16/-1/8/-1/-1/0/-1/-1/0/-1/1/-1/-1/CombatAttackSync/-1/0/-1/-1/-1/-1/-1/-1/7,3,2049 2124 2299
combat_action_sync_attack,16/-1/8/-1/-1/0/-1/-1/0/-1/1/-1/-1/CombatAttackSync/-1/1/-1/-1/-1/-1/-1/-1/7,3,2049 2124 2299
combat_action_sync_attack,16/-1/8/-1/-1/4/-1/-1/0/-1/1/-1/-1/CombatAttackSync/-1/0/-1/-1/-1/-1/-1/-1/6,3,2049 2124 2299
combat_action_sync_attack,16/-1/8/-1/-1/4/-1/-1/0/-1/1/-1/-1/CombatAttackSync/-1/1/-1/-1/-1/-1/-1/-1/6,3,2049 2124 2299
combat_action_sync_attack,16/-1/9/-1/-1/0/-1/-1/4/-1/2/-1/-1/CombatAttackSync/-1/1/-1/-1/-1/-1/-1/-1/-1,3,2049 2124 2299
combat_action_sync_attack,18/-1/0/-1/0/0/2/0/0/5/-1/4/-1/CombatAttackCombo/-1/-1/-1/-1/-1/-1/4/-1/-1,3,2124 2294 2299
combat_action_sync_attack,18/-1/0/-1/0/0/2/1/0/5/-1/-1/2/CombatAttackCombo/-1/-1/-1/-1/-1/-1/-1/1/-1,3,2124 2294 2299
combat_action_sync_attack,18/-1/0/-1/0/0/2/1/0/5/-1/4/-1/CombatAttackCombo/-1/-1/-1/-1/-1/-1/4/-1/-1,3,2124 2294 2299
combat_action_sync_attack,18/-1/0/-1/0/0/2/1/0/5/-1/8/-1/CombatAttackCombo/-1/-1/-1/-1/-1/-1/-1/1/-1,3,2124 2294 2299
combat_action_sync_attack,18/-1/0/-1/0/0/5/0/0/5/-1/-1/2/CombatAttackCombo/-1/-1/-1/-1/-1/-1/-1/1/-1,3,2124 2294 2299
combat_action_sync_attack,18/-1/1/-1/-1/0/2/-1/0/2/-1/4/-1/CombatAttackCombo/-1/-1/-1/-1/-1/-1/4/-1/-1,3,2124 2294 2299
combat_action_sync_attack,18/-1/1/-1/-1/0/2/-1/0/4/-1/4/-1/CombatAttackCombo/-1/-1/-1/-1/-1/-1/4/-1/-1,3,2124 2294 2299
combat_action_sync_attack,18/-1/1/-1/0/0/2/-1/0/1/-1/4/-1/CombatAttackCombo/-1/-1/-1/-1/-1/-1/4/-1/-1,3,2124 2294 2299
combat_action_sync_attack,18/-1/1/-1/0/0/2/-1/0/1/-1/8/-1/CombatAttackCombo/-1/-1/-1/-1/-1/-1/-1/1/-1,3,2124 2294 2299
combat_action_sync_attack,18/-1/1/-1/0/0/2/-1/0/2/-1/-1/2/CombatAttackCombo/-1/-1/-1/-1/-1/-1/-1/1/-1,3,2124 2294 2299
combat_action_sync_attack,18/-1/1/-1/0/0/2/-1/0/2/-1/8/-1/CombatAttackCombo/-1/-1/-1/-1/-1/-1/-1/1/-1,3,2124 2294 2299
combat_action_sync_attack,18/-1/1/-1/0/0/2/-1/0/3/-1/4/-1/CombatAttackCombo/-1/-1/-1/-1/-1/-1/4/-1/-1,3,2124 2294 2299
combat_action_sync_attack,18/-1/1/-1/0/0/2/-1/0/3/-1/8/-1/CombatAttackCombo/-1/-1/-1/-1/-1/-1/-1/1/-1,3,2124 2294 2299
combat_action_sync_attack,18/-1/1/-1/0/0/2/-1/0/4/-1/-1/2/CombatAttackCombo/-1/-1/-1/-1/-1/-1/-1/1/-1,3,2124 2294 2299
combat_action_sync_attack,18/-1/1/-1/0/0/2/-1/0/4/-1/8/-1/CombatAttackCombo/-1/-1/-1/-1/-1/-1/-1/1/-1,3,2124 2294 2299
combat_action_sync_attack,18/-1/1/-1/0/0/5/-1/0/1/-1/-1/2/CombatAttackCombo/-1/-1/-1/-1/-1/-1/-1/1/-1,3,2124 2294 2299
combat_action_sync_attack,18/-1/1/-1/1/0/3/-1/0/3/-1/-1/2/CombatAttackCombo/-1/-1/-1/-1/-1/-1/-1/1/-1,3,2124 2294 2299
combat_action_sync_attack,18/-1/4/-1/0/0/0/0/0/5/-1/-1/2/CombatAttackCombo/-1/-1/-1/-1/-1/-1/12/-1/-1,3,2049 2124 2299
combat_action_sync_attack,18/-1/4/-1/1/0/0/1/0/5/-1/-1/2/CombatAttackCombo/-1/-1/-1/-1/-1/-1/12/-1/-1,3,2049 2124 2299
combat_action_sync_attack,18/-1/6/-1/0/0/0/0/0/0/-1/-1/2/CombatAttackCombo/-1/-1/-1/-1/-1/-1/12/-1/-1,3,2049 2124 2299
combat_action_sync_attack,18/-1/6/-1/1/0/0/1/0/0/-1/-1/2/CombatAttackCombo/-1/-1/-1/-1/-1/-1/12/-1/-1,3,2049 2124 2299
combat_action_sync_attack,18/-1/7/-1/0/0/0/0/0/0/-1/-1/2/CombatAttackCombo/-1/-1/-1/-1/-1/-1/12/-1/-1,3,2049 2124 2299
combat_action_sync_attack,18/-1/7/-1/1/0/0/1/0/0/-1/-1/2/CombatAttackCombo/-1/-1/-1/-1/-1/-1/12/-1/-1,3,2049 2124 2299
combat_action_sync_attack,28/-1/0/-1/-1/12/-1/-1/5/-1/-1/-1/-1/CombatStealthAttackSuccess/-1/-1/-1/-1/-1/-1/-1/-1/-1,3,2049 2124 2299
combat_action_sync_attack,28/-1/0/-1/-1/12/-1/-1/5/-1/-1/12/-1/CombatStealthAttackSuccess/-1/-1/-1/-1/-1/-1/12/-1/-1,3,2049 2124 2299
combat_action_sync_attack,28/-1/0/-1/-1/15/-1/-1/10/-1/-1/-1/-1/CombatStealthAttackSuccess/-1/-1/-1/-1/-1/-1/-1/-1/4,3,2049 2124 2299
combat_action_sync_attack,28/-1/0/-1/-1/15/-1/-1/10/-1/-1/-1/-1/CombatStealthAttackSuccess/-1/-1/-1/-1/-1/-1/-1/-1/5,3,2049 2124 2299
combat_action_sync_attack,28/-1/0/-1/-1/15/-1/-1/10/-1/-1/12/-1/CombatStealthAttackSuccess/-1/-1/-1/-1/-1/-1/12/-1/4,3,2049 2124 2299
combat_action_sync_attack,28/-1/0/-1/-1/15/-1/-1/10/-1/-1/12/-1/CombatStealthAttackSuccess/-1/-1/-1/-1/-1/-1/12/-1/5,3,2049 2124 2299
combat_action_sync_attack,28/-1/0/-1/-1/15/-1/-1/11/-1/-1/-1/-1/CombatStealthAttackSuccess/-1/-1/-1/-1/-1/-1/-1/-1/4,3,2049 2124 2299
combat_action_sync_attack,28/-1/0/-1/-1/15/-1/-1/11/-1/-1/-1/-1/CombatStealthAttackSuccess/-1/-1/-1/-1/-1/-1/-1/-1/5,3,2049 2124 2299
combat_action_sync_attack,28/-1/0/-1/-1/15/-1/-1/11/-1/-1/12/-1/CombatStealthAttackSuccess/-1/-1/-1/-1/-1/-1/12/-1/4,3,2049 2124 2299
combat_action_sync_attack,28/-1/0/-1/-1/15/-1/-1/11/-1/-1/12/-1/CombatStealthAttackSuccess/-1/-1/-1/-1/-1/-1/12/-1/5,3,2049 2124 2299
combat_action_sync_attack,28/-1/0/-1/-1/15/-1/-1/20/-1/-1/-1/-1/CombatStealthAttackSuccess/-1/-1/-1/-1/-1/-1/-1/-1/-1,3,2049 2124 2299
combat_action_sync_attack,28/-1/0/-1/-1/15/-1/-1/20/-1/-1/12/-1/CombatStealthAttackSuccess/-1/-1/-1/-1/-1/-1/12/-1/-1,3,2049 2124 2299
combat_action_sync_attack,28/-1/0/-1/-1/15/-1/-1/21/-1/-1/-1/-1/CombatStealthAttackSuccess/-1/-1/-1/-1/-1/-1/-1/-1/-1,3,2049 2124 2299
combat_action_sync_attack,28/-1/0/-1/-1/15/-1/-1/21/-1/-1/12/-1/CombatStealthAttackSuccess/-1/-1/-1/-1/-1/-1/12/-1/-1,3,2049 2124 2299
combat_action_sync_attack,28/-1/0/-1/-1/15/-1/-1/22/-1/-1/-1/-1/CombatStealthAttackSuccess/-1/-1/-1/-1/-1/-1/-1/-1/-1,3,2049 2124 2299
combat_action_sync_attack,28/-1/0/-1/-1/15/-1/-1/6/-1/-1/-1/-1/CombatStealthAttackSuccess/-1/-1/-1/-1/-1/-1/-1/-1/-1,3,2049 2124 2299
combat_action_sync_attack,28/-1/0/-1/-1/15/-1/-1/6/-1/-1/12/-1/CombatStealthAttackSuccess/-1/-1/-1/-1/-1/-1/12/-1/-1,3,2049 2124 2299
combat_action_sync_attack,28/-1/0/-1/-1/15/-1/-1/8/-1/-1/-1/-1/CombatStealthAttackSuccess/-1/-1/-1/-1/-1/-1/-1/-1/4,3,2049 2124 2299
combat_action_sync_attack,28/-1/0/-1/-1/15/-1/-1/8/-1/-1/-1/-1/CombatStealthAttackSuccess/-1/-1/-1/-1/-1/-1/-1/-1/5,3,2049 2124 2299
combat_action_sync_attack,28/-1/0/-1/-1/15/-1/-1/8/-1/-1/12/-1/CombatStealthAttackSuccess/-1/-1/-1/-1/-1/-1/12/-1/4,3,2049 2124 2299
combat_action_sync_attack,28/-1/0/-1/-1/15/-1/-1/8/-1/-1/12/-1/CombatStealthAttackSuccess/-1/-1/-1/-1/-1/-1/12/-1/5,3,2049 2124 2299
combat_action_sync_attack,28/-1/0/-1/-1/15/-1/-1/9/-1/-1/-1/-1/CombatStealthAttackSuccess/-1/-1/-1/-1/-1/-1/-1/-1/4,3,2049 2124 2299
combat_action_sync_attack,28/-1/0/-1/-1/15/-1/-1/9/-1/-1/-1/-1/CombatStealthAttackSuccess/-1/-1/-1/-1/-1/-1/-1/-1/5,3,2049 2124 2299
combat_action_sync_attack,28/-1/0/-1/-1/15/-1/-1/9/-1/-1/12/-1/CombatStealthAttackSuccess/-1/-1/-1/-1/-1/-1/12/-1/4,3,2049 2124 2299
combat_action_sync_attack,28/-1/0/-1/-1/15/-1/-1/9/-1/-1/12/-1/CombatStealthAttackSuccess/-1/-1/-1/-1/-1/-1/12/-1/5,3,2049 2124 2299
combat_action_sync_attack,29/-1/3/-1/-1/0/-1/-1/5/-1/-1/-1/-1/CombatStealthAttackFail/-1/-1/-1/-1/-1/-1/-1/-1/-1,3,2049 2124 2299
combat_action_sync_attack,29/-1/3/-1/-1/0/-1/-1/5/-1/-1/12/-1/CombatStealthAttackFail/-1/-1/-1/-1/-1/-1/12/-1/-1,3,2049 2124 2299
combat_action_sync_attack,48/-1/3/3/0/0/-1/-1/0/-1/-1/-1/-1/HorseCombatAttackSync/-1/-1/-1/-1/-1/-1/-1/1/-1,3,2049 2124 2299
combat_action_sync_attack,48/-1/3/3/0/0/-1/-1/0/-1/-1/-1/-1/HorseCombatAttackSync/-1/-1/-1/-1/-1/-1/12/-1/-1,3,2049 2124 2299
combat_action_sync_attack,48/-1/3/3/0/0/-1/-1/0/-1/-1/4/-1/HorseCombatAttackSync/-1/-1/-1/-1/-1/-1/4/-1/-1,3,2049 2124 2299
combat_action_sync_attack,48/-1/3/3/0/0/-1/-1/0/-1/-1/7/-1/HorseCombatAttackSync/-1/-1/-1/-1/-1/-1/7/-1/-1,3,2049 2124 2299
combat_action_sync_attack,48/-1/3/3/0/0/-1/-1/0/-1/-1/8/-1/HorseCombatAttackSync/-1/-1/-1/-1/-1/-1/-1/1/-1,3,2049 2124 2299
combat_action_sync_attack,48/-1/3/4/0/0/-1/-1/0/-1/-1/-1/-1/HorseCombatAttackSync/-1/-1/-1/-1/-1/-1/-1/1/-1,3,2049 2124 2299
combat_action_sync_attack,48/-1/3/4/0/0/-1/-1/0/-1/-1/-1/-1/HorseCombatAttackSync/-1/-1/-1/-1/-1/-1/12/-1/-1,3,2049 2124 2299
combat_action_sync_attack,48/-1/3/4/0/0/-1/-1/0/-1/-1/4/-1/HorseCombatAttackSync/-1/-1/-1/-1/-1/-1/4/-1/-1,3,2049 2124 2299
combat_action_sync_attack,48/-1/3/4/0/0/-1/-1/0/-1/-1/7/-1/HorseCombatAttackSync/-1/-1/-1/-1/-1/-1/7/-1/-1,3,2049 2124 2299
combat_action_sync_attack,48/-1/3/4/0/0/-1/-1/0/-1/-1/8/-1/HorseCombatAttackSync/-1/-1/-1/-1/-1/-1/-1/1/-1,3,2049 2124 2299
combat_action_sync_attack,51/-1/1/-1/-1/0/0/-1/0/-1/1/4/-1/CombatStopMaster/-1/-1/7/-1/7/-1/4/-1/2,3,2049 2124 2299
combat_action_sync_attack,51/-1/1/-1/-1/0/1/-1/0/-1/1/-1/-1/CombatStopMaster/-1/-1/-1/-1/4/1/-1/-1/1,3,2049 2124 2299
combat_action_sync_attack,51/-1/1/-1/-1/0/1/-1/0/-1/1/-1/-1/CombatStopMaster/-1/-1/8/-1/-1/1/-1/-1/1,3,2049 2124 2299
combat_action_sync_attack,51/-1/1/-1/-1/0/1/-1/0/-1/1/-1/2/CombatStopMaster/-1/-1/-1/-1/-1/1/-1/1/1,3,2049 2124 2299
combat_action_sync_attack,51/-1/1/-1/-1/0/1/-1/0/-1/1/-1/2/CombatStopMaster/-1/-1/7/-1/7/-1/-1/1/1,3,2049 2124 2299
combat_action_sync_attack,51/-1/1/-1/-1/0/1/-1/0/-1/1/4/-1/CombatStopMaster/-1/-1/-1/-1/-1/1/4/-1/1,3,2049 2124 2299
combat_action_sync_attack,51/-1/1/-1/-1/0/1/-1/0/-1/1/4/-1/CombatStopMaster/-1/-1/4/-1/4/-1/4/-1/1,3,2049 2124 2299
combat_action_sync_attack,51/-1/1/-1/-1/0/1/-1/0/-1/1/4/-1/CombatStopMaster/-1/-1/7/-1/7/-1/4/-1/1,3,2049 2124 2299
combat_action_sync_attack,51/-1/1/-1/-1/0/1/-1/0/-1/1/4/-1/CombatStopMaster/-1/-1/8/-1/-1/-1/4/-1/1,3,2049 2124 2299
combat_action_sync_attack,51/-1/1/-1/-1/0/1/-1/0/-1/1/8/-1/CombatStopMaster/-1/-1/-1/-1/-1/1/-1/-1/1,3,2049 2124 2299
combat_action_sync_attack,51/-1/1/-1/-1/0/1/-1/0/-1/1/8/-1/CombatStopMaster/-1/-1/4/-1/4/-1/-1/-1/1,3,2049 2124 2299
combat_action_sync_attack,51/-1/1/-1/-1/0/1/-1/0/-1/1/8/-1/CombatStopMaster/-1/-1/7/-1/7/-1/-1/-1/1,3,2049 2124 2299
combat_action_sync_attack,51/-1/1/-1/-1/0/1/-1/0/-1/1/8/-1/CombatStopMaster/-1/-1/8/-1/-1/-1/-1/-1/1,3,2049 2124 2299
combat_action_sync_attack,51/-1/1/-1/-1/0/2/-1/0/-1/1/-1/-1/CombatStopMaster/-1/-1/8/-1/-1/1/-1/-1/2,3,2049 2124 2299
combat_action_sync_attack,51/-1/1/-1/-1/0/2/-1/0/-1/1/-1/2/CombatStopMaster/-1/-1/-1/-1/-1/1/-1/1/2,3,2049 2124 2299
combat_action_sync_attack,51/-1/1/-1/-1/0/2/-1/0/-1/1/-1/2/CombatStopMaster/-1/-1/7/-1/7/-1/-1/1/2,3,2049 2124 2299
combat_action_sync_attack,51/-1/1/-1/-1/0/2/-1/0/-1/1/7/-1/CombatStopMaster/-1/-1/-1/-1/12/-1/7/-1/1,3,2049 2124 2299
combat_action_sync_attack,51/-1/1/-1/-1/0/2/-1/0/-1/1/7/-1/CombatStopMaster/-1/-1/-1/-1/12/-1/7/-1/2,3,2049 2124 2299
combat_action_sync_attack,51/-1/1/-1/-1/0/2/-1/0/-1/1/7/-1/CombatStopMaster/-1/-1/-1/2/-1/1/7/-1/3,3,2049 2124 2299
combat_action_sync_attack,51/-1/1/-1/-1/0/2/-1/0/-1/1/7/-1/CombatStopMaster/-1/-1/4/-1/4/-1/7/-1/3,3,2049 2124 2299
combat_action_sync_attack,51/-1/1/-1/-1/0/2/-1/0/-1/1/7/-1/CombatStopMaster/-1/-1/7/-1/7/-1/7/-1/3,3,2049 2124 2299
combat_action_sync_attack,51/-1/1/-1/-1/0/2/-1/0/-1/1/7/-1/CombatStopMaster/-1/-1/8/-1/-1/1/7/-1/3,3,2049 2124 2299
combat_action_sync_attack,51/-1/1/-1/-1/0/2/-1/0/-1/1/8/-1/CombatStopMaster/-1/-1/7/-1/7/-1/-1/-1/2,3,2049 2124 2299
combat_action_sync_attack,51/-1/1/-1/-1/0/3/-1/0/-1/1/7/-1/CombatStopMaster/-1/-1/-1/-1/12/-1/7/-1/3,3,2049 2124 2299
combat_action_sync_attack,51/-1/1/-1/-1/0/3/-1/0/-1/1/7/-1/CombatStopMaster/-1/-1/-1/2/-1/1/7/-1/1,3,2049 2124 2299
combat_action_sync_attack,51/-1/1/-1/-1/0/3/-1/0/-1/1/7/-1/CombatStopMaster/-1/-1/4/-1/4/-1/7/-1/1,3,2049 2124 2299
combat_action_sync_attack,51/-1/1/-1/-1/0/3/-1/0/-1/1/7/-1/CombatStopMaster/-1/-1/7/-1/7/-1/7/-1/1,3,2049 2124 2299
combat_action_sync_attack,51/-1/1/-1/-1/0/3/-1/0/-1/1/7/-1/CombatStopMaster/-1/-1/8/-1/-1/1/7/-1/1,3,2049 2124 2299
combat_action_sync_attack,51/-1/1/-1/-1/0/4/-1/0/-1/1/-1/-1/CombatStopMaster/-1/-1/-1/-1/4/1/-1/-1/2,3,2049 2124 2299
combat_action_sync_attack,51/-1/1/-1/-1/0/4/-1/0/-1/1/-1/2/CombatStopMaster/-1/-1/-1/-1/12/-1/-1/1/1,3,2049 2124 2299
combat_action_sync_attack,51/-1/1/-1/-1/0/4/-1/0/-1/1/-1/2/CombatStopMaster/-1/-1/-1/-1/12/-1/-1/1/2,3,2049 2124 2299
combat_action_sync_attack,51/-1/1/-1/-1/0/4/-1/0/-1/1/-1/2/CombatStopMaster/-1/-1/-1/-1/12/-1/-1/1/3,3,2049 2124 2299
combat_action_sync_attack,51/-1/1/-1/-1/0/4/-1/0/-1/1/4/-1/CombatStopMaster/-1/-1/-1/-1/-1/1/4/-1/2,3,2049 2124 2299
combat_action_sync_attack,51/-1/1/-1/-1/0/4/-1/0/-1/1/4/-1/CombatStopMaster/-1/-1/12/-1/12/-1/4/-1/1,3,2049 2124 2299
combat_action_sync_attack,51/-1/1/-1/-1/0/4/-1/0/-1/1/4/-1/CombatStopMaster/-1/-1/12/-1/12/-1/4/-1/2,3,2049 2124 2299
combat_action_sync_attack,51/-1/1/-1/-1/0/4/-1/0/-1/1/4/-1/CombatStopMaster/-1/-1/12/-1/12/-1/4/-1/3,3,2049 2124 2299
combat_action_sync_attack,51/-1/1/-1/-1/0/4/-1/0/-1/1/4/-1/CombatStopMaster/-1/-1/4/-1/4/-1/4/-1/2,3,2049 2124 2299
combat_action_sync_attack,51/-1/1/-1/-1/0/4/-1/0/-1/1/4/-1/CombatStopMaster/-1/-1/8/-1/-1/-1/4/-1/2,3,2049 2124 2299
combat_action_sync_attack,51/-1/1/-1/-1/0/4/-1/0/-1/1/7/-1/CombatStopMaster/-1/-1/-1/2/-1/1/7/-1/2,3,2049 2124 2299
combat_action_sync_attack,51/-1/1/-1/-1/0/4/-1/0/-1/1/7/-1/CombatStopMaster/-1/-1/4/-1/4/-1/7/-1/2,3,2049 2124 2299
combat_action_sync_attack,51/-1/1/-1/-1/0/4/-1/0/-1/1/7/-1/CombatStopMaster/-1/-1/7/-1/7/-1/7/-1/2,3,2049 2124 2299
combat_action_sync_attack,51/-1/1/-1/-1/0/4/-1/0/-1/1/7/-1/CombatStopMaster/-1/-1/8/-1/-1/1/7/-1/2,3,2049 2124 2299
combat_action_sync_attack,51/-1/1/-1/-1/0/4/-1/0/-1/1/8/-1/CombatStopMaster/-1/-1/-1/-1/-1/1/-1/-1/2,3,2049 2124 2299
combat_action_sync_attack,51/-1/1/-1/-1/0/4/-1/0/-1/1/8/-1/CombatStopMaster/-1/-1/-1/-1/12/-1/-1/1/1,3,2049 2124 2299
combat_action_sync_attack,51/-1/1/-1/-1/0/4/-1/0/-1/1/8/-1/CombatStopMaster/-1/-1/-1/-1/12/-1/-1/1/2,3,2049 2124 2299
combat_action_sync_attack,51/-1/1/-1/-1/0/4/-1/0/-1/1/8/-1/CombatStopMaster/-1/-1/-1/-1/12/-1/-1/1/3,3,2049 2124 2299
combat_action_sync_attack,51/-1/1/-1/-1/0/4/-1/0/-1/1/8/-1/CombatStopMaster/-1/-1/4/-1/4/-1/-1/-1/2,3,2049 2124 2299
combat_action_sync_attack,51/-1/1/-1/-1/0/4/-1/0/-1/1/8/-1/CombatStopMaster/-1/-1/8/-1/-1/-1/-1/-1/2,3,2049 2124 2299
combat_action_sync_attack,51/-1/3/-1/-1/0/-1/-1/0/-1/1/-1/-1/CombatStopMaster/-1/-1/-1/-1/12/-1/12/-1/1,3,2049 2124 2299
combat_action_sync_attack,51/-1/3/-1/-1/0/-1/-1/0/-1/1/-1/-1/CombatStopMaster/-1/-1/-1/-1/12/-1/12/-1/2,3,2049 2124 2299
combat_action_sync_attack,51/-1/3/-1/-1/0/-1/-1/0/-1/1/-1/-1/CombatStopMaster/-1/-1/-1/-1/12/-1/12/-1/3,3,2049 2124 2299
combat_action_sync_attack,51/-1/3/-1/-1/0/-1/-1/0/-1/1/-1/-1/CombatStopMaster/-1/-1/4/-1/4/-1/12/-1/1,3,2049 2124 2299
combat_action_sync_attack,51/-1/3/-1/-1/0/-1/-1/0/-1/1/-1/-1/CombatStopMaster/-1/-1/4/-1/4/-1/12/-1/2,3,2049 2124 2299
combat_action_sync_attack,51/-1/3/-1/-1/0/-1/-1/0/-1/1/-1/-1/CombatStopMaster/-1/-1/4/-1/4/-1/12/-1/3,3,2049 2124 2299
combat_action_sync_attack,51/-1/3/-1/-1/0/-1/-1/0/-1/1/-1/-1/CombatStopMaster/-1/-1/7/-1/7/-1/12/-1/1,3,2049 2124 2299
combat_action_sync_attack,51/-1/3/-1/-1/0/-1/-1/0/-1/1/-1/-1/CombatStopMaster/-1/-1/7/-1/7/-1/12/-1/2,3,2049 2124 2299
combat_action_sync_attack,51/-1/3/-1/-1/0/-1/-1/0/-1/1/-1/-1/CombatStopMaster/-1/-1/7/-1/7/-1/12/-1/3,3,2049 2124 2299
combat_action_sync_attack,51/-1/3/-1/-1/0/-1/-1/0/-1/1/-1/2/CombatStopMaster/-1/-1/-1/-1/-1/1/12/-1/1,3,2049 2124 2299
combat_action_sync_attack,51/-1/3/-1/-1/0/-1/-1/0/-1/1/-1/2/CombatStopMaster/-1/-1/-1/-1/-1/1/12/-1/2,3,2049 2124 2299
combat_action_sync_attack,51/-1/3/-1/-1/0/-1/-1/0/-1/1/-1/2/CombatStopMaster/-1/-1/-1/-1/-1/1/12/-1/3,3,2049 2124 2299
combat_action_sync_attack,51/-1/3/-1/-1/0/-1/-1/0/-1/1/-1/2/CombatStopMaster/-1/-1/8/-1/-1/1/12/-1/1,3,2049 2124 2299
combat_action_sync_attack,51/-1/3/-1/-1/0/-1/-1/0/-1/1/-1/2/CombatStopMaster/-1/-1/8/-1/-1/1/12/-1/2,3,2049 2124 2299
combat_action_sync_attack,51/-1/3/-1/-1/0/-1/-1/0/-1/1/-1/2/CombatStopMaster/-1/-1/8/-1/-1/1/12/-1/3,3,2049 2124 2299
equippable_item,406c92ad-4c17-25d7-84d7-28500800f59e,3,883 1839 2124
equippable_item,41b3cfda-0a6c-c009-9482-4c78ea2f1980,3,883 1839 2124
equippable_item,41f6e46c-bca6-16da-169a-f0c8f1a6e2ab,3,651 1839 2124
equippable_item,42a14b38-295a-a659-3e43-c1684a5dfa88,3,883 1839 2124
equippable_item,4353f1e8-e0c6-30a6-c5e8-5b76a22093a0,3,883 1839 2124
equippable_item,4f7a8fa9-6701-df14-8a95-1166c9de20a3,3,883 1839 2124
food,03e91be6-691f-4f54-9b1e-a74f86c3bd1d,3,2011 2124 2299
food,17b042bc-2064-441a-9127-4b4ba9c6a878,3,1483 1639 2299
food,1afb192c-f3d9-4ac2-a261-623d56d70b7e,3,2011 2124 2299
food,1d8ffd19-af12-4bd7-8afd-43b9b0348ade,3,2124 2299 2345
food,2140f040-4d49-4403-9137-5e1bf29dbe15,3,2124 2299 2345
food,42e54d97-6e63-4e50-a09d-325ef4dd2286,3,765 2124 2299
food,601f9ff2-0413-40c9-b443-9695aafa71a5,3,651 2124 2299
food,675288ca-b644-4694-9874-90c5ca7e38e0,3,1483 1639 2299
food,94f31361-094b-4f8a-ad6c-dbf357c98d74,3,2124 2299 2345
food,9e06cfd7-6412-446c-99dc-e27c6bcef003,3,2011 2124 2345
food,ae1bbf2f-6bee-4e7d-82a0-5cd898ab8718,3,2124 2299 2345
food,b0763820-556a-4d4c-a858-009aa897fb61,3,2011 2210 2299
food,b1de7a91-1644-4ad6-b186-a5b40764be7f,3,2124 2299 2345
food,d76e8a7d-afc3-48f7-a0f5-7920e4763497,3,1483 1639 2299
food,eec58bfb-063e-4838-b78d-3c2b354f1346,3,2124 2208 2210
food,f07b7801-a1ce-4263-908f-809fe1ad21ca,3,2011 2299 2345
food,f2ee05db-430c-4505-8b39-ce658fb4bb74,3,2124 2299 2345
food,f6ede291-0b47-4dab-85bf-c507ad0e90a7,3,2011 2124 2345
inventory_preset2item,167eb312-0e9d-4c2f-8ce3-56c32f5a84cb,3,2173 2299 2340
inventory_preset2item,1df1ee61-0b44-4efd-bfa4-37efbcd4be42,3,651 883 2124
inventory_preset2item,4446bc26-efff-4117-b4f5-19ee9045847d,3,651 883 2124
inventory_preset2item,4d1d646c-ce45-434b-96ae-cfa27b86b4b6,3,651 883 2124
inventory_preset2item,6f1d0e9e-d532-4476-af7a-e24ea01da040,3,651 883 2124
inventory_preset2item,81c21fdc-3d62-4d1f-854f-eb364db1bcff,3,651 883 2124
inventory_preset2item,a0a6a756-e204-4943-b215-543471b5cc39,3,651 883 2124
inventory_preset2item,ba4b74ad-f8f1-427e-905b-1bc8c27163e7,3,651 883 2124
inventory_preset2item,c707733a-c0a7-4f02-b684-9392b0b15b83,3,2173 2299 2340
inventory_preset2item,ff25cae9-7182-4d55-bbb0-0706404e5b69,3,651 883 2124
melee_weapon,11324f3e-d7f0-49f7-b39d-14622de4d410,3,1148 1559 2299
melee_weapon,2db35809-5a6b-4a5b-8782-eaf85c46f1d5,3,2045 2124 2299
melee_weapon,405c1865-413d-43b8-8db9-c44a0eefd350,3,2045 2124 2299
melee_weapon,44940b6c-f1f9-4ad1-9419-b5705a88e5b0,3,2045 2124 2299
melee_weapon,7377215a-a0ca-44a2-b11a-113a024191ca,3,2045 2124 2299
melee_weapon,80425345-1243-4bc2-b3bf-40ebff4a7fba,3,883 2124 2299
melee_weapon,f7359b93-8312-4f13-8c51-ddb671a9edff,3,1148 1559 2299
missile_weapon,01b86c1e-1614-4310-8bed-10b7682e5815,3,1564 2124 2299
missile_weapon,0d03afe4-9785-44d2-88d2-2c870de8dbfa,3,2035 2049 2299
missile_weapon,481e7576-a6ee-4732-ba2f-98b88b430c41,3,1564 2124 2299
missile_weapon,6096a15f-3d8a-496d-a24c-4776c10189d7,3,1564 2124 2299
missile_weapon,65eb17e8-29e4-435f-98b1-74f577fe764c,3,1564 2124 2299
missile_weapon,9bafcc7f-3931-4cc4-89ce-8f6ab205dfa8,3,1084 1564 2299
missile_weapon,b063cb37-8f17-49b9-88f8-04111fc81838,3,1564 2124 2299
missile_weapon,b3fea5de-4ef1-4bcd-9836-7b3c7765ffbb,3,1564 2124 2299
missile_weapon,c6909d59-330f-4fd6-8dad-36b4bd73613a,3,2035 2049 2299
missile_weapon,ecae9bde-4b59-4ce2-8d3b-e718eb0f4c45,3,1564 2124 2299
ointment_item,c707733a-c0a7-4f02-b684-9392b0b15b83,3,2021 2299 2340
perk,010b0810-5346-402c-a7cb-a084d624b62e,3,85 770 1009
perk,010b0811-5346-402c-a7cb-a084d624b62e,3,85 770 1009
perk,010b0812-5346-402c-a7cb-a084d624b62e,3,85 770 1009
perk,010b0813-5346-402c-a7cb-a084d624b62e,3,85 770 1009
perk,010b0814-5346-402c-a7cb-a084d624b62e,3,85 770 1009
perk,010b0815-5346-402c-a7cb-a084d624b62e,3,85 770 1009
perk,010b0816-5346-402c-a7cb-a084d624b62e,3,85 770 1009
perk,010b0817-5346-402c-a7cb-a084d624b62e,3,85 770 1009
perk,010b0818-5346-402c-a7cb-a084d624b62e,3,85 770 1009
perk,010b0819-5346-402c-a7cb-a084d624b62e,3,85 770 1009
perk,010b0820-5346-402c-a7cb-a084d624b62e,3,85 770 1009
perk,010b0821-5346-402c-a7cb-a084d624b62e,3,85 770 1009
perk,010b0822-5346-402c-a7cb-a084d624b62e,3,85 770 1009
perk,010b0823-5346-402c-a7cb-a084d624b62e,3,85 770 1009
perk,010b0824-5346-402c-a7cb-a084d624b62e,3,85 770 1009
perk,010b0825-5346-402c-a7cb-a084d624b62e,3,85 770 1009
perk,010b0826-5346-402c-a7cb-a084d624b62e,3,85 770 1009
perk,010b0827-5346-402c-a7cb-a084d624b62e,3,85 770 1009
perk,010b0828-5346-402c-a7cb-a084d624b62e,3,85 770 1009
perk,010b0829-5346-402c-a7cb-a084d624b62e,3,85 770 1009
perk,010b0830-5346-402c-a7cb-a084d624b62e,3,85 770 1009
perk,010b0831-5346-402c-a7cb-a084d624b62e,3,85 770 1009
perk,010b0832-5346-402c-a7cb-a084d624b62e,3,85 770 1009
perk,010b0833-5346-402c-a7cb-a084d624b62e,3,85 770 1009
perk,010b0834-5346-402c-a7cb-a084d624b62e,3,85 770 1009
perk,010b0835-5346-402c-a7cb-a084d624b62e,3,85 770 1009
perk,010b0836-5346-402c-a7cb-a084d624b62e,3,85 770 1009
perk,010b0837-5346-402c-a7cb-a084d624b62e,3,85 770 1009
perk,010b0838-5346-402c-a7cb-a084d624b62e,3,85 770 1009
perk,010b0839-5346-402c-a7cb-a084d624b62e,3,85 770 1009
perk,010b0840-5346-402c-a7cb-a084d624b62e,3,85 770 1009
perk,010b0841-5346-402c-a7cb-a084d624b62e,3,85 770 1009
perk,010b0842-5346-402c-a7cb-a084d624b62e,3,85 770 1009
perk,010b0843-5346-402c-a7cb-a084d624b62e,3,85 770 1009
perk,010b08c8-5346-402c-a7cb-a084d624b62e,3,85 770 1009
perk,010b08c9-5346-402c-a7cb-a084d624b62e,3,85 770 1009
perk,010b08d0-5346-402c-a7cb-a084d624b62e,3,85 770 1009
perk,010b08d1-5346-402c-a7cb-a084d624b62e,3,85 770 1009
perk,010b08d2-5346-402c-a7cb-a084d624b62e,3,85 770 1009
perk,010b08d3-5346-402c-a7cb-a084d624b62e,3,85 770 1009
perk,010b08d4-5346-402c-a7cb-a084d624b62e,3,85 770 1009
perk,010b08d5-5346-402c-a7cb-a084d624b62e,3,85 770 1009
perk,010b08d6-5346-402c-a7cb-a084d624b62e,3,85 770 1009
perk,010b08d7-5346-402c-a7cb-a084d624b62e,3,85 770 1009
perk,010b08d8-5346-402c-a7cb-a084d624b62e,3,85 770 1009
perk,010b08d9-5346-402c-a7cb-a084d624b62e,3,85 770 1009
perk,010b08e0-5346-402c-a7cb-a084d624b62e,3,85 770 1009
perk,010b08e1-5346-402c-a7cb-a084d624b62e,3,85 770 1009
perk,010b08e2-5346-402c-a7cb-a084d624b62e,3,85 770 1009
perk,010b08e3-5346-402c-a7cb-a084d624b62e,3,85 770 1009
perk,010b08e4-5346-402c-a7cb-a084d624b62e,3,85 770 1009
perk,010b08e5-5346-402c-a7cb-a084d624b62e,3,85 770 1009
perk,010b08e6-5346-402c-a7cb-a084d624b62e,3,85 770 1009
perk,010b08e7-5346-402c-a7cb-a084d624b62e,3,85 770 1009
perk,010b08e8-5346-402c-a7cb-a084d624b62e,3,85 770 1009
perk,010b08e9-5346-402c-a7cb-a084d624b62e,3,85 770 1009
perk_buff,010b0810-5346-402c-a7cb-a084d624b62e/44d83d40-9709-4e54-9b7d-9b6bcfb630be,3,85 770 1009
perk_buff,010b0811-5346-402c-a7cb-a084d624b62e/44d83d41-9709-4e54-9b7d-9b6bcfb630be,3,85 770 1009
perk_buff,010b0812-5346-402c-a7cb-a084d624b62e/44d83d42-9709-4e54-9b7d-9b6bcfb630be,3,85 770 1009
perk_buff,010b0813-5346-402c-a7cb-a084d624b62e/44d83d43-9709-4e54-9b7d-9b6bcfb630be,3,85 770 1009
perk_buff,010b0814-5346-402c-a7cb-a084d624b62e/44d83d44-9709-4e54-9b7d-9b6bcfb630be,3,85 770 1009
perk_buff,010b0815-5346-402c-a7cb-a084d624b62e/44d83d45-9709-4e54-9b7d-9b6bcfb630be,3,85 770 1009
perk_buff,010b0816-5346-402c-a7cb-a084d624b62e/44d83d46-9709-4e54-9b7d-9b6bcfb630be,3,85 770 1009
perk_buff,010b0817-5346-402c-a7cb-a084d624b62e/44d83d47-9709-4e54-9b7d-9b6bcfb630be,3,85 770 1009
perk_buff,010b0818-5346-402c-a7cb-a084d624b62e/44d83d48-9709-4e54-9b7d-9b6bcfb630be,3,85 770 1009
perk_buff,010b0819-5346-402c-a7cb-a084d624b62e/44d83d49-9709-4e54-9b7d-9b6bcfb630be,3,85 770 1009
perk_buff,010b0820-5346-402c-a7cb-a084d624b62e/44d83d50-9709-4e54-9b7d-9b6bcfb630be,3,85 770 1009
perk_buff,010b0821-5346-402c-a7cb-a084d624b62e/44d83d51-9709-4e54-9b7d-9b6bcfb630be,3,85 770 1009
perk_buff,010b0822-5346-402c-a7cb-a084d624b62e/44d83d52-9709-4e54-9b7d-9b6bcfb630be,3,85 770 1009
perk_buff,010b0823-5346-402c-a7cb-a084d624b62e/44d83d53-9709-4e54-9b7d-9b6bcfb630be,3,85 770 1009
perk_buff,010b0824-5346-402c-a7cb-a084d624b62e/44d83d54-9709-4e54-9b7d-9b6bcfb630be,3,85 770 1009
perk_buff,010b0825-5346-402c-a7cb-a084d624b62e/44d83d55-9709-4e54-9b7d-9b6bcfb630be,3,85 770 1009
perk_buff,010b0826-5346-402c-a7cb-a084d624b62e/44d83d56-9709-4e54-9b7d-9b6bcfb630be,3,85 770 1009
perk_buff,010b0827-5346-402c-a7cb-a084d624b62e/44d83d57-9709-4e54-9b7d-9b6bcfb630be,3,85 770 1009
perk_buff,010b0828-5346-402c-a7cb-a084d624b62e/44d83d58-9709-4e54-9b7d-9b6bcfb630be,3,85 770 1009
perk_buff,010b0829-5346-402c-a7cb-a084d624b62e/44d83d59-9709-4e54-9b7d-9b6bcfb630be,3,85 770 1009
perk_buff,010b0830-5346-402c-a7cb-a084d624b62e/44d83d60-9709-4e54-9b7d-9b6bcfb630be,3,85 770 1009
perk_buff,010b0831-5346-402c-a7cb-a084d624b62e/44d83d61-9709-4e54-9b7d-9b6bcfb630be,3,85 770 1009
perk_buff,010b0832-5346-402c-a7cb-a084d624b62e/44d83d62-9709-4e54-9b7d-9b6bcfb630be,3,85 770 1009
perk_buff,010b0833-5346-402c-a7cb-a084d624b62e/44d83d63-9709-4e54-9b7d-9b6bcfb630be,3,85 770 1009
perk_buff,010b0834-5346-402c-a7cb-a084d624b62e/44d83d64-9709-4e54-9b7d-9b6bcfb630be,3,85 770 1009
perk_buff,010b0835-5346-402c-a7cb-a084d624b62e/44d83d65-9709-4e54-9b7d-9b6bcfb630be,3,85 770 1009
perk_buff,010b0836-5346-402c-a7cb-a084d624b62e/44d83d66-9709-4e54-9b7d-9b6bcfb630be,3,85 770 1009
perk_buff,010b0837-5346-402c-a7cb-a084d624b62e/44d83d67-9709-4e54-9b7d-9b6bcfb630be,3,85 770 1009
perk_buff,010b0838-5346-402c-a7cb-a084d624b62e/44d83d68-9709-4e54-9b7d-9b6bcfb630be,3,85 770 1009
perk_buff,010b0839-5346-402c-a7cb-a084d624b62e/44d83d69-9709-4e54-9b7d-9b6bcfb630be,3,85 770 1009
perk_buff,010b0840-5346-402c-a7cb-a084d624b62e/44d83d70-9709-4e54-9b7d-9b6bcfb630be,3,85 770 1009
perk_buff,010b0841-5346-402c-a7cb-a084d624b62e/44d83d71-9709-4e54-9b7d-9b6bcfb630be,3,85 770 1009
perk_buff,010b0842-5346-402c-a7cb-a084d624b62e/44d83d72-9709-4e54-9b7d-9b6bcfb630be,3,85 770 1009
perk_buff,010b0843-5346-402c-a7cb-a084d624b62e/44d83d73-9709-4e54-9b7d-9b6bcfb630be,3,85 770 1009
perk_buff,010b08c8-5346-402c-a7cb-a084d624b62e/44d83d13-9709-4e54-9b7d-9b6bcfb630be,3,85 770 1009
perk_buff,010b08d0-5346-402c-a7cb-a084d624b62e/44d83d20-9709-4e54-9b7d-9b6bcfb630be,3,85 770 1009
perk_buff,010b08d1-5346-402c-a7cb-a084d624b62e/44d83d21-9709-4e54-9b7d-9b6bcfb630be,3,85 770 1009
perk_buff,010b08d2-5346-402c-a7cb-a084d624b62e/44d83d22-9709-4e54-9b7d-9b6bcfb630be,3,85 770 1009
perk_buff,010b08d3-5346-402c-a7cb-a084d624b62e/44d83d23-9709-4e54-9b7d-9b6bcfb630be,3,85 770 1009
perk_buff,010b08d4-5346-402c-a7cb-a084d624b62e/44d83d24-9709-4e54-9b7d-9b6bcfb630be,3,85 770 1009
perk_buff,010b08d5-5346-402c-a7cb-a084d624b62e/44d83d25-9709-4e54-9b7d-9b6bcfb630be,3,85 770 1009
perk_buff,010b08d6-5346-402c-a7cb-a084d624b62e/44d83d26-9709-4e54-9b7d-9b6bcfb630be,3,85 770 1009
perk_buff,010b08d7-5346-402c-a7cb-a084d624b62e/44d83d27-9709-4e54-9b7d-9b6bcfb630be,3,85 770 1009
perk_buff,010b08d8-5346-402c-a7cb-a084d624b62e/44d83d28-9709-4e54-9b7d-9b6bcfb630be,3,85 770 1009
perk_buff,010b08d9-5346-402c-a7cb-a084d624b62e/44d83d29-9709-4e54-9b7d-9b6bcfb630be,3,85 770 1009
perk_buff,010b08e0-5346-402c-a7cb-a084d624b62e/44d83d30-9709-4e54-9b7d-9b6bcfb630be,3,85 770 1009
perk_buff,010b08e1-5346-402c-a7cb-a084d624b62e/44d83d31-9709-4e54-9b7d-9b6bcfb630be,3,85 770 1009
perk_buff,010b08e2-5346-402c-a7cb-a084d624b62e/44d83d32-9709-4e54-9b7d-9b6bcfb630be,3,85 770 1009
perk_buff,010b08e3-5346-402c-a7cb-a084d624b62e/44d83d33-9709-4e54-9b7d-9b6bcfb630be,3,85 770 1009
perk_buff,010b08e4-5346-402c-a7cb-a084d624b62e/44d83d34-9709-4e54-9b7d-9b6bcfb630be,3,85 770 1009
perk_buff,010b08e5-5346-402c-a7cb-a084d624b62e/44d83d35-9709-4e54-9b7d-9b6bcfb630be,3,85 770 1009
perk_buff,010b08e6-5346-402c-a7cb-a084d624b62e/44d83d36-9709-4e54-9b7d-9b6bcfb630be,3,85 770 1009
perk_buff,010b08e7-5346-402c-a7cb-a084d624b62e/44d83d37-9709-4e54-9b7d-9b6bcfb630be,3,85 770 1009
perk_buff,010b08e8-5346-402c-a7cb-a084d624b62e/44d83d38-9709-4e54-9b7d-9b6bcfb630be,3,85 770 1009
perk_buff,010b08e9-5346-402c-a7cb-a084d624b62e/44d83d39-9709-4e54-9b7d-9b6bcfb630be,3,85 770 1009
perk_buff_override,010b0812-5346-402c-a7cb-a084d624b62e/4b876924-f960-4332-9b28-e9176a9eac09/44d83d42-9709-4e54-9b7d-9b6bcfb630be,3,85 770 1009
perk_buff_override,010b0813-5346-402c-a7cb-a084d624b62e/44d83d42-9709-4e54-9b7d-9b6bcfb630be/44d83d43-9709-4e54-9b7d-9b6bcfb630be,3,85 770 1009
perk_buff_override,010b0821-5346-402c-a7cb-a084d624b62e/44d83d50-9709-4e54-9b7d-9b6bcfb630be/44d83d51-9709-4e54-9b7d-9b6bcfb630be,3,85 770 1009
perk_buff_override,010b0822-5346-402c-a7cb-a084d624b62e/44d83d51-9709-4e54-9b7d-9b6bcfb630be/44d83d52-9709-4e54-9b7d-9b6bcfb630be,3,85 770 1009
perk_buff_override,010b0824-5346-402c-a7cb-a084d624b62e/44d83d53-9709-4e54-9b7d-9b6bcfb630be/44d83d54-9709-4e54-9b7d-9b6bcfb630be,3,85 770 1009
perk_buff_override,010b0825-5346-402c-a7cb-a084d624b62e/44d83d54-9709-4e54-9b7d-9b6bcfb630be/44d83d55-9709-4e54-9b7d-9b6bcfb630be,3,85 770 1009
perk_buff_override,010b0835-5346-402c-a7cb-a084d624b62e/44d83d64-9709-4e54-9b7d-9b6bcfb630be/44d83d65-9709-4e54-9b7d-9b6bcfb630be,3,85 770 1009
perk_buff_override,010b0836-5346-402c-a7cb-a084d624b62e/44d83d65-9709-4e54-9b7d-9b6bcfb630be/44d83d66-9709-4e54-9b7d-9b6bcfb630be,3,85 770 1009
perk_buff_override,010b0838-5346-402c-a7cb-a084d624b62e/44d83d67-9709-4e54-9b7d-9b6bcfb630be/44d83d68-9709-4e54-9b7d-9b6bcfb630be,3,85 770 1009
perk_buff_override,010b0841-5346-402c-a7cb-a084d624b62e/44d83d70-9709-4e54-9b7d-9b6bcfb630be/44d83d71-9709-4e54-9b7d-9b6bcfb630be,3,85 770 1009
perk_buff_override,010b0843-5346-402c-a7cb-a084d624b62e/44d83d72-9709-4e54-9b7d-9b6bcfb630be/44d83d73-9709-4e54-9b7d-9b6bcfb630be,3,85 770 1009
perk_buff_override,010b08c8-5346-402c-a7cb-a084d624b62e/44d83d12-9709-4e54-9b7d-9b6bcfb630be/44d83d13-9709-4e54-9b7d-9b6bcfb630be,3,85 770 1009
perk_buff_override,010b08c9-5346-402c-a7cb-a084d624b62e/44d83d13-9709-4e54-9b7d-9b6bcfb630be/44d83d14-9709-4e54-9b7d-9b6bcfb630be,3,85 770 1009
perk_buff_override,010b08d9-5346-402c-a7cb-a084d624b62e/44d83d28-9709-4e54-9b7d-9b6bcfb630be/44d83d29-9709-4e54-9b7d-9b6bcfb630be,3,85 770 1009
perk_buff_override,010b08e0-5346-402c-a7cb-a084d624b62e/44d83d29-9709-4e54-9b7d-9b6bcfb630be/44d83d30-9709-4e54-9b7d-9b6bcfb630be,3,85 770 1009
perk_buff_override,010b08e8-5346-402c-a7cb-a084d624b62e/44d83d37-9709-4e54-9b7d-9b6bcfb630be/44d83d38-9709-4e54-9b7d-9b6bcfb630be,3,85 770 1009
perk_buff_override,010b08e9-5346-402c-a7cb-a084d624b62e/44d83d38-9709-4e54-9b7d-9b6bcfb630be/44d83d39-9709-4e54-9b7d-9b6bcfb630be,3,85 770 1009
perk_rpg_param_override,01c3b32a-5751-4c98-b6ab-258d02370382/BarterPriceSellRepBuying,3,651 2124 2188
perk_rpg_param_override,01c3b32a-5751-4c98-b6ab-258d02370382/FullClothDirtyingOnFullSpeed,3,390 651 1260
perk_rpg_param_override,01c3b32a-5751-4c98-b6ab-258d02370382/InjuryRegenInterval,3,651 1558 1862
perk_rpg_param_override,01c3b32a-5751-4c98-b6ab-258d02370382/ItemHealthPriceStatusWeight,3,883 2124 2188
pickable_item,00000000-0000-0000-0000-00000000001d,3,2124 2299 2340
pickable_item,006ec8d6-1ce1-4e90-8267-7c349812ddcd,3,2011 2299 2340
pickable_item,0082de35-b635-4b85-a9ec-95024713f3ab,3,883 2299 2340
pickable_item,00c214ca-d9cb-4d2a-b3e8-95545fd2f3e9,3,883 2124 2299
pickable_item,025f546b-7465-4070-a57d-e84852adc184,3,2124 2299 2340
pickable_item,033fc7b6-17b6-486d-95cb-a22afb131be2,3,2045 2124 2299
pickable_item,0368a199-117e-4079-b182-b042360c7d61,3,2124 2299 2340
pickable_item,03e91be6-691f-4f54-9b1e-a74f86c3bd1d,3,2124 2299 2340
pickable_item,04c2c966-f55b-4afe-b0c2-bfdf4ba0deeb,3,883 2124 2299
pickable_item,05bef17b-ddeb-426d-aa53-52ff6d4f521e,3,1914 2299 2340
pickable_item,06be2a3d-4e05-4a78-85cd-33879cd669c9,3,2124 2299 2340
pickable_item,07029524-8385-4926-8fee-035db316d770,3,2124 2299 2340
pickable_item,09d799a2-2253-4a46-89cc-142affcb1ede,3,2124 2299 2340
pickable_item,0a9b5b2a-2614-4f11-a987-aab64133bea0,3,2188 2299 2340
pickable_item,0ad36c8c-cfc7-44ab-8e8f-fe85e7646b71,3,883 2124 2299
pickable_item,0defd37d-cfec-446f-b307-e9ef65fea3f3,3,2188 2299 2340
pickable_item,0eb0ac15-f0d9-49ce-9dd8-b37381a7a508,3,883 2124 2299
pickable_item,0f5be0ac-ff11-4a01-a7f4-bf8e84c2e31b,3,2045 2124 2299
pickable_item,14aaa78f-49fe-49aa-bf46-bc6b8b06a6b7,3,883 2124 2299
pickable_item,15656c3e-d29e-48a8-bc0e-1451102a9ce5,3,883 2124 2299
pickable_item,1592a436-4a22-4636-b82d-14af8127ee01,3,883 2124 2299
pickable_item,15a92bc2-d1f3-438f-a104-c1fc7bd71996,3,2188 2299 2340
pickable_item,167eb312-0e9d-4c2f-8ce3-56c32f5a84cb,3,2173 2299 2340
pickable_item,17b7104f-d747-41ed-b701-d964584a0b37,3,883 2124 2299
pickable_item,17fee956-5ec2-4c95-abb4-e9f3a0aca530,3,2188 2299 2340
pickable_item,18ff9093-2cc4-4ab3-9f34-7cb0dd7cd30a,3,2124 2299 2340
pickable_item,19644921-6bb7-4342-be8d-dc235362d20b,3,2124 2299 2340
pickable_item,196be21b-6d21-4dd6-84e4-c95ecd2092a7,3,883 2124 2299
pickable_item,196ffe33-bec0-410d-abb5-138f69ececd7,3,2188 2299 2340
pickable_item,1af2b27c-06bf-42a9-b203-8e7c83361d50,3,883 2124 2299
pickable_item,1d8ffd19-af12-4bd7-8afd-43b9b0348ade,3,2124 2299 2340
pickable_item,1dc7d3ef-08b0-4d4f-aca1-78ddf60a5c10,3,2188 2299 2340
pickable_item,1f389792-6ddb-4060-8cc4-13bcc9117db8,3,2045 2124 2299
pickable_item,1ff6e150-de1d-4cff-b263-e3dad48eef1a,3,883 2124 2299
pickable_item,208362ca-1006-4821-8118-227e64143a3e,3,2124 2299 2340
pickable_item,20856f2c-1f0c-42dd-805a-87eb7902ddeb,3,2188 2299 2340
pickable_item,2140f040-4d49-4403-9137-5e1bf29dbe15,3,2124 2299 2340
pickable_item,218418c0-f211-40b3-afa9-f1bff300d0b5,3,2188 2299 2340
pickable_item,238538b5-cd3e-460e-8e85-52c820edb716,3,2173 2299 2340
pickable_item,24a7c868-f23f-4799-8e64-331435a77404,3,883 2124 2299
pickable_item,2509115d-59c9-44f8-9802-f600eba63fa9,3,2011 2299 2340
pickable_item,2529e246-6f1b-4529-8d6b-64245207bae8,3,2011 2299 2340
pickable_item,2668d311-8667-4f27-b94b-7f6175678f17,3,2011 2299 2340
pickable_item,26cf61b2-5d9f-49b1-94b7-c82e0924abf2,3,2188 2299 2340
pickable_item,28a3a4be-3866-47be-91db-878888340674,3,883 2124 2299
pickable_item,2902cd40-2934-404e-87bc-c1ce57deed22,3,2035 2049 2299
pickable_item,2a10687c-b9ed-430c-bf7d-644ece4fc1e5,3,2124 2299 2340
pickable_item,2abf0600-2cae-4c1b-a789-2f633aca4f73,3,2188 2299 2340
pickable_item,2aca6ba2-e72f-4b29-a550-2f8af50d49ff,3,2188 2299 2340
pickable_item,2b24a290-ec3c-454c-901e-fea76aa76d74,3,2011 2299 2340
pickable_item,2b652926-fb99-406f-9955-8a45dd1f1cd9,3,883 2124 2299
pickable_item,2c180a20-ac66-4093-b0d6-15046ea5fa34,3,2188 2299 2340
pickable_item,2e32ab30-aa7e-4628-8482-a229a68dfa72,3,883 2124 2299
pickable_item,2e4cd0e9-13ba-4c36-aea6-b0e2b49ea6d8,3,2011 2299 2340
pickable_item,2f5a67c7-3298-44a9-bee4-106d42d3ce22,3,2124 2299 2340
pickable_item,30a02ab0-eb1d-4bf7-a53f-eb1004b2cbd8,3,883 2124 2299
pickable_item,31148cbb-8592-4b26-a1ae-8a9e07e309e6,3,2011 2299 2340
pickable_item,3157d51d-7461-4fdc-9601-93bd5ed42156,3,2011 2299 2340
pickable_item,34d9f446-e5a7-4af4-858a-e96473de814f,3,2011 2299 2340
pickable_item,373747b8-5225-41ba-b511-56526ff90a30,3,2124 2299 2340
pickable_item,375edea9-2d3c-4d1a-a6cc-e81ffa6bba26,3,883 2124 2299
pickable_item,3b5be706-3cac-4223-a780-039867c65c4d,3,2035 2049 2299
pickable_item,3c056762-3e14-471a-8f0e-8d57919fb9c4,3,2124 2299 2340
pickable_item,3e7657f2-d653-4e57-ae77-6f2225ac642b,3,883 2124 2299
pickable_item,3ef71c79-57c2-4f28-8f31-a091d9b78798,3,2045 2124 2299
pickable_item,40092838-9807-c0f7-4a48-264b6ed78c8c,3,883 2124 2299
pickable_item,401179d4-8a48-cc9a-ceac-eeaf7eb7b099,3,883 2299 2340
pickable_item,40454568-df13-4648-9535-1e2eab9f63ef,3,2124 2299 2340
pickable_item,406c92ad-4c17-25d7-84d7-28500800f59e,3,883 2299 2340
pickable_item,4076ced0-55f6-49a0-3364-e6183c03368f,3,883 2299 2340
pickable_item,407f6f52-d70e-7e3b-056d-cda8069aab86,3,883 2124 2299
pickable_item,408660f0-4742-ef99-b434-7f52cfdc2b9c,3,883 2299 2340
pickable_item,4088843b-6f0b-7016-1e16-e2455e33dcb6,3,883 2299 2340
pickable_item,40a2b1d3-f475-a8f3-667a-075486518b8f,3,2124 2299 2340
pickable_item,40aed3da-9bdd-180b-65cd-fd81947fc3a9,3,883 2299 2340
pickable_item,40c16f73-5b83-c139-96eb-c39ff5e9e7a6,3,883 2299 2340
pickable_item,40d19389-b8e6-8f54-cf74-f3715b0cea8c,3,883 2299 2340
pickable_item,4119b64e-f072-0cf2-4b8c-13e5ee901994,3,883 2299 2340
pickable_item,412e44fb-0e4c-0e80-b763-0b6493b13fa0,3,2124 2299 2340
pickable_item,41382adf-569c-4f33-90a0-36b6e874eca7,3,883 2299 2340
pickable_item,41412ccb-2199-b9bf-9c79-21c9227b94a7,3,883 2299 2340
pickable_item,41537adc-9759-2dd8-377d-5260815b3eb7,3,2124 2299 2340
pickable_item,415525ee-9ecb-2fd0-edbd-bac703478b93,3,883 2299 2340
pickable_item,4156d594-be4a-71c2-8ede-4d517ac668a5,3,883 2299 2340
pickable_item,41737fee-a0ce-0b64-e660-fbe660befb81,3,883 2299 2340
pickable_item,41895ca4-a65a-026d-d5f6-0515a9f5e29a,3,2124 2299 2340
pickable_item,41a87049-190c-d5d4-40e8-5950ec296680,3,883 2124 2299
pickable_item,41a9ea6a-eed1-471c-754a-196d368245a6,3,2124 2299 2340
pickable_item,41ad6890-dc2e-96d5-2ead-ba01ecf69799,3,883 2299 2340
pickable_item,41b3cfda-0a6c-c009-9482-4c78ea2f1980,3,883 2299 2340
pickable_item,41bcef0c-d101-397a-0897-8367d9f8ffa6,3,883 2299 2340
pickable_item,41c75f0e-a8a1-e4f0-07be-67ebce8b7bab,3,2124 2299 2340
pickable_item,41e70a43-df7c-9acc-afe6-42dc972ee891,3,883 2299 2340
pickable_item,41f6e46c-bca6-16da-169a-f0c8f1a6e2ab,3,883 2299 2340
pickable_item,4235868c-a29d-0e49-e7dd-20c97940d7ba,3,883 2299 2340
pickable_item,42391032-a081-32d9-fd70-ac88f3873487,3,883 2299 2340
pickable_item,42414d23-c8dc-7b1a-31e6-00644075feaa,3,2124 2299 2340
pickable_item,42566810-49be-e92f-5181-705bdd2eb1ae,3,883 2299 2340
pickable_item,42683028-2e61-4360-9f71-0ac198ca33a7,3,2124 2299 2340
pickable_item,427b04b2-3827-ad9f-39ef-3f2b595b0db3,3,2124 2299 2340
pickable_item,427c2cae-550e-9dc6-f050-467c3901b4aa,3,883 2299 2340
pickable_item,4285fd0b-4e57-9fde-6264-f987ba080bb9,3,883 2299 2340
pickable_item,429628f5-b491-51fe-d644-654f6fc13fbe,3,883 2299 2340
pickable_item,42a14b38-295a-a659-3e43-c1684a5dfa88,3,883 2299 2340
pickable_item,42a467aa-a1d6-fe8d-31e2-a3fcda5a1f98,3,883 2124 2299
pickable_item,42afd2cb-91ec-ad09-c39d-57d198dde4a4,3,883 2299 2340
pickable_item,42b152d3-d3f4-b390-088e-3127534281aa,3,883 2299 2340
pickable_item,42c04555-15cb-ac3a-aef4-e377a125aca5,3,2124 2299 2340
pickable_item,42d6c8cd-d109-5bd2-0cbf-62f6dae942b9,3,2124 2299 2340
pickable_item,42e54d97-6e63-4e50-a09d-325ef4dd2286,3,2011 2299 2340
pickable_item,42f20475-2329-4771-8b12-0cad34574bc8,3,883 2124 2299
pickable_item,42ff5615-e472-bfb0-27e9-6ba3962eca9f,3,883 2299 2340
pickable_item,43062de7-afe1-5743-5aec-d4dcff83c1b8,3,883 2299 2340
pickable_item,4314de6e-9f05-d843-18d8-2de11aa07798,3,883 2299 2340
pickable_item,4327d9fc-2c1b-2d1b-e60d-63a202c133b9,3,2124 2299 2340
pickable_item,434525c9-f3b4-c1e5-9ab0-f1002b13a68d,3,883 2299 2340
pickable_item,43479cae-7ed8-097f-01f5-8234d5d38f85,3,883 2124 2299
pickable_item,434f28e3-25e8-8bef-ee5b-1b331d106e99,3,883 2299 2340
pickable_item,4353f1e8-e0c6-30a6-c5e8-5b76a22093a0,3,883 2299 2340
pickable_item,439e49c5-e468-57c2-d44c-9ac6066f14b6,3,883 2299 2340
pickable_item,43c85848-0181-06b6-a870-2b3c951e8aa8,3,883 2299 2340
pickable_item,43e66d17-75e5-4832-a511-48c77b8d4cb3,3,2124 2299 2340
pickable_item,44135951-cf1c-f2fd-15f0-0f0ea223a584,3,883 2299 2340
pickable_item,441979f2-838e-9f91-36ef-64fd17735492,3,883 2299 2340
pickable_item,441b0b1a-719b-cacc-4a6c-f2668cb96a92,3,883 2299 2340
pickable_item,441e44c2-718d-c0bb-4c52-32ce88adda98,3,2124 2299 2340
pickable_item,4428b573-53c4-bb84-4118-2de98c6ce19d,3,2124 2299 2340
pickable_item,44469251-9749-7d7c-7903-0810520959a4,3,883 2299 2340
pickable_item,4446bc26-efff-4117-b4f5-19ee9045847d,3,2124 2299 2340
pickable_item,44593169-7482-4293-80bc-01c3144e4fa2,3,2124 2299 2340
pickable_item,4461ae67-bd5e-4f5d-b543-d7718e09e610,3,2188 2299 2340
pickable_item,4472ab5e-def2-e154-34a3-15349c976283,3,883 2299 2340
pickable_item,4484294f-244c-3701-8ede-f7a0d10ffbb5,3,2124 2299 2340
pickable_item,4493f515-b6d8-ebc4-8bd3-469c524b339f,3,883 2299 2340
pickable_item,44940b6c-f1f9-4ad1-9419-b5705a88e5b0,3,2045 2124 2299
pickable_item,4498482d-a404-5646-16d0-f49eaac6d58e,3,883 2299 2340
pickable_item,449e796c-59b4-7ceb-1f61-4162b0caf4aa,3,883 2299 2340
pickable_item,44d0c3fa-67f0-9c6f-8c87-b0fc7d8b87a6,3,2124 2299 2340
pickable_item,44dd60cb-a67f-395f-a6a2-25feeceadd99,3,883 2299 2340
pickable_item,44eaf818-5cb6-3868-b3c4-f51d821773a0,3,883 2299 2340
pickable_item,44f5058a-a445-887b-d443-32fe726b528c,3,2124 2299 2340
pickable_item,452c1f85-3219-c7fc-8d0c-de1d0b4d9885,3,883 2299 2340
pickable_item,453044fc-b31c-e8df-76a1-6f4b701758b8,3,883 2299 2340
pickable_item,45345fd3-43ed-b961-fde6-af37d4993aa7,3,2124 2299 2340
pickable_item,453be04d-7edb-4e77-94d1-3a31aa5481eb,3,2188 2299 2340
pickable_item,4548d3e7-b0d0-6749-4623-d3664a7410a7,3,883 2299 2340
pickable_item,4572c66d-bdf2-fa90-def9-c6fd3e877ca9,3,2124 2299 2340
pickable_item,4573af03-8382-d87c-93aa-5dbb6fc79698,3,883 2299 2340
pickable_item,458a11a5-7293-463b-4a8b-0ec665af1388,3,2124 2299 2340
pickable_item,45c80502-3dbd-e88e-5250-ba4f38c6f689,3,883 2299 2340
pickable_item,45dbc6f8-944d-7df1-dae7-985673a4aa97,3,883 2299 2340
pickable_item,45e0477d-d891-810f-6783-265ba406beb5,3,883 2299 2340
pickable_item,45e2b460-dbd4-4bf4-3643-33c2648d60bc,3,883 2299 2340
pickable_item,45e3d8ac-5d54-0a39-8ec4-a321fc136991,3,883 2299 2340
pickable_item,45f77d27-651f-8569-0b73-5617444c269d,3,2124 2299 2340
pickable_item,46021c09-1a2e-2683-bd92-d17cb66fb390,3,883 2124 2299
pickable_item,4608470b-b576-bff5-6777-c5bb7c9a8aa6,3,883 2299 2340
pickable_item,460fef47-6ee2-1f6e-3e86-8c88da1a0c95,3,883 2299 2340
pickable_item,4614fd41-bf3e-99bb-8b46-cf7ed8754cb1,3,883 2299 2340
pickable_item,46275cef-164c-33cd-1027-f3ffa7f55fb9,3,2124 2299 2340
pickable_item,465eafb6-c299-3eb9-908e-4fb6a65f38ad,3,2124 2299 2340
pickable_item,4682ef21-53b0-55af-1017-588fe6af429e,3,883 2299 2340
pickable_item,46857626-d7c9-985d-4acc-a6ad9a79afa2,3,883 2124 2299
pickable_item,468cddc5-668b-9b8c-46b5-4b53c828f4ad,3,2124 2299 2340
pickable_item,4692f1e5-e4bc-c8af-1b0b-1da823ec1db9,3,883 2299 2340
pickable_item,46a124e4-481c-5880-d187-573c1d8a57b9,3,883 2299 2340
pickable_item,46a73915-ff3a-d13c-3373-af2934af59b3,3,2124 2299 2340
pickable_item,46a85760-7d6d-2dae-2634-a8db495e29b9,3,883 2299 2340
pickable_item,46aebc93-ea64-820e-27a7-8ff4a286fa91,3,883 2299 2340
pickable_item,46cf7471-dccd-7e3a-18e8-e4a2e05d7ea5,3,2124 2299 2340
pickable_item,46f4ab47-ff0a-a617-7b7b-b3203a7ed7a5,3,883 2299 2340
pickable_item,4706bb3a-d722-2c20-a6e1-b4d4b6bbc18c,3,883 2299 2340
pickable_item,470cfa96-9bf4-41ee-9c74-cf2a1176ce45,3,2124 2299 2340
pickable_item,47253d38-5e4b-4c0a-225d-09c3c826e2ae,3,2124 2299 2340
pickable_item,473110cf-b888-a84b-7c65-e5b1beab47ac,3,883 2299 2340
pickable_item,474aee53-2ae2-8127-4ea5-8dc971279596,3,883 2299 2340
pickable_item,475642da-17e6-c06e-b035-2b1ab31cbb8f,3,883 2299 2340
pickable_item,475a8c7a-1162-6641-efe5-b8a401e72c8f,3,883 2299 2340
pickable_item,475aeca0-ddcb-ca9e-069d-e33b01b6edb8,3,2124 2299 2340
pickable_item,4785f1fa-6299-4972-9c4a-e7c848909599,3,883 2299 2340
pickable_item,4793c108-a30d-641a-71da-efc58a24bf9e,3,2124 2299 2340
pickable_item,47eea19c-bb27-891b-e2e4-47e76c601d94,3,883 2124 2299
pickable_item,47fd7eb2-de81-37fc-0ca2-772fd3c54baa,3,883 2299 2340
pickable_item,4802fa80-37b4-4017-9ee2-7b48a83fe065,3,2124 2299 2340
pickable_item,480650af-dda4-1ccc-d597-e13000639f9c,3,2124 2299 2340
pickable_item,481cfd5b-b646-1c6b-ff58-af749941cf9e,3,2124 2299 2340
pickable_item,48326991-0b0a-ef6f-8a86-ec152e61afba,3,883 2124 2299
pickable_item,4838434b-91d7-20b6-da95-33227d5fc6b4,3,883 2124 2299
pickable_item,4838fa1c-da32-9c55-b20b-d4b17b70ecac,3,883 2299 2340
pickable_item,4841e3ab-ec02-2953-6d7a-931f132459b5,3,883 2299 2340
pickable_item,4854fc59-9c4a-c3b4-21d3-f7f21bb97a85,3,883 2299 2340
pickable_item,4866cba5-da9f-00b9-bed9-2d135eb760ba,3,883 2299 2340
pickable_item,486d7cf9-9e4e-d88e-40da-bae153f2a3b5,3,2124 2299 2340
pickable_item,486fb98b-9cbe-79dd-314a-ac379dfc96b3,3,883 2299 2340
pickable_item,4876ade8-6f08-20e8-8068-6298fa329988,3,883 2299 2340
pickable_item,488d9792-0dbf-41dc-a320-753d94d1f1b6,3,883 2124 2299
pickable_item,4893589c-cdd8-887e-3e00-c1f53fab648c,3,883 2299 2340
pickable_item,48b9f3f2-8cca-5a8d-a588-8b1198380d89,3,2124 2299 2340
pickable_item,48c1161d-7bdf-52ff-75a5-3c210060ae8a,3,883 2299 2340
pickable_item,48dafad3-3606-b7e8-d1dc-ebc1de6b99bd,3,883 2299 2340
pickable_item,4901d670-706e-e710-a3ce-4b2d4a1116ad,3,883 2299 2340
pickable_item,4903be20-7d0c-ca13-5a9b-4ab2fd5a10bd,3,883 2299 2340
pickable_item,49160240-18dd-dc84-66fe-2ed005eba1b9,3,883 2299 2340
pickable_item,491a1973-e6d2-e04d-f718-8f24db2ec4bb,3,883 2299 2340
pickable_item,49232ade-9c7b-55de-aaf2-418b246b9a81,3,883 2299 2340
pickable_item,4935b34d-fb9f-4a80-91de-0c79eb437d52,3,2188 2299 2340
pickable_item,495fc236-eb42-596a-09a6-1c58eb51a384,3,883 2299 2340
pickable_item,49bf5eba-9762-38cb-162d-98248b894298,3,2124 2299 2340
pickable_item,49feaeb0-1dbe-91b3-d971-958e6c4212ad,3,883 2299 2340
pickable_item,4a0dd944-824b-e3ed-620a-2d51d6732ba9,3,883 2124 2299
pickable_item,4a30758f-c3f2-cf3c-84d0-4ba26c4d849c,3,883 2299 2340
pickable_item,4a3dc302-b035-44cc-a49b-9da912c28cc1,3,2124 2299 2340
pickable_item,4a444ba6-19ca-c4d4-114b-b922f88148b3,3,883 2124 2299
pickable_item,4a44b8d0-a562-3f6d-6ba4-defe8183a092,3,883 2299 2340
pickable_item,4a5ec182-a249-b5d8-9975-b8fa57d5ae9f,3,883 2299 2340
pickable_item,4a6461df-8b4f-0ad7-d6db-551c2c45aca7,3,883 2299 2340
pickable_item,4a800ddc-6a8b-d6d1-4c40-000a2ce22a84,3,2124 2299 2340
pickable_item,4a9c8bc3-759d-f9a4-87f8-77cd31481e9b,3,883 2299 2340
pickable_item,4ab733db-71b5-d2da-4c84-1d50ca7b6aa0,3,883 2299 2340
pickable_item,4ac6fa35-a801-56cb-5cc7-7c7554e61c8a,3,883 2299 2340
pickable_item,4ad02fe1-d15c-db1f-1981-59ac21854e9c,3,883 2299 2340
pickable_item,4ae7732e-f2a7-b419-4619-e08d9f6de2bb,3,2124 2299 2340
pickable_item,4afcfba0-8899-4509-b099-c30f58e100b8,3,2124 2299 2340
pickable_item,4b1d6789-532c-97dd-48e0-51f2d0bd5db9,3,883 2299 2340
pickable_item,4b509412-cf66-497f-7dc2-845e149d99bf,3,883 2299 2340
pickable_item,4b97e0ac-2280-9ddf-7f17-336f82327f9d,3,883 2299 2340
pickable_item,4bade180-e6ba-1c8a-5c43-b980a22434b3,3,883 2299 2340
pickable_item,4bb8c21f-fe2d-92f5-cf1f-7d2c809fb580,3,883 2299 2340
pickable_item,4bc6e580-eb02-3c7e-1e5c-899767f21cbd,3,883 2124 2299
pickable_item,4bcb4913-408e-a9bc-ead2-b294248a5e90,3,883 2299 2340
pickable_item,4bdfe759-8f53-2b2e-1567-cb1e6af469ad,3,883 2299 2340
pickable_item,4be31ff9-55ce-a5d8-0726-3e99ed54168f,3,883 2299 2340
pickable_item,4bef1aa8-1d05-6ecc-7797-083fa321cf80,3,2124 2299 2340
pickable_item,4bf59325-6ee7-4200-8b61-ed0c505674ae,3,883 2124 2299
pickable_item,4bf98be0-1893-bb82-3ddb-5dd35b0f84b1,3,2124 2299 2340
pickable_item,4c18d9e1-1fca-0abb-57be-5ca7cdce14a1,3,2124 2299 2340
pickable_item,4c1ad4d4-f5f2-9b19-a470-14581138b9a9,3,883 2299 2340
pickable_item,4c3ce212-fc6e-c14a-11e5-973ae0e749b8,3,2124 2299 2340
pickable_item,4c41350f-f3dc-8910-0e46-1f937e46d893,3,883 2299 2340
pickable_item,4c5a74d8-92b1-4c78-bdef-6c19a762e062,3,2124 2299 2340
pickable_item,4c6c8f11-7097-3ca1-3f20-4f1bbba1f68c,3,883 2299 2340
pickable_item,4c828be7-10e9-d339-7492-cf73f5c5ba88,3,2124 2299 2340
pickable_item,4c98b6b4-9645-27f9-8b50-4bd4b63a09b4,3,2124 2299 2340
pickable_item,4c9c5c6b-f50b-d0f4-3037-24ef73f28482,3,883 2299 2340
pickable_item,4cc65a8a-3d0b-4a3b-bc3a-763027c4329c,3,883 2299 2340
pickable_item,4cf10c00-5150-b4c2-7c56-ee25a5cd6b82,3,883 2299 2340
pickable_item,4cf927fe-32a6-e48f-9b6c-d7cec8d4c3a1,3,883 2299 2340
pickable_item,4d05ba28-6f24-924d-cd10-ef3d12e447a6,3,883 2299 2340
pickable_item,4d1d646c-ce45-434b-96ae-cfa27b86b4b6,3,2124 2299 2340
pickable_item,4d29cf34-5fc1-f4cd-ba8a-04f4a55ed08a,3,2124 2299 2340
pickable_item,4d72afbc-18ac-6ef6-50f1-b9e1f6774b82,3,883 2299 2340
pickable_item,4d82d77b-9543-5a5c-a3c7-e93e62ad20b5,3,883 2299 2340
pickable_item,4d83cddb-a7ce-dfd5-d2d0-aa7454313f8d,3,883 2299 2340
pickable_item,4da4eeda-663b-4ef3-9793-518a3b9ac13a,3,883 2124 2299
pickable_item,4dc4999b-c8e2-c6ba-7115-b26e6f7470b5,3,883 2299 2340
pickable_item,4dd025d4-1f9e-b029-da07-28d3b60c898a,3,883 2124 2299
pickable_item,4dd34997-a8f3-9f9f-ddaa-ca0ca4b07c9f,3,883 2299 2340
pickable_item,4ddf36d8-d7b7-0bfd-1e3e-ba55a5879caa,3,883 2124 2299
pickable_item,4e217a75-42fb-aeef-8052-de015d81a895,3,883 2299 2340
pickable_item,4e392593-3a86-318b-65bc-05907a52fe8a,3,883 2299 2340
pickable_item,4e594114-e45f-24c4-73b8-be718de35eb3,3,883 2124 2299
pickable_item,4e75a619-e574-65af-b95f-6648c6db6295,3,883 2299 2340
pickable_item,4e760438-c3b5-7acd-6329-55e19c4e8896,3,883 2299 2340
pickable_item,4e874d43-cf70-1d41-7510-296b8e2c839d,3,883 2299 2340
pickable_item,4e969bae-648a-194c-5d9d-3e52a0225597,3,883 2299 2340
pickable_item,4e9a2fc1-c984-28b5-436b-fc669315948f,3,883 2299 2340
pickable_item,4eabe21e-e15e-34f8-f6a9-86059ba313a8,3,2124 2299 2340
pickable_item,4eba4ef8-7022-4842-a49f-511478b91469,3,2188 2299 2340
pickable_item,4ebeeea1-87a2-cee7-1e24-9d003c1b0989,3,883 2299 2340
pickable_item,4ed69166-1d45-4582-aa56-27e4fe368449,3,2188 2299 2340
pickable_item,4eed0a2b-1233-40b4-88f5-7f67de916b58,3,2124 2299 2340
pickable_item,4ef2fdb9-ad9d-012b-f526-92f78f8f6f91,3,883 2299 2340
pickable_item,4ef4527a-cf8b-4103-a845-0b1f531c0848,3,883 2124 2299
pickable_item,4efb55de-6380-31fd-0e64-928f5486db90,3,883 2299 2340
pickable_item,4f07bb72-5fa2-8f1e-dd38-3cd78b4785a6,3,2124 2299 2340
pickable_item,4f124bf4-8d53-052a-3c1b-9dc279cd5ca1,3,2124 2299 2340
pickable_item,4f27f774-be02-ea89-51d6-ad7ac35587a2,3,2124 2299 2340
pickable_item,4f4b2cdc-1690-4e32-bba8-00eff2f14f0c,3,883 2124 2299
pickable_item,4f4e5326-5e10-5a3e-bf80-e38e381c19a2,3,883 2299 2340
pickable_item,4f56d88a-c1d6-6213-36c8-b44bb552b782,3,883 2299 2340
pickable_item,4f71cd89-9889-1498-ca5a-b8699c4afbaa,3,883 2299 2340
pickable_item,4f7a8fa9-6701-df14-8a95-1166c9de20a3,3,883 2299 2340
pickable_item,4f953795-b11c-9a8a-c373-97c249e853ad,3,883 2299 2340
pickable_item,4f960851-461f-4a52-859a-42fed994099b,3,2188 2299 2340
pickable_item,4fa7416d-486e-905d-30fa-79c11069ad8d,3,883 2124 2299
pickable_item,4fae9467-6bac-0669-cacf-0a7f1d21e889,3,883 2299 2340
pickable_item,4fb18a35-7abd-d93d-ac7e-c5a1d6bf809f,3,883 2299 2340
pickable_item,4fb99cfb-d97f-3638-5f1f-cadc7cef0db6,3,883 2299 2340
pickable_item,4fe77e7d-10eb-f7d5-ad13-1bdc697969a3,3,883 2124 2299
pickable_item,4fec4b5d-a1f3-2664-de46-08b3ce64299d,3,883 2299 2340
pickable_item,4fed003b-d1ee-aaed-a397-9d4083dc688d,3,883 2299 2340
pickable_item,4fedd7a1-ac86-40b1-ba0b-847e602df774,3,2124 2299 2340
pickable_item,50ef44b2-73f9-412f-bb4b-29047887a11b,3,883 2124 2299
pickable_item,52446f8a-3073-4006-b181-60c82475a03a,3,2124 2299 2340
pickable_item,5348397f-9c7b-4638-8651-8f0764bb31af,3,883 2124 2299
pickable_item,539f94d5-d9b4-4e0b-a0b1-8403d27d96ff,3,883 2124 2299
pickable_item,547dbb33-e2a7-414c-a2ea-379c96b776ee,3,883 2124 2299
pickable_item,55057cac-7e39-47f8-921c-68de4f3e04cb,3,2188 2299 2340
pickable_item,567fc1b1-1424-4784-9da8-5104e2e7354d,3,2011 2299 2340
pickable_item,5690cb19-872c-4b84-a437-d40d96b0ee51,3,2124 2299 2340
pickable_item,576f5c23-d5f0-4372-971c-b8cb068eca3f,3,2188 2299 2340
pickable_item,585319b6-f72f-4662-99dd-817a1c40758d,3,2188 2299 2340
pickable_item,5878eeed-a6b6-481c-ac10-9e7cd5958988,3,883 2124 2299
pickable_item,58ef3e13-d40f-4b25-b4bc-3b06df0f2578,3,883 2124 2299
pickable_item,5ab5581a-be10-4520-9ab4-90c6985498d3,3,883 2124 2299
pickable_item,5b7ed53e-3554-47c7-817b-b971a2d99713,3,883 2124 2299
pickable_item,5bcd587a-4d97-4bad-a8b4-3248fc6d0cc6,3,883 2124 2299
pickable_item,5c0981cd-1c99-4690-8e54-29dbfc315c1d,3,2124 2299 2340
pickable_item,5c17d1d9-70ec-49d9-9b05-ae23247c045f,3,2011 2299 2340
pickable_item,5d1c2c66-55b9-4c36-85a5-0a11da319f0a,3,2188 2299 2340
pickable_item,5dc9c415-5b5a-4278-b507-053ae258f505,3,883 2124 2299
pickable_item,5e079d0b-0909-45c8-9306-8ac579b7b407,3,883 2124 2299
pickable_item,5e2ba1cd-4a42-407c-9261-8afdbc3e86b4,3,883 2124 2299
pickable_item,5e9b4fa1-aafa-4352-b5d6-58df2c263caa,3,1914 2299 2340
pickable_item,5ef63059-322e-4e1b-abe8-926e100c770e,3,651 1578 2299
pickable_item,5f6cdfad-2e87-45e4-bd5a-e3b604adc766,3,2011 2299 2340
pickable_item,601f9ff2-0413-40c9-b443-9695aafa71a5,3,2011 2124 2340
pickable_item,60734204-5a17-47cc-8fa2-9e8dfdf4ed62,3,883 2124 2299
pickable_item,6074da31-4882-4ab4-81ee-ff7e570e29b2,3,2188 2299 2340
pickable_item,608922e3-0405-4110-a026-dcd3c69b2bf2,3,883 2124 2299
pickable_item,64114eed-ddad-4f06-a419-3c9dc0d0cc47,3,883 2299 2340
pickable_item,6615363c-e609-499c-90bb-921e6ab07c71,3,2188 2299 2340
pickable_item,662a3ac5-5883-4b7d-bd84-173eaa136a73,3,883 2124 2299
pickable_item,682f330c-40e8-454b-86d4-9fcb4e9ec742,3,2188 2299 2340
pickable_item,68a35c34-51db-4f5d-827b-fed5a45ddfcd,3,883 2124 2299
pickable_item,68d9f225-030a-43c0-83b3-c4bc57568581,3,2124 2299 2340
pickable_item,6992abe6-b51e-4024-a654-13e7cd49028d,3,2188 2299 2340
pickable_item,6a324aa9-a566-406c-a3f8-6c416a00b399,3,2124 2299 2340
pickable_item,6aeb1531-369e-47cc-ad6c-f78df1c37d13,3,2173 2299 2340
pickable_item,6b955a9b-d8de-492c-a53e-a052fab4ff0a,3,2011 2299 2340
pickable_item,6c2efaae-819d-4899-be2b-e4e6142047f7,3,2188 2299 2340
pickable_item,6c67d354-a472-442b-9d43-7ba805880aa6,3,883 2124 2299
pickable_item,6c8a6e64-350c-4f47-9a3f-18e3450987ef,3,883 2124 2299
pickable_item,6caca7be-2792-484c-9128-3ade0489934d,3,2188 2299 2340
pickable_item,6de91117-0ce4-4a84-a903-3f0dcc1517a0,3,883 2124 2299
pickable_item,6e3c3cfd-0315-436b-9b52-9087a127e644,3,2188 2299 2340
pickable_item,6eb6ee59-af87-4f75-ada5-b0c655f5f1ab,3,2188 2299 2340
pickable_item,6ec15d56-4f77-4751-af72-e6225f825ae8,3,883 2124 2299
pickable_item,709c3428-ee1c-4fbe-87d1-8282660308fb,3,883 2124 2299
pickable_item,7377215a-a0ca-44a2-b11a-113a024191ca,3,2045 2124 2299
pickable_item,73ff1fde-ec8b-41e9-95e3-b5938c715bf1,3,2011 2299 2340
pickable_item,76fd4ad3-84e2-444c-9822-b67c4adbc349,3,2124 2299 2340
pickable_item,772c5d38-66b3-43f7-9757-5f10439aee97,3,883 2124 2299
pickable_item,791ca878-59c2-455f-a3d1-c12bafa0e74f,3,883 2124 2299
pickable_item,7a7db7c5-3089-4224-b180-6e7ece2a534f,3,2188 2299 2340
pickable_item,7afa398b-2f51-4acf-be39-42971061e5e7,3,2188 2299 2340
pickable_item,7b80535e-9945-4340-b086-733cc0813f89,3,2188 2299 2340
pickable_item,7da04bba-0564-42da-bcf1-9a2fc5faf025,3,1914 2299 2340
pickable_item,802507e9-d620-47b5-ae66-08fcc314e26a,3,2035 2049 2299
pickable_item,80425345-1243-4bc2-b3bf-40ebff4a7fba,3,883 2124 2299
pickable_item,80a90ce0-50f5-4273-8f3e-562f0965f30b,3,883 2124 2299
pickable_item,81c21fdc-3d62-4d1f-854f-eb364db1bcff,3,2124 2299 2340
pickable_item,823df2a1-bd59-4820-ab53-35e23c46149c,3,883 2124 2299
pickable_item,850d28d9-9d0a-4b2e-9feb-e6c48c5f1aad,3,2011 2299 2340
pickable_item,85310d06-2845-46ee-be8f-295503b35035,3,2173 2299 2340
pickable_item,85b71c81-e087-47f1-a290-bb80ed1bfaf2,3,883 2124 2299
pickable_item,86386baf-5228-4a29-b545-4e6784b81f7c,3,883 2124 2299
pickable_item,871cbc55-35cf-4397-846e-7bf05d4308c7,3,883 2124 2299
pickable_item,88e3f8f2-e820-40e5-9fc5-82024ded0c5e,3,2124 2299 2340
pickable_item,8a0bfe8a-ff7d-4059-bb6f-ae062fb00d9a,3,2124 2299 2340
pickable_item,8b713d0c-9a04-4354-a53f-ffd384057fa6,3,2011 2299 2340
pickable_item,8c23bd24-ea62-43b3-ac49-357ff34d3ed2,3,2188 2299 2340
pickable_item,8d8f5757-beb1-4e09-8899-c5dc17c15891,3,2188 2299 2340
pickable_item,8e2ccaa1-17c2-4cef-b378-e71dc83bddb7,3,883 2124 2299
pickable_item,8ef902ea-0c32-44c9-b101-71f35b9cbe3d,3,2045 2124 2299
pickable_item,8fb1de6d-2985-45ea-ae9c-007540b4f37e,3,2011 2299 2340
pickable_item,8fdb519f-51a4-4531-a20e-732065dd1ede,3,2124 2299 2340
pickable_item,92c829ca-41f6-40a7-b8d9-aac5159c7a89,3,2011 2299 2340
pickable_item,931be8b2-e9e7-48f8-84f9-54f438d19cc4,3,883 2124 2299
pickable_item,937c90ad-fdee-45ff-a712-6fae845a5210,3,883 2124 2299
pickable_item,94f31361-094b-4f8a-ad6c-dbf357c98d74,3,2124 2299 2340
pickable_item,961d80db-9847-4c65-aa1e-3b2366d66068,3,2124 2299 2340
pickable_item,965cc83a-1d34-416f-aabd-c4a461a6e583,3,883 2124 2299
pickable_item,9d9bdc38-9e6e-459f-8a75-700fdc1e604f,3,883 2124 2299
pickable_item,9e782670-3291-4382-a6d3-a843d13e67d9,3,2124 2299 2340
pickable_item,9f7a0c0a-6458-4622-9cc5-2f4dd4898b50,3,2173 2299 2340
pickable_item,a1ba1e1d-a9dd-4b31-b518-184070831576,3,883 2124 2299
pickable_item,a3483b1b-bef2-402e-906f-0c2fd4917f49,3,2124 2299 2340
pickable_item,a49c0356-66c4-4cbf-99f6-9581f15bb39d,3,2188 2299 2340
pickable_item,a4e01cf1-78af-4692-b6db-7c6be15cbe4c,3,883 2299 2340
pickable_item,a8014877-ce10-4331-88ab-04173b6370ad,3,883 2124 2299
pickable_item,a9d80dd4-2792-463a-9fcb-825677667e69,3,883 2124 2299
pickable_item,aa8ebb16-e117-46ae-8c85-5c53ceb79394,3,883 2124 2299
pickable_item,ab25a50a-7836-47a9-acb2-5fd93684b8c5,3,2011 2299 2340
pickable_item,aca90050-0b70-4ca0-9d29-b94326203c75,3,883 2124 2299
pickable_item,ad347b6b-40c8-48be-b757-1d40aaf2d6a8,3,2188 2299 2340
pickable_item,ad443031-370e-4a63-ba12-ee3fc4c338a8,3,883 2124 2299
pickable_item,ae1bbf2f-6bee-4e7d-82a0-5cd898ab8718,3,2124 2299 2340
pickable_item,af6f2946-ce54-4e38-9b2b-5ab95d5c4777,3,883 2124 2299
pickable_item,af7fd872-0830-4e33-843e-5c015bbe9e73,3,883 2124 2299
pickable_item,afcb6aea-750e-4ea8-a157-ff233a1d5e15,3,2188 2299 2340
pickable_item,b04d6c1a-c045-49ac-9f52-1e0d87eab091,3,2188 2299 2340
pickable_item,b0763820-556a-4d4c-a858-009aa897fb61,3,2011 2299 2340
pickable_item,b129a71e-cadb-47db-bc2c-6ce85e3b278c,3,883 2124 2299
pickable_item,b1de7a91-1644-4ad6-b186-a5b40764be7f,3,2124 2299 2340
pickable_item,b2e94e5a-4261-47e2-a57f-3b1c1b37aa68,3,2188 2299 2340
pickable_item,b38c34b7-6016-4f64-9ba2-65e1ce31d4a1,3,2011 2299 2340
pickable_item,b48f2290-b002-4b87-baf7-ad55a44727a1,3,883 2124 2299
pickable_item,b501b610-9c79-4a78-94e6-aeefb034a507,3,2188 2299 2340
pickable_item,b59ab3c7-f70b-4de4-937e-074e97bfe327,3,883 2124 2299
pickable_item,b8f8953c-5668-4e6c-9d8c-843d85ec83ee,3,2124 2299 2340
pickable_item,b95f10cb-5225-4308-ada7-8405a8238b29,3,2188 2299 2340
pickable_item,b97a2084-a5ca-4d16-ab58-e4665afe212f,3,883 2124 2299
pickable_item,bc76f2f4-8ba0-458e-8ec6-fc88d4c8202f,3,2124 2299 2340
pickable_item,bd6a9ffc-68b6-4222-b7fd-7bd72634b712,3,2124 2299 2340
pickable_item,be9bd6b7-b2c1-432a-90a7-4a13c58c0936,3,2124 2299 2340
pickable_item,bf7f4128-cf3c-4f70-b18e-aa2979da15ed,3,2124 2299 2340
pickable_item,c16e5a45-b0de-4ccb-b6c2-69f49061014c,3,2188 2299 2340
pickable_item,c2d79308-ce89-41e4-b07c-8c00f4496370,3,883 2124 2299
pickable_item,c316062a-5633-4e1e-bea3-f226717c0258,3,883 2124 2299
pickable_item,c4087dfd-6d59-4ff1-bd0e-eb94bec5f5f0,3,2188 2299 2340
pickable_item,c40dc516-9886-4245-8a8b-2cbb16da918d,3,2011 2299 2340
pickable_item,c449a063-f58b-4ab5-8df1-d24d71384630,3,2188 2299 2340
pickable_item,c707733a-c0a7-4f02-b684-9392b0b15b83,3,2173 2299 2340
pickable_item,c9cc366b-7192-4261-8861-be7877e9ef17,3,883 2124 2299
pickable_item,cbe084af-0d9c-4a97-8d83-b9bb8fa02e02,3,2188 2299 2340
pickable_item,cda856d8-9ee4-4f61-b2c7-eace8e082d62,3,2173 2299 2340
pickable_item,cf58c28c-f2bd-41a0-9c6d-764767d144cf,3,2045 2124 2299
pickable_item,cf84a3f5-781a-4f1d-94b7-db8745a9682e,3,883 2124 2299
pickable_item,cfa7a763-493e-41a7-98e8-7bd54bba4649,3,883 2124 2299
pickable_item,d031224d-34c3-4f2b-98f7-d77789a309c2,3,2124 2299 2340
pickable_item,d0a195d2-8b17-4314-aa93-0a6934996abb,3,2188 2299 2340
pickable_item,d14a845b-3787-4172-9fe4-f4dfcd6ac0ec,3,883 2124 2299
pickable_item,d41af9ba-400f-49ae-91fa-38c7da4b815b,3,883 2124 2299
pickable_item,d459cb3a-04b5-4de7-b115-35ec17d293ba,3,883 2124 2299
pickable_item,d45d8a3f-1292-4310-9b39-8f811f0ea5f5,3,2188 2299 2340
pickable_item,d5ca8f35-28ec-4bf3-b042-7c97ce4c4f14,3,883 2124 2299
pickable_item,d70b732b-c924-4dad-aa56-2f27e6e9c656,3,883 2124 2299
pickable_item,d7248e1e-64dd-4d38-8049-826eb2fb39d0,3,2124 2299 2340
pickable_item,d833ab2a-0e9f-4b34-a514-562e8f61289c,3,2188 2299 2340
pickable_item,d9f62ac5-7e3b-4d2b-93d9-2effa81a8610,3,2188 2299 2340
pickable_item,db0725ac-c0e0-41db-b7a6-2887c57df612,3,883 2124 2299
pickable_item,db357169-2012-4c12-b82b-d021cd4c8d9f,3,2124 2299 2340
pickable_item,db35e15d-ccc0-4c59-b76e-f7d6be6939f2,3,883 2124 2299
pickable_item,db66940d-09bc-4450-8df9-8268e52e4ac2,3,2124 2299 2340
pickable_item,dc4dde5d-2196-41dd-8c5f-1ae94365fe23,3,2124 2299 2340
pickable_item,dcdc05d3-2ac9-40b1-b54f-d25c91966de8,3,883 2124 2299
pickable_item,e0c5c6fb-6a02-4ead-9877-ff0464b92729,3,883 2124 2299
pickable_item,e16b0af6-fb6a-43e2-9a9c-1b8c227e64b8,3,883 2124 2299
pickable_item,e1cc4970-df00-4fec-b831-976b753fd73f,3,2124 2299 2340
pickable_item,e3ee5787-f4c5-42b7-a900-33dc97c60706,3,883 2124 2299
pickable_item,e5ab81a9-d02e-4361-acf5-ac755df7f2dc,3,883 2124 2299
pickable_item,e6391b02-c09c-495d-a980-ad675d523fb3,3,883 2124 2299
pickable_item,e680ebb5-c752-4640-906d-70f332106154,3,883 2124 2299
pickable_item,e69bf96e-47ff-4eb2-a9b3-06dc896d43b8,3,2188 2299 2340
pickable_item,e7598115-b58c-43a8-b2f8-c566dd572873,3,2124 2299 2340
pickable_item,e85bbb3c-a40e-4c42-94c2-61372a4e889a,3,883 2124 2299
pickable_item,ec470e0c-5bbd-43bb-803e-0e7867253c25,3,883 2124 2299
pickable_item,eca88106-4bab-4419-8772-4450739c193c,3,2011 2299 2340
pickable_item,ede33ca4-a8f8-4bdb-881b-4eeb88c1c826,3,2188 2299 2340
pickable_item,ee4d4a9d-dfe7-432e-80ae-6be5ac6c6225,3,883 2124 2299
pickable_item,eec58bfb-063e-4838-b78d-3c2b354f1346,3,2011 2124 2210
pickable_item,eef9a291-fa86-454b-9a01-22d92647f5f1,3,883 2124 2299
pickable_item,ef79c956-744e-4731-a385-ecf9c57b3adc,3,883 2124 2299
pickable_item,f08ed73b-89a1-43e7-901c-df49885140be,3,2188 2299 2340
pickable_item,f12b7150-9e2c-4442-9070-2cde6a32b1a1,3,2124 2299 2340
pickable_item,f1309a89-045f-44ae-a4d9-c997b892a162,3,2011 2299 2340
pickable_item,f2817f34-9e28-4b97-8f6c-d2b2a7aaa61b,3,2045 2124 2299
pickable_item,f42fb3ff-9790-4831-a364-ae7b9c60a519,3,883 2124 2299
pickable_item,f4842503-3fc7-43aa-ad42-30a8c97bd6df,3,2188 2299 2340
pickable_item,f7359b93-8312-4f13-8c51-ddb671a9edff,3,883 2124 2299
pickable_item,f7d8c372-ab36-4868-b720-2e887fd1c7d5,3,2188 2299 2340
pickable_item,f86783e8-b406-44c9-b659-858f94ce2189,3,2124 2299 2340
pickable_item,f961d38d-12e6-430c-92d5-d7e7e45a87e9,3,2173 2299 2340
pickable_item,fb7a83b1-420f-4012-9be0-396f4279ab3c,3,2188 2299 2340
pickable_item,fd6cceee-06d0-4a0b-a0f6-c52d0afd5481,3,2011 2299 2340
pickable_item,ff25cae9-7182-4d55-bbb0-0706404e5b69,3,2124 2299 2340
pickable_item,ff2b21b8-c613-45ff-89c6-8a347cf37ff6,3,883 2124 2299
pickable_item,ff44440b-aeeb-409a-9830-4f29d7feabbf,3,2124 2299 2340
pickable_item,ff5ab403-62fa-41d2-9afd-7d6857f999c4,3,2124 2299 2340
player_item,488d9792-0dbf-41dc-a320-753d94d1f1b6,3,1693 2124 2299
player_item,e16b0af6-fb6a-43e2-9a9c-1b8c227e64b8,3,1693 2124 2299
rpg_param,CombatAutoAttackDelaySigma,3,1112 2179 2299
rpg_param,CombatAutoClinchReactionDelayMinMax,3,1070 1384 2179
rpg_param,CombatAutoClinchReactionDelayMinMin,3,1070 1384 2179
rpg_param,DamageToArmorStatusHigherLayers,3,2124 2173 2340
rpg_param,DigestionSpeed,3,651 1426 2124
rpg_param,ExhaustionSpeed,3,651 1426 2124
rpg_param,HerbGatherXP,3,883 1334 1572
rpg_param,HorseMountMaxRelativeEncumberance,3,1558 1668 2299
rpg_param,HoundmasterXPContextCommand,3,1334 1558 1572
rpg_param,HoundmasterXPPOIDiscovery,3,1334 1572 2299
rpg_param,ItemHealthPriceStatusWeight,3,883 2124 2188
rpg_param,JumpCostBase,3,1260 1558 1668
rpg_param,LockPickingCursorShakeRange,3,1260 1334 2219
rpg_param,PickpocketingFailXPMod,3,1334 1558 1572
rpg_param,SecondaryStatXPRatio,3,1260 1558 1572
rpg_param,ShoeHealthDecrease,3,1425 1558 1668
rpg_param,SkillToDefense,3,1334 1558 2179
rpg_param,SprintCost,3,1260 1558 1668
rpg_param,StamRegenBase,3,1112 1260 1558
rpg_param,StatXPVitalityPerDistance,3,1334 1558 1572
rpg_param,StealthAttackFailXp,3,1260 1334 1572
rpg_param,StealthSkillToFootstepSoundMult,3,1260 1558 2219
sequence,55336/,3,1105 2188 2299
sequence,55338/,3,1105 2188 2299
sequence,55367/,3,1105 2188 2299
sequence,59202/,3,1105 2188 2299
shop,25/103/37,3,883 2299 2340
shop,25/105/10,3,883 2299 2340
shop,25/106/54,3,883 2124 2340
shop,25/107/37,3,883 2299 2340
shop,25/108/10,3,883 2299 2340
shop,25/124/15,3,883 2299 2340
shop,25/125/15,3,883 2299 2340
shop,25/127/15,3,883 2299 2340
shop,25/143/10,3,883 2299 2340
shop,25/147/80,3,883 2299 2340
shop,25/15/13,3,883 2188 2299
shop,25/17/14,3,883 2124 2340
shop,25/18/15,3,883 2299 2340
shop,25/20/15,3,883 2299 2340
shop,25/30/15,3,883 2299 2340
shop,25/37/45,3,883 2299 2340
shop,25/46/15,3,883 2299 2340
shop,25/55/10,3,883 2299 2340
shop,25/65/34,3,883 2124 2299
shop,25/91/15,3,883 2299 2340
shop,25/95/72,3,883 2299 2340
shop,25/98/70,3,883 2299 2340
shop,3/159/85,3,2124 2188 2299
shop,4/110/28,3,883 2299 2340
shop,4/126/69,3,883 2299 2340
shop,4/132/8,3,883 2299 2340
shop,4/134/32,3,883 2299 2340
shop,4/152/8,3,883 2299 2340
shop,4/51/28,3,883 2299 2340
shop,4/68/8,3,883 2299 2340
shop,4/69/32,3,883 2299 2340
shop,4/70/28,3,883 2299 2340
shop,5/104/24,3,883 2188 2299
shop,5/29/4,3,883 2188 2299
shop,5/35/22,3,883 2299 2340
shop,5/38/24,3,883 2188 2299
shop,5/39/24,3,883 2188 2299
shop_type2item,49f1d199-c8e4-5e9a-7aeb-09e3999a25a7,3,1380 2124 2299
shop_type2item,928463d9-e21a-4f7c-b5d3-8378ed375cd1,3,1864 2124 2299
shop_type2item,aca90050-0b70-4ca0-9d29-b94326203c75,3,2124 2299 2340
soul_archetype,2/0/15,3,651 2124 2179
weapon,04c2c966-f55b-4afe-b0c2-bfdf4ba0deeb,3,1560 2124 2299
weapon,0eb0ac15-f0d9-49ce-9dd8-b37381a7a508,3,1560 2124 2299
weapon,10f00d6e-66ce-4dbe-a4e0-71db8a1ba511,3,1560 2124 2299
weapon,11324f3e-d7f0-49f7-b39d-14622de4d410,3,883 1560 2299
weapon,1330f647-b8fb-4a71-9467-9dc8daeb4a81,3,1560 2124 2299
weapon,14aaa78f-49fe-49aa-bf46-bc6b8b06a6b7,3,1560 2124 2299
weapon,17b7104f-d747-41ed-b701-d964584a0b37,3,1560 2124 2299
weapon,1af2b27c-06bf-42a9-b203-8e7c83361d50,3,1560 2124 2299
weapon,2b652926-fb99-406f-9955-8a45dd1f1cd9,3,1560 2124 2299
weapon,2c9e4731-1858-423d-a898-a15484507cb7,3,1560 2124 2299
weapon,2e32ab30-aa7e-4628-8482-a229a68dfa72,3,1560 2124 2299
weapon,30a02ab0-eb1d-4bf7-a53f-eb1004b2cbd8,3,1560 2124 2299
weapon,375edea9-2d3c-4d1a-a6cc-e81ffa6bba26,3,1560 2124 2299
weapon,3e1e9a1d-37b5-4564-be23-af1017296d6c,3,1560 2124 2299
weapon,3e5d8911-a3c0-4a0b-9f9e-dc898b117798,3,1560 2124 2299
weapon,3e7657f2-d653-4e57-ae77-6f2225ac642b,3,1560 2124 2299
weapon,4b6b9d8f-6b39-42da-90df-63d8d5adc68e,3,1560 2299 2340
weapon,4bd249c6-0fea-4296-b60a-8d8a56ce76e6,3,1560 1563 2299
weapon,4bf59325-6ee7-4200-8b61-ed0c505674ae,3,1560 2124 2299
weapon,539f94d5-d9b4-4e0b-a0b1-8403d27d96ff,3,1560 2124 2299
weapon,5b7ed53e-3554-47c7-817b-b971a2d99713,3,1560 2124 2299
weapon,60734204-5a17-47cc-8fa2-9e8dfdf4ed62,3,1560 2124 2299
weapon,608922e3-0405-4110-a026-dcd3c69b2bf2,3,1560 2124 2299
weapon,6c67d354-a472-442b-9d43-7ba805880aa6,3,1560 2124 2299
weapon,6de91117-0ce4-4a84-a903-3f0dcc1517a0,3,1560 2124 2299
weapon,726322dd-f2e6-4cf2-922f-0ff715e20633,3,1560 2124 2299
weapon,75f6a7ef-7144-46c6-b044-b94ab4167f67,3,1560 2124 2299
weapon,772c5d38-66b3-43f7-9757-5f10439aee97,3,1560 2124 2299
weapon,8021783b-c65d-43dd-a8ab-8b11eb271f84,3,1560 2124 2299
weapon,80a90ce0-50f5-4273-8f3e-562f0965f30b,3,1560 2124 2299
weapon,823df2a1-bd59-4820-ab53-35e23c46149c,3,1560 2124 2299
weapon,929e08b0-9cda-4eb6-a7c4-28e8bd4dd32d,3,1560 2124 2299
weapon,a1ba1e1d-a9dd-4b31-b518-184070831576,3,1560 2124 2299
weapon,aaf84a4e-4617-4f74-a3b2-a6c2de25244b,3,1560 2124 2299
weapon,b129a71e-cadb-47db-bc2c-6ce85e3b278c,3,1560 2124 2299
weapon,b173f48f-6f4f-42eb-a119-37d2402e74f0,3,1560 2124 2299
weapon,b48f2290-b002-4b87-baf7-ad55a44727a1,3,1560 2124 2299
weapon,bbd53a21-4228-4488-9cd2-bbec6c4bfb1e,3,1560 2124 2299
weapon,bd0beb13-9c64-40fb-988c-ed1f0a122b14,3,1560 2124 2299
weapon,c76986a8-7b55-4bd3-bb20-cdbb0eea8727,3,1560 2124 2299
weapon,c8c010e2-4ae9-42b3-8b02-df7d797237f9,3,1560 2124 2299
weapon,cc6a8725-deaa-4d0f-957b-f987149a5da6,3,1560 2124 2299
weapon,cf84a3f5-781a-4f1d-94b7-db8745a9682e,3,1560 2124 2299
weapon,d133cf8c-dc76-48ca-a823-cf837e7f0f99,3,1560 2124 2299
weapon,d289be6f-a7cb-44b2-b2d0-a0a45105ef98,3,1560 1563 2299
weapon,d2fdde4f-0d45-46d0-949b-b061b6619af6,3,1560 2124 2299
weapon,d70b732b-c924-4dad-aa56-2f27e6e9c656,3,1560 2124 2299
weapon,dcdc05d3-2ac9-40b1-b54f-d25c91966de8,3,1560 2124 2299
weapon,de21749a-627d-406c-9dc6-e3e08d65d8d9,3,1560 2124 2299
weapon,e5dfafd0-f45b-4b79-9e5d-b95d545a85f8,3,1560 2124 2299
weapon,e5fc1a89-9bb1-44a9-a524-c6834a5e2e76,3,1560 2124 2299
weapon,e73cf113-a458-40fc-82a5-36c00f96da08,3,1560 2124 2299
weapon,eef9a291-fa86-454b-9a01-22d92647f5f1,3,1560 2124 2299
weapon,ef79c956-744e-4731-a385-ecf9c57b3adc,3,1560 2124 2299
weapon_class,/0/8938ac5f-35d3-44dc-8251-97df7570b672/1/0/0/1/23/7/1,3,2045 2124 2294
armor,00c214ca-d9cb-4d2a-b3e8-95545fd2f3e9,2,1560 2124
armor,074b95e2-c86d-4051-a15e-e23634dd4a17,2,1560 2299
armor,0a79aed1-1d5a-4104-ae2e-6de2648ea9b4,2,1560 2299
armor,0bf732db-ca19-4f0b-a56f-c83a79806d8f,2,1560 2299
armor,275bc631-75cb-41ad-be6c-bc9f319fcb5d,2,1560 2299
armor,33069aba-2dcf-42c4-97ea-f9c8a6f7e06e,2,1560 2299
armor,38d4a88c-068f-4067-8000-0604b3d41ac8,2,1560 2299
armor,3b2f6f90-615d-4e8d-b9a4-bf04c4e99d59,2,1560 2299
armor,40280c67-9421-1fc8-0d54-ae5d47c978b9,2,1560 2299
armor,40298c73-9675-13b1-77ad-4ed61a6e36bb,2,1560 2299
armor,40b5371b-6235-e4de-db1e-4528b11a25b6,2,1560 2299
armor,416511f7-268c-03fe-6cd2-2135987e2686,2,1560 2299
armor,4169c72a-d47d-530e-1631-ee46c0f3549e,2,1560 2299
armor,419318a6-d970-bc9c-de88-f404bc01ce9c,2,1560 2299
armor,41bdd901-3106-cae3-ac2b-479ef7642a9a,2,1560 2299
armor,41c13ac4-ee03-073c-3a31-3f04a97e6abd,2,1560 2299
armor,41e9f784-dd0d-9329-b0e9-88d0527a2ebc,2,1560 2299
armor,42076ef6-c07e-c43f-b9a1-56bc290a95a0,2,1560 2299
armor,425f0fc1-64b6-f3c1-e555-844714ae1581,2,1560 2299
armor,4285fd0b-4e57-9fde-6264-f987ba080bb9,2,1560 2299
armor,43858f99-def2-df4b-b86d-8dd9f6773ea5,2,1560 2299
armor,44c85d0b-cc09-e054-7fd0-c2183d36cda9,2,1560 2299
armor,44eaf3b9-c5a3-9225-1573-2a85e7c1e780,2,1560 2299
armor,4585d5bc-f93a-9c76-495c-405c81027491,2,1560 2299
armor,470d9803-e4cb-c9ae-da72-3466cf117cbb,2,1560 2299
armor,4799c9b6-d3fb-c2e4-d4a3-dd034b0a87ab,2,1560 2299
armor,47c3342a-3be4-8fe6-696e-436555714b8f,2,1560 2299
armor,47e60a8f-e458-454c-861f-bd596c9d18df,2,1560 2299
armor,48a3e071-1a87-a5c1-9291-568fdea21e8c,2,1560 2299
armor,49598d90-3804-8b6b-d775-0758ad24d682,2,1560 2299
armor,4acb877c-ffe5-43b2-7a85-75e474a929b3,2,1560 2299
armor,4b986296-1ac7-24fd-2366-653b20887aa5,2,1560 2299
armor,4bba347a-dc31-4836-7995-3837dbbc3187,2,1560 2299
armor,4be4d062-de7b-4b61-f941-80d0058c22a1,2,1560 2299
armor,4c3e093e-a0dc-f08c-c554-09376f909bb4,2,1560 2299
armor,4cac53f7-2971-4b94-577a-a4b310a7c4a8,2,1560 2299
armor,4cb04f94-b9e2-3ffc-83bb-229c917e5194,2,1560 2299
armor,4ce2cffc-ea72-98b0-1ffc-34c15d5ca7b0,2,1560 2299
armor,4ec7d236-6b41-409d-c960-52790b09e89f,2,1560 2299
armor,4f4b2cdc-1690-4e32-bba8-00eff2f14f0c,2,2124 2299
armor,5450027a-1499-4b4c-ab96-6370976fc2da,2,1560 2299
armor,563778d3-b014-4a20-b8f6-00ae8a3cfc40,2,1560 2299
armor,566e08ae-105e-407a-a3da-c6008191a84c,2,1560 2299
armor,5d3cdbd1-d972-4130-b861-aaf415678152,2,1560 2299
armor,5dc9c415-5b5a-4278-b507-053ae258f505,2,1560 2124
armor,60e78fa6-2155-4f5f-8173-5fd0cfd4f314,2,1560 2299
armor,63def33d-7353-4b22-a517-ef6caff3f4dc,2,1560 2299
armor,69d47dce-243f-46a6-9a07-ebf793f93e0b,2,1560 2299
armor,69ff2530-2556-439f-a486-a073ee44fb61,2,1560 2299
armor,6edc8135-6795-4f18-81fc-95b22503afbb,2,1560 2299
armor,70405729-62b8-4ea9-b369-4e7e73cfb74a,2,1560 2299
armor,7bf71bcf-275a-4a01-ad3b-adb059b0bc80,2,1560 2299
armor,88e2cfca-1f87-40f6-9691-4406676d702c,2,1560 2299
armor,9e6badb0-3249-4e3c-9707-0092dc62572f,2,1560 2299
armor,a4e01cf1-78af-4692-b6db-7c6be15cbe4c,2,1560 2299
armor,a9d80dd4-2792-463a-9fcb-825677667e69,2,1560 2124
armor,b20baf24-2cc2-4a7d-91d8-f494c6575042,2,1560 2299
armor,bc9cee60-c0b3-4f83-95e3-e55d493360ab,2,1560 2299
armor,c6053348-3bfd-43c5-a716-2aad4143ba35,2,1560 2299
armor,c80e67a7-8dbd-4662-ae63-26a92b6ae28b,2,1560 2299
armor,c9967810-a584-4d67-b5b0-f4e9118c5296,2,1560 2299
armor,c9e42db7-4f90-4b4f-89f1-b3a81e7e2108,2,1560 2299
armor,c9f0b623-8cbe-4934-bd40-49aa8ff465a3,2,1560 2299
armor,cf103890-cd29-4d20-80bc-63522602d6c5,2,1560 2124
armor,dab2c84b-83b8-4214-920c-03042e38209e,2,1560 2299
armor,e1bf8852-92b3-4373-a1c7-c4726ada6e27,2,1560 2299
armor,fda33b13-125c-4d88-8a71-790c77c044be,2,1560 2299
buff,036cb344-d1d9-4426-8cb8-f2d86f5b79ae,2,2124 2299
buff,0385d5c5-d907-4629-a180-e2d5e96b9917,2,2188 2299
buff,041bdeeb-cc02-428d-93bb-58dab72010b5,2,651 2299
buff,04218e40-e756-476b-914e-03d67a24e733,2,85 651
buff,0bbd5e18-1e6d-4e26-a865-e42316e0c55e,2,2219 2299
buff,0c903899-fcc9-4cf2-9ee3-1130ac08b0fc,2,651 2299
buff,0d635e3e-757d-477a-8196-f504f8afce46,2,85 651
buff,14570aae-5102-4228-8c96-dde9d2fd1a55,2,2188 2299
buff,1bd49b9c-01c0-4df1-8250-0eab7129ded3,2,2179 2299
buff,22fa0e64-b33c-4dd9-8c61-7f73b4bfb03e,2,2188 2299
buff,2face638-f944-4901-b066-8adc9cdf67d4,2,2188 2299
buff,3344d9b7-eeb6-4ee4-97fe-0f2ef03f9ee6,2,2179 2299
buff,34f0885b-7287-4881-907f-f19751a5e831,2,651 2299
buff,35595bdd-635f-42f4-bda2-21b99567af5e,2,651 1384
buff,36e8905a-6ca3-4500-a44b-de8bfb2889a3,2,85 651
buff,37d59205-3782-446d-b32e-89a9f786725d,2,651 2299
buff,39072a14-ed5e-47f7-96e4-5630825bdf8b,2,2219 2299
buff,3d3d049e-2eea-4b4b-a86c-777c9ab2fbee,2,2124 2299
buff,46769b14-d592-4a7c-a6bc-811e3366affa,2,651 2219
buff,478f33b9-c1e3-42d3-908a-e73e6d75e8c8,2,651 2299
buff,48562e8c-f292-4c1a-a307-e63bcf0b00f2,2,85 651
buff,4f63885c-fdd8-4648-8c2b-79dcf5516906,2,2124 2299
buff,52d7e2df-768b-47ee-8dc4-29332511b78a,2,2173 2299
buff,5815db0b-0d67-4559-b7a8-290a012cba4e,2,1009 2299
buff,6741cdd0-837a-4b5c-bad8-fb32f389509d,2,85 651
buff,6df3f29c-6e16-4b2f-877a-240d2ca01a36,2,2188 2299
buff,70e9e92a-8e1c-4bdb-983d-e8b35bba4389,2,2219 2299
buff,7690a860-a843-4609-8a67-9868b87b32b5,2,651 2299
buff,7a08825e-053d-4e18-a75d-55b60db1c4c8,2,2179 2299
buff,814a4f3e-eabf-4944-961e-ee24203a0de1,2,2179 2299
buff,82ea6eb0-d4cb-4216-a1a9-3da1c7ebc488,2,85 651
buff,84561de3-32db-4fd2-a5be-db79e40ecf09,2,85 651
buff,8497c689-657c-4ccc-91b8-2b4acf0d0b0f,2,2179 2299
buff,8544ebca-1e30-400c-b31c-2a1839f1cab8,2,85 651
buff,854af3e0-abd9-4318-b9fb-559836c92d47,2,85 651
buff,8b546698-15a0-42bf-bf7f-634a932d2b8c,2,1990 2299
buff,942e3fee-6be1-4e29-8da2-f6dba1d5fe6a,2,2188 2299
buff,ab52bcd4-2a16-4bed-95fb-dac933f624e8,2,651 2299
buff,acfc2cc4-34d9-414d-ab77-f517d1cf55e8,2,2219 2299
buff,b152dbb8-d883-4e67-acba-b89829542e3e,2,651 2219
buff,c052039b-da71-4890-a4be-8e62e374cfb0,2,2219 2299
buff,c1fb4838-2364-46c5-bdff-d2794dbf8328,2,2124 2299
buff,c48e48e2-ae85-4429-9dd6-4fb94c388001,2,651 2299
buff,c74f8266-cc94-4cac-894e-dd5536d2f312,2,85 2299
buff,ccc3ba27-b7b8-4055-bbee-7218a0c58313,2,2179 2299
buff,ce3737db-b0a3-459d-8d47-d58695d58be3,2,651 2299
buff,d4575952-8be1-4a07-83f7-8cb6d4ce628e,2,2219 2299
buff,daa26974-e5ce-41be-88cb-bbcef56e6452,2,85 651
buff,dafaf828-ac24-4635-a9fa-955157bbfdf8,2,2188 2299
buff,dc7500c5-4f80-45b3-9590-1a411c34a8ce,2,2179 2299
buff,e5c32b8f-fd62-40d3-9634-67429bce7b0e,2,651 2299
buff,f8558fe2-f4cd-4899-932b-82e0e15fa964,2,2124 2179
buff,f97fd5a3-edec-490f-b94b-46ec0f1a32b2,2,85 2299
buff,fac2cea8-c014-4548-8d80-70f6b49c8f5b,2,2210 2299
buff,fc4f748f-2057-4919-b327-db1893356c39,2,85 2299
buff,ff92671b-2a82-4def-8d59-51627e0ecfc7,2,651 2219
combat_action_attack,3/-1/4/5/0/0/0/1/0/-1/2/12/-1/CombatAttack/-1/-1/-1/-1/-1/-1/12/-1,2,2049 2299
combat_action_attack,3/-1/4/5/1/0/0/0/0/-1/2/12/-1/CombatAttack/-1/-1/-1/-1/-1/-1/12/-1,2,2049 2299
combat_action_attack,3/-1/6/0/0/0/0/1/0/-1/1/12/-1/CombatAttack/-1/-1/-1/-1/-1/-1/12/-1,2,2049 2299
combat_action_attack,3/-1/6/0/1/0/0/0/0/-1/1/12/-1/CombatAttack/-1/-1/-1/-1/-1/-1/12/-1,2,2049 2299
combat_action_attack,3/-1/7/0/0/0/0/1/0/-1/0/-1/2/CombatAttack/-1/-1/-1/2/12/-1/12/-1,2,2049 2299
combat_action_attack,3/-1/7/0/1/0/0/0/0/-1/0/-1/2/CombatAttack/-1/-1/-1/2/12/-1/12/-1,2,2049 2299
combat_action_attack,3/-1/8/0/-1/0/-1/-1/0/-1/1/-1/-1/CombatAttackUpperbody/-1/-1/-1/-1/-1/-1/-1/-1,2,2049 2299
combat_action_attack,3/-1/8/0/-1/4/-1/-1/4/-1/1/-1/-1/CombatAttackHead/-1/-1/-1/-1/-1/-1/-1/-1,2,2049 2299
combat_action_guard_movement,5/-1/0/-1/-1/0/1/7/-1/CombatIdle/-1/-1/-1/-1/-1/7/-1,2,1563 2045
combat_action_guard_movement,5/-1/0/-1/-1/0/2/7/-1/CombatIdle/-1/-1/-1/-1/-1/7/-1,2,1563 2045
combat_action_guard_movement,5/-1/0/-1/-1/0/3/7/-1/CombatIdle/-1/-1/-1/-1/-1/7/-1,2,1563 2045
combat_action_guard_movement,5/-1/0/-1/-1/0/4/7/-1/CombatIdle/-1/-1/-1/-1/-1/7/-1,2,1563 2045
combat_action_perfect_block,14/0/5/CombatBlockPerfect2nd/-1/-1/0/3/-1/-1/2/7/7/-1/-1/-1/-1/-1/-1/-1/7/-1/3,2,1563 2045
combat_action_perfect_block,14/0/5/CombatBlockPerfect2nd/-1/-1/0/4/-1/-1/1/7/7/-1/-1/-1/-1/-1/-1/-1/7/-1/4,2,1563 2045
combat_action_perfect_block,14/1/1/CombatBlockPerfect2nd/-1/-1/0/3/-1/-1/-1/7/7/-1/-1/-1/-1/-1/-1/-1/7/-1/1,2,1563 2045
combat_action_perfect_block,14/1/2/CombatBlockPerfect2nd/-1/-1/0/4/-1/-1/3/7/7/-1/-1/-1/-1/-1/-1/-1/7/-1/2,2,1563 2045
combat_action_perfect_block,14/1/2/CombatBlockPerfect2nd/-1/-1/0/4/-1/-1/4/7/7/-1/-1/-1/-1/-1/-1/-1/7/-1/2,2,1563 2045
combat_action_pose_modifier,11/-1/-1/1/0/0/-1/0/0/-1/-1/7/-1/CombatPreBlock/-1/-1/-1/-1/-1/7/-1,2,1563 2045
combat_action_pose_modifier,11/-1/-1/1/1/0/-1/1/0/-1/-1/7/-1/CombatAttackStart/-1/-1/-1/-1/-1/7/-1,2,1563 2045
combat_action_pose_modifier,11/-1/-1/2/0/0/-1/0/0/-1/-1/7/-1/CombatAttackStart/-1/-1/-1/-1/-1/7/-1,2,1563 2045
combat_action_pose_modifier,11/-1/-1/2/1/0/-1/1/0/-1/-1/7/-1/CombatPreBlock/-1/-1/-1/-1/-1/7/-1,2,1563 2045
combat_action_pose_modifier,11/-1/-1/3/0/0/-1/0/0/-1/-1/7/-1/CombatClinchGuardMaster/-1/-1/-1/-1/-1/7/-1,2,1563 2045
combat_action_pose_modifier,11/-1/-1/3/1/0/-1/1/0/-1/-1/7/-1/CombatClinchGuardSlave/-1/-1/-1/-1/-1/7/-1,2,1563 2045
combat_action_pose_modifier,11/-1/-1/4/0/0/-1/0/0/-1/-1/7/-1/CombatAttackStart/-1/-1/-1/-1/-1/7/-1,2,1563 2045
combat_action_pose_modifier,11/-1/-1/4/1/0/-1/1/0/-1/-1/7/-1/CombatPreBlock/-1/-1/-1/-1/-1/7/-1,2,1563 2045
combat_action_pose_modifier,12/1/1/-1/0/0/-1/0/0/-1/1/7/-1/CombatAttackStart/-1/-1/-1/-1/-1/7/-1,2,1563 2045
combat_action_pose_modifier,12/1/1/-1/1/0/-1/1/0/-1/1/7/-1/CombatAttackStart/-1/-1/-1/-1/-1/7/-1,2,1563 2045
combat_action_pose_modifier,12/1/2/-1/0/0/-1/0/0/-1/1/7/-1/CombatAttackStart/-1/-1/-1/-1/-1/7/-1,2,1563 2045
combat_action_pose_modifier,12/1/2/-1/1/0/-1/1/0/-1/1/7/-1/CombatAttackStart/-1/-1/-1/-1/-1/7/-1,2,1563 2045
combat_action_pose_modifier,12/1/3/-1/0/0/-1/0/0/-1/1/7/-1/CombatAttackStart/-1/-1/-1/-1/-1/7/-1,2,1563 2045
combat_action_pose_modifier,12/1/3/-1/1/0/-1/1/0/-1/1/7/-1/CombatAttackStart/-1/-1/-1/-1/-1/7/-1,2,1563 2045
combat_action_pose_modifier,12/1/4/-1/0/0/-1/0/0/-1/1/7/-1/CombatAttackStart/-1/-1/-1/-1/-1/7/-1,2,1563 2045
combat_action_pose_modifier,12/1/4/-1/1/0/-1/1/0/-1/1/7/-1/CombatAttackStart/-1/-1/-1/-1/-1/7/-1,2,1563 2045
combat_action_sync_attack,16/-1/1/-1/1/4/-1/1/4/-1/0/11/-1/CombatAttackSync/-1/-1/-1/-1/-1/-1/-1/1/-1,2,2049 2299
combat_action_sync_attack,16/-1/1/-1/1/4/-1/1/4/-1/1/11/-1/CombatAttackSync/-1/-1/-1/-1/-1/-1/-1/1/-1,2,2049 2299
combat_action_sync_attack,16/-1/3/-1/0/0/2/-1/4/1/2/8/-1/CombatAttackSync/-1/-1/-1/-1/-1/-1/-1/1/-1,2,2124 2299
combat_action_sync_attack,16/-1/3/-1/0/0/2/-1/4/3/2/8/-1/CombatAttackSync/-1/-1/-1/-1/-1/-1/-1/1/-1,2,2124 2299
combat_action_sync_attack,16/-1/3/-1/0/0/2/-1/4/4/2/8/-1/CombatAttackSync/-1/-1/-1/-1/-1/-1/-1/1/-1,2,2124 2299
combat_action_sync_attack,16/-1/3/-1/0/0/5/-1/4/2/2/8/-1/CombatAttackSync/-1/-1/-1/-1/-1/-1/-1/1/-1,2,2124 2299
combat_action_sync_attack,16/-1/3/-1/0/0/5/-1/4/5/2/8/-1/CombatAttackSync/-1/-1/-1/-1/-1/-1/-1/1/-1,2,2124 2299
combat_action_sync_attack,16/-1/4/-1/0/0/2/-1/4/1/1/8/-1/CombatAttackSync/-1/-1/-1/-1/-1/-1/-1/1/-1,2,2124 2299
combat_action_sync_attack,16/-1/4/-1/0/0/2/-1/4/2/1/8/-1/CombatAttackSync/-1/-1/-1/-1/-1/-1/-1/1/-1,2,2124 2299
combat_action_sync_attack,16/-1/4/-1/0/0/2/-1/4/3/1/8/-1/CombatAttackSync/-1/-1/-1/-1/-1/-1/-1/1/-1,2,2124 2299
combat_action_sync_attack,16/-1/4/-1/0/0/2/-1/4/4/1/8/-1/CombatAttackSync/-1/-1/-1/-1/-1/-1/-1/1/-1,2,2124 2299
combat_action_sync_attack,16/-1/4/-1/0/0/2/-1/4/5/1/8/-1/CombatAttackSync/-1/-1/-1/-1/-1/-1/-1/1/-1,2,2124 2299
combat_action_sync_attack,16/-1/5/-1/-1/0/2/-1/4/3/0/-1/2/CombatAttackSync/-1/-1/-1/-1/-1/-1/-1/1/-1,2,2049 2299
combat_action_sync_attack,16/-1/5/-1/-1/0/2/-1/4/3/0/8/-1/CombatAttackSync/-1/-1/-1/-1/-1/-1/-1/1/-1,2,2124 2299
combat_action_sync_attack,16/-1/5/-1/0/0/2/-1/4/1/0/8/-1/CombatAttackSync/-1/-1/-1/-1/-1/-1/-1/1/-1,2,2124 2299
combat_action_sync_attack,16/-1/5/-1/1/0/3/-1/4/2/0/8/-1/CombatAttackSync/-1/-1/-1/-1/-1/-1/-1/1/-1,2,2124 2299
combat_action_sync_attack,16/-1/5/-1/1/0/3/-1/4/4/0/8/-1/CombatAttackSync/-1/-1/-1/-1/-1/-1/-1/1/-1,2,2124 2299
combat_action_sync_attack,16/-1/5/-1/1/0/3/-1/4/5/0/8/-1/CombatAttackSync/-1/-1/-1/-1/-1/-1/-1/1/-1,2,2124 2299
combat_action_sync_attack,51/-1/1/-1/-1/0/1/-1/0/-1/1/8/-1/CombatStopMaster/-1/-1/-1/-1/-1/1/-1/-1/3,2,2049 2299
combat_action_sync_attack,51/-1/1/-1/-1/0/1/-1/0/-1/1/8/-1/CombatStopMaster/-1/-1/4/-1/4/-1/-1/-1/3,2,2049 2299
combat_action_sync_attack,51/-1/1/-1/-1/0/1/-1/0/-1/1/8/-1/CombatStopMaster/-1/-1/8/-1/-1/-1/-1/-1/3,2,2049 2299
combat_action_sync_attack,51/-1/1/-1/-1/0/3/-1/0/-1/1/-1/-1/CombatStopMaster/-1/-1/-1/-1/4/1/-1/-1/3,2,2049 2299
combat_action_sync_attack,51/-1/1/-1/-1/0/3/-1/0/-1/1/-1/-1/CombatStopMaster/-1/-1/8/-1/-1/1/-1/-1/3,2,2049 2299
combat_action_sync_attack,51/-1/1/-1/-1/0/3/-1/0/-1/1/-1/2/CombatStopMaster/-1/-1/-1/-1/-1/1/-1/1/3,2,2049 2299
combat_action_sync_attack,51/-1/1/-1/-1/0/3/-1/0/-1/1/-1/2/CombatStopMaster/-1/-1/7/-1/7/-1/-1/1/3,2,2049 2299
combat_action_sync_attack,51/-1/1/-1/-1/0/3/-1/0/-1/1/4/-1/CombatStopMaster/-1/-1/-1/-1/-1/1/4/-1/3,2,2049 2299
combat_action_sync_attack,51/-1/1/-1/-1/0/3/-1/0/-1/1/4/-1/CombatStopMaster/-1/-1/4/-1/4/-1/4/-1/3,2,2049 2299
combat_action_sync_attack,51/-1/1/-1/-1/0/3/-1/0/-1/1/4/-1/CombatStopMaster/-1/-1/7/-1/7/-1/4/-1/3,2,2049 2299
combat_action_sync_attack,51/-1/1/-1/-1/0/3/-1/0/-1/1/4/-1/CombatStopMaster/-1/-1/8/-1/-1/-1/4/-1/3,2,2049 2299
combat_action_sync_attack,51/-1/1/-1/-1/0/3/-1/0/-1/1/8/-1/CombatStopMaster/-1/-1/7/-1/7/-1/-1/-1/3,2,2049 2299
combat_action_sync_attack,51/-1/8/-1/-1/0/-1/-1/0/-1/1/-1/-1/CombatStopMaster/-1/-1/-1/-1/-1/-1/-1/-1/1,2,2049 2299
combat_action_sync_attack,51/-1/8/-1/-1/0/-1/-1/0/-1/1/-1/-1/CombatStopMaster/-1/-1/-1/-1/-1/-1/-1/-1/2,2,2049 2299
combat_action_sync_attack,51/-1/8/-1/-1/0/-1/-1/0/-1/1/-1/-1/CombatStopMaster/-1/-1/-1/-1/-1/-1/-1/-1/3,2,2049 2299
combat_action_sync_pb_hit,56/0/2/-1/0/0/0/-1/0/-1/-1/7/-1/CombatHitSync/-1/-1/-1/-1/-1/-1/7/-1,2,1563 2045
combat_action_sync_pb_hit,56/0/2/-1/0/0/0/-1/4/-1/-1/7/-1/CombatHitSync/-1/-1/-1/-1/-1/-1/7/-1,2,1563 2045
combat_attack_type,0/5,2,1112 2124
food,006ec8d6-1ce1-4e90-8267-7c349812ddcd,2,2011 2299
food,02d9c556-6c40-4e5e-abab-48b2acc7287a,2,2011 2124
food,22eb16a0-1175-4e2e-a951-33d362e288fb,2,2011 2299
food,28a7c5cd-d80d-4167-ba1b-fcfc520c40b7,2,2011 2299
food,5f6cdfad-2e87-45e4-bd5a-e3b604adc766,2,2011 2299
food,60825599-3c28-4a5b-ad6a-fda128f8b723,2,2210 2299
food,e63f4277-25d9-406b-90f4-cb8b79ab6dc3,2,2011 2299
food,ef881d5c-0490-402c-b39f-79daa80c0471,2,2124 2345
inventory2item,5ef63059-322e-4e1b-abe8-926e100c770e,2,2188 2299
inventory_preset2item,0686c001-d42b-467c-b3de-f87beb915c68,2,2124 2299
inventory_preset2item,2bac1a01-c77a-4d1b-803d-020c33af4de2,2,2124 2299
inventory_preset2item,3c78b620-ca94-11e1-9b23-0800200c9a66,2,651 2124
inventory_preset2item,5ef63059-322e-4e1b-abe8-926e100c770e,2,2188 2299
inventory_preset2item,5ff91d0f-e525-4b37-9256-d8fea8be1c8d,2,2124 2299
inventory_preset2item,7c97d412-d1db-4d42-a85a-27f381f4a9e9,2,2124 2299
inventory_preset2item,c6d9387a-30de-469a-a785-3220bf0426ba,2,2124 2299
inventory_preset2item,e9170235-1d45-465b-bdec-a5599605e15e,2,2124 2299
melee_weapon,10f00d6e-66ce-4dbe-a4e0-71db8a1ba511,2,2124 2299
melee_weapon,2c9e4731-1858-423d-a898-a15484507cb7,2,2124 2299
melee_weapon,3e1e9a1d-37b5-4564-be23-af1017296d6c,2,2124 2299
melee_weapon,726322dd-f2e6-4cf2-922f-0ff715e20633,2,2124 2299
melee_weapon,929e08b0-9cda-4eb6-a7c4-28e8bd4dd32d,2,2124 2299
melee_weapon,c76986a8-7b55-4bd3-bb20-cdbb0eea8727,2,2124 2299
melee_weapon,c8c010e2-4ae9-42b3-8b02-df7d797237f9,2,2124 2299
melee_weapon,d2fdde4f-0d45-46d0-949b-b061b6619af6,2,2124 2299
melee_weapon,de21749a-627d-406c-9dc6-e3e08d65d8d9,2,2124 2299
melee_weapon,e5fc1a89-9bb1-44a9-a524-c6834a5e2e76,2,2124 2299
melee_weapon,e73cf113-a458-40fc-82a5-36c00f96da08,2,2124 2299
missile_weapon,53dffc64-bf9c-4a28-af02-a2ec9705d4a7,2,1564 2299
missile_weapon,57ace80d-3683-486a-93b1-1bbe4c21e598,2,1564 2299
missile_weapon,7fc2317f-6237-4423-82d2-8c809f651e85,2,1564 2299
missile_weapon,cea13fef-025c-47bb-b148-9783b9951acc,2,1564 2299
missile_weapon,deb5276d-4926-4545-bdda-f457cac8bc01,2,1564 2299
missile_weapon,e38a3c49-811b-4ff2-80d6-fc4d49d89ba5,2,1564 2299
ointment_item,238538b5-cd3e-460e-8e85-52c820edb716,2,2021 2299
ointment_item,6aeb1531-369e-47cc-ad6c-f78df1c37d13,2,2021 2299
ointment_item,85310d06-2845-46ee-be8f-295503b35035,2,2021 2299
ointment_item,9f7a0c0a-6458-4622-9cc5-2f4dd4898b50,2,2021 2299
ointment_item,cda856d8-9ee4-4f61-b2c7-eace8e082d62,2,2021 2299
ointment_item,f961d38d-12e6-430c-92d5-d7e7e45a87e9,2,2021 2299
perk,0c0ec830-d87f-4a2d-a720-f23021cd77b8,2,2219 2299
perk,0e31656e-9b9d-4f54-979a-48848eb0810b,2,2219 2299
perk,10308931-bf23-4897-9f69-26f23fee3017,2,2219 2299
perk,186fce21-722e-476a-a1a2-be15b342911a,2,883 2299
perk,1a9bdccd-4cfa-4262-a6b5-6dce77987cc8,2,2219 2299
perk,2593be93-694e-4e08-8fad-29b8fc347963,2,2219 2299
perk,30e4e065-b568-4008-911b-d8feb292e0a3,2,883 2299
perk,4763cc35-59f2-4856-9d81-5ff4ae3012e9,2,2219 2299
perk,4c895db7-088e-4456-a61a-39bce0407e55,2,2219 2299
perk,4e2c4279-6b16-4a62-8ff2-3e989c6f8946,2,883 2299
perk,5e3fdaf8-51e4-4cfb-a9d4-e50c20b6a8b4,2,883 2299
perk,68530236-eb11-4065-b781-f23f120c6b5b,2,2124 2299
perk,6a865bf0-dfe8-41d1-b8c3-0d810adf4651,2,883 2299
perk,96b8f56a-6bac-4e96-977a-3e6dbb3cbd4e,2,883 2299
perk,9b977f74-2483-42e2-9993-645d72ce3f20,2,2124 2299
perk,9d027fc1-95f5-4d4b-b1ef-cbbdfc51b53a,2,2219 2299
perk,9d19407a-bbdd-4c0b-ace8-66c50f3ac7d9,2,2219 2299
perk,bc8020c1-08df-4aeb-aea5-a01d2d00af15,2,883 2299
perk,c7c1324b-092d-49ec-8191-f6db5375f9ac,2,2219 2299
perk,cf22a6bc-53d1-481f-8cef-3682635588fb,2,2219 2299
perk,d231b049-0f74-4970-8654-2ea8f625f4e4,2,1736 2299
perk,e38b7b84-5e67-4514-b8c0-fdb35eff4850,2,85 2299
perk,ee871cfa-e9ae-4d53-bb15-0c6ec96eb758,2,2124 2299
perk,f115ece0-669e-4084-8063-0a448b0ae9a5,2,2219 2299
perk,f6500d0d-25eb-4b3e-8de1-d295a8f73693,2,2219 2299
perk2perk_exclusivity,010b0810-5346-402c-a7cb-a084d624b62e/010b0811-5346-402c-a7cb-a084d624b62e,2,85 1009
perk2perk_exclusivity,010b0817-5346-402c-a7cb-a084d624b62e/010b0818-5346-402c-a7cb-a084d624b62e,2,85 1009
perk2perk_exclusivity,010b08e2-5346-402c-a7cb-a084d624b62e/010b08e3-5346-402c-a7cb-a084d624b62e,2,85 1009
perk_rpg_param_override,01c3b32a-5751-4c98-b6ab-258d02370382/CombatAutoNoDefenseWeight,2,1070 1112
perk_rpg_param_override,01c3b32a-5751-4c98-b6ab-258d02370382/CombatAutoNormalBWeight,2,1070 1112
perk_rpg_param_override,01c3b32a-5751-4c98-b6ab-258d02370382/CombatAutoPBWeight,2,1070 1112
perk_rpg_param_override,01c3b32a-5751-4c98-b6ab-258d02370382/FoodHealSpeed,2,651 1260
perk_rpg_param_override,01c3b32a-5751-4c98-b6ab-258d02370382/MaxDamage,2,1558 2124
perk_rpg_param_override,01c3b32a-5751-4c98-b6ab-258d02370382/SkillXPUseRepairKit,2,1260 2124
perk_rpg_param_override,01c3b32a-5751-4c98-b6ab-258d02370382/WeaponStatusToAttackCoef,2,1558 2179
pickable_item,00000000-0000-0000-0000-000000000020,2,2299 2340
pickable_item,00000000-0000-0000-0000-000000000023,2,2299 2340
pickable_item,00000000-0000-0000-0000-000000000025,2,2299 2340
pickable_item,00000000-0000-0000-0000-000000000032,2,2299 2340
pickable_item,02d9c556-6c40-4e5e-abab-48b2acc7287a,2,2124 2299
pickable_item,0340b85d-71b0-4314-a6c9-8856d884bc92,2,2011 2340
pickable_item,0712d873-29bd-4fdd-8966-79aefb82c829,2,2124 2299
pickable_item,09d8e88a-32f7-435c-800f-ac9dfe07da7a,2,2299 2340
pickable_item,0a78fe34-737c-4346-9762-6b3036fbc9c6,2,2299 2340
pickable_item,0b4e244a-e3de-4502-afd0-fb7fe309629a,2,2124 2299
pickable_item,0bf732db-ca19-4f0b-a56f-c83a79806d8f,2,2124 2299
pickable_item,0cb47176-06c5-42a9-8d70-969e917eb999,2,2124 2340
pickable_item,0d7225ca-3896-4a8d-a2c6-82558a7741a9,2,2299 2340
pickable_item,0fc6cac7-29e6-4753-8873-0bcbbeba5548,2,2299 2340
pickable_item,10ee7741-d121-4d3a-b342-d72920d6d90e,2,2299 2340
pickable_item,10f00d6e-66ce-4dbe-a4e0-71db8a1ba511,2,2124 2299
pickable_item,11324f3e-d7f0-49f7-b39d-14622de4d410,2,883 2299
pickable_item,119f5336-3931-4dbc-96f4-d6f5b4fa87fa,2,2299 2340
pickable_item,12f62ab4-1b4e-4c76-8293-73bbb227b027,2,2299 2340
pickable_item,1322a0ca-1be1-449a-b1fa-cd7079a9ba90,2,2011 2340
pickable_item,1324d620-c5ad-4000-8dc5-3253e2d49a1d,2,2299 2340
pickable_item,1330f647-b8fb-4a71-9467-9dc8daeb4a81,2,2124 2299
pickable_item,1414462b-7ede-4d6d-ad85-8772c26f969f,2,2299 2340
pickable_item,1461d29c-a474-4645-bf53-32f3c1fe3113,2,2299 2340
pickable_item,154a8471-b753-4f84-ac5f-d989c8532d02,2,2299 2340
pickable_item,15756be8-18d6-41e0-9338-c5039d1d0548,2,2299 2340
pickable_item,17a1e69b-338c-4ca0-b614-57aaa7123cdc,2,2124 2299
pickable_item,19d5def6-e491-43c7-ab1d-5978ac197485,2,883 2299
pickable_item,1ae018d8-f41b-482c-a679-d529f33ca335,2,2011 2340
pickable_item,1c2da556-488b-4a86-b22a-c42acb299938,2,2124 2299
pickable_item,1cc43615-171a-4954-acaf-305e8fa5a2a0,2,2299 2340
pickable_item,1df1ee61-0b44-4efd-bfa4-37efbcd4be42,2,2299 2340
pickable_item,20361656-5917-40e9-be7f-a5e6cc07981d,2,2011 2340
pickable_item,20fa3692-2e69-4562-8949-48fcf81fc813,2,2299 2340
pickable_item,214f7911-d9be-4260-b5cb-590f96ffde9a,2,883 2299
pickable_item,215aeeff-b139-4bcd-bd1e-21dc6e90958b,2,2299 2340
pickable_item,21afc054-37d2-4cce-928e-c7d0d2e295c5,2,883 2299
pickable_item,2264f217-590e-4c0f-a4c6-f50c6532b9f6,2,2124 2299
pickable_item,22664905-f9bc-4ef4-a0e1-7b72c25d5ec5,2,2299 2340
pickable_item,229d96aa-a435-4e89-85ce-8119a1df8228,2,883 2299
pickable_item,239ea469-3237-48d8-af90-da7cdf4140dc,2,2124 2299
pickable_item,24522d1a-942c-4e3f-870d-58861f898985,2,2299 2340
pickable_item,26c491bf-b876-43fc-ad25-34b3a6f7980f,2,2299 2340
pickable_item,26e0a0dd-0b5a-4c64-b85d-1f173439e319,2,2299 2340
pickable_item,27144e47-00aa-468e-a81b-49cb3b248b07,2,2011 2340
pickable_item,275bc631-75cb-41ad-be6c-bc9f319fcb5d,2,2299 2340
pickable_item,295c54f8-76a3-42fa-8fe1-8f1ecb63576b,2,2124 2299
pickable_item,29a4f58e-6e00-4f9c-9273-1a76e0eccff0,2,2299 2340
pickable_item,2b08dbc7-31bf-42fd-89ce-b840299930b5,2,2124 2299
pickable_item,2bac1a01-c77a-4d1b-803d-020c33af4de2,2,2299 2340
pickable_item,2c9e4731-1858-423d-a898-a15484507cb7,2,2124 2299
pickable_item,2cd02a0f-d7e3-44c3-ac8f-7b6da6ac3f37,2,2299 2340
pickable_item,2eae1626-8e2c-479d-b4cf-e3c298725986,2,2299 2340
pickable_item,2eeb7bf7-f0ac-4c46-9468-97c2f76cb254,2,2124 2299
pickable_item,306e8746-088f-456a-9454-f43df58bb618,2,2299 2340
pickable_item,317fb715-6967-41c5-ab2c-f65f7391b6df,2,2299 2340
pickable_item,319a7fe7-1c5d-42fa-80cd-83126cb6eaff,2,2299 2340
pickable_item,323df655-b080-49fc-88c6-89e5f2cdd015,2,2299 2340
pickable_item,325afbbb-3f0c-4d79-a990-0a3124a44907,2,2299 2340
pickable_item,327fc55f-4bd0-45c2-984c-c6ad62dac8c2,2,2299 2340
pickable_item,32ad55e4-fb31-406c-a8d0-706872ba206e,2,2299 2340
pickable_item,33069aba-2dcf-42c4-97ea-f9c8a6f7e06e,2,2299 2340
pickable_item,33f044a1-c7b1-497d-adbb-b514cb440fc5,2,2299 2340
pickable_item,3426fb05-4786-493b-a64e-6c976aaa5321,2,2299 2340
pickable_item,36d4b46d-75cb-4e58-a430-b1a0aa283088,2,2011 2340
pickable_item,38df365c-a4bb-462b-80cc-eb92f16930fa,2,2299 2340
pickable_item,390c0dc8-23fd-42a0-91f2-a4d42f96a387,2,2299 2340
pickable_item,3a2d670c-bfc8-441a-aaf6-3a0ffc874b91,2,2124 2299
pickable_item,3b2f6f90-615d-4e8d-b9a4-bf04c4e99d59,2,2124 2299
pickable_item,3bafe608-b757-491d-a51c-3a48b758a6b8,2,2124 2299
pickable_item,3bed7288-086a-4a62-8291-22f32291b06f,2,2299 2340
pickable_item,3c1c1d0d-66c5-4b40-a501-6fb875c8e3c7,2,2124 2299
pickable_item,3c78b620-ca94-11e1-9b23-0800200c9a66,2,2124 2299
pickable_item,3e1e9a1d-37b5-4564-be23-af1017296d6c,2,2124 2299
pickable_item,3e38f85f-a229-4a55-8b45-6ce9bb1d98d8,2,2299 2340
pickable_item,3e5d8911-a3c0-4a0b-9f9e-dc898b117798,2,2124 2299
pickable_item,400b4bb0-a1d0-9bec-1b90-5b2bfcb9e9af,2,2299 2340
pickable_item,4015718d-f526-1bb1-da6f-6e390b15e2b8,2,2299 2340
pickable_item,40280c67-9421-1fc8-0d54-ae5d47c978b9,2,2299 2340
pickable_item,40298c73-9675-13b1-77ad-4ed61a6e36bb,2,2299 2340
pickable_item,402c55d2-ae62-bf47-823f-8a5760eab7bd,2,2124 2299
pickable_item,4047af36-3956-e89a-490a-0c38d55c97a4,2,2299 2340
pickable_item,405c1865-413d-43b8-8db9-c44a0eefd350,2,2045 2299
pickable_item,40692480-f24c-54fa-c938-50ccf45918b9,2,883 2299
pickable_item,406fd171-acc1-4289-bf8d-cfc4b1ee54fe,2,2299 2340
pickable_item,407c5a00-2e73-f2dc-6a0b-8244c78e5da7,2,2124 2299
pickable_item,4088cfbd-c7cc-46ba-9e68-8db8815932e3,2,2124 2299
pickable_item,40975019-110c-86fc-4f18-5b36799744bb,2,2299 2340
pickable_item,409cf64d-afc1-1c2c-0af2-2042f2d4f6a0,2,2299 2340
pickable_item,40b23098-b54b-19e3-2fd6-88dd8e63878c,2,2299 2340
pickable_item,40b49226-beb6-64df-e1c5-c34f627379be,2,2299 2340
pickable_item,40c72054-15bf-abaa-ab7d-ee053314458c,2,2299 2340
pickable_item,40c728ba-95cb-9ffc-7688-4ed73eb053ab,2,2299 2340
pickable_item,40d029c9-3b81-4758-8aa2-a6c71fc4500b,2,2299 2340
pickable_item,40dd1053-b0b7-2390-9f5d-b844104748b5,2,2299 2340
pickable_item,40e6397c-2f66-4740-a4eb-1b7d77bb2a23,2,2299 2340
pickable_item,40e7af0d-4262-1d6b-ea86-aaf55d6e76a2,2,2299 2340
pickable_item,40ffe5a0-95c6-1bb6-8347-25d93cfd4fbd,2,2299 2340
pickable_item,41033745-5681-2a81-3010-446999b7f8ad,2,2299 2340
pickable_item,411f568d-9e62-417c-38a1-ae108bb233ba,2,2124 2299
pickable_item,41366e7f-a0e5-0f23-142a-40f1ca76aabb,2,2299 2340
pickable_item,413806e7-f3b7-c6cf-2309-e47ce3c97fa2,2,2299 2340
pickable_item,41392bb2-9214-92e9-0e7d-e0438149eaa4,2,2299 2340
pickable_item,414d7408-c2b3-e891-a652-88d1d9c9da8a,2,2299 2340
pickable_item,415cb852-5910-50cf-9802-4375257dd3b5,2,2299 2340
pickable_item,4169c72a-d47d-530e-1631-ee46c0f3549e,2,2299 2340
pickable_item,416e3fea-aa2d-da7e-45f1-f8d39e1cf6b2,2,2299 2340
pickable_item,4181c649-2642-3d6c-7eb4-6c09f74dbe8d,2,2299 2340
pickable_item,4187ee7a-4331-8224-4853-0d071256b7ad,2,2299 2340
pickable_item,4191cf8a-14e4-2c6e-91fb-1d8f3410ef88,2,2299 2340
pickable_item,419c5f08-fcdb-ac66-9d5f-97eda0f49393,2,2299 2340
pickable_item,41acce88-081c-c9a2-e16a-e956bf39a2ac,2,2299 2340
pickable_item,41b0dcfd-e60f-dd06-41bd-08c8d4ba7d91,2,2299 2340
pickable_item,41ba5cc8-60ba-5e3e-8e80-39270a2acf83,2,2299 2340
pickable_item,41c031a0-b9f5-4d3f-3968-7f453be343b5,2,2299 2340
pickable_item,41c13ac4-ee03-073c-3a31-3f04a97e6abd,2,2299 2340
pickable_item,41cc3e13-635a-38e0-59b1-0225461b6c85,2,2299 2340
pickable_item,41d7815b-1696-571f-d688-d713b39472ba,2,2299 2340
pickable_item,41d8e48a-a3a1-1cb6-76b2-fc99ed139b85,2,2299 2340
pickable_item,41e3f765-4595-8384-6f46-f7ad2a89a6b2,2,2299 2340
pickable_item,41e9f784-dd0d-9329-b0e9-88d0527a2ebc,2,2299 2340
pickable_item,42076ef6-c07e-c43f-b9a1-56bc290a95a0,2,2299 2340
pickable_item,420ee3b3-d9a6-583a-23f4-ec1399a1eea3,2,2299 2340
pickable_item,420f7feb-dc22-a2ec-b2a6-e1178f8c8386,2,2299 2340
pickable_item,42216ef3-d07f-4f65-8e38-3c89e53e48b8,2,2299 2340
pickable_item,423b537e-8fa9-fc3d-10db-443d45e27cbf,2,2299 2340
pickable_item,4249522f-a1db-7d3e-020f-237390c80ba2,2,2299 2340
pickable_item,4251c432-e9a3-bafe-cf3e-60ff40794287,2,2299 2340
pickable_item,425f0fc1-64b6-f3c1-e555-844714ae1581,2,2299 2340
pickable_item,4277266f-8712-e8bf-8020-7a8b857f5795,2,2299 2340
pickable_item,42936ec8-4b9e-13d9-624f-6762c2f383b6,2,2124 2299
pickable_item,42a18a5a-b2d0-07eb-14c7-ed9f665ca695,2,2299 2340
pickable_item,42a8fd44-fca0-79b6-e17e-461d966100a1,2,2124 2299
pickable_item,42ab514e-a69d-e4b9-606d-3f46e0e6d0ad,2,2299 2340
pickable_item,42c725fb-00fc-c7ce-953a-b675b007d792,2,2299 2340
pickable_item,42d40a4b-b727-c518-26e1-541208b7e197,2,2299 2340
pickable_item,42e146c8-f2d1-1db1-c44c-7482b0f307b2,2,2299 2340
pickable_item,42f920a7-4d72-38f2-7f30-84bed084868f,2,2299 2340
pickable_item,42fc11fb-bf16-152b-c94b-6493adf24686,2,2299 2340
pickable_item,4317a4e7-cfdc-4984-aab0-eba14f01e0ab,2,883 2299
pickable_item,4320bd8b-1039-799c-4503-ad2cbf79b4ad,2,2299 2340
pickable_item,4321398a-0000-834f-5c6b-624ba7caaf89,2,2299 2340
pickable_item,432237ec-b13a-bd6c-4026-a3db68e4d89e,2,2299 2340
pickable_item,43241eed-522c-0369-97e9-ae414829a9ba,2,883 2299
pickable_item,433b9e8f-640a-25b0-ea6c-87c03f608baa,2,2124 2299
pickable_item,4350ad68-f244-477a-f4af-f8e0019041ad,2,2299 2340
pickable_item,4386177a-6262-3144-72c9-0e4ec9922cb3,2,2299 2340
pickable_item,43dc25b5-3962-a772-7eeb-dd7820574395,2,2299 2340
pickable_item,43dd7f89-93d5-801a-7dc6-824c367284b4,2,2299 2340
pickable_item,43f3824e-53b6-1b32-99e0-87b4eeef238f,2,2299 2340
pickable_item,44041a83-3119-dfe4-e12f-5098935f409c,2,2124 2299
pickable_item,44414acf-f175-7e9b-3af0-57f2b339aa90,2,2299 2340
pickable_item,4454e377-d0d8-5bbb-e968-3e41cd366899,2,2299 2340
pickable_item,44641203-1426-4db8-90f7-8638e3e9fbba,2,883 2299
pickable_item,4476da15-6311-7757-da7d-196e812d7885,2,2299 2340
pickable_item,44b27e34-566f-cb38-775b-e5981a74f6b8,2,2299 2340
pickable_item,44bb813b-e0cc-da13-3dd3-8d31977064be,2,2299 2340
pickable_item,44c85d0b-cc09-e054-7fd0-c2183d36cda9,2,2299 2340
pickable_item,44c87fc7-cbb4-0f2c-de4c-f2ac16781b98,2,2299 2340
pickable_item,450ee588-bc3d-d0ed-69a8-eea895d9998c,2,2299 2340
pickable_item,45250d25-a050-fd3d-5fcd-c1e046582681,2,2299 2340
pickable_item,4526668a-3a05-6aa2-f9f9-280de886c48f,2,2299 2340
pickable_item,4527de55-2a1f-6089-a182-2aa2e031fe99,2,2299 2340
pickable_item,452a54af-683d-e31d-a396-671272017a90,2,2299 2340
pickable_item,452d01d2-0555-36c0-4b81-2ca0e177e6b4,2,2299 2340
pickable_item,453d9fa5-5eec-b6de-ab47-1775370f43b1,2,2299 2340
pickable_item,453ea77f-9f5a-dfb5-1934-f18e44ab08a0,2,2299 2340
pickable_item,457ca6d3-b64a-66b8-4c1e-fd606a6530af,2,2299 2340
pickable_item,4585d5bc-f93a-9c76-495c-405c81027491,2,2299 2340
pickable_item,458f2f44-4e12-591a-1895-e1754df99b9b,2,2299 2340
pickable_item,45af7bc3-18ae-8314-9064-3fad540615bc,2,2299 2340
pickable_item,45bdd999-3050-c096-8e2a-56dec9e231a5,2,2299 2340
pickable_item,45be379b-df05-4e13-9aa1-aaae649e8366,2,2299 2340
pickable_item,45bf8d25-f598-c977-8aa4-84f4658446ab,2,2299 2340
pickable_item,45c1c6ff-b658-9ed5-5395-66d1ce58cf93,2,2299 2340
pickable_item,45c7c691-4279-7556-10c3-deb101b1cc8b,2,2124 2299
pickable_item,45e17389-6776-749b-838a-cd7229935fbb,2,2299 2340
pickable_item,45e290d0-92ed-2895-c1bb-7115baf54992,2,2299 2340
pickable_item,45ee23f0-9bbf-c895-f490-906644ac08b3,2,2299 2340
pickable_item,45f6875b-1c46-c12e-5e3a-deb4bbfaceab,2,2299 2340
pickable_item,463645bd-4e9e-ed5d-e63d-d373f28b5eb2,2,2299 2340
pickable_item,464ec169-a1a7-851c-c7d6-b2654dc78c92,2,2299 2340
pickable_item,4662e866-6a82-eb4b-ed98-26213ca118a8,2,2299 2340
pickable_item,46662768-5a8b-06ca-1352-d02f56fed083,2,2299 2340
pickable_item,468323ad-f0f0-bad7-c80b-6ae432977d91,2,2299 2340
pickable_item,468a36a5-1aa9-e1c8-1d01-2c778ef84ea9,2,2124 2299
pickable_item,469b7b94-1191-fc54-f679-318a734b43be,2,2299 2340
pickable_item,46a58b43-9c1c-5f0e-32a7-5655b44470b9,2,2299 2340
pickable_item,46bdb7af-8fb4-9eda-1c46-f135bb47ca82,2,2124 2299
pickable_item,46eb884b-a0ed-7da8-4d4f-0a18284dc9bc,2,2299 2340
pickable_item,46f60a88-47c9-9fa9-e55b-58553a841592,2,2299 2340
pickable_item,470014a7-9032-6f6c-e448-b0f15bb03e81,2,2299 2340
pickable_item,4700eb58-fa98-fb17-dcd2-34d12cd4febf,2,2299 2340
pickable_item,4715c753-bafa-df3e-d3a6-c3fcd5d76f8c,2,2299 2340
pickable_item,47267303-7658-40a7-b39c-57aa8093c176,2,2124 2299
pickable_item,4727da17-f74e-f71e-ec1b-c43fe01c9e96,2,2299 2340
pickable_item,473709c6-2b26-5d05-57cf-50e4d6fceaa7,2,2124 2299
pickable_item,477821f4-91c4-45d6-95b2-3382e0d7350d,2,2299 2340
pickable_item,477ef2b7-5b29-f7a7-c8f7-2cce627ab681,2,2299 2340
pickable_item,4798e8f3-ebcf-a330-1b0b-af27a88897a8,2,2299 2340
pickable_item,4799c9b6-d3fb-c2e4-d4a3-dd034b0a87ab,2,2299 2340
pickable_item,47ab3f62-3c4b-c898-8825-f1359541fa85,2,2299 2340
pickable_item,47aedf46-0047-053a-28f0-03e51a9f0baf,2,2299 2340
pickable_item,47c3bd7b-1411-4da7-83e7-669385331d90,2,2011 2299
pickable_item,47e60a8f-e458-454c-861f-bd596c9d18df,2,2299 2340
pickable_item,47f14e4b-26fc-207e-e891-c84ea2c85797,2,2299 2340
pickable_item,480838e2-d760-4d4b-856f-178b9f1acca7,2,2299 2340
pickable_item,48146a0b-3476-c43f-63a0-5d9bf1ec1985,2,2299 2340
pickable_item,4824d5d0-8f58-c48e-5e80-34a1ce9795a6,2,2299 2340
pickable_item,482c587f-5fe2-fbe2-a72d-b85d7f0a2393,2,2299 2340
pickable_item,48399982-a538-e6c9-78c0-2cf1df976cad,2,2299 2340
pickable_item,485e549c-73c9-6caa-2d62-f03de0c20e91,2,2124 2299
pickable_item,48600f3b-cd53-400e-b950-eb39ad085c8f,2,2299 2340
pickable_item,48641946-e22a-7925-8120-9f8825df12ac,2,2299 2340
pickable_item,4865e91b-5644-2109-a0b2-539793a6fca6,2,2124 2299
pickable_item,486c1cda-e1ec-5d01-b1f1-1540d0863c9e,2,2299 2340
pickable_item,486dd691-8359-fa6b-65bb-3d90424232bf,2,883 2299
pickable_item,486fe517-b412-0a0a-3693-e57302d20b8b,2,2299 2340
pickable_item,4897be0e-7054-cc15-f8a5-bc05bde0b6bd,2,2299 2340
pickable_item,48cb2661-3c3a-99bc-b09b-3b6a79c9f5a9,2,2299 2340
pickable_item,48d624ae-0149-0854-2c41-82dba1f99088,2,2299 2340
pickable_item,48ebbf6a-ab57-f5ee-6fed-c77c63c31391,2,2124 2299
pickable_item,48f6cde5-a747-dbee-2af1-9fae418ef68b,2,2299 2340
pickable_item,4922e6f6-aeef-7ad2-24cd-348a6801ad9c,2,2299 2340
pickable_item,4962e864-5964-aecf-7a62-6e117b96ec99,2,2124 2299
pickable_item,496a8268-aacd-4f85-0050-b6403bc8d399,2,2299 2340
pickable_item,496cad42-be32-9556-9dc2-137b629c1191,2,2299 2340
pickable_item,497b2695-4c3a-eb06-bf4c-dd2f07d27c9c,2,2299 2340
pickable_item,498d77ab-14ce-90dd-b8c0-d955dc8aebbb,2,2299 2340
pickable_item,498db788-9972-d973-caa5-6460bd3294af,2,2299 2340
pickable_item,4999ec4c-a60d-3ab0-52ca-1c0fdd761d94,2,2299 2340
pickable_item,499c6d00-8d5e-66c2-206f-ba7c0f84a3bc,2,2299 2340
pickable_item,49a720d9-cbe8-b771-f174-9c6f463645a6,2,2299 2340
pickable_item,49a80640-63aa-00ee-3699-3a4939f45283,2,2299 2340
pickable_item,49a8b0d2-da70-7c04-b705-0fc7de26d881,2,2299 2340
pickable_item,49b1cf4e-d874-d9a6-25fd-b6e4fffc7680,2,2299 2340
pickable_item,49b4595d-298a-df15-0418-8a2633db7487,2,2299 2340
pickable_item,49d89f9b-31a9-1b5d-a389-7e7545fa4590,2,2299 2340
pickable_item,49f1d199-c8e4-5e9a-7aeb-09e3999a25a7,2,2299 2340
pickable_item,49f3fce6-6942-2cda-e863-2b6e673322b3,2,883 2299
pickable_item,49f7df26-ca65-1fdf-f7b7-afd6df894196,2,2124 2299
pickable_item,4a0742c5-ec0d-b5d5-dadc-b5e9776e22bb,2,2124 2299
pickable_item,4a1db471-2425-34ef-bcdc-ed581f6cc794,2,2299 2340
pickable_item,4a23a37a-2f0c-c389-edab-7ccd673385b3,2,2299 2340
pickable_item,4a3446fa-4f4f-1792-3f20-2977b531aea8,2,2299 2340
pickable_item,4a38d9e5-7092-4d00-f5e4-47533bb94dbc,2,2299 2340
pickable_item,4a3d8ffa-9a65-9e4c-ab86-c07a2898e699,2,2299 2340
pickable_item,4a4d56b4-8c9c-7840-6398-dbfe8132d78b,2,2299 2340
pickable_item,4a50a029-0970-6258-6fa1-cbdd9659b4b0,2,2299 2340
pickable_item,4a5b1f83-07dc-3530-3831-e110aed5ffb7,2,2299 2340
pickable_item,4a60e0bd-f724-25f1-65fd-305105e3d5bb,2,2124 2299
pickable_item,4a641ae4-ee0a-9311-872e-7742a2fdedbe,2,2299 2340
pickable_item,4a74e308-fce9-7823-3248-2b4234a286b4,2,2299 2340
pickable_item,4a7dd6db-46c4-2cf0-9701-df09daf459ab,2,2299 2340
pickable_item,4a7f675e-b980-1895-675b-6386127c2cb8,2,2299 2340
pickable_item,4a7fff4d-37d9-74a6-7d7a-8e237b32069b,2,2299 2340
pickable_item,4a9b335a-6341-d053-fe8e-13f6f0d67297,2,2299 2340
pickable_item,4abed021-3f89-4519-b9e2-e7365be45b09,2,2299 2340
pickable_item,4ac3347e-a93a-4cc0-9ba5-add86391bc12,2,883 2299
pickable_item,4acb877c-ffe5-43b2-7a85-75e474a929b3,2,2299 2340
pickable_item,4ae1d488-675e-c68c-a5a0-0100d6f078a4,2,2299 2340
pickable_item,4ae8ddd0-e4d5-dde8-4f53-65f7ed8e12b7,2,2299 2340
pickable_item,4af4b15c-c5ca-a611-cb3a-368458e5dfb8,2,2299 2340
pickable_item,4af5fe3b-3e23-1a10-4ff6-b2d53d4d7187,2,2124 2299
pickable_item,4af8619d-aeca-2a65-8012-5392b5655bae,2,2299 2340
pickable_item,4af8b24b-892b-02cd-beb9-4873a70c86b5,2,2299 2340
pickable_item,4afaf60a-6e69-808f-3ba2-1c946008a89b,2,2299 2340
pickable_item,4afcb01c-c7a9-7310-68e3-22943098f8a3,2,2299 2340
pickable_item,4b0a4413-cde5-2f32-f704-0554534b3cb3,2,2124 2299
pickable_item,4b0e9c04-57c7-cd6a-b916-97984fa73098,2,2299 2340
pickable_item,4b1ddc3c-954f-da6d-4947-81621d77119e,2,2299 2340
pickable_item,4b31fbf6-01d3-fb06-a1d9-f284ab277ca0,2,2299 2340
pickable_item,4b46c1f6-e72f-f6dd-e98c-491a6702c3b3,2,2299 2340
pickable_item,4b67ffb3-2b21-81bd-768b-57f9cecffcaa,2,2299 2340
pickable_item,4b8f2631-c21d-2468-6e5d-8607f13f28a8,2,2299 2340
pickable_item,4b92491f-060f-d00d-642c-c7b5f9807aaf,2,2299 2340
pickable_item,4b977cd2-0067-3f05-90c0-650bfd801a96,2,2299 2340
pickable_item,4b986296-1ac7-24fd-2366-653b20887aa5,2,2299 2340
pickable_item,4bba347a-dc31-4836-7995-3837dbbc3187,2,2299 2340
pickable_item,4bc80faf-3615-4eba-b1e6-885e1ff76d4f,2,2299 2340
pickable_item,4bcba582-c984-44d9-225f-2895c7b912b3,2,2299 2340
pickable_item,4bdc6232-47e7-e675-3730-5d218359e3ac,2,2299 2340
pickable_item,4bedf5a4-f1c6-cf51-f99f-7fbbe1e89792,2,2299 2340
pickable_item,4bedf6ce-a99e-a009-1d01-a7dd8f671f92,2,2299 2340
pickable_item,4c002997-1eb6-e1fd-ef1d-56bbc23b3b92,2,2299 2340
pickable_item,4c0874f3-67f9-4e5f-ad53-9ed29156acd5,2,883 2299
pickable_item,4c249176-daf9-7b59-507d-90b3d6ec59a2,2,2299 2340
pickable_item,4c269b41-ae42-4ac2-8d48-25f46f37847e,2,2299 2340
pickable_item,4c2a7b22-8d20-ea9e-8772-849883fa89a7,2,2299 2340
pickable_item,4c2bfcf7-b430-8b53-63ac-f7846cc4ad9b,2,2299 2340
pickable_item,4c32b632-b5b4-2a87-31a4-6b88c87a1d97,2,2299 2340
pickable_item,4c3fc7de-b235-099b-be1f-dff67ca952b6,2,2299 2340
pickable_item,4c5142bd-015f-e0a8-67a2-f8193bb7fb80,2,2299 2340
pickable_item,4c5c4d12-4e1c-e969-0b7f-11a5884b13ba,2,2299 2340
pickable_item,4c5db521-d5cc-8cbc-5564-541e0de1e096,2,2299 2340
pickable_item,4c6a0d58-e6c2-0b9c-3c89-5765c289479c,2,2299 2340
pickable_item,4c71660a-527f-448b-8832-ef80dad3e322,2,2299 2340
pickable_item,4c812542-2acf-0481-ec8a-adb77c057495,2,2299 2340
pickable_item,4c9cb8ed-e891-2b8b-7e06-c77a32ef2ca8,2,2299 2340
pickable_item,4c9e14f0-23d0-2a72-247f-4c4bb1aa34ba,2,2124 2299
pickable_item,4ca31ae2-ea83-18b9-44a3-85f31d73398c,2,2299 2340
pickable_item,4cac53f7-2971-4b94-577a-a4b310a7c4a8,2,2299 2340
pickable_item,4cbbd7c7-8c03-c549-5352-fd23979e0e96,2,2124 2299
pickable_item,4cca04da-9b0a-3f16-b904-ecdf7c74a7b9,2,2299 2340
pickable_item,4cdc5248-ce5b-7f52-529a-d7e390bb5dac,2,2299 2340
pickable_item,4cdff9b7-febc-360c-18ba-c872a1fac28c,2,2299 2340
pickable_item,4cee3ad0-5249-8bc6-de75-a00f4e4b0d8e,2,2124 2299
pickable_item,4d10b728-a63d-c1ec-1ec6-8f8754b1e1b6,2,2299 2340
pickable_item,4d13e73c-ef64-612c-c5cd-6497041383b3,2,2299 2340
pickable_item,4d1ad34a-88e0-ee56-8456-0c02eb26c4bd,2,2299 2340
pickable_item,4d1e63d8-34c4-834c-4d7d-41084a2ff980,2,2299 2340
pickable_item,4d253305-bc59-a0b0-1d6f-ff202e1aaf89,2,2299 2340
pickable_item,4d30b28b-bebf-0d52-67b5-bf3387a38dbe,2,2299 2340
pickable_item,4d4ed856-9d3a-e66f-2d2e-a08384f215b1,2,2299 2340
pickable_item,4d50a641-bc57-e341-ac1d-c741f51d6d9c,2,883 2299
pickable_item,4d6b0d7f-0660-cb9a-af17-3cfc6908e187,2,883 2299
pickable_item,4d757aeb-813b-1cf5-cfde-8b07a8294ca5,2,2299 2340
pickable_item,4d887670-13cb-746d-5e27-5d234e146cb3,2,883 2299
pickable_item,4da95ac5-3f08-e1a5-874f-c2f3885759b2,2,2299 2340
pickable_item,4dac45fe-351a-3e5f-9c27-5c47ddc960ba,2,2299 2340
pickable_item,4daf7e11-bd8a-5e7a-181d-37c790ba1c95,2,2299 2340
pickable_item,4dc915d1-8724-0037-047b-f331128a52a2,2,2299 2340
pickable_item,4dcb07a1-4530-9800-5e98-0bee669e5495,2,2299 2340
pickable_item,4dce971f-2d9d-ec8f-4f3e-568411de918e,2,2299 2340
pickable_item,4dd7d65f-26ee-8189-d398-10ed812b6e98,2,2299 2340
pickable_item,4e6ec506-03c3-d8fd-e1ec-f6882ea314b4,2,2299 2340
pickable_item,4e758a4d-1182-56e1-190f-658c91a45986,2,2299 2340
pickable_item,4e86424c-a3db-64e9-e7f9-c8108f1686a2,2,2299 2340
pickable_item,4ec7d236-6b41-409d-c960-52790b09e89f,2,2299 2340
pickable_item,4ed68c0c-2c7e-af75-09eb-63a4ca3fc5af,2,2299 2340
pickable_item,4ef61ee8-aaff-7b19-9b2f-3310e7ee72be,2,2299 2340
pickable_item,4efaa0ac-2c9d-3a7e-6529-e2b6b57bfc82,2,2299 2340
pickable_item,4f18383a-bbed-61d1-59ef-09da740aaaa0,2,2299 2340
pickable_item,4f1dfede-9abd-c403-ce22-3bc088c60b8a,2,2299 2340
pickable_item,4f1eeff7-c946-b7c2-6a04-a700844487b1,2,2299 2340
pickable_item,4f3d01fd-44e0-8a52-8a6a-f1a0aadc3e8a,2,2299 2340
pickable_item,4f41911f-6b7a-6dc6-83fc-948c3d5d04b2,2,2299 2340
pickable_item,4f8ccd8a-fa24-eac9-74e9-4c603ffed1ac,2,2299 2340
pickable_item,4fa636da-dda1-7b97-36fb-537cb4800e9d,2,2299 2340
pickable_item,4faaf3aa-1801-dec3-4127-cd7ab50f45be,2,2299 2340
pickable_item,4fabc3bf-94c7-c7af-f403-0c1632091ea1,2,2299 2340
pickable_item,4fb3fd57-78dc-f14d-2188-59ebb7fff78b,2,2299 2340
pickable_item,4fc0012d-c8dd-cb42-28a6-f6acb6f64b83,2,2124 2299
pickable_item,4fd0a36f-ea8f-4968-a225-1d3aab3447b4,2,2299 2340
pickable_item,4fe5d61e-dc96-685e-4e5f-6c86a42fb0b1,2,2299 2340
pickable_item,4fec3673-04fe-45ae-b200-600704ecea70,2,2299 2340
pickable_item,4ffafc67-6df7-7b0e-1e33-f1a2760ff58f,2,2299 2340
pickable_item,501ef3d2-5d16-4f98-90bd-d40f6ff74e30,2,2124 2299
pickable_item,51555071-7c55-4da1-9b61-ee3c14fde18b,2,2299 2340
pickable_item,52afd6fa-9377-457c-83a2-b5b39321a4dc,2,2299 2340
pickable_item,54235ce5-57e6-4a07-af32-9ac9e11c0709,2,2299 2340
pickable_item,5450027a-1499-4b4c-ab96-6370976fc2da,2,2299 2340
pickable_item,5459ce70-3c48-402f-9f59-98e2594328e8,2,2124 2299
pickable_item,5538d184-00b8-4604-a68d-9eabbef1f591,2,2299 2340
pickable_item,55537a99-41ba-4497-925c-a543ced248e3,2,2124 2299
pickable_item,55667a03-ea84-4578-ada8-6400626d86d7,2,2299 2340
pickable_item,5585da96-12c9-478d-a1a2-d5f206d9fe72,2,2124 2299
pickable_item,56fb7288-7e6f-4f32-a0b2-75e2fa47295f,2,2299 2340
pickable_item,573023a0-3e7f-400e-a43c-d3e16b4c72ab,2,2299 2340
pickable_item,58649b63-8239-4ef5-a834-5530d145fe95,2,2124 2299
pickable_item,59374dd5-b243-47f9-be1a-b168407f6d9a,2,2299 2340
pickable_item,5943bccf-03ce-4ced-bef7-b28f4d5f3fb1,2,2299 2340
pickable_item,5b262db6-3fa3-4be6-b0d5-4c50f2d35a5e,2,2299 2340
pickable_item,5c430200-dd37-408b-9b41-27684dac6d30,2,883 2299
pickable_item,5d3cdbd1-d972-4130-b861-aaf415678152,2,2299 2340
pickable_item,5dceabb5-aef0-4bf5-b401-acbc30a44e21,2,2124 2299
pickable_item,5eb14c68-d99c-4a11-a260-51cbf2a9d2a2,2,2299 2340
pickable_item,5ee5588e-345f-4f45-b614-76c608b26aa1,2,2299 2340
pickable_item,5f02ef0d-0551-44b1-902c-c96a8650d01d,2,2124 2299
pickable_item,5f78a252-2323-4236-874f-08c0092913d3,2,2299 2340
pickable_item,5ff91d0f-e525-4b37-9256-d8fea8be1c8d,2,2299 2340
pickable_item,6039016f-464c-486e-8bb7-f4fe160dbe88,2,2299 2340
pickable_item,604529f5-ba8b-46e8-8210-2683d67d6dbb,2,2299 2340
pickable_item,60825599-3c28-4a5b-ad6a-fda128f8b723,2,2299 2340
pickable_item,60a0200f-a581-4669-bb10-24ac4a28c071,2,2124 2299
pickable_item,60e78fa6-2155-4f5f-8173-5fd0cfd4f314,2,2299 2340
pickable_item,6328b5e5-3747-42a0-9d4d-c6e91f3c26ff,2,2299 2340
pickable_item,63abdbb4-b0fd-464b-87a4-80d26b33872a,2,2188 2299
pickable_item,63d98446-f3c8-4407-8949-c246295b1496,2,2124 2299
pickable_item,6407d0df-eba0-40de-9f7c-362d9301d58c,2,2299 2340
pickable_item,64d17160-25c7-45f2-888f-db0ea167de5f,2,2299 2340
pickable_item,65eb17e8-29e4-435f-98b1-74f577fe764c,2,2124 2299
pickable_item,67b39af3-6074-4acc-8b28-f11ce62faeff,2,2299 2340
pickable_item,6d08f32a-997e-44f1-b6b6-9caf2ade9cf3,2,2011 2340
pickable_item,6f1d0e9e-d532-4476-af7a-e24ea01da040,2,2299 2340
pickable_item,70405729-62b8-4ea9-b369-4e7e73cfb74a,2,2299 2340
pickable_item,709d5796-fbc0-49a5-9fce-2f8e5e6a7fc2,2,2299 2340
pickable_item,70f059e4-6e15-4b6b-b2a2-40b94482d2d4,2,2299 2340
pickable_item,726322dd-f2e6-4cf2-922f-0ff715e20633,2,2124 2299
pickable_item,73b69372-3ccb-4bf4-bd21-94863da2654e,2,2011 2340
pickable_item,74885c5c-e489-45c2-bb69-6011092396b3,2,2299 2340
pickable_item,75086641-deac-4bba-bd5f-2acf1d675653,2,2299 2340
pickable_item,75f6a7ef-7144-46c6-b044-b94ab4167f67,2,2124 2299
pickable_item,788c57a8-ae7a-43a7-8236-07fec193531c,2,2124 2299
pickable_item,78e4ff84-aca1-46b2-9e13-3a538a8f4c63,2,2299 2340
pickable_item,79e78e2a-8c66-430d-aba4-040ffde5c66f,2,883 2299
pickable_item,7a4cbad4-2c5f-4121-ae58-dfe17540a848,2,2299 2340
pickable_item,7ac72484-f37f-458d-857a-74cf4bba672e,2,2124 2299
pickable_item,7beb4bdc-6478-455c-8746-afb92c604be8,2,2124 2299
pickable_item,7becbe4a-c4b4-448e-bb12-5a383da1db31,2,2299 2340
pickable_item,7c1ee5f9-e089-4ee5-9f65-524976e86e7d,2,2124 2299
pickable_item,7c5126cd-b010-4484-8465-22a3d69fa0df,2,2299 2340
pickable_item,7c621760-e296-4069-9303-14c05f1745ba,2,2299 2340
pickable_item,7c6ed87e-5c87-4550-9aec-6a4c2e1e5980,2,2299 2340
pickable_item,7c97d412-d1db-4d42-a85a-27f381f4a9e9,2,2299 2340
pickable_item,8021783b-c65d-43dd-a8ab-8b11eb271f84,2,2124 2299
pickable_item,805ba438-34c7-4ef5-8699-d7a61721b1c4,2,2299 2340
pickable_item,80a73944-1c3e-4fcf-b4c5-9fed24d3757c,2,2299 2340
pickable_item,81358847-cc24-4036-aa0f-99f180cd4ecc,2,2124 2299
pickable_item,8178448f-fbe8-49bb-b574-edef9c3dc966,2,2299 2340
pickable_item,83c76770-b0a4-4885-9d38-427f5b70b99d,2,2299 2340
pickable_item,847a8a68-1097-4c97-baeb-f30c0bfd174d,2,2299 2340
pickable_item,84877aac-ea4f-45eb-bc53-77d4886207f1,2,2299 2340
pickable_item,86e4ff24-88db-4024-abe6-46545fa0fbd1,2,2124 2299
pickable_item,87ccb223-a396-4381-8ce3-a08e99277a11,2,2299 2340
pickable_item,8b38e0bd-f28f-4863-bea5-850770c8f8f6,2,2299 2340
pickable_item,8f33ba0d-31ac-4867-80f6-2acb555ed26c,2,2299 2340
pickable_item,8fbb03c8-55bf-4e5f-aadf-872409fefb48,2,2124 2299
pickable_item,905f75d5-b0dc-4990-bbe4-2d971ddc9e6d,2,2299 2340
pickable_item,929e08b0-9cda-4eb6-a7c4-28e8bd4dd32d,2,2124 2299
pickable_item,9475fa39-7ce3-4253-9953-fe03c753d8fd,2,2299 2340
pickable_item,980003b4-f81f-42c5-bdc7-5d389158aa4a,2,883 2299
pickable_item,983a6813-20b6-4fc8-bc2d-105939ff6000,2,2188 2299
pickable_item,99a4625d-816a-4d72-9859-098a5ba016ae,2,2299 2340
pickable_item,9a20ef55-669b-48d6-895f-b568e91f8a13,2,2299 2340
pickable_item,9d2561cc-892f-4527-94cc-4fa607102949,2,883 2299
pickable_item,9e06cfd7-6412-446c-99dc-e27c6bcef003,2,2124 2299
pickable_item,9f30ca3f-65c0-42f4-be71-cb8f4cc2af7f,2,883 2299
pickable_item,9f754566-7fb2-47e1-951b-22c27debb3c8,2,883 2299
pickable_item,9fb601d5-486c-4082-93cc-6356b0771b05,2,883 2299
pickable_item,a048af10-45f4-4766-b7eb-90f2d8098fef,2,2299 2340
pickable_item,a0a6a756-e204-4943-b215-543471b5cc39,2,2299 2340
pickable_item,a415c3a7-82f0-4a73-925a-bb2c1674955f,2,883 2299
pickable_item,a4861145-5574-4482-8719-2b7e0f46dfb4,2,2124 2299
pickable_item,a4bbfe01-e327-4063-87a0-3a64692641e7,2,2299 2340
pickable_item,a4f2c91e-e504-4283-93c5-9bd2c00d5f0f,2,2299 2340
pickable_item,a955dc3d-1327-40d2-a9ea-bb2d06f576ec,2,2299 2340
pickable_item,aaad7362-ec12-4e22-885c-075450001468,2,2124 2299
pickable_item,aaf84a4e-4617-4f74-a3b2-a6c2de25244b,2,2124 2299
pickable_item,ab3ee24b-1e2f-4fe8-a3e8-a059d8391d2f,2,2124 2299
pickable_item,ab62a875-799d-4472-96a1-32b6e8feeaba,2,2299 2340
pickable_item,abb6cc5a-3592-406f-82ab-edfb73e219be,2,1914 2299
pickable_item,ac0f228d-b1dd-493d-909d-105b07192ec9,2,883 2299
pickable_item,b13d06f4-6c38-405d-9998-93128f4eb6dc,2,2299 2340
pickable_item,b173f48f-6f4f-42eb-a119-37d2402e74f0,2,2124 2299
pickable_item,b1bcf928-25b7-486c-bf90-0a48521bd8a0,2,2299 2340
pickable_item,b1cdf1bd-f259-47ff-b5b1-a596a1d8ae60,2,2299 2340
pickable_item,b3b743c3-ff6c-459d-9941-6f8cf6e627eb,2,2299 2340
pickable_item,b3e363cf-8dde-4733-89a9-c468d5580d2e,2,2124 2299
pickable_item,b3ee8c6a-9f16-45aa-88cb-6d0a4698d96b,2,2299 2340
pickable_item,b4e55ad0-2d40-4995-b6ff-b320c6f8f057,2,2299 2340
pickable_item,b5587dd4-f7d8-4378-9903-7626a227ca0f,2,1914 2299
pickable_item,b61b9315-d9b4-4a93-bcc0-3db9848886ab,2,883 2299
pickable_item,b73fc42f-829f-4f3e-8ae5-2b6fc5f4b157,2,2124 2299
pickable_item,b7ef543a-3421-43d3-b57d-94f382ae6822,2,2124 2299
pickable_item,ba4b74ad-f8f1-427e-905b-1bc8c27163e7,2,2299 2340
pickable_item,bbd53a21-4228-4488-9cd2-bbec6c4bfb1e,2,2124 2299
pickable_item,bc26419a-f9d5-40bb-98f0-05b6c527e85a,2,2124 2299
pickable_item,bc7771bc-5ef2-4177-8c8e-3b0e989175a4,2,2299 2340
pickable_item,bc9cee60-c0b3-4f83-95e3-e55d493360ab,2,2299 2340
pickable_item,bd0beb13-9c64-40fb-988c-ed1f0a122b14,2,2124 2299
pickable_item,c1a2f6b7-8717-4ed7-9c61-134536983d2e,2,2124 2299
pickable_item,c352d8ae-4021-4f9b-b49c-b1f087f2cd2c,2,2124 2299
pickable_item,c5634802-25a9-4b5f-a96f-19b439a6695d,2,2299 2340
pickable_item,c5718b58-0082-412d-ae93-2ef6cf46ecd7,2,2299 2340
pickable_item,c64b7286-07b8-4bdf-afd0-359171d35249,2,2299 2340
pickable_item,c6d9387a-30de-469a-a785-3220bf0426ba,2,2299 2340
pickable_item,c76986a8-7b55-4bd3-bb20-cdbb0eea8727,2,2124 2299
pickable_item,c8072476-7ac0-4cdd-8cfc-51893e5c86c6,2,883 2299
pickable_item,c80e67a7-8dbd-4662-ae63-26a92b6ae28b,2,2299 2340
pickable_item,c888acac-26ef-4f4a-be33-0b8bd82e7500,2,2299 2340
pickable_item,c8c010e2-4ae9-42b3-8b02-df7d797237f9,2,2124 2299
pickable_item,c8d7fd2d-8237-47f5-a8f6-17549ff59a4e,2,883 2299
pickable_item,c93d6795-ed9a-429a-9680-32afc0676938,2,2299 2340
pickable_item,c95a4acf-136c-4ce5-88d1-e9599aef64f6,2,2299 2340
pickable_item,ca5a0aa3-e373-48ec-96e4-1c3b9907bac3,2,2299 2340
pickable_item,ca873759-2d0d-4f2f-ba05-49b6c1872a9e,2,2124 2299
pickable_item,ca92311e-6413-4c6b-b47a-963211f174e1,2,2124 2299
pickable_item,cc09837c-c2d7-4270-869a-6a9583c5bef8,2,2299 2340
pickable_item,cc18118c-8add-4fee-9df8-ceb8c72e41b1,2,2299 2340
pickable_item,cc6a8725-deaa-4d0f-957b-f987149a5da6,2,2124 2299
pickable_item,cf103890-cd29-4d20-80bc-63522602d6c5,2,883 2299
pickable_item,d00b8aa6-d846-4dfd-8a58-96f7dcd9289e,2,2299 2340
pickable_item,d09b5bbf-8db5-4bea-a5c4-67bf11a6cbe8,2,2299 2340
pickable_item,d133cf8c-dc76-48ca-a823-cf837e7f0f99,2,2124 2299
pickable_item,d2fdde4f-0d45-46d0-949b-b061b6619af6,2,2124 2299
pickable_item,d6ea8b38-5cbb-4095-a29b-46443a27eede,2,2299 2340
pickable_item,d7a081e8-2b8c-49d0-915d-2d3c8d4c5274,2,2124 2299
pickable_item,d99f40d0-1417-4fa4-b905-32dc3f281b92,2,2299 2340
pickable_item,da4c7f63-6dd7-4dad-b499-cc1d922426a1,2,2124 2299
pickable_item,dab2c84b-83b8-4214-920c-03042e38209e,2,2299 2340
pickable_item,dbf96a07-0769-4327-ae31-14a95bdfd603,2,2299 2340
pickable_item,dc184975-c52d-49d8-bd9e-e8c59bff499b,2,2299 2340
pickable_item,ddbf0857-927c-4f58-b6b0-5fd90f840044,2,2299 2340
pickable_item,de21749a-627d-406c-9dc6-e3e08d65d8d9,2,2124 2299
pickable_item,de574125-0ff9-4d98-a1d9-74a7cf1f019c,2,2299 2340
pickable_item,dea2883f-6bd9-4f6e-bae8-80322d428652,2,2299 2340
pickable_item,deb7aff1-5fee-4341-8703-d9de7f7cce2f,2,2299 2340
pickable_item,e19d0a82-e5cc-49b2-b0a2-14b004cb4717,2,2124 2299
pickable_item,e1adda6e-aba9-4de2-a50f-062432fd73df,2,2011 2340
pickable_item,e1cb27bb-6e6f-4f93-b974-f5b605c0b583,2,2299 2340
pickable_item,e281d7f6-afd9-46c5-8f73-8f1b7290437b,2,2299 2340
pickable_item,e432d223-5175-4a99-8ba1-fed86a97b1e2,2,2299 2340
pickable_item,e5dfafd0-f45b-4b79-9e5d-b95d545a85f8,2,2124 2299
pickable_item,e5fc1a89-9bb1-44a9-a524-c6834a5e2e76,2,2124 2299
pickable_item,e7129bb8-d5d4-46d6-afe1-d78d2ad9c458,2,2299 2340
pickable_item,e86b8924-37b9-479d-9249-b082b019d435,2,2299 2340
pickable_item,e8bb48b6-c363-4227-9d71-4f26e0dc0370,2,2299 2340
pickable_item,e9170235-1d45-465b-bdec-a5599605e15e,2,2299 2340
pickable_item,e96ac6a4-f494-4b70-9270-7d2f967c59b6,2,2299 2340
pickable_item,ea98e001-9d40-4eb8-a198-ccf5cb548747,2,2188 2299
pickable_item,eab20b8a-c767-40ad-9748-e84fb8701f65,2,2299 2340
pickable_item,eb47297f-4a52-45d4-b98c-057c2db35d33,2,2299 2340
pickable_item,eb99bb79-07fc-4772-98c5-6f0372803dc3,2,2299 2340
pickable_item,ebe950f2-7336-48db-a1d5-c61a4ca1b23a,2,2299 2340
pickable_item,ec39237f-3dfc-42da-a00e-4c963d4392db,2,2299 2340
pickable_item,ecae9bde-4b59-4ce2-8d3b-e718eb0f4c45,2,2124 2299
pickable_item,ed929f20-7d34-4d5f-b06d-462af50fa44d,2,2299 2340
pickable_item,ee4d5b06-0a7e-4073-969b-b11131e97fef,2,2011 2340
pickable_item,ef881d5c-0490-402c-b39f-79daa80c0471,2,2124 2299
pickable_item,f07b7801-a1ce-4263-908f-809fe1ad21ca,2,2299 2340
pickable_item,f0c9f56f-cd0f-4973-bfb5-3cea3e756bcc,2,2124 2299
pickable_item,f115511c-a787-4c5b-808e-3c389b7add2f,2,2299 2340
pickable_item,f2e16499-8a27-4acc-a4af-f29e00300507,2,2299 2340
pickable_item,f2ee05db-430c-4505-8b39-ce658fb4bb74,2,2124 2299
pickable_item,f302df91-be9a-4d01-b945-cf1765572914,2,2299 2340
pickable_item,f3c17d33-434e-47fe-992a-50b21e819c8d,2,2299 2340
pickable_item,f4629142-fe0f-4d7a-b6a3-479e47aedcf3,2,2299 2340
pickable_item,f473094b-f47d-4dbb-b4c6-d32816d0ce90,2,2299 2340
pickable_item,f4f0b57b-e475-4b6a-89fb-2b56b9ba84a2,2,2299 2340
pickable_item,f5b07d39-d597-4168-91d4-358be9f9be1e,2,2299 2340
pickable_item,f65708b5-f7bb-4ee0-adc3-bddc426976f5,2,2299 2340
pickable_item,f6ede291-0b47-4dab-85bf-c507ad0e90a7,2,2124 2299
pickable_item,f6fd203c-6983-481b-882f-f03836743086,2,2299 2340
pickable_item,fc532089-e4f1-4273-b2bc-19b2ac5212f3,2,2299 2340
pickable_item,fcb0654f-f322-4a99-8364-7fc4a5c94f99,2,2299 2340
pickable_item,fdd2036c-15a6-462e-9a0e-acbe20288bcc,2,2299 2340
pickable_item,fe68ee1c-579a-4414-a794-da184ea494cd,2,2299 2340
pickable_item,fff8ac8e-e12f-48e6-9cce-9c415f24ae26,2,2299 2340
player_item,4119b64e-f072-0cf2-4b8c-13e5ee901994,2,1380 2299
player_item,42de552f-eaac-ee43-5e36-129615d2b4ab,2,1380 2299
player_item,46f60a88-47c9-9fa9-e55b-58553a841592,2,1380 2299
player_item,49f1d199-c8e4-5e9a-7aeb-09e3999a25a7,2,1380 2299
player_item,4d49d1bd-5a73-3659-5209-5a38acd4c0b6,2,1380 2299
recipe,/20361656-5917-40e9-be7f-a5e6cc07981d/32,2,1660 2299
recipe,310e921d-da62-48e4-88ef-de9f295e0045/2529e246-6f1b-4529-8d6b-64245207bae8/16,2,1660 2299
recipe,310e921d-da62-48e4-88ef-de9f295e0045/3157d51d-7461-4fdc-9601-93bd5ed42156/4,2,1660 2299
recipe,310e921d-da62-48e4-88ef-de9f295e0045/5c17d1d9-70ec-49d9-9b05-ae23247c045f/22,2,1660 2299
recipe,310e921d-da62-48e4-88ef-de9f295e0045/601f9ff2-0413-40c9-b443-9695aafa71a5/43,2,1660 2299
recipe,310e921d-da62-48e4-88ef-de9f295e0045/73ff1fde-ec8b-41e9-95e3-b5938c715bf1/17,2,1660 2299
recipe,310e921d-da62-48e4-88ef-de9f295e0045/c40dc516-9886-4245-8a8b-2cbb16da918d/12,2,1660 2299
recipe,310e921d-da62-48e4-88ef-de9f295e0045/eca88106-4bab-4419-8772-4450739c193c/10,2,1660 2299
recipe,310e921d-da62-48e4-88ef-de9f295e0045/f1309a89-045f-44ae-a4d9-c997b892a162/2,2,1660 2299
recipe,34bd1d0b-1203-42a0-b9b4-d3585a4d9b48/31148cbb-8592-4b26-a1ae-8a9e07e309e6/25,2,1660 2299
recipe,34bd1d0b-1203-42a0-b9b4-d3585a4d9b48/34d9f446-e5a7-4af4-858a-e96473de814f/6,2,1660 2299
recipe,34bd1d0b-1203-42a0-b9b4-d3585a4d9b48/3d3f5935-c2e3-4e52-8a16-a6a04ee4a79f/31,2,1660 2299
recipe,34bd1d0b-1203-42a0-b9b4-d3585a4d9b48/567fc1b1-1424-4784-9da8-5104e2e7354d/18,2,1660 2299
recipe,34bd1d0b-1203-42a0-b9b4-d3585a4d9b48/6568088a-98b6-4353-81d1-31bd2662a545/24,2,1660 2299
recipe,34bd1d0b-1203-42a0-b9b4-d3585a4d9b48/73b69372-3ccb-4bf4-bd21-94863da2654e/29,2,1660 2299
recipe,34bd1d0b-1203-42a0-b9b4-d3585a4d9b48/92c829ca-41f6-40a7-b8d9-aac5159c7a89/27,2,1660 2299
recipe,34bd1d0b-1203-42a0-b9b4-d3585a4d9b48/fd6cceee-06d0-4a0b-a0f6-c52d0afd5481/23,2,1660 2299
recipe,d5efb270-948b-4a38-b391-38b2edd31c8d/1322a0ca-1be1-449a-b1fa-cd7079a9ba90/8,2,1660 2299
recipe,d5efb270-948b-4a38-b391-38b2edd31c8d/2509115d-59c9-44f8-9802-f600eba63fa9/19,2,1660 2299
recipe,d5efb270-948b-4a38-b391-38b2edd31c8d/2b24a290-ec3c-454c-901e-fea76aa76d74/7,2,1660 2299
recipe,d5efb270-948b-4a38-b391-38b2edd31c8d/42e54d97-6e63-4e50-a09d-325ef4dd2286/5,2,1660 2299
recipe,d5efb270-948b-4a38-b391-38b2edd31c8d/928463d9-e21a-4f7c-b5d3-8378ed375cd1/13,2,1660 2299
recipe,d5efb270-948b-4a38-b391-38b2edd31c8d/eec58bfb-063e-4838-b78d-3c2b354f1346/45,2,1660 2299
recipe,e96d768e-04e5-4480-9197-1c256d642ddc/2668d311-8667-4f27-b94b-7f6175678f17/15,2,1660 2299
recipe,e96d768e-04e5-4480-9197-1c256d642ddc/36d4b46d-75cb-4e58-a430-b1a0aa283088/28,2,1660 2299
recipe,e96d768e-04e5-4480-9197-1c256d642ddc/60825599-3c28-4a5b-ad6a-fda128f8b723/47,2,1660 2299
recipe,e96d768e-04e5-4480-9197-1c256d642ddc/6b955a9b-d8de-492c-a53e-a052fab4ff0a/21,2,1660 2299
recipe,e96d768e-04e5-4480-9197-1c256d642ddc/850d28d9-9d0a-4b2e-9feb-e6c48c5f1aad/30,2,1660 2299
recipe,e96d768e-04e5-4480-9197-1c256d642ddc/8b713d0c-9a04-4354-a53f-ffd384057fa6/3,2,1660 2299
recipe,e96d768e-04e5-4480-9197-1c256d642ddc/8fb1de6d-2985-45ea-ae9c-007540b4f37e/48,2,1660 2299
recipe,e96d768e-04e5-4480-9197-1c256d642ddc/ab25a50a-7836-47a9-acb2-5fd93684b8c5/26,2,1660 2299
recipe,e96d768e-04e5-4480-9197-1c256d642ddc/b38c34b7-6016-4f64-9ba2-65e1ce31d4a1/14,2,1660 2299
recipe,e96d768e-04e5-4480-9197-1c256d642ddc/d837e829-d706-4db8-8e3d-e70a16882c96/11,2,1660 2299
reputation_change,10/15/,2,1736 2219
reputation_change,11/14/,2,1736 2219
reputation_change,12/15/,2,1736 2219
reputation_change,13/14/,2,1736 2219
reputation_change,36/15/,2,1736 2219
reputation_change,37/14/,2,1736 2219
reputation_change,38/15/,2,1736 2219
reputation_change,39/14/,2,1736 2219
reputation_change,81/15/,2,1736 2219
rpg_param,ArmorDefenseToAttackingWeaponStatus,2,1558 1668
rpg_param,AttackSpeedNormal,2,1112 2179
rpg_param,AttackSpeedNormalAgi,2,1112 2179
rpg_param,ClothDirtyingUpdatePeriod,2,1260 1558
rpg_param,CombatAutoAttackDelayIncreasePerAttackerHorse,2,1070 2179
rpg_param,CombatAutoAttackDelayIncreasePerAttackerMissile,2,1070 2179
rpg_param,CombatAutoComboStepsSigma,2,1112 2179
rpg_param,CombatAutoForcedComboStaminaLimit,2,1112 2179
rpg_param,CombatAutoForcedPeriodicalAttackStaminaLimit,2,1112 2179
rpg_param,CombatAutoGuardHysteresis,2,1112 2179
rpg_param,CombatAutoMasterComboSteps,2,1112 2179
rpg_param,CombatAutoMaxAimDuration,2,1070 2124
rpg_param,CombatAutoMaxAimDurationRandomAdd,2,2124 2179
rpg_param,CombatAutoNaturalComboRatio,2,1112 2179
rpg_param,CombatAutoOppZoneAdaptDelayMaxMax,2,2179 2294
rpg_param,CombatAutoOppZoneAdaptDelayMaxMin,2,2179 2294
rpg_param,CombatAutoScaleDefensivenessDelayRel,2,1112 2179
rpg_param,CombatAutoTrickAttackProb,2,1112 2179
rpg_param,CombatAutoTrickInvalidBlockAttackMaxProb,2,1112 2179
rpg_param,CombatAutoTrickMinMaxDelay,2,1112 2179
rpg_param,CombatAutoTrickReactionMaxDelay,2,1112 2179
rpg_param,CombatDmgRBonusFromBehind,2,1668 2179
rpg_param,DamageToArmorStatus,2,2124 2340
rpg_param,DamageToArmorStatusLowerLayers,2,2124 2340
rpg_param,DogMoraleBuffFeed,2,1260 1668
rpg_param,DogMoraleBuffPlay,2,1260 1668
rpg_param,DogMoraleBuffPraise,2,1260 1668
rpg_param,ExtremeExhaustionFaintAveragePeriod,2,2208 2210
rpg_param,FoodHealSpeed,2,651 2299
rpg_param,FullClothDirtyingOnZeroSpeed,2,1260 1558
rpg_param,HerbGatherSkillToCount,2,2124 2210
rpg_param,HorseMoraleToThrowOffRider,2,1260 2179
rpg_param,HorseRidingAwardDistance,2,1334 1668
rpg_param,HorseWithMaxStatsPrice,2,2188 2299
rpg_param,HorseWithMinStatsPrice,2,2188 2299
rpg_param,IndulgenceBasePrice,2,1558 2219
rpg_param,JailRecoveryDebuffMaxHours,2,1260 2219
rpg_param,LockPickingCursorShakeSpeed,2,1260 1334
rpg_param,LockPickingSuccessXPMulCoef,2,1558 1572
rpg_param,MaxAttackSpeedMod,2,1112 2179
rpg_param,MaxStatToAttackStaminaCostMult,2,1112 1558
rpg_param,MaxStatToAttackStaminaCostStatDiff,2,1112 2179
rpg_param,MaxStatToAttackStatDiff,2,1112 2179
rpg_param,MinStatToAttackMult,2,1112 2179
rpg_param,PicklockDmgSpeed,2,1260 2219
rpg_param,PicklockFatalRelativeDist,2,1883 2219
rpg_param,PickpocketingAngleChancePenalty,2,1883 2219
rpg_param,PickpocketingComradePerkBonus,2,1883 2219
rpg_param,PickpocketingMaxSkillChargeTime,2,1883 2219
rpg_param,PickpocketingNPCSleepingTimeChanceMod,2,1883 2219
rpg_param,PickpocketingRobbedAngrinessChancePenalty,2,1883 2219
rpg_param,PickpocketingTimeChancePenaltyBest,2,1883 2219
rpg_param,PickpocketingTimeChancePenaltyWorst,2,1883 2219
rpg_param,SkillCap,2,1334 1558
rpg_param,SleepHealthRegenBaseSpeed,2,651 2299
rpg_param,StamDamage,2,1260 1558
rpg_param,StamRegenBlockMod,2,1112 1260
rpg_param,StamRegenFromVit,2,1112 1558
rpg_param,StatCap,2,1334 1558
rpg_param,WeaponStatusToAttackCoef,2,1558 2179
sequence,55332/,2,1105 2188
sequence,59155/,2,1105 2188
shop,1/73/31,2,883 2299
shop,1/81/31,2,883 2299
shop,1/88/31,2,883 2299
shop,25/101/39,2,883 2299
shop,25/14/12,2,883 2299
shop,25/164/91,2,883 2340
shop,25/19/16,2,883 2299
shop,25/2/3,2,883 2299
shop,25/24/18,2,883 2299
shop,25/26/20,2,883 2299
shop,25/3/5,2,883 2299
shop,25/34/21,2,883 2299
shop,25/4/5,2,883 2299
shop,25/5/5,2,883 2299
shop,25/6/5,2,883 2299
shop,25/60/33,2,883 2299
shop,25/63/29,2,883 2299
shop,25/7/6,2,883 2299
shop,25/78/35,2,883 2340
shop,4/13/11,2,883 2299
shop,4/8/8,2,883 2299
shop,5/1/4,2,883 2299
shop,5/40/25,2,883 2299
shop_type2item,00000000-0000-0000-0000-000000000032,2,2124 2299
shop_type2item,01b86c1e-1614-4310-8bed-10b7682e5815,2,2124 2299
shop_type2item,0290b689-c01c-480f-b121-bed71ad1f5e0,2,2124 2299
shop_type2item,04c2c966-f55b-4afe-b0c2-bfdf4ba0deeb,2,2124 2299
shop_type2item,0d03afe4-9785-44d2-88d2-2c870de8dbfa,2,2124 2299
shop_type2item,0eb0ac15-f0d9-49ce-9dd8-b37381a7a508,2,2124 2299
shop_type2item,13ba7468-11a2-483d-8cb9-25ce36a2d228,2,2124 2299
shop_type2item,14aaa78f-49fe-49aa-bf46-bc6b8b06a6b7,2,2124 2299
shop_type2item,15656c3e-d29e-48a8-bc0e-1451102a9ce5,2,2124 2299
shop_type2item,1592a436-4a22-4636-b82d-14af8127ee01,2,2124 2299
shop_type2item,167eb312-0e9d-4c2f-8ce3-56c32f5a84cb,2,2124 2299
shop_type2item,19d5def6-e491-43c7-ab1d-5978ac197485,2,2124 2299
shop_type2item,1ff6e150-de1d-4cff-b263-e3dad48eef1a,2,2124 2299
shop_type2item,214f7911-d9be-4260-b5cb-590f96ffde9a,2,2124 2299
shop_type2item,21afc054-37d2-4cce-928e-c7d0d2e295c5,2,2124 2299
shop_type2item,238538b5-cd3e-460e-8e85-52c820edb716,2,2124 2299
shop_type2item,2509115d-59c9-44f8-9802-f600eba63fa9,2,2124 2299
shop_type2item,2529e246-6f1b-4529-8d6b-64245207bae8,2,2124 2299
shop_type2item,2668d311-8667-4f27-b94b-7f6175678f17,2,2124 2299
shop_type2item,2b24a290-ec3c-454c-901e-fea76aa76d74,2,2124 2299
shop_type2item,2b652926-fb99-406f-9955-8a45dd1f1cd9,2,2124 2299
shop_type2item,2ddf6256-0662-44c4-99fe-f713b6d900ea,2,2124 2299
shop_type2item,2e32ab30-aa7e-4628-8482-a229a68dfa72,2,2124 2299
shop_type2item,30a02ab0-eb1d-4bf7-a53f-eb1004b2cbd8,2,2124 2299
shop_type2item,31148cbb-8592-4b26-a1ae-8a9e07e309e6,2,2124 2299
shop_type2item,3157d51d-7461-4fdc-9601-93bd5ed42156,2,2124 2299
shop_type2item,34d9f446-e5a7-4af4-858a-e96473de814f,2,2124 2299
shop_type2item,375edea9-2d3c-4d1a-a6cc-e81ffa6bba26,2,2124 2299
shop_type2item,3bafe608-b757-491d-a51c-3a48b758a6b8,2,2124 2299
shop_type2item,400b4bb0-a1d0-9bec-1b90-5b2bfcb9e9af,2,2124 2299
shop_type2item,40129e7b-b9e0-a193-1145-d53292caf7a1,2,2124 2299
shop_type2item,401ad7c8-4a34-0ef9-7117-9e4ce2044e9a,2,2124 2299
shop_type2item,4025719c-da4e-cb6e-963a-c26ca4cdaa9d,2,2124 2299
shop_type2item,402d9c88-ef9a-8eef-7475-107459ea1794,2,2124 2299
shop_type2item,40317a13-b96c-e894-3334-e5d70b9420bb,2,2124 2299
shop_type2item,40324632-16c8-5979-2c76-e38210ee2a9b,2,2124 2299
shop_type2item,4038ccc9-976c-efd3-014c-0cc80a6695b5,2,2124 2299
shop_type2item,403f6db2-1285-31da-81c6-db426db9d6a5,2,2124 2299
shop_type2item,4063f2eb-d6d6-a27e-c1d7-a0885269108c,2,2124 2299
shop_type2item,406b05fb-c409-f2d0-ec82-8c9e6dd422b8,2,2124 2299
shop_type2item,406bc0f2-ba52-b3f7-8844-10bcdec68195,2,2124 2299
shop_type2item,406c92ad-4c17-25d7-84d7-28500800f59e,2,2124 2299
shop_type2item,406d2498-5b1e-90dc-4beb-37a0a67ce5a4,2,2124 2299
shop_type2item,4076ced0-55f6-49a0-3364-e6183c03368f,2,2124 2299
shop_type2item,407f6f52-d70e-7e3b-056d-cda8069aab86,2,2124 2299
shop_type2item,408660f0-4742-ef99-b434-7f52cfdc2b9c,2,2124 2299
shop_type2item,4088843b-6f0b-7016-1e16-e2455e33dcb6,2,2124 2299
shop_type2item,40975019-110c-86fc-4f18-5b36799744bb,2,2124 2299
shop_type2item,40a9b459-1058-26a6-19f8-0e6ffe01418e,2,2124 2299
shop_type2item,40aed3da-9bdd-180b-65cd-fd81947fc3a9,2,2124 2299
shop_type2item,40af7f97-143c-95a5-5e0b-01efbfac29b6,2,2124 2299
shop_type2item,40b08f5c-ffdf-4e83-de69-23a17580c3bc,2,2124 2299
shop_type2item,40b23098-b54b-19e3-2fd6-88dd8e63878c,2,2124 2299
shop_type2item,40b49226-beb6-64df-e1c5-c34f627379be,2,2124 2299
shop_type2item,40b60983-804f-22fc-8259-ab4a6820829b,2,2124 2299
shop_type2item,40bafc6f-ea0f-d9d2-57f7-0da666d60083,2,2124 2299
shop_type2item,40c05582-26f8-b1dc-f0ba-80e717a8869e,2,2124 2299
shop_type2item,40c16f73-5b83-c139-96eb-c39ff5e9e7a6,2,2124 2299
shop_type2item,40cda4e4-8741-4f52-e43c-71fec6d81a96,2,2124 2299
shop_type2item,40d19389-b8e6-8f54-cf74-f3715b0cea8c,2,2124 2299
shop_type2item,40dac35d-5df7-e4b3-ba7c-ca2c9c706f93,2,2124 2299
shop_type2item,40e66e8a-bf10-8c39-66e0-aac2eb644dba,2,2124 2299
shop_type2item,40e7af0d-4262-1d6b-ea86-aaf55d6e76a2,2,2124 2299
shop_type2item,40ebc815-c78f-24ea-aff7-0e4beb4136b8,2,2124 2299
shop_type2item,40edf98e-f577-4192-67cd-4f1776d14ea4,2,2124 2299
shop_type2item,41033745-5681-2a81-3010-446999b7f8ad,2,2124 2299
shop_type2item,412e44fb-0e4c-0e80-b763-0b6493b13fa0,2,2124 2299
shop_type2item,41366e7f-a0e5-0f23-142a-40f1ca76aabb,2,2124 2299
shop_type2item,41392bb2-9214-92e9-0e7d-e0438149eaa4,2,2124 2299
shop_type2item,413a23a3-3d34-de11-abeb-2dfc9af846a9,2,2124 2299
shop_type2item,41412ccb-2199-b9bf-9c79-21c9227b94a7,2,2124 2299
shop_type2item,4143839b-d46c-0c4f-6bb5-764c742bdba9,2,2124 2299
shop_type2item,414d7408-c2b3-e891-a652-88d1d9c9da8a,2,2124 2299
shop_type2item,41537adc-9759-2dd8-377d-5260815b3eb7,2,2124 2299
shop_type2item,4156d594-be4a-71c2-8ede-4d517ac668a5,2,2124 2299
shop_type2item,415cb852-5910-50cf-9802-4375257dd3b5,2,2124 2299
shop_type2item,416efa2d-68db-6dfb-3d5d-98489f638bad,2,2124 2299
shop_type2item,416efb7c-8e5f-3518-89d2-5b9af35ad7b6,2,2124 2299
shop_type2item,417fd467-dbb9-0016-6e6d-89ce0b507fbe,2,2124 2299
shop_type2item,4181c649-2642-3d6c-7eb4-6c09f74dbe8d,2,2124 2299
shop_type2item,41866b96-12d5-290a-90a6-67cf4db3ab83,2,2124 2299
shop_type2item,4187ee7a-4331-8224-4853-0d071256b7ad,2,2124 2299
shop_type2item,418864f6-f9c0-ead7-dd4e-6f3aacb0288c,2,2124 2299
shop_type2item,41895ca4-a65a-026d-d5f6-0515a9f5e29a,2,2124 2299
shop_type2item,41a87049-190c-d5d4-40e8-5950ec296680,2,2124 2299
shop_type2item,41afa317-7311-5ecb-8a91-94189c2dc2a9,2,2124 2299
shop_type2item,41b3cfda-0a6c-c009-9482-4c78ea2f1980,2,2124 2299
shop_type2item,41bcef0c-d101-397a-0897-8367d9f8ffa6,2,2124 2299
shop_type2item,41be015c-6d05-d058-f5d8-62c17ac8c3a2,2,2124 2299
shop_type2item,41c031a0-b9f5-4d3f-3968-7f453be343b5,2,2124 2299
shop_type2item,41c44a2b-9d1c-4c64-f07a-bba3f7288ba0,2,2124 2299
shop_type2item,41c9dee4-7f56-917c-cf8d-3482bbb3ad9a,2,2124 2299
shop_type2item,41cc3e13-635a-38e0-59b1-0225461b6c85,2,2124 2299
shop_type2item,41d7815b-1696-571f-d688-d713b39472ba,2,2124 2299
shop_type2item,41e3f765-4595-8384-6f46-f7ad2a89a6b2,2,2124 2299
shop_type2item,41e550e4-12df-49f0-3b05-74959224a8a5,2,2124 2299
shop_type2item,41e70a43-df7c-9acc-afe6-42dc972ee891,2,2124 2299
shop_type2item,41f6e46c-bca6-16da-169a-f0c8f1a6e2ab,2,2124 2299
shop_type2item,41fe34ab-46ea-6c34-da68-f1e66f46fb89,2,2124 2299
shop_type2item,4206570b-ab9b-a407-e693-29b90e475d81,2,2124 2299
shop_type2item,420f7feb-dc22-a2ec-b2a6-e1178f8c8386,2,2124 2299
shop_type2item,421f173c-99b2-f030-cedd-0ba2a25270ac,2,2124 2299
shop_type2item,4222ca69-3a10-91c1-91ff-26f36122b8a2,2,2124 2299
shop_type2item,422917fc-435a-f436-3245-a356367f8881,2,2124 2299
shop_type2item,422c924d-eed3-9183-f47f-3b62e6b66ea1,2,2124 2299
shop_type2item,4235868c-a29d-0e49-e7dd-20c97940d7ba,2,2124 2299
shop_type2item,42391032-a081-32d9-fd70-ac88f3873487,2,2124 2299
shop_type2item,423b537e-8fa9-fc3d-10db-443d45e27cbf,2,2124 2299
shop_type2item,4249522f-a1db-7d3e-020f-237390c80ba2,2,2124 2299
shop_type2item,424d9151-9ccb-989f-7bd8-3c690a9e4393,2,2124 2299
shop_type2item,4251c432-e9a3-bafe-cf3e-60ff40794287,2,2124 2299
shop_type2item,42566810-49be-e92f-5181-705bdd2eb1ae,2,2124 2299
shop_type2item,42663739-349d-8b14-a737-8cd056f7559e,2,2124 2299
shop_type2item,427c2cae-550e-9dc6-f050-467c3901b4aa,2,2124 2299
shop_type2item,42936ec8-4b9e-13d9-624f-6762c2f383b6,2,2124 2299
shop_type2item,42960eae-d460-e350-5a80-e1689724269d,2,2124 2299
shop_type2item,429628f5-b491-51fe-d644-654f6fc13fbe,2,2124 2299
shop_type2item,429b05ff-5eec-37ac-e8c0-5e5a51feb99c,2,2124 2299
shop_type2item,42a18a5a-b2d0-07eb-14c7-ed9f665ca695,2,2124 2299
shop_type2item,42a8fd44-fca0-79b6-e17e-461d966100a1,2,2124 2299
shop_type2item,42ab514e-a69d-e4b9-606d-3f46e0e6d0ad,2,2124 2299
shop_type2item,42b152d3-d3f4-b390-088e-3127534281aa,2,2124 2299
shop_type2item,42d40a4b-b727-c518-26e1-541208b7e197,2,651 1563
shop_type2item,42de552f-eaac-ee43-5e36-129615d2b4ab,2,2124 2299
shop_type2item,42e146c8-f2d1-1db1-c44c-7482b0f307b2,2,2124 2299
shop_type2item,42e54d97-6e63-4e50-a09d-325ef4dd2286,2,2124 2299
shop_type2item,42ed0221-fee6-22c1-a86a-70126610fa84,2,2124 2299
shop_type2item,42ed6b9c-19c5-0b8c-5feb-bfe0d7001997,2,2124 2299
shop_type2item,42f20475-2329-4771-8b12-0cad34574bc8,2,2124 2299
shop_type2item,42f8d0ed-63d9-a104-cf0a-de415f6aa8b3,2,2124 2299
shop_type2item,42f920a7-4d72-38f2-7f30-84bed084868f,2,2124 2299
shop_type2item,42fc11fb-bf16-152b-c94b-6493adf24686,2,2124 2299
shop_type2item,43043f1f-64ad-95cb-f55c-fd7d624ba294,2,2124 2299
shop_type2item,43062de7-afe1-5743-5aec-d4dcff83c1b8,2,2124 2299
shop_type2item,430f6156-27f7-b985-9b1d-18c495273cbd,2,2124 2299
shop_type2item,4314de6e-9f05-d843-18d8-2de11aa07798,2,2124 2299
shop_type2item,431a2a36-312d-d6b0-ddff-fcaddc294291,2,2124 2299
shop_type2item,431fac2f-58f6-38e8-953e-5738656f1a87,2,2124 2299
shop_type2item,4321398a-0000-834f-5c6b-624ba7caaf89,2,2124 2299
shop_type2item,432237ec-b13a-bd6c-4026-a3db68e4d89e,2,2124 2299
shop_type2item,4327d9fc-2c1b-2d1b-e60d-63a202c133b9,2,2124 2299
shop_type2item,433b9e8f-640a-25b0-ea6c-87c03f608baa,2,2124 2299
shop_type2item,434098fa-7f58-be87-9524-dc2b5ba11ca3,2,2124 2299
shop_type2item,434525c9-f3b4-c1e5-9ab0-f1002b13a68d,2,2124 2299
shop_type2item,4347d1c1-1035-f342-4447-eae73bd785a7,2,2124 2299
shop_type2item,434e3f99-d8f6-bf7b-3e26-43d95b91f693,2,2124 2299
shop_type2item,434f28e3-25e8-8bef-ee5b-1b331d106e99,2,2124 2299
shop_type2item,4353f1e8-e0c6-30a6-c5e8-5b76a22093a0,2,2124 2299
shop_type2item,43631624-d640-42c8-be81-0a236b8ed094,2,2124 2299
shop_type2item,436b6b1d-1471-da5f-ad03-f64bafbd8bb6,2,2124 2299
shop_type2item,4373f01b-b49e-5a74-31f1-6302dcda5d8f,2,2124 2299
shop_type2item,4377c0a6-98d4-ebdb-eb0a-f35220fb1398,2,2124 2299
shop_type2item,4396554c-2efb-6a68-f490-eee58844a7b5,2,2124 2299
shop_type2item,439e49c5-e468-57c2-d44c-9ac6066f14b6,2,2124 2299
shop_type2item,43a7cb95-710e-b5f4-35be-43f1a281a692,2,2124 2299
shop_type2item,43dc25b5-3962-a772-7eeb-dd7820574395,2,2124 2299
shop_type2item,43dd7f89-93d5-801a-7dc6-824c367284b4,2,2124 2299
shop_type2item,43f19e40-1107-38aa-a226-5d6179e9b4a3,2,2124 2299
shop_type2item,43f3824e-53b6-1b32-99e0-87b4eeef238f,2,2124 2299
shop_type2item,440074cf-4d3d-5d80-2944-f49d91d642a1,2,2124 2299
shop_type2item,44041a83-3119-dfe4-e12f-5098935f409c,2,2124 2299
shop_type2item,4405924b-de8b-e31b-72f1-29bb227ff1b1,2,2124 2299
shop_type2item,441979f2-838e-9f91-36ef-64fd17735492,2,2124 2299
shop_type2item,441b0b1a-719b-cacc-4a6c-f2668cb96a92,2,2124 2299
shop_type2item,441caaeb-3921-f600-79f5-9256210026bf,2,2124 2299
shop_type2item,441e44c2-718d-c0bb-4c52-32ce88adda98,2,2124 2299
shop_type2item,44342f54-fc71-f435-c68a-d6382d1e0ca2,2,2124 2299
shop_type2item,4439d7db-c440-9576-cd07-2d531afa7bb6,2,2124 2299
shop_type2item,44414acf-f175-7e9b-3af0-57f2b339aa90,2,2124 2299
shop_type2item,44469251-9749-7d7c-7903-0810520959a4,2,2124 2299
shop_type2item,4454e377-d0d8-5bbb-e968-3e41cd366899,2,2124 2299
shop_type2item,44641203-1426-4db8-90f7-8638e3e9fbba,2,2124 2299
shop_type2item,446d9158-a7e3-910b-95a8-12eee9e04997,2,2124 2299
shop_type2item,4472ab5e-def2-e154-34a3-15349c976283,2,2124 2299
shop_type2item,4476da15-6311-7757-da7d-196e812d7885,2,2124 2299
shop_type2item,447acc02-8ee6-ff70-1cb3-ccafd3ba01b3,2,2124 2299
shop_type2item,4493f515-b6d8-ebc4-8bd3-469c524b339f,2,2124 2299
shop_type2item,4498482d-a404-5646-16d0-f49eaac6d58e,2,2124 2299
shop_type2item,449e796c-59b4-7ceb-1f61-4162b0caf4aa,2,2124 2299
shop_type2item,44a86f03-1c17-1efb-966f-2202f6360c88,2,2124 2299
shop_type2item,44bb813b-e0cc-da13-3dd3-8d31977064be,2,2124 2299
shop_type2item,44c87fc7-cbb4-0f2c-de4c-f2ac16781b98,2,2124 2299
shop_type2item,44d904d0-03cc-8851-8fb9-31bc292d208c,2,2124 2299
shop_type2item,44dc0755-74c4-582d-c92c-4a54990da4b9,2,2124 2299
shop_type2item,44dd60cb-a67f-395f-a6a2-25feeceadd99,2,2124 2299
shop_type2item,44e9bb1f-35fb-9ccb-c0d0-482cd005b990,2,2124 2299
shop_type2item,44eaf818-5cb6-3868-b3c4-f51d821773a0,2,2124 2299
shop_type2item,44ee56de-46f9-0169-0d72-606c82576b97,2,2124 2299
shop_type2item,44f1b7f3-9098-6bc9-2965-ceb35571719c,2,2124 2299
shop_type2item,450ee588-bc3d-d0ed-69a8-eea895d9998c,2,2124 2299
shop_type2item,4516652a-7e40-d46d-cdd7-62ea97c3bb83,2,2124 2299
shop_type2item,4517b07b-ca19-07bf-6011-e2cec8868185,2,2124 2299
shop_type2item,45250d25-a050-fd3d-5fcd-c1e046582681,2,2124 2299
shop_type2item,4527de55-2a1f-6089-a182-2aa2e031fe99,2,2124 2299
shop_type2item,452c1f85-3219-c7fc-8d0c-de1d0b4d9885,2,2124 2299
shop_type2item,453044fc-b31c-e8df-76a1-6f4b701758b8,2,2124 2299
shop_type2item,45345fd3-43ed-b961-fde6-af37d4993aa7,2,2124 2299
shop_type2item,453d9fa5-5eec-b6de-ab47-1775370f43b1,2,2124 2299
shop_type2item,4548d3e7-b0d0-6749-4623-d3664a7410a7,2,2124 2299
shop_type2item,455ce2bd-2e97-1dc1-9e14-90927f0b4b9d,2,2124 2299
shop_type2item,45683673-edcb-4446-a995-3e76c0f11bae,2,2124 2299
shop_type2item,4573af03-8382-d87c-93aa-5dbb6fc79698,2,2124 2299
shop_type2item,4582224b-55b8-82f8-4230-371ca1093db3,2,2124 2299
shop_type2item,458a11a5-7293-463b-4a8b-0ec665af1388,2,2124 2299
shop_type2item,45a39144-03ee-67b2-e79c-864bedf93186,2,2124 2299
shop_type2item,45af7bc3-18ae-8314-9064-3fad540615bc,2,2124 2299
shop_type2item,45bc3e68-adc8-b03d-29e3-93e044472fbf,2,2124 2299
shop_type2item,45bdd999-3050-c096-8e2a-56dec9e231a5,2,2124 2299
shop_type2item,45bf8d25-f598-c977-8aa4-84f4658446ab,2,2124 2299
shop_type2item,45c1c6ff-b658-9ed5-5395-66d1ce58cf93,2,2124 2299
shop_type2item,45cacc1b-dc58-a1c0-9873-d954e7cf3ebc,2,2124 2299
shop_type2item,45d503dc-ac4b-62c9-5994-c09288667dbf,2,2124 2299
shop_type2item,45e0477d-d891-810f-6783-265ba406beb5,2,2124 2299
shop_type2item,45e0883f-b164-edce-8f8a-4df43039759d,2,2124 2299
shop_type2item,45e17389-6776-749b-838a-cd7229935fbb,2,2124 2299
shop_type2item,45e28f40-6882-6a01-e281-25733f761f9f,2,2124 2299
shop_type2item,45e290d0-92ed-2895-c1bb-7115baf54992,2,2124 2299
shop_type2item,45e2b460-dbd4-4bf4-3643-33c2648d60bc,2,2124 2299
shop_type2item,45e3d8ac-5d54-0a39-8ec4-a321fc136991,2,2124 2299
shop_type2item,45edc80c-1b34-a0f5-001c-a08a1fe632a6,2,2124 2299
shop_type2item,45ee23f0-9bbf-c895-f490-906644ac08b3,2,2124 2299
shop_type2item,45f6875b-1c46-c12e-5e3a-deb4bbfaceab,2,2124 2299
shop_type2item,45f87e26-cda3-9d99-4591-a7f7e6968f92,2,2124 2299
shop_type2item,45f96751-8f3b-09dd-a06d-d75bb80e8e9c,2,2124 2299
shop_type2item,45ff98b0-d684-5f01-5a6f-679d2e8b5696,2,2124 2299
shop_type2item,45ff9e32-ee90-4051-f963-1058dd4360a4,2,2124 2299
shop_type2item,4608470b-b576-bff5-6777-c5bb7c9a8aa6,2,2124 2299
shop_type2item,460fef47-6ee2-1f6e-3e86-8c88da1a0c95,2,2124 2299
shop_type2item,4614fd41-bf3e-99bb-8b46-cf7ed8754cb1,2,2124 2299
shop_type2item,4621b468-38bc-79ed-f0ce-9219543d7fa9,2,2124 2299
shop_type2item,4638d719-74df-29ba-2bea-99f46ff9e1a7,2,2124 2299
shop_type2item,46425a75-bfd9-1824-6cf9-d87632030d88,2,2124 2299
shop_type2item,464a913e-9b03-ae4e-3561-89a1b2d9ac98,2,2124 2299
shop_type2item,464ae38b-89f3-57f0-760d-7a1b7458d5bc,2,2124 2299
shop_type2item,464c250d-7e30-e71e-85cd-37a67b9641a7,2,2124 2299
shop_type2item,464ec169-a1a7-851c-c7d6-b2654dc78c92,2,2124 2299
shop_type2item,4659edf0-7122-577c-effd-5e03afac77bf,2,2124 2299
shop_type2item,465d76a9-1d09-8b19-8b7e-20a57e7e5495,2,2124 2299
shop_type2item,4662e866-6a82-eb4b-ed98-26213ca118a8,2,2124 2299
shop_type2item,46798a36-0e40-4822-ec6e-bf682955b0b4,2,2124 2299
shop_type2item,4682ef21-53b0-55af-1017-588fe6af429e,2,2124 2299
shop_type2item,46857626-d7c9-985d-4acc-a6ad9a79afa2,2,2124 2299
shop_type2item,46898847-2ffc-dcda-890e-8027524c2f91,2,2124 2299
shop_type2item,4692f1e5-e4bc-c8af-1b0b-1da823ec1db9,2,2124 2299
shop_type2item,46a124e4-481c-5880-d187-573c1d8a57b9,2,2124 2299
shop_type2item,46a85760-7d6d-2dae-2634-a8db495e29b9,2,2124 2299
shop_type2item,46aebc93-ea64-820e-27a7-8ff4a286fa91,2,2124 2299
shop_type2item,46b1fa29-8a71-e06d-c1f0-499fc1ad86b9,2,2124 2299
shop_type2item,46bdb7af-8fb4-9eda-1c46-f135bb47ca82,2,2124 2299
shop_type2item,46f0f01a-ec0e-82af-8947-fc15bcf1df82,2,2124 2299
shop_type2item,46f4ab47-ff0a-a617-7b7b-b3203a7ed7a5,2,2124 2299
shop_type2item,46f60a88-47c9-9fa9-e55b-58553a841592,2,1380 2299
shop_type2item,4700eb58-fa98-fb17-dcd2-34d12cd4febf,2,2124 2299
shop_type2item,4706bb3a-d722-2c20-a6e1-b4d4b6bbc18c,2,2124 2299
shop_type2item,4715c753-bafa-df3e-d3a6-c3fcd5d76f8c,2,2124 2299
shop_type2item,473110cf-b888-a84b-7c65-e5b1beab47ac,2,2124 2299
shop_type2item,475642da-17e6-c06e-b035-2b1ab31cbb8f,2,2124 2299
shop_type2item,475a8c7a-1162-6641-efe5-b8a401e72c8f,2,2124 2299
shop_type2item,4765b22e-ac12-f985-ebfe-19f9c7e37481,2,2124 2299
shop_type2item,4769ab73-cf6a-ce13-d43a-c549a39980b6,2,2124 2299
shop_type2item,4785f1fa-6299-4972-9c4a-e7c848909599,2,2124 2299
shop_type2item,4793c108-a30d-641a-71da-efc58a24bf9e,2,2124 2299
shop_type2item,4798e8f3-ebcf-a330-1b0b-af27a88897a8,2,2124 2299
shop_type2item,47a86203-78c8-463a-6ce6-4b22754786ba,2,2124 2299
shop_type2item,47ab3f62-3c4b-c898-8825-f1359541fa85,2,2124 2299
shop_type2item,47aedf46-0047-053a-28f0-03e51a9f0baf,2,2124 2299
shop_type2item,47af49ef-bdd7-2e07-2fc8-d53b6b4faea9,2,2124 2299
shop_type2item,47b8a5a6-0912-c070-49b9-d126e8c55bbd,2,2124 2299
shop_type2item,47c7f6cf-2f8b-9591-3825-c805205e71ac,2,2124 2299
shop_type2item,47d11f76-1007-00c0-1c63-cfb2b02b0c80,2,2124 2299
shop_type2item,47f14e4b-26fc-207e-e891-c84ea2c85797,2,2124 2299
shop_type2item,47fd7eb2-de81-37fc-0ca2-772fd3c54baa,2,2124 2299
shop_type2item,480b95cf-9c92-3b6f-df51-1e9a84701f8b,2,2124 2299
shop_type2item,48146a0b-3476-c43f-63a0-5d9bf1ec1985,2,2124 2299
shop_type2item,48146c21-3bc0-fc8c-24b3-cd0f0427dc8c,2,2124 2299
shop_type2item,481b929a-0e8e-05da-54c5-2939bd72e594,2,2124 2299
shop_type2item,481e7576-a6ee-4732-ba2f-98b88b430c41,2,2124 2299
shop_type2item,4824d5d0-8f58-c48e-5e80-34a1ce9795a6,2,2124 2299
shop_type2item,4838fa1c-da32-9c55-b20b-d4b17b70ecac,2,2124 2299
shop_type2item,48399982-a538-e6c9-78c0-2cf1df976cad,2,2124 2299
shop_type2item,4841e3ab-ec02-2953-6d7a-931f132459b5,2,2124 2299
shop_type2item,4854fc59-9c4a-c3b4-21d3-f7f21bb97a85,2,2124 2299
shop_type2item,48641946-e22a-7925-8120-9f8825df12ac,2,2124 2299
shop_type2item,4865e91b-5644-2109-a0b2-539793a6fca6,2,2124 2299
shop_type2item,486c1cda-e1ec-5d01-b1f1-1540d0863c9e,2,2124 2299
shop_type2item,486d7cf9-9e4e-d88e-40da-bae153f2a3b5,2,2124 2299
shop_type2item,486dd691-8359-fa6b-65bb-3d90424232bf,2,2124 2299
shop_type2item,486fb98b-9cbe-79dd-314a-ac379dfc96b3,2,2124 2299
shop_type2item,4876ade8-6f08-20e8-8068-6298fa329988,2,2124 2299
shop_type2item,487ff48f-5ecc-86f9-fb0f-cbbb2c9b6788,2,2124 2299
shop_type2item,488d9792-0dbf-41dc-a320-753d94d1f1b6,2,2124 2299
shop_type2item,4897be0e-7054-cc15-f8a5-bc05bde0b6bd,2,2124 2299
shop_type2item,48a827cd-c6ea-4976-9561-327a122326b7,2,2124 2299
shop_type2item,48aa8949-fd2a-39af-8a69-0d81290f42ae,2,2124 2299
shop_type2item,48b9f3f2-8cca-5a8d-a588-8b1198380d89,2,2124 2299
shop_type2item,48c1161d-7bdf-52ff-75a5-3c210060ae8a,2,2124 2299
shop_type2item,48cb2661-3c3a-99bc-b09b-3b6a79c9f5a9,2,2124 2299
shop_type2item,48d624ae-0149-0854-2c41-82dba1f99088,2,2124 2299
shop_type2item,48d88e9a-72b8-b605-0fe8-be6c62e5d58c,2,2124 2299
shop_type2item,48dafad3-3606-b7e8-d1dc-ebc1de6b99bd,2,2124 2299
shop_type2item,48f4d62f-f2d7-c064-be4b-450aeea1f39a,2,2124 2299
shop_type2item,48f6cde5-a747-dbee-2af1-9fae418ef68b,2,2124 2299
shop_type2item,4901d670-706e-e710-a3ce-4b2d4a1116ad,2,2124 2299
shop_type2item,4903be20-7d0c-ca13-5a9b-4ab2fd5a10bd,2,2124 2299
shop_type2item,490695a0-15ef-3a8e-7c1c-facfab40148a,2,2124 2299
shop_type2item,490d57d4-3e96-3a75-96ca-54cb52c6f6ab,2,2124 2299
shop_type2item,49160240-18dd-dc84-66fe-2ed005eba1b9,2,2124 2299
shop_type2item,491a1973-e6d2-e04d-f718-8f24db2ec4bb,2,2124 2299
shop_type2item,491a93ae-fb02-b2fe-fa37-c87aa5f4c980,2,2124 2299
shop_type2item,491e4460-878a-20aa-3d69-5a9d88d75795,2,2124 2299
shop_type2item,4922e6f6-aeef-7ad2-24cd-348a6801ad9c,2,2124 2299
shop_type2item,4942b812-d8e5-98c9-912d-0af78e3264a3,2,2124 2299
shop_type2item,495e7020-24d1-6001-d660-33120f250ab2,2,2124 2299
shop_type2item,495fc236-eb42-596a-09a6-1c58eb51a384,2,2124 2299
shop_type2item,4962e864-5964-aecf-7a62-6e117b96ec99,2,2124 2299
shop_type2item,4964faf4-b122-9856-e3d4-7e026ce4a0a7,2,2124 2299
shop_type2item,496651b7-ddcb-2f4e-1774-3c37fab166a7,2,2124 2299
shop_type2item,49692af5-b44e-f166-b6cf-27bf9874bcac,2,2124 2299
shop_type2item,496a8268-aacd-4f85-0050-b6403bc8d399,2,2124 2299
shop_type2item,496cad42-be32-9556-9dc2-137b629c1191,2,2124 2299
shop_type2item,49702364-128c-d061-ce8e-26df44b823a3,2,2124 2299
shop_type2item,497b2695-4c3a-eb06-bf4c-dd2f07d27c9c,2,2124 2299
shop_type2item,498ca985-c074-886b-af88-aec5b12dc7ad,2,2124 2299
shop_type2item,498d3f6d-49a2-6f80-e1ae-d07cd1d4d08f,2,2124 2299
shop_type2item,498d77ab-14ce-90dd-b8c0-d955dc8aebbb,2,2124 2299
shop_type2item,498db788-9972-d973-caa5-6460bd3294af,2,2124 2299
shop_type2item,499f8ebf-cdb7-e65f-33c5-a2818b40a5b4,2,2124 2299
shop_type2item,49a405c2-4cb7-997d-9ebf-e13b0a9325be,2,2124 2299
shop_type2item,49a720d9-cbe8-b771-f174-9c6f463645a6,2,2124 2299
shop_type2item,49a80640-63aa-00ee-3699-3a4939f45283,2,2124 2299
shop_type2item,49bccc9b-8290-8958-5df2-471f9db9b784,2,2124 2299
shop_type2item,49ca1a1b-be96-f994-be7f-2adaa73d37b8,2,2124 2299
shop_type2item,49cbb237-9280-ba16-cfe4-3d05bacb85a3,2,2124 2299
shop_type2item,49d89f9b-31a9-1b5d-a389-7e7545fa4590,2,2124 2299
shop_type2item,49d8e1c5-1c6a-a388-173d-a207d94c78a1,2,2124 2299
shop_type2item,49ed390f-1d7d-50d8-83d8-62a35b054bbd,2,2124 2299
shop_type2item,49f22875-6f21-0d2c-fc78-11fa556779b4,2,2124 2299
shop_type2item,49f7df26-ca65-1fdf-f7b7-afd6df894196,2,2124 2299
shop_type2item,4a0742c5-ec0d-b5d5-dadc-b5e9776e22bb,2,2124 2299
shop_type2item,4a0b54a0-f893-122d-5171-74ac68e933ad,2,2124 2299
shop_type2item,4a15b1e2-c083-7bad-6fdc-8b2548241c80,2,2124 2299
shop_type2item,4a16b1e8-f30f-eea1-4329-aa3030891bbb,2,2124 2299
shop_type2item,4a22fe68-b9c5-7b04-ee81-23613de682b6,2,2124 2299
shop_type2item,4a23a37a-2f0c-c389-edab-7ccd673385b3,2,2124 2299
shop_type2item,4a2e6701-7c43-b97a-0823-6e22ea1d8fb3,2,2124 2299
shop_type2item,4a444ba6-19ca-c4d4-114b-b922f88148b3,2,2124 2299
shop_type2item,4a44b8d0-a562-3f6d-6ba4-defe8183a092,2,2124 2299
shop_type2item,4a4d56b4-8c9c-7840-6398-dbfe8132d78b,2,2124 2299
shop_type2item,4a5b1f83-07dc-3530-3831-e110aed5ffb7,2,2124 2299
shop_type2item,4a5ec182-a249-b5d8-9975-b8fa57d5ae9f,2,2124 2299
shop_type2item,4a60cbcc-9de1-055d-e37c-0856d8897482,2,2124 2299
shop_type2item,4a6461df-8b4f-0ad7-d6db-551c2c45aca7,2,2124 2299
shop_type2item,4a74e308-fce9-7823-3248-2b4234a286b4,2,2124 2299
shop_type2item,4a7dd6db-46c4-2cf0-9701-df09daf459ab,2,2124 2299
shop_type2item,4a7fff4d-37d9-74a6-7d7a-8e237b32069b,2,2124 2299
shop_type2item,4a8c97cb-9312-333e-2384-6a2a12aba398,2,2124 2299
shop_type2item,4a946556-ee8b-ed84-ecf1-f848601cf486,2,2124 2299
shop_type2item,4a9b335a-6341-d053-fe8e-13f6f0d67297,2,2124 2299
shop_type2item,4a9c8bc3-759d-f9a4-87f8-77cd31481e9b,2,2124 2299
shop_type2item,4aa23d07-ef96-e285-2cec-c7eb93ec4999,2,2124 2299
shop_type2item,4ab733db-71b5-d2da-4c84-1d50ca7b6aa0,2,2124 2299
shop_type2item,4ab8c97d-6977-4b6c-4d66-86b471549483,2,2124 2299
shop_type2item,4ac3347e-a93a-4cc0-9ba5-add86391bc12,2,2124 2299
shop_type2item,4ad02fe1-d15c-db1f-1981-59ac21854e9c,2,2124 2299
shop_type2item,4ad2be1f-6a3d-4b3d-b513-4a7b685f2877,2,1062 2124
shop_type2item,4ae8ddd0-e4d5-dde8-4f53-65f7ed8e12b7,2,2124 2299
shop_type2item,4af19514-66e8-1a2b-67d5-6528225681b4,2,2124 2299
shop_type2item,4af53552-ba45-84fc-7dea-aabc594a55a0,2,2124 2299
shop_type2item,4af7b975-1042-f94c-9eb8-4a6adc4e19a4,2,2124 2299
shop_type2item,4af8b24b-892b-02cd-beb9-4873a70c86b5,2,2124 2299
shop_type2item,4afaf60a-6e69-808f-3ba2-1c946008a89b,2,2124 2299
shop_type2item,4b0a4413-cde5-2f32-f704-0554534b3cb3,2,2124 2299
shop_type2item,4b0bdc51-a989-db25-bccb-9fe09655a8b0,2,2124 2299
shop_type2item,4b1d6789-532c-97dd-48e0-51f2d0bd5db9,2,2124 2299
shop_type2item,4b1ddc3c-954f-da6d-4947-81621d77119e,2,2124 2299
shop_type2item,4b31fbf6-01d3-fb06-a1d9-f284ab277ca0,2,2124 2299
shop_type2item,4b3dae7a-eb8a-c312-3afe-b5e0db85d7b2,2,2124 2299
shop_type2item,4b46c1f6-e72f-f6dd-e98c-491a6702c3b3,2,2124 2299
shop_type2item,4b50992e-c69e-37da-366e-dc0c804536ac,2,2124 2299
shop_type2item,4b808fa2-b621-57b3-e973-b695ce96e9b2,2,2124 2299
shop_type2item,4b82dda9-7cfe-4c26-01c7-c1322b7fc8b4,2,2124 2299
shop_type2item,4b858ce9-030d-b78a-e138-a29d53466ba4,2,2124 2299
shop_type2item,4b92491f-060f-d00d-642c-c7b5f9807aaf,2,2124 2299
shop_type2item,4b97e0ac-2280-9ddf-7f17-336f82327f9d,2,2124 2299
shop_type2item,4bb8c21f-fe2d-92f5-cf1f-7d2c809fb580,2,2124 2299
shop_type2item,4bc9a38b-a310-3ca7-cfa5-6eed1259ad86,2,2124 2299
shop_type2item,4bcb4913-408e-a9bc-ead2-b294248a5e90,2,2124 2299
shop_type2item,4bdc6232-47e7-e675-3730-5d218359e3ac,2,2124 2299
shop_type2item,4bdfe759-8f53-2b2e-1567-cb1e6af469ad,2,2124 2299
shop_type2item,4be31ff9-55ce-a5d8-0726-3e99ed54168f,2,2124 2299
shop_type2item,4bedf5a4-f1c6-cf51-f99f-7fbbe1e89792,2,2124 2299
shop_type2item,4bf89a4d-b596-1c22-b2fd-ed420433f887,2,2124 2299
shop_type2item,4bf98be0-1893-bb82-3ddb-5dd35b0f84b1,2,2124 2299
shop_type2item,4bffbc58-792a-e84d-1665-797d31cbc486,2,2124 2299
shop_type2item,4c002997-1eb6-e1fd-ef1d-56bbc23b3b92,2,2124 2299
shop_type2item,4c0874f3-67f9-4e5f-ad53-9ed29156acd5,2,2124 2299
shop_type2item,4c159c35-5ccd-9eed-4b5b-85f24af989a6,2,2124 2299
shop_type2item,4c1ad4d4-f5f2-9b19-a470-14581138b9a9,2,2124 2299
shop_type2item,4c2bfcf7-b430-8b53-63ac-f7846cc4ad9b,2,2124 2299
shop_type2item,4c32b632-b5b4-2a87-31a4-6b88c87a1d97,2,2124 2299
shop_type2item,4c3ce212-fc6e-c14a-11e5-973ae0e749b8,2,2124 2299
shop_type2item,4c3fc7de-b235-099b-be1f-dff67ca952b6,2,2124 2299
shop_type2item,4c41350f-f3dc-8910-0e46-1f937e46d893,2,2124 2299
shop_type2item,4c5142bd-015f-e0a8-67a2-f8193bb7fb80,2,2124 2299
shop_type2item,4c5db521-d5cc-8cbc-5564-541e0de1e096,2,2124 2299
shop_type2item,4c6a0d58-e6c2-0b9c-3c89-5765c289479c,2,2124 2299
shop_type2item,4c6c8f11-7097-3ca1-3f20-4f1bbba1f68c,2,2124 2299
shop_type2item,4c71ff43-0696-66e4-71d9-45f30cf05392,2,2124 2299
shop_type2item,4c831cd1-9484-7eb7-8165-f441b38b439d,2,2124 2299
shop_type2item,4c8920a7-4745-0ec1-0c52-471aef7d8e9b,2,2124 2299
shop_type2item,4c8f4d4b-72d3-c337-ed0c-41225e7b2382,2,2124 2299
shop_type2item,4c98b6b4-9645-27f9-8b50-4bd4b63a09b4,2,2124 2299
shop_type2item,4c9c5c6b-f50b-d0f4-3037-24ef73f28482,2,2124 2299
shop_type2item,4c9cb8ed-e891-2b8b-7e06-c77a32ef2ca8,2,2124 2299
shop_type2item,4c9e2e36-d746-b6ca-fe1a-5405cd465895,2,2124 2299
shop_type2item,4cbcab6e-332c-535c-e8ed-860581ced9ad,2,2124 2299
shop_type2item,4cc0f5a0-1531-68a2-ff52-4d9234617db7,2,2124 2299
shop_type2item,4cc65a8a-3d0b-4a3b-bc3a-763027c4329c,2,2124 2299
shop_type2item,4cd854dd-7c7c-3050-27e4-8b67b1d1338c,2,2124 2299
shop_type2item,4cf10c00-5150-b4c2-7c56-ee25a5cd6b82,2,2124 2299
shop_type2item,4cf927fe-32a6-e48f-9b6c-d7cec8d4c3a1,2,2124 2299
shop_type2item,4d0691f6-632e-f5fd-0b5e-349509655698,2,2124 2299
shop_type2item,4d13e73c-ef64-612c-c5cd-6497041383b3,2,2124 2299
shop_type2item,4d171f84-c6d1-95ac-0dfe-9c3860bfa3a5,2,2124 2299
shop_type2item,4d1ad34a-88e0-ee56-8456-0c02eb26c4bd,2,2124 2299
shop_type2item,4d1e63d8-34c4-834c-4d7d-41084a2ff980,2,2124 2299
shop_type2item,4d253305-bc59-a0b0-1d6f-ff202e1aaf89,2,2124 2299
shop_type2item,4d30b28b-bebf-0d52-67b5-bf3387a38dbe,2,2124 2299
shop_type2item,4d3eb06c-581c-72a2-acf5-07c56cbb47b4,2,2124 2299
shop_type2item,4d3ef67e-9a67-38aa-c6f1-0285338aa583,2,2124 2299
shop_type2item,4d56566c-5d57-9795-ca45-139668a75195,2,2124 2299
shop_type2item,4d72afbc-18ac-6ef6-50f1-b9e1f6774b82,2,2124 2299
shop_type2item,4d757aeb-813b-1cf5-cfde-8b07a8294ca5,2,2124 2299
shop_type2item,4d82d77b-9543-5a5c-a3c7-e93e62ad20b5,2,2124 2299
shop_type2item,4d838e31-5767-b65f-eb5d-22bd4ac7eaad,2,2124 2299
shop_type2item,4d83cddb-a7ce-dfd5-d2d0-aa7454313f8d,2,2124 2299
shop_type2item,4d879617-b6f3-24c3-1dc5-dfc50ac4d09d,2,2124 2299
shop_type2item,4d8ce20d-2002-b4c5-596c-e3302a96299d,2,2124 2299
shop_type2item,4d9e61aa-3f90-4e5d-b836-f9e158196438,2,2124 2299
shop_type2item,4da15cb9-ab68-def0-f5c4-cb44e6c4a393,2,2124 2299
shop_type2item,4da1a54a-4d69-d13d-6b38-de37a88e14b3,2,2124 2299
shop_type2item,4da95ac5-3f08-e1a5-874f-c2f3885759b2,2,2124 2299
shop_type2item,4dac45fe-351a-3e5f-9c27-5c47ddc960ba,2,2124 2299
shop_type2item,4daf7e11-bd8a-5e7a-181d-37c790ba1c95,2,2124 2299
shop_type2item,4db5f5f4-b653-9e9d-0f04-dc7ed9e47fb0,2,2124 2299
shop_type2item,4dc120cc-1a9c-aaf4-939a-c843e2ea2394,2,2124 2299
shop_type2item,4dcb6884-0be0-ca1b-32e6-e20ccbc58c8f,2,2124 2299
shop_type2item,4dcb9bbd-ace9-131d-96ea-cd3964180185,2,2124 2299
shop_type2item,4dce971f-2d9d-ec8f-4f3e-568411de918e,2,2124 2299
shop_type2item,4dd34997-a8f3-9f9f-ddaa-ca0ca4b07c9f,2,2124 2299
shop_type2item,4dd7d65f-26ee-8189-d398-10ed812b6e98,2,2124 2299
shop_type2item,4ddf36d8-d7b7-0bfd-1e3e-ba55a5879caa,2,2124 2299
shop_type2item,4de13cf6-e7b7-c058-23e1-baf4717c4a8a,2,2124 2299
shop_type2item,4deb11fd-f319-17b9-8d46-27f7f3d7a7a3,2,2124 2299
shop_type2item,4e0fbb0b-70c0-1ae3-da9c-fc74e2512193,2,2124 2299
shop_type2item,4e204e92-7832-af18-73ff-71885ab02788,2,2124 2299
shop_type2item,4e217a75-42fb-aeef-8052-de015d81a895,2,1380 2299
shop_type2item,4e225489-88e6-cbbc-a13f-15c04e4a6a83,2,2124 2299
shop_type2item,4e3144b5-cf35-2142-1493-a0a75820e781,2,2124 2299
shop_type2item,4e392593-3a86-318b-65bc-05907a52fe8a,2,2124 2299
shop_type2item,4e4f2711-dc79-d2da-1377-719d6525b6b5,2,2124 2299
shop_type2item,4e6ec506-03c3-d8fd-e1ec-f6882ea314b4,2,2124 2299
shop_type2item,4e758a4d-1182-56e1-190f-658c91a45986,2,2124 2299
shop_type2item,4e75a619-e574-65af-b95f-6648c6db6295,2,2124 2299
shop_type2item,4e760438-c3b5-7acd-6329-55e19c4e8896,2,2124 2299
shop_type2item,4e874d43-cf70-1d41-7510-296b8e2c839d,2,2124 2299
shop_type2item,4e969bae-648a-194c-5d9d-3e52a0225597,2,2124 2299
shop_type2item,4e992c69-fcd2-57a1-5be3-5c2e03fcc0ba,2,2124 2299
shop_type2item,4ea4d59c-20e0-fd17-3366-d4bb16f68385,2,2124 2299
shop_type2item,4eabe21e-e15e-34f8-f6a9-86059ba313a8,2,2124 2299
shop_type2item,4eaca32f-da3e-c71a-0934-061fcda24088,2,2124 2299
shop_type2item,4eb0f0ad-008d-8b4c-4ca7-6626eb428481,2,2124 2299
shop_type2item,4ebeeea1-87a2-cee7-1e24-9d003c1b0989,2,2124 2299
shop_type2item,4eee90c8-2406-357f-6d9f-8e8e4274b387,2,2124 2299
shop_type2item,4ef2fdb9-ad9d-012b-f526-92f78f8f6f91,2,2124 2299
shop_type2item,4ef4527a-cf8b-4103-a845-0b1f531c0848,2,2124 2299
shop_type2item,4efaa0ac-2c9d-3a7e-6529-e2b6b57bfc82,2,2124 2299
shop_type2item,4efb55de-6380-31fd-0e64-928f5486db90,2,2124 2299
shop_type2item,4eff8951-db9e-5710-48be-5c2a9445f4be,2,2124 2299
shop_type2item,4f07bb72-5fa2-8f1e-dd38-3cd78b4785a6,2,2124 2299
shop_type2item,4f0f5d0b-cccb-6888-8eab-46cb73688caf,2,2124 2299
shop_type2item,4f18383a-bbed-61d1-59ef-09da740aaaa0,2,2124 2299
shop_type2item,4f1da9ed-8bbb-af3d-18a5-98803ad18082,2,2124 2299
shop_type2item,4f1eeff7-c946-b7c2-6a04-a700844487b1,2,2124 2299
shop_type2item,4f210bf5-0eab-7d8f-1c3b-fbb4615a1dae,2,2124 2299
shop_type2item,4f24ba2e-3b5d-9e11-a55f-1861ef8b1098,2,2124 2299
shop_type2item,4f27f774-be02-ea89-51d6-ad7ac35587a2,2,651 1563
shop_type2item,4f3d01fd-44e0-8a52-8a6a-f1a0aadc3e8a,2,2124 2299
shop_type2item,4f4a20ad-4510-8df6-782a-e96c4aabd7b0,2,2124 2299
shop_type2item,4f4e5326-5e10-5a3e-bf80-e38e381c19a2,2,2124 2299
shop_type2item,4f564b29-350f-df8b-dc0b-9f4bf1d75c9c,2,2124 2299
shop_type2item,4f56d88a-c1d6-6213-36c8-b44bb552b782,2,2124 2299
shop_type2item,4f7541b9-7854-2e70-27e0-89029dda2782,2,2124 2299
shop_type2item,4f7a8fa9-6701-df14-8a95-1166c9de20a3,2,2124 2299
shop_type2item,4f8ccd8a-fa24-eac9-74e9-4c603ffed1ac,2,2124 2299
shop_type2item,4f8dc7eb-f1c4-f01a-dc3e-170d4288cd9d,2,2124 2299
shop_type2item,4f953795-b11c-9a8a-c373-97c249e853ad,2,2124 2299
shop_type2item,4fabc3bf-94c7-c7af-f403-0c1632091ea1,2,2124 2299
shop_type2item,4facd4ae-32a6-2a57-6ec2-cad139af6e82,2,2124 2299
shop_type2item,4fb18a35-7abd-d93d-ac7e-c5a1d6bf809f,2,2124 2299
shop_type2item,4fb99cfb-d97f-3638-5f1f-cadc7cef0db6,2,2124 2299
shop_type2item,4fbc8b16-6e58-af4e-8b95-59963da5ef96,2,2124 2299
shop_type2item,4fc0012d-c8dd-cb42-28a6-f6acb6f64b83,2,2124 2299
shop_type2item,4fc17391-b9ec-aedc-997e-0e0b9e094898,2,2124 2299
shop_type2item,4fc634a9-798c-d6ab-6db1-c586e55d468a,2,2124 2299
shop_type2item,4fd0a36f-ea8f-4968-a225-1d3aab3447b4,2,2124 2299
shop_type2item,4fd563e5-a44a-4a6e-958d-95bcb196814a,2,2124 2299
shop_type2item,4fe5d61e-dc96-685e-4e5f-6c86a42fb0b1,2,2124 2299
shop_type2item,4fec4b5d-a1f3-2664-de46-08b3ce64299d,2,2124 2299
shop_type2item,4fed49d1-4203-c258-12ea-a1630dd6979b,2,2124 2299
shop_type2item,50ef44b2-73f9-412f-bb4b-29047887a11b,2,2124 2299
shop_type2item,5348397f-9c7b-4638-8651-8f0764bb31af,2,2124 2299
shop_type2item,539f94d5-d9b4-4e0b-a0b1-8403d27d96ff,2,2124 2299
shop_type2item,53dffc64-bf9c-4a28-af02-a2ec9705d4a7,2,2124 2299
shop_type2item,567fc1b1-1424-4784-9da8-5104e2e7354d,2,2124 2299
shop_type2item,57ace80d-3683-486a-93b1-1bbe4c21e598,2,2124 2299
shop_type2item,5878eeed-a6b6-481c-ac10-9e7cd5958988,2,2124 2299
shop_type2item,58ef3e13-d40f-4b25-b4bc-3b06df0f2578,2,2124 2299
shop_type2item,5b7ed53e-3554-47c7-817b-b971a2d99713,2,2124 2299
shop_type2item,5c17d1d9-70ec-49d9-9b05-ae23247c045f,2,2124 2299
shop_type2item,5c430200-dd37-408b-9b41-27684dac6d30,2,2124 2299
shop_type2item,5e2ba1cd-4a42-407c-9261-8afdbc3e86b4,2,2124 2299
shop_type2item,60734204-5a17-47cc-8fa2-9e8dfdf4ed62,2,2124 2299
shop_type2item,6096a15f-3d8a-496d-a24c-4776c10189d7,2,2124 2299
shop_type2item,6568088a-98b6-4353-81d1-31bd2662a545,2,2124 2299
shop_type2item,65eb17e8-29e4-435f-98b1-74f577fe764c,2,2124 2299
shop_type2item,662a3ac5-5883-4b7d-bd84-173eaa136a73,2,2124 2299
shop_type2item,6aeb1531-369e-47cc-ad6c-f78df1c37d13,2,2124 2299
shop_type2item,6b955a9b-d8de-492c-a53e-a052fab4ff0a,2,2124 2299
shop_type2item,6c2efaae-819d-4899-be2b-e4e6142047f7,2,2124 2299
shop_type2item,6c67d354-a472-442b-9d43-7ba805880aa6,2,2124 2299
shop_type2item,6de91117-0ce4-4a84-a903-3f0dcc1517a0,2,2124 2299
shop_type2item,6ec15d56-4f77-4751-af72-e6225f825ae8,2,2124 2299
shop_type2item,710e3706-8974-404b-b23a-6f51670ef1ed,2,2124 2299
shop_type2item,7259b9bc-dfae-487e-a8bb-c1f500894e0c,2,2124 2299
shop_type2item,73ff1fde-ec8b-41e9-95e3-b5938c715bf1,2,2124 2299
shop_type2item,772c5d38-66b3-43f7-9757-5f10439aee97,2,2124 2299
shop_type2item,788c57a8-ae7a-43a7-8236-07fec193531c,2,2124 2299
shop_type2item,791ca878-59c2-455f-a3d1-c12bafa0e74f,2,2124 2299
shop_type2item,7d102b4d-52ae-4abb-84ca-e976c2ccf8ef,2,2124 2299
shop_type2item,7da04bba-0564-42da-bcf1-9a2fc5faf025,2,2124 2299
shop_type2item,7fc2317f-6237-4423-82d2-8c809f651e85,2,2124 2299
shop_type2item,802507e9-d620-47b5-ae66-08fcc314e26a,2,2124 2299
shop_type2item,80425345-1243-4bc2-b3bf-40ebff4a7fba,2,2124 2299
shop_type2item,80a90ce0-50f5-4273-8f3e-562f0965f30b,2,2124 2299
shop_type2item,823df2a1-bd59-4820-ab53-35e23c46149c,2,2124 2299
shop_type2item,850d28d9-9d0a-4b2e-9feb-e6c48c5f1aad,2,2124 2299
shop_type2item,85310d06-2845-46ee-be8f-295503b35035,2,2124 2299
shop_type2item,85b71c81-e087-47f1-a290-bb80ed1bfaf2,2,2124 2299
shop_type2item,8b713d0c-9a04-4354-a53f-ffd384057fa6,2,2124 2299
shop_type2item,8fb1de6d-2985-45ea-ae9c-007540b4f37e,2,2124 2299
shop_type2item,92c829ca-41f6-40a7-b8d9-aac5159c7a89,2,2124 2299
shop_type2item,931be8b2-e9e7-48f8-84f9-54f438d19cc4,2,2124 2299
shop_type2item,937c90ad-fdee-45ff-a712-6fae845a5210,2,2124 2299
shop_type2item,965cc83a-1d34-416f-aabd-c4a461a6e583,2,2124 2299
shop_type2item,9b771c16-c0b1-438c-aeda-8c4d3ce28465,2,2124 2299
shop_type2item,9c4ce06f-1817-4a60-8203-edab578cfefa,2,1062 2124
shop_type2item,9d2561cc-892f-4527-94cc-4fa607102949,2,2124 2299
shop_type2item,9f754566-7fb2-47e1-951b-22c27debb3c8,2,2124 2299
shop_type2item,9f7a0c0a-6458-4622-9cc5-2f4dd4898b50,2,2124 2299
shop_type2item,9fb601d5-486c-4082-93cc-6356b0771b05,2,2124 2299
shop_type2item,a11cc7f6-b499-4003-aef1-938e87b30a2e,2,2124 2299
shop_type2item,a1ba1e1d-a9dd-4b31-b518-184070831576,2,2124 2299
shop_type2item,a314b580-bc97-4802-ae1f-8f4803e34503,2,2124 2299
shop_type2item,a364b800-c1ca-4bd1-92cb-ae1689bfa7ea,2,2124 2299
shop_type2item,a415c3a7-82f0-4a73-925a-bb2c1674955f,2,2124 2299
shop_type2item,a5b31bbc-1e11-4831-835b-c06d5b13a7da,2,2124 2299
shop_type2item,aa8ebb16-e117-46ae-8c85-5c53ceb79394,2,2124 2299
shop_type2item,ab25a50a-7836-47a9-acb2-5fd93684b8c5,2,2124 2299
shop_type2item,ad443031-370e-4a63-ba12-ee3fc4c338a8,2,2124 2299
shop_type2item,ad6f0f01-aec4-44d1-982c-1210eb01b74a,2,2124 2299
shop_type2item,af6f2946-ce54-4e38-9b2b-5ab95d5c4777,2,2124 2299
shop_type2item,b063cb37-8f17-49b9-88f8-04111fc81838,2,2124 2299
shop_type2item,b173f48f-6f4f-42eb-a119-37d2402e74f0,2,2124 2299
shop_type2item,b2060613-a29d-457f-bec0-b95991b4143b,2,1062 2124
shop_type2item,b38c34b7-6016-4f64-9ba2-65e1ce31d4a1,2,2124 2299
shop_type2item,b3fea5de-4ef1-4bcd-9836-7b3c7765ffbb,2,2124 2299
shop_type2item,b61b9315-d9b4-4a93-bcc0-3db9848886ab,2,2124 2299
shop_type2item,b97a2084-a5ca-4d16-ab58-e4665afe212f,2,2124 2299
shop_type2item,b9de1d84-a0c1-4b81-9f60-8d7fbb3cb9d4,2,2124 2299
shop_type2item,bd0beb13-9c64-40fb-988c-ed1f0a122b14,2,2124 2299
shop_type2item,bf7b7c2a-017b-4c7b-b9aa-0c4e29ce5913,2,2124 2299
shop_type2item,c2d79308-ce89-41e4-b07c-8c00f4496370,2,2124 2299
shop_type2item,c316062a-5633-4e1e-bea3-f226717c0258,2,2124 2299
shop_type2item,c40dc516-9886-4245-8a8b-2cbb16da918d,2,2124 2299
shop_type2item,c49aa63a-07a6-4417-9f9b-97f2712a4cd0,2,2124 2299
shop_type2item,c6909d59-330f-4fd6-8dad-36b4bd73613a,2,2124 2299
shop_type2item,c707733a-c0a7-4f02-b684-9392b0b15b83,2,2124 2299
shop_type2item,cda856d8-9ee4-4f61-b2c7-eace8e082d62,2,2124 2299
shop_type2item,cea13fef-025c-47bb-b148-9783b9951acc,2,2124 2299
shop_type2item,cfa7a763-493e-41a7-98e8-7bd54bba4649,2,2124 2299
shop_type2item,d14a845b-3787-4172-9fe4-f4dfcd6ac0ec,2,2124 2299
shop_type2item,d41af9ba-400f-49ae-91fa-38c7da4b815b,2,2124 2299
shop_type2item,d837e829-d706-4db8-8e3d-e70a16882c96,2,2124 2299
shop_type2item,db35e15d-ccc0-4c59-b76e-f7d6be6939f2,2,2124 2299
shop_type2item,de134f81-cfbe-422d-9105-df3e0b3b59b5,2,2124 2299
shop_type2item,dfea5d01-b25c-414a-9ab4-6911a5f82118,2,2124 2299
shop_type2item,e16b0af6-fb6a-43e2-9a9c-1b8c227e64b8,2,2124 2299
shop_type2item,e38a3c49-811b-4ff2-80d6-fc4d49d89ba5,2,2124 2299
shop_type2item,e5ab81a9-d02e-4361-acf5-ac755df7f2dc,2,2124 2299
shop_type2item,e5b3f681-3714-4623-97be-4015fa454797,2,2124 2299
shop_type2item,e5dfafd0-f45b-4b79-9e5d-b95d545a85f8,2,2124 2299
shop_type2item,eca88106-4bab-4419-8772-4450739c193c,2,2124 2299
shop_type2item,ede33ca4-a8f8-4bdb-881b-4eeb88c1c826,2,2124 2299
shop_type2item,f1309a89-045f-44ae-a4d9-c997b892a162,2,2124 2299
shop_type2item,f7359b93-8312-4f13-8c51-ddb671a9edff,2,2124 2299
shop_type2item,f961d38d-12e6-430c-92d5-d7e7e45a87e9,2,2124 2299
shop_type2item,fd6cceee-06d0-4a0b-a0f6-c52d0afd5481,2,2124 2299
shop_type2item,ff2b21b8-c613-45ff-89c6-8a347cf37ff6,2,2124 2299
skill,25,2,85 2299
skill,5,2,85 2299
skill,6,2,85 2299
skill,8,2,85 2299
sleeping_spot_type,0,2,480 1424
sleeping_spot_type,1,2,480 1424
sleeping_spot_type,2,2,480 1424
sleeping_spot_type,3,2,480 1424
sleeping_spot_type,4,2,480 1424
social_class,0/1,2,651 2179
social_class,14/1,2,651 2179
social_class,3/1,2,651 2179
social_class,33/2,2,651 2179
social_class,38/3,2,651 2179
social_class,43/3,2,651 2179
social_class,47/1,2,651 2179
social_class,57/2,2,651 2179
social_class,6/1,2,651 2179
social_class,61/3,2,651 2179
social_class,7/1,2,651 2179
social_class,78/1,2,651 2179
soul_archetype,2/0/1,2,883 2179
weapon,00000000-0000-0000-0000-000000000005,2,1560 2299
weapon,03589a69-d3f4-403a-a389-ca021e7c8f40,2,1560 2299
weapon,0d03afe4-9785-44d2-88d2-2c870de8dbfa,2,1560 2299
weapon,17a1e69b-338c-4ca0-b614-57aaa7123cdc,2,2124 2299
weapon,26ddf0fa-c425-42a2-8879-fabaa66f414e,2,1560 2299
weapon,3846de6d-530b-4fcb-9d45-aac007498f04,2,1560 2299
weapon,419bd251-9da5-1971-10cd-8428a6bdcb91,2,1560 2299
weapon,4b67fe8b-3856-44e8-8811-3a529f89d54b,2,1560 2299
weapon,4cea28a0-0814-405a-bf24-4fd711f7eb63,2,1560 2299
weapon,5348397f-9c7b-4638-8651-8f0764bb31af,2,1560 2299
weapon,57ace80d-3683-486a-93b1-1bbe4c21e598,2,1560 2299
weapon,581f1eb0-7d42-4d6d-9609-9902d3690c07,2,1560 2299
weapon,6096a15f-3d8a-496d-a24c-4776c10189d7,2,1560 2299
weapon,6195801f-e7e4-429c-9db9-8b31a62126c8,2,1560 2299
weapon,65eb17e8-29e4-435f-98b1-74f577fe764c,2,1560 2299
weapon,67ef62fd-7d5a-4235-b68e-eede03cd9c99,2,1560 2299
weapon,6dda19ab-a26d-4585-9600-15942e16caeb,2,1560 2299
weapon,6e06e314-5cc0-41eb-a7b6-69896b121413,2,1560 2299
weapon,7d102b4d-52ae-4abb-84ca-e976c2ccf8ef,2,1560 2299
weapon,7dd6457a-2f2f-46c4-b7d3-26af463a0370,2,1560 2299
weapon,8468933a-7d6b-4cf9-92f0-af5874d40a9b,2,1560 2299
weapon,8f2764bc-e4e7-407a-b1ed-8ee221b2bb5d,2,1560 2299
weapon,98851303-bf50-4a41-9aa7-aa33e025d0fb,2,1560 2299
weapon,a7d5c50c-de7d-4982-969e-33fcbccb749a,2,1560 2299
weapon,b11aeb90-5752-48a2-962e-af64fe618b4d,2,1560 2299
weapon,b3fea5de-4ef1-4bcd-9836-7b3c7765ffbb,2,1560 2299
weapon,b6ce8b62-9cab-428f-b1e8-0e12823f18c8,2,1560 2299
weapon,b741463f-fe65-430b-9082-13d1950a523d,2,1560 2299
weapon,c6909d59-330f-4fd6-8dad-36b4bd73613a,2,1560 2299
weapon,cfa7a763-493e-41a7-98e8-7bd54bba4649,2,1560 2299
weapon,ecae9bde-4b59-4ce2-8d3b-e718eb0f4c45,2,1560 2299
weapon,f07a9b9b-10b5-4662-8b2a-8e5cd34b04a3,2,1560 2299
weapon,f2c83abc-2252-49f6-bbb7-dc8bc02979b2,2,1560 2299
weapon,ff88dfd6-181a-4de0-b82a-ad8f1d649bc8,2,1560 2299
weapon2weapon_preset,d5e6764d-18ba-44cb-8dd0-6640a17785a8,2,2124 2299
weapon2weapon_preset,ec470e0c-5bbd-43bb-803e-0e7867253c25,2,2124 2340
weapon_class,/4/f8558fe2-f4cd-4899-932b-82e0e15fa964/3/3/-1/-1/18/9/2,2,2035 2049
