id,entry,file_in_mod,table,vanilla_table,style,rows,new,changed,same,dropped_vs_vanilla,changed_columns
85,Perkaholic 1.05-85-1-05.zip,Mods/perkaholic/Data/zzz_perkaholic.pak!Libs/Tables/rpg/buff.xml,buff,buff,exact,435,57,63,315,61,"buff_ai_tag_id,buff_class_id,buff_desc,buff_exclusivity_id,buff_lifetime_id,buff_name,buff_ui_name,buff_ui_order,buff_ui"
85,Perkaholic 1.05-85-1-05.zip,Mods/perkaholic/Data/zzz_perkaholic.pak!Libs/Tables/rpg/perk.xml,perk,perk,exact,541,56,4,481,66,"level,parent_id,perk_name,perk_ui_desc,perk_ui_name"
85,Perkaholic 1.05-85-1-05.zip,Mods/perkaholic/Data/zzz_perkaholic.pak!Libs/Tables/rpg/perk2perk_exclusivity.xml,perk2perk_exclusivity,perk2perk_exclusivity,exact,20,3,0,17,2,
85,Perkaholic 1.05-85-1-05.zip,Mods/perkaholic/Data/zzz_perkaholic.pak!Libs/Tables/rpg/perk_buff.xml,perk_buff,perk_buff,exact,171,55,0,116,22,
85,Perkaholic 1.05-85-1-05.zip,Mods/perkaholic/Data/zzz_perkaholic.pak!Libs/Tables/rpg/perk_buff_override.xml,perk_buff_override,perk_buff_override,exact,25,17,0,8,3,
85,Perkaholic 1.05-85-1-05.zip,Mods/perkaholic/Data/zzz_perkaholic.pak!Libs/Tables/rpg/skill.xml,skill,skill,exact,31,0,19,12,2,"hidden,induced_skill_id,skill_desc_nolevel"
284,NoMoSlowMo - Options-284-2-0b-1672359814.7z,NoMoSloMo - Options/LessAIMasterStrikes/Data/lessaimasterstrikes.pak!Libs/Tables/rpg/rpg_param__lessaimasterstrikes.xml,rpg_param__lessaimasterstrikes,rpg_param,ptf,1,0,1,0,181,rpg_param_value
284,NoMoSlowMo - Options-284-2-0b-1672359814.7z,NoMoSloMo - Options/NoAIMasterStrikes/Data/noaimasterstrikes.pak!Libs/Tables/rpg/rpg_param__noaimasterstrikes.xml,rpg_param__noaimasterstrikes,rpg_param,ptf,1,0,1,0,181,rpg_param_value
284,NoMoSlowMo - Options-284-2-0b-1672359814.7z,NoMoSloMo - Options/NoAIMasterStrikes/Data/Libs/Tables/rpg/rpg_param__noaimasterstrikes.xml,rpg_param__noaimasterstrikes,rpg_param,ptf,1,0,1,0,181,rpg_param_value
390,MGs Stay Clean Longer - Get Dirty Gradually 1.6-390-1-6-1707663382,Data/Libs/Tables/rpg/perk_rpg_param_override__StayCleanLongerGetDirtyGradually.xml,perk_rpg_param_override,perk_rpg_param_override,exact,1,0,1,0,24,rpg_param_value
390,MGs Stay Clean Longer - Get Dirty Gradually 1.6-390-1-6-1707663382,Data/Libs/Tables/rpg/rpg_param__StayCleanLongerGetDirtyGradually.xml,rpg_param,rpg_param,exact,1,1,0,0,182,
480,Bed Comfort Restored-480-1-0.zip,Data/Bed_Comfort.pak!Libs/Tables/rpg/sleeping_spot_type.xml,sleeping_spot_type,sleeping_spot_type,exact,5,0,5,0,0,sleeping_quality
651,Better Combat and Immersion Compilation-651-1-6-2-1641836099.zip,zzz_BetterCombatAndImmersionCompilation/Data/zzz_BCAIC_BetterCombat_MoreRealisticPerks_Regeneration_Digestion_CarryWeight_SellingPrices_DirtApplication.pak!Libs/Tables/combat/combat_action_perfect_block__BCAIC.xml,combat_action_perfect_block__bcaic,combat_action_perfect_block,ptf,90,88,0,2,354,
651,Better Combat and Immersion Compilation-651-1-6-2-1641836099.zip,zzz_BetterCombatAndImmersionCompilation/Data/zzz_BCAIC_BetterCombat_MoreRealisticPerks_Regeneration_Digestion_CarryWeight_SellingPrices_DirtApplication.pak!Libs/Tables/item/equippable_item__BCAIC.xml,equippable_item__bcaic,equippable_item,ptf,20,0,15,5,980,rpg_buff_weight
651,Better Combat and Immersion Compilation-651-1-6-2-1641836099.zip,zzz_BetterCombatAndImmersionCompilation/Data/zzz_BCAIC_BetterCombat_MoreRealisticPerks_Regeneration_Digestion_CarryWeight_SellingPrices_DirtApplication.pak!Libs/Tables/rpg/buff__BCAIC.xml,buff__bcaic,buff,ptf,23,0,23,0,416,"duration,params"
651,Better Combat and Immersion Compilation-651-1-6-2-1641836099.zip,zzz_BetterCombatAndImmersionCompilation/Data/zzz_BCAIC_BetterCombat_MoreRealisticPerks_Regeneration_Digestion_CarryWeight_SellingPrices_DirtApplication.pak!Libs/Tables/rpg/perk_rpg_param_override__BCAIC.xml,perk_rpg_param_override__bcaic,perk_rpg_param_override,ptf,11,0,11,0,14,rpg_param_value
651,Better Combat and Immersion Compilation-651-1-6-2-1641836099.zip,zzz_BetterCombatAndImmersionCompilation/Data/zzz_BCAIC_BetterCombat_MoreRealisticPerks_Regeneration_Digestion_CarryWeight_SellingPrices_DirtApplication.pak!Libs/Tables/rpg/rpg_param__BCAIC.xml,rpg_param__bcaic,rpg_param,ptf,30,16,14,0,168,rpg_param_value
651,Better Combat and Immersion Compilation-651-1-6-2-1641836099.zip,zzz_BetterCombatAndImmersionCompilation/Data/zzz_BCAIC_DynamicHoods_BetterBascinets.pak!Libs/Tables/item/armor__bcaic.xml,armor__bcaic,armor,ptf,17,0,17,0,779,"clothing2_id,clothing_id,max_status,slash_def,smash_def,stab_def"
651,Better Combat and Immersion Compilation-651-1-6-2-1641836099.zip,zzz_BetterCombatAndImmersionCompilation/Data/zzz_BCAIC_DynamicHoods_BetterBascinets.pak!Libs/Tables/item/clothing_preset__bcaic.xml,clothing_preset__bcaic,clothing_preset,ptf,57,0,57,0,1343,prefers_hood_on
651,Better Combat and Immersion Compilation-651-1-6-2-1641836099.zip,zzz_BetterCombatAndImmersionCompilation/Data/zzz_BCAIC_EqualBaseArmour.pak!Libs/Tables/rpg/soul_archetype__BCAIC.xml,soul_archetype__bcaic,soul_archetype,ptf,3,0,3,0,13,body_base_armor
651,Better Combat and Immersion Compilation-651-1-6-2-1641836099.zip,zzz_BetterCombatAndImmersionCompilation/Data/zzz_BCAIC_LessEffectivePots_LessAlcoholNourishment_LessAnimalMeat.pak!Libs/Tables/inventory/inventory_preset2item__BCAIC.xml,inventory_preset2item__bcaic,inventory_preset2item,ptf,32,0,10,22,640,"amount,amount_random_add"
651,Better Combat and Immersion Compilation-651-1-6-2-1641836099.zip,zzz_BetterCombatAndImmersionCompilation/Data/zzz_BCAIC_LessEffectivePots_LessAlcoholNourishment_LessAnimalMeat.pak!Libs/Tables/item/food__BCAIC.xml,food__bcaic,food,ptf,27,0,27,0,176,"decay_time_hours,nutrition_benefit,refresh_benefit"
651,Better Combat and Immersion Compilation-651-1-6-2-1641836099.zip,zzz_BetterCombatAndImmersionCompilation/Data/zzz_BCAIC_LessTatteredNPCAttire.pak!Libs/Tables/rpg/social_class__BCAIC.xml,social_class__bcaic,social_class,ptf,13,0,13,0,41,"preset_items_health_base,preset_items_health_random"
651,Better Combat and Immersion Compilation-651-1-6-2-1641836099.zip,zzz_BetterCombatAndImmersionCompilation/Data/zzz_BCAIC_OnlyInteractionHUD.pak!Libs/Tables/rpg/buff__BCAIC.xml,buff__bcaic,buff,ptf,116,0,116,0,323,"buff_ui_visibility_id,duration,params"
651,Better Combat and Immersion Compilation-651-1-6-2-1641836099.zip,zzz_BetterCombatAndImmersionCompilation/Data/zzz_BCAIC_PolearmsSoldAndUnlocked.pak!Libs/Tables/rpg/skill__BCAIC.xml,skill__bcaic,skill,ptf,1,0,1,0,32,hidden
651,Better Combat and Immersion Compilation-651-1-6-2-1641836099.zip,zzz_BetterCombatAndImmersionCompilation/Data/zzz_BCAIC_PolearmsSoldAndUnlocked.pak!Libs/Tables/shop/shop_type2item__BCAIC.xml,shop_type2item__bcaic,shop_type2item,ptf,32,32,0,0,719,
651,Better Combat and Immersion Compilation-651-1-6-2-1641836099.zip,zzz_BetterCombatAndImmersionCompilation/Data/zzz_BCAIC_RealisticGroschenWeight.pak!Libs/Tables/item/pickable_item__BCAIC.xml,pickable_item__bcaic,pickable_item,ptf,1,0,1,0,2209,weight
765,Poison Overhaul v1.2-765-1-2-1657391917.zip,PoisonOverhaul/Data/poisonoverhaul.pak!Libs/Tables/rpg/perk__poisonoverhaul.xml,perk,perk,exact,1,1,0,0,551,
765,Poison Overhaul v1.2-765-1-2-1657391917.zip,PoisonOverhaul/Data/poisonoverhaul.pak!Libs/Tables/rpg/perk_buff__poisonoverhaul.xml,perk_buff,perk_buff,exact,1,1,0,0,138,
765,Poison Overhaul v1.2-765-1-2-1657391917.zip,PoisonOverhaul/Data/poisonoverhaul.pak!Libs/Tables/rpg/buff__poisonoverhaul.xml,buff,buff,exact,10,1,9,0,430,"duration,params"
765,Poison Overhaul v1.2-765-1-2-1657391917.zip,PoisonOverhaul/Data/poisonoverhaul.pak!Libs/Tables/item/food__poisonoverhaul.xml,food,food,exact,4,0,3,1,198,"alcohol_content,health_benefit,nutrition_benefit,refresh_benefit"
770,Perkaholic 1.07-770-1-07-1561341650.zip,Perkaholic/Data/Perkaholic.pak!Libs/Tables/rpg/perk_buff_override.xml,perk_buff_override,perk_buff_override,exact,28,17,0,11,0,
770,Perkaholic 1.07-770-1-07-1561341650.zip,Perkaholic/Data/Perkaholic.pak!Libs/Tables/rpg/perk2perk_exclusivity.xml,perk2perk_exclusivity,perk2perk_exclusivity,exact,19,0,0,19,0,
770,Perkaholic 1.07-770-1-07-1561341650.zip,Perkaholic/Data/Perkaholic.pak!Libs/Tables/rpg/perk_buff.xml,perk_buff,perk_buff,exact,193,55,0,138,0,
770,Perkaholic 1.07-770-1-07-1561341650.zip,Perkaholic/Data/Perkaholic.pak!Libs/Tables/rpg/buff.xml,buff,buff,exact,495,56,1,438,0,params
770,Perkaholic 1.07-770-1-07-1561341650.zip,Perkaholic/Data/Perkaholic.pak!Libs/Tables/rpg/perk.xml,perk,perk,exact,607,56,1,550,0,"level,perk_name,perk_ui_desc,perk_ui_name"
802,Archer for 1.9-802-1-1563644280.7z,Archery 1.9/Data/Archery1.9.pak!Libs/Tables/rpg/rpg_param.xml,rpg_param,rpg_param,exact,191,9,1,181,0,rpg_param_value
804,Loose (An Archery Mod) V1.1-804-1-1-1565191248.7z,Loose_An_Archery_Mod_v1.1/Data/Loose_An_Archery_Mod.pak!Libs/Tables/rpg/rpg_param.xml,rpg_param,rpg_param,exact,191,9,2,180,0,rpg_param_value
883,Rebalancing 1.3-883-1-3-1593332571.7z,Tables.pak!Libs/Tables/action/actor_action_fragment_id_mapping.xml,actor_action_fragment_id_mapping,actor_action_fragment_id_mapping,exact,27,0,0,27,0,
883,Rebalancing 1.3-883-1-3-1593332571.7z,Tables.pak!Libs/Tables/action/actor_action_standup.xml,actor_action_standup,actor_action_standup,exact,52,0,0,52,0,
883,Rebalancing 1.3-883-1-3-1593332571.7z,Tables.pak!Libs/Tables/action/actor_action_transition_to_combat.xml,actor_action_transition_to_combat,actor_action_transition_to_combat,exact,8,0,0,8,0,
883,Rebalancing 1.3-883-1-3-1593332571.7z,Tables.pak!Libs/Tables/action/actor_action_type.xml,actor_action_type,actor_action_type,exact,29,0,0,29,0,
883,Rebalancing 1.3-883-1-3-1593332571.7z,Tables.pak!Libs/Tables/action/actor_action_type_group.xml,actor_action_type_group,actor_action_type_group,exact,16,0,0,16,0,
883,Rebalancing 1.3-883-1-3-1593332571.7z,Tables.pak!Libs/Tables/action/actor_activity.xml,actor_activity,actor_activity,exact,6,0,0,6,0,
883,Rebalancing 1.3-883-1-3-1593332571.7z,Tables.pak!Libs/Tables/action/actor_pose.xml,actor_pose,actor_pose,exact,4,0,0,4,0,
883,Rebalancing 1.3-883-1-3-1593332571.7z,Tables.pak!Libs/Tables/action/actor_side.xml,actor_side,actor_side,exact,2,0,0,2,0,
883,Rebalancing 1.3-883-1-3-1593332571.7z,Tables.pak!Libs/Tables/action/actor_tag_mapping.xml,actor_tag_mapping,actor_tag_mapping,exact,6,0,0,6,0,
883,Rebalancing 1.3-883-1-3-1593332571.7z,Tables.pak!Libs/Tables/action/dog_action.xml,dog_action,dog_action,exact,40,0,0,40,0,
883,Rebalancing 1.3-883-1-3-1593332571.7z,Tables.pak!Libs/Tables/ai/ai_body.xml,ai_body,ai_body,exact,4,0,0,4,0,
883,Rebalancing 1.3-883-1-3-1593332571.7z,Tables.pak!Libs/Tables/ai/ai_body2brain_sensor.xml,ai_body2brain_sensor,ai_body2brain_sensor,exact,2,0,0,2,0,
883,Rebalancing 1.3-883-1-3-1593332571.7z,Tables.pak!Libs/Tables/ai/ai_body2npc_reference_point.xml,ai_body2npc_reference_point,ai_body2npc_reference_point,exact,5,0,0,5,0,
883,Rebalancing 1.3-883-1-3-1593332571.7z,Tables.pak!Libs/Tables/ai/ai_percept_handler.xml,ai_percept_handler,ai_percept_handler,exact,1,0,0,1,0,
883,Rebalancing 1.3-883-1-3-1593332571.7z,Tables.pak!Libs/Tables/ai/ai_percept_handler_type.xml,ai_percept_handler_type,ai_percept_handler_type,exact,2,0,0,2,0,
883,Rebalancing 1.3-883-1-3-1593332571.7z,Tables.pak!Libs/Tables/ai/ai_variable_form.xml,ai_variable_form,ai_variable_form,exact,4,0,0,4,0,
883,Rebalancing 1.3-883-1-3-1593332571.7z,Tables.pak!Libs/Tables/ai/ai_variable_sync.xml,ai_variable_sync,ai_variable_sync,exact,4,0,0,4,0,
883,Rebalancing 1.3-883-1-3-1593332571.7z,Tables.pak!Libs/Tables/ai/brain.xml,brain,brain,exact,807,0,0,807,0,
883,Rebalancing 1.3-883-1-3-1593332571.7z,Tables.pak!Libs/Tables/ai/brain2brain_interpreter.xml,brain2brain_interpreter,brain2brain_interpreter,exact,1,0,0,1,0,
883,Rebalancing 1.3-883-1-3-1593332571.7z,Tables.pak!Libs/Tables/ai/brain2mailbox.xml,brain2mailbox,brain2mailbox,exact,1791,0,0,1791,0,
883,Rebalancing 1.3-883-1-3-1593332571.7z,Tables.pak!Libs/Tables/ai/brain2subbrain.xml,brain2subbrain,brain2subbrain,exact,806,0,0,806,0,
883,Rebalancing 1.3-883-1-3-1593332571.7z,Tables.pak!Libs/Tables/ai/brain_interpreter.xml,brain_interpreter,brain_interpreter,exact,1,0,0,1,0,
883,Rebalancing 1.3-883-1-3-1593332571.7z,Tables.pak!Libs/Tables/ai/brain_interpreter2brain_message_type.xml,brain_interpreter2brain_message_type,brain_interpreter2brain_message_type,exact,1,0,0,1,0,
883,Rebalancing 1.3-883-1-3-1593332571.7z,Tables.pak!Libs/Tables/ai/brain_interpreter_type.xml,brain_interpreter_type,brain_interpreter_type,exact,1,0,0,1,0,
883,Rebalancing 1.3-883-1-3-1593332571.7z,Tables.pak!Libs/Tables/ai/brain_message_type.xml,brain_message_type,brain_message_type,exact,2,0,0,2,0,
883,Rebalancing 1.3-883-1-3-1593332571.7z,Tables.pak!Libs/Tables/ai/brain_sensor.xml,brain_sensor,brain_sensor,exact,2,0,0,2,0,
883,Rebalancing 1.3-883-1-3-1593332571.7z,Tables.pak!Libs/Tables/ai/brain_sensor_type.xml,brain_sensor_type,brain_sensor_type,exact,4,0,0,4,0,
883,Rebalancing 1.3-883-1-3-1593332571.7z,Tables.pak!Libs/Tables/ai/brain_variable.xml,brain_variable,brain_variable,exact,344,0,0,344,0,
883,Rebalancing 1.3-883-1-3-1593332571.7z,Tables.pak!Libs/Tables/ai/mailbox.xml,mailbox,mailbox,exact,418,0,0,418,0,
883,Rebalancing 1.3-883-1-3-1593332571.7z,Tables.pak!Libs/Tables/ai/mailbox_action_type.xml,mailbox_action_type,mailbox_action_type,exact,2,0,0,2,0,
883,Rebalancing 1.3-883-1-3-1593332571.7z,Tables.pak!Libs/Tables/ai/mailbox_filter.xml,mailbox_filter,mailbox_filter,exact,632,0,0,632,0,
883,Rebalancing 1.3-883-1-3-1593332571.7z,Tables.pak!Libs/Tables/ai/mailbox_filter_action.xml,mailbox_filter_action,mailbox_filter_action,exact,2,0,0,2,0,
883,Rebalancing 1.3-883-1-3-1593332571.7z,Tables.pak!Libs/Tables/ai/mailbox_group.xml,mailbox_group,mailbox_group,exact,33,0,0,33,0,
883,Rebalancing 1.3-883-1-3-1593332571.7z,Tables.pak!Libs/Tables/ai/mailbox_group2mailbox.xml,mailbox_group2mailbox,mailbox_group2mailbox,exact,37,0,0,37,0,
883,Rebalancing 1.3-883-1-3-1593332571.7z,Tables.pak!Libs/Tables/ai/mailbox_rule.xml,mailbox_rule,mailbox_rule,exact,373,0,0,373,0,
883,Rebalancing 1.3-883-1-3-1593332571.7z,Tables.pak!Libs/Tables/ai/npc_reference_point.xml,npc_reference_point,npc_reference_point,exact,3,0,0,3,0,
883,Rebalancing 1.3-883-1-3-1593332571.7z,Tables.pak!Libs/Tables/ai/positioning_shape.xml,positioning_shape,positioning_shape,exact,3,0,0,3,0,
883,Rebalancing 1.3-883-1-3-1593332571.7z,Tables.pak!Libs/Tables/ai/positioning_vertex.xml,positioning_vertex,positioning_vertex,exact,10,0,0,10,0,
883,Rebalancing 1.3-883-1-3-1593332571.7z,Tables.pak!Libs/Tables/ai/sa_behaviour_action.xml,sa_behaviour_action,sa_behaviour_action,exact,3,0,0,3,0,
883,Rebalancing 1.3-883-1-3-1593332571.7z,Tables.pak!Libs/Tables/ai/sa_behaviour_tag.xml,sa_behaviour_tag,sa_behaviour_tag,exact,2947,0,0,2947,0,
883,Rebalancing 1.3-883-1-3-1593332571.7z,Tables.pak!Libs/Tables/ai/sa_behaviour_tag2mailbox.xml,sa_behaviour_tag2mailbox,sa_behaviour_tag2mailbox,exact,403,0,0,403,0,
883,Rebalancing 1.3-883-1-3-1593332571.7z,Tables.pak!Libs/Tables/ai/sa_behaviour_tag_parent.xml,sa_behaviour_tag_parent,sa_behaviour_tag_parent,exact,26,0,0,26,0,
883,Rebalancing 1.3-883-1-3-1593332571.7z,Tables.pak!Libs/Tables/ai/sa_smart_area.xml,sa_smart_area,sa_smart_area,exact,290,0,0,290,0,
883,Rebalancing 1.3-883-1-3-1593332571.7z,Tables.pak!Libs/Tables/ai/sa_smart_area2sa_behaviour_tag.xml,sa_smart_area2sa_behaviour_tag,sa_smart_area2sa_behaviour_tag,exact,2600,0,0,2600,0,
883,Rebalancing 1.3-883-1-3-1593332571.7z,Tables.pak!Libs/Tables/ai/se_condition_type.xml,se_condition_type,se_condition_type,exact,11,0,0,11,0,
883,Rebalancing 1.3-883-1-3-1593332571.7z,Tables.pak!Libs/Tables/ai/situation.xml,situation,situation,exact,15,0,0,15,0,
883,Rebalancing 1.3-883-1-3-1593332571.7z,Tables.pak!Libs/Tables/ai/situation_frequency.xml,situation_frequency,situation_frequency,exact,12,0,0,12,0,
883,Rebalancing 1.3-883-1-3-1593332571.7z,Tables.pak!Libs/Tables/ai/situation_global_condition.xml,situation_global_condition,situation_global_condition,exact,13,0,0,13,0,
883,Rebalancing 1.3-883-1-3-1593332571.7z,Tables.pak!Libs/Tables/ai/situation_role.xml,situation_role,situation_role,exact,28,0,0,28,0,
883,Rebalancing 1.3-883-1-3-1593332571.7z,Tables.pak!Libs/Tables/ai/situation_role2mailbox.xml,situation_role2mailbox,situation_role2mailbox,exact,1,0,0,1,0,
883,Rebalancing 1.3-883-1-3-1593332571.7z,Tables.pak!Libs/Tables/ai/situation_role_condition.xml,situation_role_condition,situation_role_condition,exact,35,0,0,35,0,
883,Rebalancing 1.3-883-1-3-1593332571.7z,Tables.pak!Libs/Tables/ai/situation_role_tree.xml,situation_role_tree,situation_role_tree,exact,27,0,0,27,0,
883,Rebalancing 1.3-883-1-3-1593332571.7z,Tables.pak!Libs/Tables/ai/situation_variant.xml,situation_variant,situation_variant,exact,15,0,0,15,0,
883,Rebalancing 1.3-883-1-3-1593332571.7z,Tables.pak!Libs/Tables/ai/so_behaviour_action.xml,so_behaviour_action,so_behaviour_action,exact,2,0,0,2,0,
883,Rebalancing 1.3-883-1-3-1593332571.7z,Tables.pak!Libs/Tables/ai/so_behaviour_state.xml,so_behaviour_state,so_behaviour_state,exact,3,0,0,3,0,
883,Rebalancing 1.3-883-1-3-1593332571.7z,Tables.pak!Libs/Tables/ai/so_behaviour_tag.xml,so_behaviour_tag,so_behaviour_tag,exact,4919,0,0,4919,0,
883,Rebalancing 1.3-883-1-3-1593332571.7z,Tables.pak!Libs/Tables/ai/so_behaviour_tag2mailbox.xml,so_behaviour_tag2mailbox,so_behaviour_tag2mailbox,exact,331,0,0,331,0,
883,Rebalancing 1.3-883-1-3-1593332571.7z,Tables.pak!Libs/Tables/ai/so_behaviour_tag_condition.xml,so_behaviour_tag_condition,so_behaviour_tag_condition,exact,1,0,0,1,0,
883,Rebalancing 1.3-883-1-3-1593332571.7z,Tables.pak!Libs/Tables/ai/so_behaviour_tag_navigation.xml,so_behaviour_tag_navigation,so_behaviour_tag_navigation,exact,7,0,0,7,0,
883,Rebalancing 1.3-883-1-3-1593332571.7z,Tables.pak!Libs/Tables/ai/so_behaviour_tag_parent.xml,so_behaviour_tag_parent,so_behaviour_tag_parent,exact,10,0,0,10,0,
883,Rebalancing 1.3-883-1-3-1593332571.7z,Tables.pak!Libs/Tables/ai/so_item_smart_object.xml,so_item_smart_object,so_item_smart_object,exact,7,0,0,7,0,
883,Rebalancing 1.3-883-1-3-1593332571.7z,Tables.pak!Libs/Tables/ai/so_smart_object.xml,so_smart_object,so_smart_object,exact,513,0,0,513,0,
883,Rebalancing 1.3-883-1-3-1593332571.7z,Tables.pak!Libs/Tables/ai/so_smart_object2so_behaviour_tag.xml,so_smart_object2so_behaviour_tag,so_smart_object2so_behaviour_tag,exact,3975,0,0,3975,0,
883,Rebalancing 1.3-883-1-3-1593332571.7z,Tables.pak!Libs/Tables/ai/subbrain.xml,subbrain,subbrain,exact,807,0,0,807,0,
883,Rebalancing 1.3-883-1-3-1593332571.7z,Tables.pak!Libs/Tables/ai/subbrain2ai_percept_handler.xml,subbrain2ai_percept_handler,subbrain2ai_percept_handler,exact,0,0,0,0,0,
883,Rebalancing 1.3-883-1-3-1593332571.7z,Tables.pak!Libs/Tables/ai/subbrain_behaviour_tree.xml,subbrain_behaviour_tree,subbrain_behaviour_tree,exact,127,0,0,127,0,
883,Rebalancing 1.3-883-1-3-1593332571.7z,Tables.pak!Libs/Tables/ai/subbrain_combat.xml,subbrain_combat,subbrain_combat,exact,24,0,0,24,0,
883,Rebalancing 1.3-883-1-3-1593332571.7z,Tables.pak!Libs/Tables/ai/subbrain_dialog.xml,subbrain_dialog,subbrain_dialog,exact,2,0,0,2,0,
883,Rebalancing 1.3-883-1-3-1593332571.7z,Tables.pak!Libs/Tables/ai/subbrain_situation.xml,subbrain_situation,subbrain_situation,exact,4,0,0,4,0,
883,Rebalancing 1.3-883-1-3-1593332571.7z,Tables.pak!Libs/Tables/ai/subbrain_smart_area.xml,subbrain_smart_area,subbrain_smart_area,exact,204,0,0,204,0,
883,Rebalancing 1.3-883-1-3-1593332571.7z,Tables.pak!Libs/Tables/ai/subbrain_smart_object.xml,subbrain_smart_object,subbrain_smart_object,exact,441,0,0,441,0,
883,Rebalancing 1.3-883-1-3-1593332571.7z,Tables.pak!Libs/Tables/ai/subbrain_switching.xml,subbrain_switching,subbrain_switching,exact,6,0,0,6,0,
883,Rebalancing 1.3-883-1-3-1593332571.7z,Tables.pak!Libs/Tables/ai/subbrain_type.xml,subbrain_type,subbrain_type,exact,8,0,0,8,0,
883,Rebalancing 1.3-883-1-3-1593332571.7z,Tables.pak!Libs/Tables/animation/ai_fragment_exclude.xml,ai_fragment_exclude,ai_fragment_exclude,exact,1,0,0,1,0,
883,Rebalancing 1.3-883-1-3-1593332571.7z,Tables.pak!Libs/Tables/animation/anim_fragment.xml,anim_fragment,anim_fragment,exact,5694,0,0,5694,0,
883,Rebalancing 1.3-883-1-3-1593332571.7z,Tables.pak!Libs/Tables/animation/anim_fragment_do_not_interrupt.xml,anim_fragment_do_not_interrupt,anim_fragment_do_not_interrupt,exact,1,0,0,1,0,
883,Rebalancing 1.3-883-1-3-1593332571.7z,Tables.pak!Libs/Tables/animation/anim_fragment_events.xml,anim_fragment_events,anim_fragment_events,exact,22221,0,0,22221,0,
883,Rebalancing 1.3-883-1-3-1593332571.7z,Tables.pak!Libs/Tables/animation/hit_reaction.xml,hit_reaction,hit_reaction,exact,287,0,0,287,0,
883,Rebalancing 1.3-883-1-3-1593332571.7z,Tables.pak!Libs/Tables/animation/hit_reaction_type.xml,hit_reaction_type,hit_reaction_type,exact,8,0,0,8,0,
883,Rebalancing 1.3-883-1-3-1593332571.7z,Tables.pak!Libs/Tables/animation/jump.xml,jump,jump,exact,87,0,0,87,0,
883,Rebalancing 1.3-883-1-3-1593332571.7z,Tables.pak!Libs/Tables/animation/ladder.xml,ladder,ladder,exact,12,0,0,12,0,
883,Rebalancing 1.3-883-1-3-1593332571.7z,Tables.pak!Libs/Tables/animation/mn_fragment.xml,mn_fragment,mn_fragment,exact,554,0,0,554,0,
883,Rebalancing 1.3-883-1-3-1593332571.7z,Tables.pak!Libs/Tables/animation/picking.xml,picking,picking,exact,31,0,0,31,0,
883,Rebalancing 1.3-883-1-3-1593332571.7z,Tables.pak!Libs/Tables/character_beard.xml,character_beard,character_beard,exact,7,0,0,7,0,
883,Rebalancing 1.3-883-1-3-1593332571.7z,Tables.pak!Libs/Tables/character_body.xml,character_body,character_body,exact,20,0,0,20,0,
883,Rebalancing 1.3-883-1-3-1593332571.7z,Tables.pak!Libs/Tables/character_hair.xml,character_hair,character_hair,exact,35,0,0,35,0,
883,Rebalancing 1.3-883-1-3-1593332571.7z,Tables.pak!Libs/Tables/character_head.xml,character_head,character_head,exact,180,0,0,180,0,
883,Rebalancing 1.3-883-1-3-1593332571.7z,Tables.pak!Libs/Tables/combat/combat_action_attack.xml,combat_action_attack,combat_action_attack,exact,192,0,0,192,0,
883,Rebalancing 1.3-883-1-3-1593332571.7z,Tables.pak!Libs/Tables/combat/combat_action_block.xml,combat_action_block,combat_action_block,exact,358,0,0,358,0,
883,Rebalancing 1.3-883-1-3-1593332571.7z,Tables.pak!Libs/Tables/combat/combat_action_block_movement.xml,combat_action_block_movement,combat_action_block_movement,exact,0,0,0,0,0,
883,Rebalancing 1.3-883-1-3-1593332571.7z,Tables.pak!Libs/Tables/combat/combat_action_failed_attack.xml,combat_action_failed_attack,combat_action_failed_attack,exact,0,0,0,0,0,
883,Rebalancing 1.3-883-1-3-1593332571.7z,Tables.pak!Libs/Tables/combat/combat_action_fragment_id_mapping.xml,combat_action_fragment_id_mapping,combat_action_fragment_id_mapping,exact,66,0,0,66,0,
883,Rebalancing 1.3-883-1-3-1593332571.7z,Tables.pak!Libs/Tables/combat/combat_action_guard_movement.xml,combat_action_guard_movement,combat_action_guard_movement,exact,246,0,0,246,0,
883,Rebalancing 1.3-883-1-3-1593332571.7z,Tables.pak!Libs/Tables/combat/combat_action_guard_sync_movement.xml,combat_action_guard_sync_movement,combat_action_guard_sync_movement,exact,177,0,0,177,0,
883,Rebalancing 1.3-883-1-3-1593332571.7z,Tables.pak!Libs/Tables/combat/combat_action_hit.xml,combat_action_hit,combat_action_hit,exact,438,0,0,438,0,
883,Rebalancing 1.3-883-1-3-1593332571.7z,Tables.pak!Libs/Tables/combat/combat_action_hit_movement.xml,combat_action_hit_movement,combat_action_hit_movement,exact,56,0,0,56,0,
883,Rebalancing 1.3-883-1-3-1593332571.7z,Tables.pak!Libs/Tables/combat/combat_action_perfect_block.xml,combat_action_perfect_block,combat_action_perfect_block,exact,358,0,0,358,0,
883,Rebalancing 1.3-883-1-3-1593332571.7z,Tables.pak!Libs/Tables/combat/combat_action_pose_modifier.xml,combat_action_pose_modifier,combat_action_pose_modifier,exact,126,0,0,126,0,
883,Rebalancing 1.3-883-1-3-1593332571.7z,Tables.pak!Libs/Tables/combat/combat_action_sync_attack.xml,combat_action_sync_attack,combat_action_sync_attack,exact,402,0,0,402,0,
883,Rebalancing 1.3-883-1-3-1593332571.7z,Tables.pak!Libs/Tables/combat/combat_action_sync_hit.xml,combat_action_sync_hit,combat_action_sync_hit,exact,466,0,0,466,0,
883,Rebalancing 1.3-883-1-3-1593332571.7z,Tables.pak!Libs/Tables/combat/combat_action_sync_pb_hit.xml,combat_action_sync_pb_hit,combat_action_sync_pb_hit,exact,216,0,0,216,0,
883,Rebalancing 1.3-883-1-3-1593332571.7z,Tables.pak!Libs/Tables/combat/combat_action_sync_transition.xml,combat_action_sync_transition,combat_action_sync_transition,exact,18,0,0,18,0,
883,Rebalancing 1.3-883-1-3-1593332571.7z,Tables.pak!Libs/Tables/combat/combat_action_text.xml,combat_action_text,combat_action_text,exact,2,0,0,2,0,
883,Rebalancing 1.3-883-1-3-1593332571.7z,Tables.pak!Libs/Tables/combat/combat_action_trigger.xml,combat_action_trigger,combat_action_trigger,exact,1,0,0,1,0,
883,Rebalancing 1.3-883-1-3-1593332571.7z,Tables.pak!Libs/Tables/combat/combat_action_type.xml,combat_action_type,combat_action_type,exact,67,0,0,67,0,
883,Rebalancing 1.3-883-1-3-1593332571.7z,Tables.pak!Libs/Tables/combat/combat_action_type_group.xml,combat_action_type_group,combat_action_type_group,exact,31,0,0,31,0,
883,Rebalancing 1.3-883-1-3-1593332571.7z,Tables.pak!Libs/Tables/combat/combat_action_type_mapping.xml,combat_action_type_mapping,combat_action_type_mapping,exact,11,0,0,11,0,
883,Rebalancing 1.3-883-1-3-1593332571.7z,Tables.pak!Libs/Tables/combat/combat_attack_config.xml,combat_attack_config,combat_attack_config,exact,36,0,0,36,0,
883,Rebalancing 1.3-883-1-3-1593332571.7z,Tables.pak!Libs/Tables/combat/combat_attack_hit_statistics.xml,combat_attack_hit_statistics,combat_attack_hit_statistics,exact,56,0,0,56,0,
883,Rebalancing 1.3-883-1-3-1593332571.7z,Tables.pak!Libs/Tables/combat/combat_attack_type.xml,combat_attack_type,combat_attack_type,exact,11,0,0,11,0,
883,Rebalancing 1.3-883-1-3-1593332571.7z,Tables.pak!Libs/Tables/combat/combat_attack_type_tag.xml,combat_attack_type_tag,combat_attack_type_tag,exact,7,0,0,7,0,
883,Rebalancing 1.3-883-1-3-1593332571.7z,Tables.pak!Libs/Tables/combat/combat_combo.xml,combat_combo,combat_combo,exact,34,0,0,34,0,
883,Rebalancing 1.3-883-1-3-1593332571.7z,Tables.pak!Libs/Tables/combat/combat_combo_step.xml,combat_combo_step,combat_combo_step,exact,109,0,0,109,0,
883,Rebalancing 1.3-883-1-3-1593332571.7z,Tables.pak!Libs/Tables/combat/combat_damage_type_mapping.xml,combat_damage_type_mapping,combat_damage_type_mapping,exact,4,0,0,4,0,
883,Rebalancing 1.3-883-1-3-1593332571.7z,Tables.pak!Libs/Tables/combat/combat_guard_stance.xml,combat_guard_stance,combat_guard_stance,exact,3,0,0,3,0,
883,Rebalancing 1.3-883-1-3-1593332571.7z,Tables.pak!Libs/Tables/combat/combat_guard_type.xml,combat_guard_type,combat_guard_type,exact,23,0,0,23,0,
883,Rebalancing 1.3-883-1-3-1593332571.7z,Tables.pak!Libs/Tables/combat/combat_hit_origin.xml,combat_hit_origin,combat_hit_origin,exact,5,0,0,5,0,
883,Rebalancing 1.3-883-1-3-1593332571.7z,Tables.pak!Libs/Tables/combat/combat_hit_type.xml,combat_hit_type,combat_hit_type,exact,2,0,0,2,0,
883,Rebalancing 1.3-883-1-3-1593332571.7z,Tables.pak!Libs/Tables/combat/combat_input_class.xml,combat_input_class,combat_input_class,exact,9,0,0,9,0,
883,Rebalancing 1.3-883-1-3-1593332571.7z,Tables.pak!Libs/Tables/combat/combat_native_guard_zone.xml,combat_native_guard_zone,combat_native_guard_zone,exact,11,0,0,11,0,
883,Rebalancing 1.3-883-1-3-1593332571.7z,Tables.pak!Libs/Tables/combat/combat_native_guard_zones.xml,combat_native_guard_zones,combat_native_guard_zones,exact,8,0,0,8,0,
883,Rebalancing 1.3-883-1-3-1593332571.7z,Tables.pak!Libs/Tables/combat/combat_riposte_chain.xml,combat_riposte_chain,combat_riposte_chain,exact,2,0,0,2,0,
883,Rebalancing 1.3-883-1-3-1593332571.7z,Tables.pak!Libs/Tables/combat/combat_riposte_chain_step.xml,combat_riposte_chain_step,combat_riposte_chain_step,exact,5,0,0,5,0,
883,Rebalancing 1.3-883-1-3-1593332571.7z,Tables.pak!Libs/Tables/combat/combat_side.xml,combat_side,combat_side,exact,7,0,0,7,0,
883,Rebalancing 1.3-883-1-3-1593332571.7z,Tables.pak!Libs/Tables/combat/combat_sync_action_hit.xml,combat_sync_action_hit,combat_sync_action_hit,exact,597,0,0,597,0,
883,Rebalancing 1.3-883-1-3-1593332571.7z,Tables.pak!Libs/Tables/combat/combat_tag.xml,combat_tag,combat_tag,exact,7,0,0,7,0,
883,Rebalancing 1.3-883-1-3-1593332571.7z,Tables.pak!Libs/Tables/combat/combat_ui_rules.xml,combat_ui_rules,combat_ui_rules,exact,4,0,0,4,0,
883,Rebalancing 1.3-883-1-3-1593332571.7z,Tables.pak!Libs/Tables/combat/combat_weapon_group.xml,combat_weapon_group,combat_weapon_group,exact,5,0,0,5,0,
883,Rebalancing 1.3-883-1-3-1593332571.7z,Tables.pak!Libs/Tables/combat/combat_weapon_group_to_class.xml,combat_weapon_group_to_class,combat_weapon_group_to_class,exact,16,0,0,16,0,
883,Rebalancing 1.3-883-1-3-1593332571.7z,Tables.pak!Libs/Tables/combat/combat_zone.xml,combat_zone,combat_zone,exact,7,0,0,7,0,
883,Rebalancing 1.3-883-1-3-1593332571.7z,Tables.pak!Libs/Tables/combat/combat_zone_config.xml,combat_zone_config,combat_zone_config,exact,56,0,0,56,0,
883,Rebalancing 1.3-883-1-3-1593332571.7z,Tables.pak!Libs/Tables/combat/combat_zone_distance.xml,combat_zone_distance,combat_zone_distance,exact,37,0,0,37,0,
883,Rebalancing 1.3-883-1-3-1593332571.7z,Tables.pak!Libs/Tables/combat/combat_zone_mapping.xml,combat_zone_mapping,combat_zone_mapping,exact,57,0,0,57,0,
883,Rebalancing 1.3-883-1-3-1593332571.7z,Tables.pak!Libs/Tables/combat/combat_zone_tag.xml,combat_zone_tag,combat_zone_tag,exact,6,0,0,6,0,
883,Rebalancing 1.3-883-1-3-1593332571.7z,Tables.pak!Libs/Tables/DBEntity/entity_link.xml,entity_link,entity_link,exact,269,0,0,269,0,
883,Rebalancing 1.3-883-1-3-1593332571.7z,Tables.pak!Libs/Tables/DBEntity/stash.xml,stash,stash,exact,14,0,0,14,0,
883,Rebalancing 1.3-883-1-3-1593332571.7z,Tables.pak!Libs/Tables/dlc.xml,dlc,dlc,exact,10,0,0,10,0,
883,Rebalancing 1.3-883-1-3-1593332571.7z,Tables.pak!Libs/Tables/editor_object.xml,editor_object,editor_object,exact,42,0,0,42,0,
883,Rebalancing 1.3-883-1-3-1593332571.7z,Tables.pak!Libs/Tables/editor_object_binding.xml,editor_object_binding,editor_object_binding,exact,3,0,0,3,0,
883,Rebalancing 1.3-883-1-3-1593332571.7z,Tables.pak!Libs/Tables/game_mode.xml,game_mode,game_mode,exact,2,0,0,2,0,
883,Rebalancing 1.3-883-1-3-1593332571.7z,Tables.pak!Libs/Tables/inventory/gold_dayone_stash_diff.xml,gold_dayone_stash_diff,gold_dayone_stash_diff,exact,2339,0,2339,0,0,item_guid
883,Rebalancing 1.3-883-1-3-1593332571.7z,Tables.pak!Libs/Tables/inventory/inventories_01_03.xml,inventories_01_03,inventories_01_03,exact,34010,0,0,34010,0,
883,Rebalancing 1.3-883-1-3-1593332571.7z,Tables.pak!Libs/Tables/inventory/inventories_01_04.xml,inventories_01_04,inventories_01_04,exact,34862,0,0,34862,0,
883,Rebalancing 1.3-883-1-3-1593332571.7z,Tables.pak!Libs/Tables/inventory/inventories_01_05.xml,inventories_01_05,inventories_01_05,exact,35079,0,0,35079,0,
883,Rebalancing 1.3-883-1-3-1593332571.7z,Tables.pak!Libs/Tables/inventory/inventories_01_06.xml,inventories_01_06,inventories_01_06,exact,36334,0,0,36334,0,
883,Rebalancing 1.3-883-1-3-1593332571.7z,Tables.pak!Libs/Tables/inventory/inventories_01_06_02.xml,inventories_01_06_02,inventories_01_06_02,exact,36334,0,0,36334,0,
883,Rebalancing 1.3-883-1-3-1593332571.7z,Tables.pak!Libs/Tables/inventory/inventories_01_07.xml,inventories_01_07,inventories_01_07,exact,36643,0,0,36643,0,
883,Rebalancing 1.3-883-1-3-1593332571.7z,Tables.pak!Libs/Tables/inventory/inventories_01_07_01.xml,inventories_01_07_01,inventories_01_07_01,exact,36642,0,0,36642,0,
883,Rebalancing 1.3-883-1-3-1593332571.7z,Tables.pak!Libs/Tables/inventory/inventories_01_08.xml,inventories_01_08,inventories_01_08,exact,36392,0,0,36392,0,
883,Rebalancing 1.3-883-1-3-1593332571.7z,Tables.pak!Libs/Tables/inventory/inventories_01_09.xml,inventories_01_09,inventories_01_09,exact,37471,0,0,37471,0,
883,Rebalancing 1.3-883-1-3-1593332571.7z,Tables.pak!Libs/Tables/inventory/inventories_01_09_dlc4.xml,inventories_01_09_dlc4,inventories_01_09_dlc4,exact,3326,0,0,3326,0,
883,Rebalancing 1.3-883-1-3-1593332571.7z,Tables.pak!Libs/Tables/inventory/inventories_day1patch.xml,inventories_day1patch,inventories_day1patch,exact,34098,0,0,34098,0,
883,Rebalancing 1.3-883-1-3-1593332571.7z,Tables.pak!Libs/Tables/inventory/inventories_gold.xml,inventories_gold,inventories_gold,exact,32892,0,0,32892,0,
883,Rebalancing 1.3-883-1-3-1593332571.7z,Tables.pak!Libs/Tables/inventory/inventories_week1patch.xml,inventories_week1patch,inventories_week1patch,exact,34140,0,0,34140,0,
883,Rebalancing 1.3-883-1-3-1593332571.7z,Tables.pak!Libs/Tables/inventory/inventory.xml,inventory,inventory,exact,1107,0,0,1107,0,
883,Rebalancing 1.3-883-1-3-1593332571.7z,Tables.pak!Libs/Tables/inventory/inventory2inventory_preset.xml,inventory2inventory_preset,inventory2inventory_preset,exact,462,0,0,462,0,
883,Rebalancing 1.3-883-1-3-1593332571.7z,Tables.pak!Libs/Tables/inventory/inventory2item.xml,inventory2item,inventory2item,exact,2183,0,0,2183,0,
883,Rebalancing 1.3-883-1-3-1593332571.7z,Tables.pak!Libs/Tables/inventory/inventory_preset.xml,inventory_preset,inventory_preset,exact,157,0,0,157,0,
883,Rebalancing 1.3-883-1-3-1593332571.7z,Tables.pak!Libs/Tables/inventory/inventory_preset2item.xml,inventory_preset2item,inventory_preset2item,exact,2007,0,9,1998,0,"amount,amount_random_add"
883,Rebalancing 1.3-883-1-3-1593332571.7z,Tables.pak!Libs/Tables/item/alchemy_base.xml,alchemy_base,alchemy_base,exact,4,0,0,4,0,
883,Rebalancing 1.3-883-1-3-1593332571.7z,Tables.pak!Libs/Tables/item/alchemy_material.xml,alchemy_material,alchemy_material,exact,34,0,0,34,0,
883,Rebalancing 1.3-883-1-3-1593332571.7z,Tables.pak!Libs/Tables/item/alchemy_material_subtype.xml,alchemy_material_subtype,alchemy_material_subtype,exact,3,0,0,3,0,
883,Rebalancing 1.3-883-1-3-1593332571.7z,Tables.pak!Libs/Tables/item/alchemy_material_type.xml,alchemy_material_type,alchemy_material_type,exact,3,0,0,3,0,
883,Rebalancing 1.3-883-1-3-1593332571.7z,Tables.pak!Libs/Tables/item/ammo.xml,ammo,ammo,exact,14,0,0,14,0,
883,Rebalancing 1.3-883-1-3-1593332571.7z,Tables.pak!Libs/Tables/item/ammo_class.xml,ammo_class,ammo_class,exact,2,0,0,2,0,
883,Rebalancing 1.3-883-1-3-1593332571.7z,Tables.pak!Libs/Tables/item/armor.xml,armor,armor,exact,796,0,208,588,0,"slash_def,smash_def,stab_def"
883,Rebalancing 1.3-883-1-3-1593332571.7z,Tables.pak!Libs/Tables/item/armor2clothing_attachment.xml,armor2clothing_attachment,armor2clothing_attachment,exact,415,0,0,415,0,
883,Rebalancing 1.3-883-1-3-1593332571.7z,Tables.pak!Libs/Tables/item/armor2clothing_preset.xml,armor2clothing_preset,armor2clothing_preset,exact,8684,0,0,8684,0,
883,Rebalancing 1.3-883-1-3-1593332571.7z,Tables.pak!Libs/Tables/item/armor_archetype.xml,armor_archetype,armor_archetype,exact,88,0,0,88,0,
883,Rebalancing 1.3-883-1-3-1593332571.7z,Tables.pak!Libs/Tables/item/armor_archetype2body_subpart.xml,armor_archetype2body_subpart,armor_archetype2body_subpart,exact,652,0,0,652,0,
883,Rebalancing 1.3-883-1-3-1593332571.7z,Tables.pak!Libs/Tables/item/armor_class2engine_surface.xml,armor_class2engine_surface,armor_class2engine_surface,exact,7,0,0,7,0,
883,Rebalancing 1.3-883-1-3-1593332571.7z,Tables.pak!Libs/Tables/item/armor_subtype.xml,armor_subtype,armor_subtype,exact,4,0,0,4,0,
883,Rebalancing 1.3-883-1-3-1593332571.7z,Tables.pak!Libs/Tables/item/armor_type.xml,armor_type,armor_type,exact,12,0,0,12,0,
883,Rebalancing 1.3-883-1-3-1593332571.7z,Tables.pak!Libs/Tables/item/attachment2clothing_preset.xml,attachment2clothing_preset,attachment2clothing_preset,exact,0,0,0,0,0,
883,Rebalancing 1.3-883-1-3-1593332571.7z,Tables.pak!Libs/Tables/item/attachment_base.xml,attachment_base,attachment_base,exact,7,0,0,7,0,
883,Rebalancing 1.3-883-1-3-1593332571.7z,Tables.pak!Libs/Tables/item/attachment_slot.xml,attachment_slot,attachment_slot,exact,12,0,0,12,0,
883,Rebalancing 1.3-883-1-3-1593332571.7z,Tables.pak!Libs/Tables/item/blood_zone.xml,blood_zone,blood_zone,exact,36,0,0,36,0,
883,Rebalancing 1.3-883-1-3-1593332571.7z,Tables.pak!Libs/Tables/item/body_layer.xml,body_layer,body_layer,exact,9,0,0,9,0,
883,Rebalancing 1.3-883-1-3-1593332571.7z,Tables.pak!Libs/Tables/item/body_material2subpart.xml,body_material2subpart,body_material2subpart,exact,60,0,0,60,0,
883,Rebalancing 1.3-883-1-3-1593332571.7z,Tables.pak!Libs/Tables/item/body_part.xml,body_part,body_part,exact,9,0,0,9,0,
883,Rebalancing 1.3-883-1-3-1593332571.7z,Tables.pak!Libs/Tables/item/body_subpart.xml,body_subpart,body_subpart,exact,53,0,0,53,0,
883,Rebalancing 1.3-883-1-3-1593332571.7z,Tables.pak!Libs/Tables/item/character_head_archetype.xml,character_head_archetype,character_head_archetype,exact,9,0,0,9,0,
883,Rebalancing 1.3-883-1-3-1593332571.7z,Tables.pak!Libs/Tables/item/clothing.xml,clothing,clothing,exact,419,0,0,419,0,
883,Rebalancing 1.3-883-1-3-1593332571.7z,Tables.pak!Libs/Tables/item/clothing_attachment.xml,clothing_attachment,clothing_attachment,exact,135,0,0,135,0,
883,Rebalancing 1.3-883-1-3-1593332571.7z,Tables.pak!Libs/Tables/item/clothing_mesh_data.xml,clothing_mesh_data,clothing_mesh_data,exact,193,0,0,193,0,
883,Rebalancing 1.3-883-1-3-1593332571.7z,Tables.pak!Libs/Tables/item/clothing_preset.xml,clothing_preset,clothing_preset,exact,1400,0,0,1400,0,
883,Rebalancing 1.3-883-1-3-1593332571.7z,Tables.pak!Libs/Tables/item/clothing_raycast.xml,clothing_raycast,clothing_raycast,exact,384,0,0,384,0,
883,Rebalancing 1.3-883-1-3-1593332571.7z,Tables.pak!Libs/Tables/item/consumable_item.xml,consumable_item,consumable_item,exact,212,0,0,212,0,
883,Rebalancing 1.3-883-1-3-1593332571.7z,Tables.pak!Libs/Tables/item/die.xml,die,die,exact,25,0,0,25,0,
883,Rebalancing 1.3-883-1-3-1593332571.7z,Tables.pak!Libs/Tables/item/divisible_item.xml,divisible_item,divisible_item,exact,274,0,0,274,0,
883,Rebalancing 1.3-883-1-3-1593332571.7z,Tables.pak!Libs/Tables/item/document.xml,document,document,exact,192,0,0,192,0,
883,Rebalancing 1.3-883-1-3-1593332571.7z,Tables.pak!Libs/Tables/item/document_class.xml,document_class,document_class,exact,2,0,0,2,0,
883,Rebalancing 1.3-883-1-3-1593332571.7z,Tables.pak!Libs/Tables/item/document_content.xml,document_content,document_content,exact,222,0,0,222,0,
883,Rebalancing 1.3-883-1-3-1593332571.7z,Tables.pak!Libs/Tables/item/document_content_images.xml,document_content_images,document_content_images,exact,201,0,0,201,0,
883,Rebalancing 1.3-883-1-3-1593332571.7z,Tables.pak!Libs/Tables/item/document_transcription_topic.xml,document_transcription_topic,document_transcription_topic,exact,6,0,0,6,0,
883,Rebalancing 1.3-883-1-3-1593332571.7z,Tables.pak!Libs/Tables/item/document_ui_layout.xml,document_ui_layout,document_ui_layout,exact,2,0,0,2,0,
883,Rebalancing 1.3-883-1-3-1593332571.7z,Tables.pak!Libs/Tables/item/equipment_part.xml,equipment_part,equipment_part,exact,9,0,0,9,0,
883,Rebalancing 1.3-883-1-3-1593332571.7z,Tables.pak!Libs/Tables/item/equipment_slot.xml,equipment_slot,equipment_slot,exact,22,0,0,22,0,
883,Rebalancing 1.3-883-1-3-1593332571.7z,Tables.pak!Libs/Tables/item/equippable_item.xml,equippable_item,equippable_item,exact,1000,0,19,981,0,rpg_buff_weight
883,Rebalancing 1.3-883-1-3-1593332571.7z,Tables.pak!Libs/Tables/item/food.xml,food,food,exact,202,0,0,202,0,
883,Rebalancing 1.3-883-1-3-1593332571.7z,Tables.pak!Libs/Tables/item/food_subtype.xml,food_subtype,food_subtype,exact,15,0,0,15,0,
883,Rebalancing 1.3-883-1-3-1593332571.7z,Tables.pak!Libs/Tables/item/food_type.xml,food_type,food_type,exact,8,0,0,8,0,
883,Rebalancing 1.3-883-1-3-1593332571.7z,Tables.pak!Libs/Tables/item/gold_dayone_stash_diff.xml,gold_dayone_stash_diff,gold_dayone_stash_diff,exact,2339,0,0,2339,0,
883,Rebalancing 1.3-883-1-3-1593332571.7z,Tables.pak!Libs/Tables/item/helmet.xml,helmet,helmet,exact,63,0,0,63,0,
883,Rebalancing 1.3-883-1-3-1593332571.7z,Tables.pak!Libs/Tables/item/herb.xml,herb,herb,exact,17,0,0,17,0,
883,Rebalancing 1.3-883-1-3-1593332571.7z,Tables.pak!Libs/Tables/item/herb_element_type.xml,herb_element_type,herb_element_type,exact,5,0,0,5,0,
883,Rebalancing 1.3-883-1-3-1593332571.7z,Tables.pak!Libs/Tables/item/item.xml,item,item,exact,2214,0,0,2214,0,
883,Rebalancing 1.3-883-1-3-1593332571.7z,Tables.pak!Libs/Tables/item/item_category.xml,item_category,item_category,exact,22,0,0,22,0,
883,Rebalancing 1.3-883-1-3-1593332571.7z,Tables.pak!Libs/Tables/item/item_manipulation_type.xml,item_manipulation_type,item_manipulation_type,exact,39,0,0,39,0,
883,Rebalancing 1.3-883-1-3-1593332571.7z,Tables.pak!Libs/Tables/item/item_phase.xml,item_phase,item_phase,exact,54,0,0,54,0,
883,Rebalancing 1.3-883-1-3-1593332571.7z,Tables.pak!Libs/Tables/item/key.xml,key,key,exact,433,0,0,433,0,
883,Rebalancing 1.3-883-1-3-1593332571.7z,Tables.pak!Libs/Tables/item/keyring.xml,keyring,keyring,exact,2,0,0,2,0,
883,Rebalancing 1.3-883-1-3-1593332571.7z,Tables.pak!Libs/Tables/item/keyring_type.xml,keyring_type,keyring_type,exact,2,0,0,2,0,
883,Rebalancing 1.3-883-1-3-1593332571.7z,Tables.pak!Libs/Tables/item/key_subtype.xml,key_subtype,key_subtype,exact,1,0,0,1,0,
883,Rebalancing 1.3-883-1-3-1593332571.7z,Tables.pak!Libs/Tables/item/key_type.xml,key_type,key_type,exact,2,0,0,2,0,
883,Rebalancing 1.3-883-1-3-1593332571.7z,Tables.pak!Libs/Tables/item/melee_weapon.xml,melee_weapon,melee_weapon,exact,167,0,46,121,0,"attack,slash_att_mod,stab_att_mod"
883,Rebalancing 1.3-883-1-3-1593332571.7z,Tables.pak!Libs/Tables/item/melee_weapon_type.xml,melee_weapon_type,melee_weapon_type,exact,9,0,0,9,0,
883,Rebalancing 1.3-883-1-3-1593332571.7z,Tables.pak!Libs/Tables/item/misc.xml,misc,misc,exact,215,0,0,215,0,
883,Rebalancing 1.3-883-1-3-1593332571.7z,Tables.pak!Libs/Tables/item/misc_subtype.xml,misc_subtype,misc_subtype,exact,0,0,0,0,0,
883,Rebalancing 1.3-883-1-3-1593332571.7z,Tables.pak!Libs/Tables/item/misc_type.xml,misc_type,misc_type,exact,2,0,0,2,0,
883,Rebalancing 1.3-883-1-3-1593332571.7z,Tables.pak!Libs/Tables/item/missile_weapon.xml,missile_weapon,missile_weapon,exact,23,0,0,23,0,
883,Rebalancing 1.3-883-1-3-1593332571.7z,Tables.pak!Libs/Tables/item/missile_weapon_class2ammo_class.xml,missile_weapon_class2ammo_class,missile_weapon_class2ammo_class,exact,4,0,0,4,0,
883,Rebalancing 1.3-883-1-3-1593332571.7z,Tables.pak!Libs/Tables/item/missile_weapon_type.xml,missile_weapon_type,missile_weapon_type,exact,1,0,0,1,0,
883,Rebalancing 1.3-883-1-3-1593332571.7z,Tables.pak!Libs/Tables/item/npc_tool.xml,npc_tool,npc_tool,exact,96,0,0,96,0,
883,Rebalancing 1.3-883-1-3-1593332571.7z,Tables.pak!Libs/Tables/item/npc_tool_subtype.xml,npc_tool_subtype,npc_tool_subtype,exact,3,0,0,3,0,
883,Rebalancing 1.3-883-1-3-1593332571.7z,Tables.pak!Libs/Tables/item/npc_tool_type.xml,npc_tool_type,npc_tool_type,exact,27,0,0,27,0,
883,Rebalancing 1.3-883-1-3-1593332571.7z,Tables.pak!Libs/Tables/item/ointment_item.xml,ointment_item,ointment_item,exact,10,0,0,10,0,
883,Rebalancing 1.3-883-1-3-1593332571.7z,Tables.pak!Libs/Tables/item/ointment_item_subtype.xml,ointment_item_subtype,ointment_item_subtype,exact,4,0,0,4,0,
883,Rebalancing 1.3-883-1-3-1593332571.7z,Tables.pak!Libs/Tables/item/ointment_item_type.xml,ointment_item_type,ointment_item_type,exact,2,0,0,2,0,
883,Rebalancing 1.3-883-1-3-1593332571.7z,Tables.pak!Libs/Tables/item/pickable_area_desc.xml,pickable_area_desc,pickable_area_desc,exact,20,0,0,20,0,
883,Rebalancing 1.3-883-1-3-1593332571.7z,Tables.pak!Libs/Tables/item/pickable_area_material.xml,pickable_area_material,pickable_area_material,exact,32,0,0,32,0,
883,Rebalancing 1.3-883-1-3-1593332571.7z,Tables.pak!Libs/Tables/item/pickable_item.xml,pickable_item,pickable_item,exact,2210,0,539,1671,0,"price,weight"
883,Rebalancing 1.3-883-1-3-1593332571.7z,Tables.pak!Libs/Tables/item/player_item.xml,player_item,player_item,exact,2114,0,0,2114,0,
883,Rebalancing 1.3-883-1-3-1593332571.7z,Tables.pak!Libs/Tables/item/potion.xml,potion,potion,exact,46,0,0,46,0,
883,Rebalancing 1.3-883-1-3-1593332571.7z,Tables.pak!Libs/Tables/item/questible_item.xml,questible_item,questible_item,exact,840,0,0,840,0,
883,Rebalancing 1.3-883-1-3-1593332571.7z,Tables.pak!Libs/Tables/item/recipe.xml,recipe,recipe,exact,35,0,0,35,0,
883,Rebalancing 1.3-883-1-3-1593332571.7z,Tables.pak!Libs/Tables/item/recipe_ingredient.xml,recipe_ingredient,recipe_ingredient,exact,94,0,0,94,0,
883,Rebalancing 1.3-883-1-3-1593332571.7z,Tables.pak!Libs/Tables/item/recipe_step.xml,recipe_step,recipe_step,exact,226,0,0,226,0,
883,Rebalancing 1.3-883-1-3-1593332571.7z,Tables.pak!Libs/Tables/item/recipe_substep.xml,recipe_substep,recipe_substep,exact,237,0,0,237,0,
883,Rebalancing 1.3-883-1-3-1593332571.7z,Tables.pak!Libs/Tables/item/weapon.xml,weapon,weapon,exact,190,0,76,114,0,"agi_req,max_status,str_req,weapon_class_id"
883,Rebalancing 1.3-883-1-3-1593332571.7z,Tables.pak!Libs/Tables/item/weapon2weapon_preset.xml,weapon2weapon_preset,weapon2weapon_preset,exact,877,0,0,877,0,
883,Rebalancing 1.3-883-1-3-1593332571.7z,Tables.pak!Libs/Tables/item/weapon_attachment_slot.xml,weapon_attachment_slot,weapon_attachment_slot,exact,10,0,0,10,0,
883,Rebalancing 1.3-883-1-3-1593332571.7z,Tables.pak!Libs/Tables/item/weapon_class.xml,weapon_class,weapon_class,exact,14,0,0,14,0,
883,Rebalancing 1.3-883-1-3-1593332571.7z,Tables.pak!Libs/Tables/item/weapon_equip_slot.xml,weapon_equip_slot,weapon_equip_slot,exact,6,0,0,6,0,
883,Rebalancing 1.3-883-1-3-1593332571.7z,Tables.pak!Libs/Tables/item/weapon_preset.xml,weapon_preset,weapon_preset,exact,481,0,0,481,0,
883,Rebalancing 1.3-883-1-3-1593332571.7z,Tables.pak!Libs/Tables/item/weapon_sub_class.xml,weapon_sub_class,weapon_sub_class,exact,5,0,0,5,0,
883,Rebalancing 1.3-883-1-3-1593332571.7z,Tables.pak!Libs/Tables/level.xml,level,level,exact,6,0,0,6,0,
883,Rebalancing 1.3-883-1-3-1593332571.7z,Tables.pak!Libs/Tables/minigame/new_homes_bookmark_group.xml,new_homes_bookmark_group,new_homes_bookmark_group,exact,2,0,0,2,0,
883,Rebalancing 1.3-883-1-3-1593332571.7z,Tables.pak!Libs/Tables/minigame/new_homes_judgement.xml,new_homes_judgement,new_homes_judgement,exact,13,0,0,13,0,
883,Rebalancing 1.3-883-1-3-1593332571.7z,Tables.pak!Libs/Tables/minigame/new_homes_modifier.xml,new_homes_modifier,new_homes_modifier,exact,70,0,0,70,0,
883,Rebalancing 1.3-883-1-3-1593332571.7z,Tables.pak!Libs/Tables/minigame/new_homes_modifier2modifier_effect.xml,new_homes_modifier2modifier_effect,new_homes_modifier2modifier_effect,exact,81,0,0,81,0,
883,Rebalancing 1.3-883-1-3-1593332571.7z,Tables.pak!Libs/Tables/minigame/new_homes_modifier_effect.xml,new_homes_modifier_effect,new_homes_modifier_effect,exact,76,0,0,76,0,
883,Rebalancing 1.3-883-1-3-1593332571.7z,Tables.pak!Libs/Tables/minigame/new_homes_modifier_effect_resource.xml,new_homes_modifier_effect_resource,new_homes_modifier_effect_resource,exact,4,0,0,4,0,
883,Rebalancing 1.3-883-1-3-1593332571.7z,Tables.pak!Libs/Tables/minigame/new_homes_modifier_effect_structure.xml,new_homes_modifier_effect_structure,new_homes_modifier_effect_structure,exact,72,0,0,72,0,
883,Rebalancing 1.3-883-1-3-1593332571.7z,Tables.pak!Libs/Tables/minigame/new_homes_modifier_effect_type.xml,new_homes_modifier_effect_type,new_homes_modifier_effect_type,exact,2,0,0,2,0,
883,Rebalancing 1.3-883-1-3-1593332571.7z,Tables.pak!Libs/Tables/minigame/new_homes_modifier_group.xml,new_homes_modifier_group,new_homes_modifier_group,exact,7,0,0,7,0,
883,Rebalancing 1.3-883-1-3-1593332571.7z,Tables.pak!Libs/Tables/minigame/new_homes_objective.xml,new_homes_objective,new_homes_objective,exact,3,0,0,3,0,
883,Rebalancing 1.3-883-1-3-1593332571.7z,Tables.pak!Libs/Tables/minigame/new_homes_parcel.xml,new_homes_parcel,new_homes_parcel,exact,11,0,0,11,0,
883,Rebalancing 1.3-883-1-3-1593332571.7z,Tables.pak!Libs/Tables/minigame/new_homes_resource.xml,new_homes_resource,new_homes_resource,exact,4,0,0,4,0,
883,Rebalancing 1.3-883-1-3-1593332571.7z,Tables.pak!Libs/Tables/minigame/new_homes_single_payment.xml,new_homes_single_payment,new_homes_single_payment,exact,4,0,0,4,0,
883,Rebalancing 1.3-883-1-3-1593332571.7z,Tables.pak!Libs/Tables/minigame/new_homes_structure.xml,new_homes_structure,new_homes_structure,exact,13,0,0,13,0,
883,Rebalancing 1.3-883-1-3-1593332571.7z,Tables.pak!Libs/Tables/minigame/new_homes_structure2modifier.xml,new_homes_structure2modifier,new_homes_structure2modifier,exact,6,0,0,6,0,
883,Rebalancing 1.3-883-1-3-1593332571.7z,Tables.pak!Libs/Tables/minigame/new_homes_structure_addon.xml,new_homes_structure_addon,new_homes_structure_addon,exact,12,0,0,12,0,
883,Rebalancing 1.3-883-1-3-1593332571.7z,Tables.pak!Libs/Tables/minigame/new_homes_structure_addon2modifier.xml,new_homes_structure_addon2modifier,new_homes_structure_addon2modifier,exact,12,0,0,12,0,
883,Rebalancing 1.3-883-1-3-1593332571.7z,Tables.pak!Libs/Tables/minigame/new_homes_structure_addon_group.xml,new_homes_structure_addon_group,new_homes_structure_addon_group,exact,1,0,0,1,0,
883,Rebalancing 1.3-883-1-3-1593332571.7z,Tables.pak!Libs/Tables/minigame/new_homes_structure_tier.xml,new_homes_structure_tier,new_homes_structure_tier,exact,16,0,0,16,0,
883,Rebalancing 1.3-883-1-3-1593332571.7z,Tables.pak!Libs/Tables/minigame/new_homes_structure_tier_prerequisity.xml,new_homes_structure_tier_prerequisity,new_homes_structure_tier_prerequisity,exact,12,0,0,12,0,
883,Rebalancing 1.3-883-1-3-1593332571.7z,Tables.pak!Libs/Tables/minigame/new_homes_structure_tier_resource_prerequisity.xml,new_homes_structure_tier_resource_prerequisity,new_homes_structure_tier_resource_prerequisity,exact,8,0,0,8,0,
883,Rebalancing 1.3-883-1-3-1593332571.7z,Tables.pak!Libs/Tables/minigame/revelation_judgement_score.xml,revelation_judgement_score,revelation_judgement_score,exact,0,0,0,0,0,
883,Rebalancing 1.3-883-1-3-1593332571.7z,Tables.pak!Libs/Tables/prefab/prefab_phase.xml,prefab_phase,prefab_phase,exact,35,0,0,35,0,
883,Rebalancing 1.3-883-1-3-1593332571.7z,Tables.pak!Libs/Tables/prefab/prefab_phase_category.xml,prefab_phase_category,prefab_phase_category,exact,15,0,0,15,0,
883,Rebalancing 1.3-883-1-3-1593332571.7z,Tables.pak!Libs/Tables/quest/exp_change.xml,exp_change,exp_change,exact,13,0,0,13,0,
883,Rebalancing 1.3-883-1-3-1593332571.7z,Tables.pak!Libs/Tables/quest/money_change.xml,money_change,money_change,exact,25,0,0,25,0,
883,Rebalancing 1.3-883-1-3-1593332571.7z,Tables.pak!Libs/Tables/quest/quest.xml,quest,quest,exact,287,0,0,287,0,
883,Rebalancing 1.3-883-1-3-1593332571.7z,Tables.pak!Libs/Tables/quest/quest2skald_subchapter.xml,quest2skald_subchapter,quest2skald_subchapter,exact,192,0,0,192,0,
883,Rebalancing 1.3-883-1-3-1593332571.7z,Tables.pak!Libs/Tables/quest/quest_asset.xml,quest_asset,quest_asset,exact,1787,0,0,1787,0,
883,Rebalancing 1.3-883-1-3-1593332571.7z,Tables.pak!Libs/Tables/quest/quest_function.xml,quest_function,quest_function,exact,2,0,0,2,0,
883,Rebalancing 1.3-883-1-3-1593332571.7z,Tables.pak!Libs/Tables/quest/quest_function_param.xml,quest_function_param,quest_function_param,exact,0,0,0,0,0,
883,Rebalancing 1.3-883-1-3-1593332571.7z,Tables.pak!Libs/Tables/quest/quest_item.xml,quest_item,quest_item,exact,297,0,0,297,0,
883,Rebalancing 1.3-883-1-3-1593332571.7z,Tables.pak!Libs/Tables/quest/quest_npc.xml,quest_npc,quest_npc,exact,957,0,0,957,0,
883,Rebalancing 1.3-883-1-3-1593332571.7z,Tables.pak!Libs/Tables/quest/quest_objective.xml,quest_objective,quest_objective,exact,9197,0,1,9196,0,condition
883,Rebalancing 1.3-883-1-3-1593332571.7z,Tables.pak!Libs/Tables/quest/quest_place.xml,quest_place,quest_place,exact,515,0,0,515,0,
883,Rebalancing 1.3-883-1-3-1593332571.7z,Tables.pak!Libs/Tables/quest/quest_reward_achievement.xml,quest_reward_achievement,quest_reward_achievement,exact,54,0,0,54,0,
883,Rebalancing 1.3-883-1-3-1593332571.7z,Tables.pak!Libs/Tables/quest/quest_reward_exp.xml,quest_reward_exp,quest_reward_exp,exact,664,0,0,664,0,
883,Rebalancing 1.3-883-1-3-1593332571.7z,Tables.pak!Libs/Tables/quest/quest_reward_item.xml,quest_reward_item,quest_reward_item,exact,75,0,0,75,0,
883,Rebalancing 1.3-883-1-3-1593332571.7z,Tables.pak!Libs/Tables/quest/quest_reward_money.xml,quest_reward_money,quest_reward_money,exact,229,0,0,229,0,
883,Rebalancing 1.3-883-1-3-1593332571.7z,Tables.pak!Libs/Tables/quest/quest_reward_perk.xml,quest_reward_perk,quest_reward_perk,exact,47,0,0,47,0,
883,Rebalancing 1.3-883-1-3-1593332571.7z,Tables.pak!Libs/Tables/quest/quest_reward_reputation.xml,quest_reward_reputation,quest_reward_reputation,exact,605,0,0,605,0,
883,Rebalancing 1.3-883-1-3-1593332571.7z,Tables.pak!Libs/Tables/quest/quest_reward_script.xml,quest_reward_script,quest_reward_script,exact,2,0,0,2,0,
883,Rebalancing 1.3-883-1-3-1593332571.7z,Tables.pak!Libs/Tables/quest/quest_soul_mortality.xml,quest_soul_mortality,quest_soul_mortality,exact,219,0,0,219,0,
883,Rebalancing 1.3-883-1-3-1593332571.7z,Tables.pak!Libs/Tables/quest/quest_statistic.xml,quest_statistic,quest_statistic,exact,18,0,0,18,0,
883,Rebalancing 1.3-883-1-3-1593332571.7z,Tables.pak!Libs/Tables/quest/quest_tracked_asset.xml,quest_tracked_asset,quest_tracked_asset,exact,2054,0,0,2054,0,
883,Rebalancing 1.3-883-1-3-1593332571.7z,Tables.pak!Libs/Tables/quest/quest_transition.xml,quest_transition,quest_transition,exact,5766,0,0,5766,0,
883,Rebalancing 1.3-883-1-3-1593332571.7z,Tables.pak!Libs/Tables/quest/quest_vip_npc.xml,quest_vip_npc,quest_vip_npc,exact,484,0,0,484,0,
883,Rebalancing 1.3-883-1-3-1593332571.7z,Tables.pak!Libs/Tables/random_event.xml,random_event,random_event,exact,85,0,0,85,0,
883,Rebalancing 1.3-883-1-3-1593332571.7z,Tables.pak!Libs/Tables/random_event_option.xml,random_event_option,random_event_option,exact,35,0,0,35,0,
883,Rebalancing 1.3-883-1-3-1593332571.7z,Tables.pak!Libs/Tables/random_event_option_set.xml,random_event_option_set,random_event_option_set,exact,10,0,0,10,0,
883,Rebalancing 1.3-883-1-3-1593332571.7z,Tables.pak!Libs/Tables/random_event_source_type.xml,random_event_source_type,random_event_source_type,exact,3,0,0,3,0,
883,Rebalancing 1.3-883-1-3-1593332571.7z,Tables.pak!Libs/Tables/random_event_variant.xml,random_event_variant,random_event_variant,exact,74,0,0,74,0,
883,Rebalancing 1.3-883-1-3-1593332571.7z,Tables.pak!Libs/Tables/rpg/achievement.xml,achievement,achievement,exact,94,12,0,82,0,
883,Rebalancing 1.3-883-1-3-1593332571.7z,Tables.pak!Libs/Tables/rpg/achievement_rule.xml,achievement_rule,achievement_rule,exact,103,0,0,103,0,
883,Rebalancing 1.3-883-1-3-1593332571.7z,Tables.pak!Libs/Tables/rpg/angriness_enum.xml,angriness_enum,angriness_enum,exact,9,0,0,9,0,
883,Rebalancing 1.3-883-1-3-1593332571.7z,Tables.pak!Libs/Tables/rpg/buff.xml,buff,buff,exact,439,0,4,435,0,params
883,Rebalancing 1.3-883-1-3-1593332571.7z,Tables.pak!Libs/Tables/rpg/buff_class.xml,buff_class,buff_class,exact,18,0,0,18,0,
883,Rebalancing 1.3-883-1-3-1593332571.7z,Tables.pak!Libs/Tables/rpg/buff_lifetime.xml,buff_lifetime,buff_lifetime,exact,2,0,0,2,0,
883,Rebalancing 1.3-883-1-3-1593332571.7z,Tables.pak!Libs/Tables/rpg/combat_shout_type.xml,combat_shout_type,combat_shout_type,exact,15,0,0,15,0,
883,Rebalancing 1.3-883-1-3-1593332571.7z,Tables.pak!Libs/Tables/rpg/document_required_skill.xml,document_required_skill,document_required_skill,exact,40,0,0,40,0,
883,Rebalancing 1.3-883-1-3-1593332571.7z,Tables.pak!Libs/Tables/rpg/document_requirement.xml,document_requirement,document_requirement,exact,12,0,0,12,0,
883,Rebalancing 1.3-883-1-3-1593332571.7z,Tables.pak!Libs/Tables/rpg/document_reward.xml,document_reward,document_reward,exact,16,0,0,16,0,
883,Rebalancing 1.3-883-1-3-1593332571.7z,Tables.pak!Libs/Tables/rpg/document_reward_perk.xml,document_reward_perk,document_reward_perk,exact,0,0,0,0,0,
883,Rebalancing 1.3-883-1-3-1593332571.7z,Tables.pak!Libs/Tables/rpg/faction.xml,faction,faction,exact,98,0,0,98,0,
883,Rebalancing 1.3-883-1-3-1593332571.7z,Tables.pak!Libs/Tables/rpg/game_over.xml,game_over,game_over,exact,40,0,0,40,0,
883,Rebalancing 1.3-883-1-3-1593332571.7z,Tables.pak!Libs/Tables/rpg/gender.xml,gender,gender,exact,4,0,0,4,0,
883,Rebalancing 1.3-883-1-3-1593332571.7z,Tables.pak!Libs/Tables/rpg/hobby.xml,hobby,hobby,exact,14,0,0,14,0,
883,Rebalancing 1.3-883-1-3-1593332571.7z,Tables.pak!Libs/Tables/rpg/horse_irritation.xml,horse_irritation,horse_irritation,exact,3,0,0,3,0,
883,Rebalancing 1.3-883-1-3-1593332571.7z,Tables.pak!Libs/Tables/rpg/location.xml,location,location,exact,330,0,0,330,0,
883,Rebalancing 1.3-883-1-3-1593332571.7z,Tables.pak!Libs/Tables/rpg/location2perk.xml,location2perk,location2perk,exact,32,0,0,32,0,
883,Rebalancing 1.3-883-1-3-1593332571.7z,Tables.pak!Libs/Tables/rpg/location_category.xml,location_category,location_category,exact,4,0,0,4,0,
883,Rebalancing 1.3-883-1-3-1593332571.7z,Tables.pak!Libs/Tables/rpg/metarole.xml,metarole,metarole,exact,383,0,0,383,0,
883,Rebalancing 1.3-883-1-3-1593332571.7z,Tables.pak!Libs/Tables/rpg/morale_change.xml,morale_change,morale_change,exact,27,0,0,27,0,
883,Rebalancing 1.3-883-1-3-1593332571.7z,Tables.pak!Libs/Tables/rpg/perk.xml,perk,perk,exact,551,0,7,544,0,level
883,Rebalancing 1.3-883-1-3-1593332571.7z,Tables.pak!Libs/Tables/rpg/perk2perk_exclusivity.xml,perk2perk_exclusivity,perk2perk_exclusivity,exact,19,0,0,19,0,
883,Rebalancing 1.3-883-1-3-1593332571.7z,Tables.pak!Libs/Tables/rpg/perk_buff.xml,perk_buff,perk_buff,exact,138,0,0,138,0,
883,Rebalancing 1.3-883-1-3-1593332571.7z,Tables.pak!Libs/Tables/rpg/perk_buff_override.xml,perk_buff_override,perk_buff_override,exact,11,0,0,11,0,
883,Rebalancing 1.3-883-1-3-1593332571.7z,Tables.pak!Libs/Tables/rpg/perk_codex.xml,perk_codex,perk_codex,exact,243,0,0,243,0,
883,Rebalancing 1.3-883-1-3-1593332571.7z,Tables.pak!Libs/Tables/rpg/perk_combo_step.xml,perk_combo_step,perk_combo_step,exact,38,0,0,38,0,
883,Rebalancing 1.3-883-1-3-1593332571.7z,Tables.pak!Libs/Tables/rpg/perk_companion.xml,perk_companion,perk_companion,exact,18,0,0,18,0,
883,Rebalancing 1.3-883-1-3-1593332571.7z,Tables.pak!Libs/Tables/rpg/perk_recipe.xml,perk_recipe,perk_recipe,exact,1,0,0,1,0,
883,Rebalancing 1.3-883-1-3-1593332571.7z,Tables.pak!Libs/Tables/rpg/perk_rpg_param_override.xml,perk_rpg_param_override,perk_rpg_param_override,exact,25,0,1,24,0,rpg_param_value
883,Rebalancing 1.3-883-1-3-1593332571.7z,Tables.pak!Libs/Tables/rpg/perk_script.xml,perk_script,perk_script,exact,13,0,0,13,0,
883,Rebalancing 1.3-883-1-3-1593332571.7z,Tables.pak!Libs/Tables/rpg/perk_soul_ability.xml,perk_soul_ability,perk_soul_ability,exact,53,0,0,53,0,
883,Rebalancing 1.3-883-1-3-1593332571.7z,Tables.pak!Libs/Tables/rpg/perk_special_riposte.xml,perk_special_riposte,perk_special_riposte,exact,38,0,0,38,0,
883,Rebalancing 1.3-883-1-3-1593332571.7z,Tables.pak!Libs/Tables/rpg/poi_type.xml,poi_type,poi_type,exact,65,0,0,65,0,
883,Rebalancing 1.3-883-1-3-1593332571.7z,Tables.pak!Libs/Tables/rpg/poi_type2perk.xml,poi_type2perk,poi_type2perk,exact,46,0,0,46,0,
883,Rebalancing 1.3-883-1-3-1593332571.7z,Tables.pak!Libs/Tables/rpg/race.xml,race,race,exact,10,0,0,10,0,
883,Rebalancing 1.3-883-1-3-1593332571.7z,Tables.pak!Libs/Tables/rpg/reading_spot_type.xml,reading_spot_type,reading_spot_type,exact,7,0,0,7,0,
883,Rebalancing 1.3-883-1-3-1593332571.7z,Tables.pak!Libs/Tables/rpg/reputation_change.xml,reputation_change,reputation_change,exact,71,0,0,71,0,
883,Rebalancing 1.3-883-1-3-1593332571.7z,Tables.pak!Libs/Tables/rpg/reputation_condition.xml,reputation_condition,reputation_condition,exact,1,0,0,1,0,
883,Rebalancing 1.3-883-1-3-1593332571.7z,Tables.pak!Libs/Tables/rpg/reputation_notification.xml,reputation_notification,reputation_notification,exact,5,0,0,5,0,
883,Rebalancing 1.3-883-1-3-1593332571.7z,Tables.pak!Libs/Tables/rpg/rich_presence.xml,rich_presence,rich_presence,exact,12,0,0,12,0,
883,Rebalancing 1.3-883-1-3-1593332571.7z,Tables.pak!Libs/Tables/rpg/role.xml,role,role,exact,2568,0,0,2568,0,
883,Rebalancing 1.3-883-1-3-1593332571.7z,Tables.pak!Libs/Tables/rpg/rpg_movement_type.xml,rpg_movement_type,rpg_movement_type,exact,6,0,0,6,0,
883,Rebalancing 1.3-883-1-3-1593332571.7z,Tables.pak!Libs/Tables/rpg/rpg_param.xml,rpg_param,rpg_param,exact,191,9,7,175,0,rpg_param_value
883,Rebalancing 1.3-883-1-3-1593332571.7z,Tables.pak!Libs/Tables/rpg/rpg_sound.xml,rpg_sound,rpg_sound,exact,7,0,0,7,0,
883,Rebalancing 1.3-883-1-3-1593332571.7z,Tables.pak!Libs/Tables/rpg/skill.xml,skill,skill,exact,33,0,0,33,0,
883,Rebalancing 1.3-883-1-3-1593332571.7z,Tables.pak!Libs/Tables/rpg/skill2item_category.xml,skill2item_category,skill2item_category,exact,47,0,0,47,0,
883,Rebalancing 1.3-883-1-3-1593332571.7z,Tables.pak!Libs/Tables/rpg/skill_check_difficulty.xml,skill_check_difficulty,skill_check_difficulty,exact,7,0,0,7,0,
883,Rebalancing 1.3-883-1-3-1593332571.7z,Tables.pak!Libs/Tables/rpg/sleeping_spot_type.xml,sleeping_spot_type,sleeping_spot_type,exact,5,0,0,5,0,
883,Rebalancing 1.3-883-1-3-1593332571.7z,Tables.pak!Libs/Tables/rpg/social_class.xml,social_class,social_class,exact,54,0,0,54,0,
883,Rebalancing 1.3-883-1-3-1593332571.7z,Tables.pak!Libs/Tables/rpg/soul2hobby.xml,soul2hobby,soul2hobby,exact,2328,0,0,2328,0,
883,Rebalancing 1.3-883-1-3-1593332571.7z,Tables.pak!Libs/Tables/rpg/soul2inventory.xml,soul2inventory,soul2inventory,exact,1237,0,0,1237,0,
883,Rebalancing 1.3-883-1-3-1593332571.7z,Tables.pak!Libs/Tables/rpg/soul2metarole.xml,soul2metarole,soul2metarole,exact,11906,0,0,11906,0,
883,Rebalancing 1.3-883-1-3-1593332571.7z,Tables.pak!Libs/Tables/rpg/soul2perk.xml,soul2perk,soul2perk,exact,48718,0,0,48718,0,
883,Rebalancing 1.3-883-1-3-1593332571.7z,Tables.pak!Libs/Tables/rpg/soul2skill.xml,soul2skill,soul2skill,exact,36442,0,0,36442,0,
883,Rebalancing 1.3-883-1-3-1593332571.7z,Tables.pak!Libs/Tables/rpg/soul_ability.xml,soul_ability,soul_ability,exact,54,0,0,54,0,
883,Rebalancing 1.3-883-1-3-1593332571.7z,Tables.pak!Libs/Tables/rpg/soul_archetype.xml,soul_archetype,soul_archetype,exact,16,0,4,12,0,"body_base_armor,inventory_capacity_multiplier"
883,Rebalancing 1.3-883-1-3-1593332571.7z,Tables.pak!Libs/Tables/rpg/soul_archetype_movement.xml,soul_archetype_movement,soul_archetype_movement,exact,66,0,0,66,0,
883,Rebalancing 1.3-883-1-3-1593332571.7z,Tables.pak!Libs/Tables/rpg/soul_class.xml,soul_class,soul_class,exact,19,0,0,19,0,
883,Rebalancing 1.3-883-1-3-1593332571.7z,Tables.pak!Libs/Tables/rpg/soul_slot2health.xml,soul_slot2health,soul_slot2health,exact,480,0,0,480,0,
883,Rebalancing 1.3-883-1-3-1593332571.7z,Tables.pak!Libs/Tables/rpg/soul_slot2weapon_health.xml,soul_slot2weapon_health,soul_slot2weapon_health,exact,2,0,0,2,0,
883,Rebalancing 1.3-883-1-3-1593332571.7z,Tables.pak!Libs/Tables/rpg/sph_group.xml,sph_group,sph_group,exact,3,0,0,3,0,
883,Rebalancing 1.3-883-1-3-1593332571.7z,Tables.pak!Libs/Tables/rpg/sph_highlight.xml,sph_highlight,sph_highlight,exact,54,0,0,54,0,
883,Rebalancing 1.3-883-1-3-1593332571.7z,Tables.pak!Libs/Tables/rpg/statistic.xml,statistic,statistic,exact,183,0,0,183,0,
883,Rebalancing 1.3-883-1-3-1593332571.7z,Tables.pak!Libs/Tables/rpg/statistic_group.xml,statistic_group,statistic_group,exact,8,0,0,8,0,
883,Rebalancing 1.3-883-1-3-1593332571.7z,Tables.pak!Libs/Tables/rpg/superfaction.xml,superfaction,superfaction,exact,63,0,0,63,0,
883,Rebalancing 1.3-883-1-3-1593332571.7z,Tables.pak!Libs/Tables/rpg/superfaction2superfaction_relationship.xml,superfaction2superfaction_relationship,superfaction2superfaction_relationship,exact,274,0,0,274,0,
883,Rebalancing 1.3-883-1-3-1593332571.7z,Tables.pak!Libs/Tables/rpg/v_rich_presence_text.xml,v_rich_presence_text,v_rich_presence_text,exact,2264,0,0,2264,0,
883,Rebalancing 1.3-883-1-3-1593332571.7z,Tables.pak!Libs/Tables/rpg/v_soul_character_data.xml,v_soul_character_data,v_soul_character_data,exact,5025,0,0,5025,0,
883,Rebalancing 1.3-883-1-3-1593332571.7z,Tables.pak!Libs/Tables/rpg/v_sph_texts.xml,v_sph_texts,v_sph_texts,exact,570,0,0,570,0,
883,Rebalancing 1.3-883-1-3-1593332571.7z,Tables.pak!Libs/Tables/shop/shop.xml,shop,shop,exact,163,0,161,2,0,price_sell_multiplier
883,Rebalancing 1.3-883-1-3-1593332571.7z,Tables.pak!Libs/Tables/shop/shop2item.xml,shop2item,shop2item,exact,1,0,0,1,0,
883,Rebalancing 1.3-883-1-3-1593332571.7z,Tables.pak!Libs/Tables/shop/shopkeeper.xml,shopkeeper,shopkeeper,exact,169,0,0,169,0,
883,Rebalancing 1.3-883-1-3-1593332571.7z,Tables.pak!Libs/Tables/shop/shop_type2item.xml,shop_type2item,shop_type2item,exact,1953,0,0,1953,0,
883,Rebalancing 1.3-883-1-3-1593332571.7z,Tables.pak!Libs/Tables/skald/skald_objective.xml,skald_objective,skald_objective,exact,2797,0,0,2797,0,
883,Rebalancing 1.3-883-1-3-1593332571.7z,Tables.pak!Libs/Tables/skald/skald_objective_string.xml,skald_objective_string,skald_objective_string,exact,11696,0,0,11696,0,
883,Rebalancing 1.3-883-1-3-1593332571.7z,Tables.pak!Libs/Tables/skald/skald_objective_string_type.xml,skald_objective_string_type,skald_objective_string_type,exact,8,0,0,8,0,
883,Rebalancing 1.3-883-1-3-1593332571.7z,Tables.pak!Libs/Tables/skald/skald_quest_string.xml,skald_quest_string,skald_quest_string,exact,381,0,0,381,0,
883,Rebalancing 1.3-883-1-3-1593332571.7z,Tables.pak!Libs/Tables/skald/skald_quest_string_type.xml,skald_quest_string_type,skald_quest_string_type,exact,2,0,0,2,0,
883,Rebalancing 1.3-883-1-3-1593332571.7z,Tables.pak!Libs/Tables/text/dialogue_command_hearing.xml,dialogue_command_hearing,dialogue_command_hearing,exact,22,0,0,22,0,
883,Rebalancing 1.3-883-1-3-1593332571.7z,Tables.pak!Libs/Tables/text/dialogue_functions.xml,dialogue_functions,dialogue_functions,exact,261,0,0,261,0,
883,Rebalancing 1.3-883-1-3-1593332571.7z,Tables.pak!Libs/Tables/text/dialogue_hearing.xml,dialogue_hearing,dialogue_hearing,exact,7,0,0,7,0,
883,Rebalancing 1.3-883-1-3-1593332571.7z,Tables.pak!Libs/Tables/text/dialogue_mood.xml,dialogue_mood,dialogue_mood,exact,86,0,0,86,0,
883,Rebalancing 1.3-883-1-3-1593332571.7z,Tables.pak!Libs/Tables/text/sequence2quest_objective.xml,sequence2quest_objective,sequence2quest_objective,exact,6680,0,0,6680,0,
883,Rebalancing 1.3-883-1-3-1593332571.7z,Tables.pak!Libs/Tables/text/sequence_flowchart.xml,sequence_flowchart,sequence_flowchart,exact,2,0,0,2,0,
883,Rebalancing 1.3-883-1-3-1593332571.7z,Tables.pak!Libs/Tables/text/topic.xml,topic,topic,exact,22663,0,0,22663,0,
883,Rebalancing 1.3-883-1-3-1593332571.7z,Tables.pak!Libs/Tables/text/topic2sequence.xml,topic2sequence,topic2sequence,exact,49404,0,1,49403,0,entry_condition
883,Rebalancing 1.3-883-1-3-1593332571.7z,Tables.pak!Libs/Tables/text/topictorole.xml,TopicToRole,?,unknown table,13426,0,13426,0,0,
883,Rebalancing 1.3-883-1-3-1593332571.7z,Tables.pak!Libs/Tables/text/v_branch.xml,v_branch,v_branch,exact,8926,0,0,8926,0,
883,Rebalancing 1.3-883-1-3-1593332571.7z,Tables.pak!Libs/Tables/text/v_topic2subchapter_id.xml,v_topic2subchapter_id,v_topic2subchapter_id,exact,5846,0,0,5846,0,
883,Rebalancing 1.3-883-1-3-1593332571.7z,Tables.pak!Libs/Tables/text/v_voice_abbreviation.xml,v_voice_abbreviation,v_voice_abbreviation,exact,64,0,0,64,0,
883,Rebalancing 1.3-883-1-3-1593332571.7z,Tables.pak!Libs/Tables/ui/cf_backer_ingame.xml,cf_backer_ingame,cf_backer_ingame,exact,396,0,0,396,0,
883,Rebalancing 1.3-883-1-3-1593332571.7z,Tables.pak!Libs/Tables/ui/credit_layout.xml,credit_layout,credit_layout,exact,12,0,0,12,0,
883,Rebalancing 1.3-883-1-3-1593332571.7z,Tables.pak!Libs/Tables/ui/credit_people.xml,credit_people,credit_people,exact,1212,0,0,1212,101,
883,Rebalancing 1.3-883-1-3-1593332571.7z,Tables.pak!Libs/Tables/ui/credit_role.xml,credit_role,credit_role,exact,483,0,0,483,10,
883,Rebalancing 1.3-883-1-3-1593332571.7z,Tables.pak!Libs/Tables/ui/credit_role2language.xml,credit_role2language,credit_role2language,exact,9792,0,0,9792,10,
883,Rebalancing 1.3-883-1-3-1593332571.7z,Tables.pak!Libs/Tables/ui/infotext_category.xml,infotext_category,infotext_category,exact,1,0,0,1,0,
883,Rebalancing 1.3-883-1-3-1593332571.7z,Tables.pak!Libs/Tables/ui/skiptime.xml,skiptime,skiptime,exact,20,0,0,20,0,
883,Rebalancing 1.3-883-1-3-1593332571.7z,Tables.pak!Libs/Tables/ui/ui_local_maps.xml,ui_local_maps,ui_local_maps,exact,15,0,0,15,0,
883,Rebalancing 1.3-883-1-3-1593332571.7z,Tables.pak!Libs/Tables/ui/ui_map_label.xml,ui_map_label,ui_map_label,exact,14,0,0,14,0,
883,Rebalancing 1.3-883-1-3-1593332571.7z,Tables.pak!Libs/Tables/ui/video_language2audio_track.xml,video_language2audio_track,video_language2audio_track,exact,22,0,0,22,0,
1009,Perkaholic PTF-1009-1-2-3-1714642782,Data/Tables/rpg/buff__perkaholic.xml,buff,buff,exact,61,56,5,0,434,"buff_ui_order,buff_ui_visibility_id,icon_id,params,slot_buff_ui_name"
1009,Perkaholic PTF-1009-1-2-3-1714642782,Data/Tables/rpg/perk2perk_exclusivity__perkaholic.xml,perk2perk_exclusivity,perk2perk_exclusivity,exact,3,3,0,0,19,
1009,Perkaholic PTF-1009-1-2-3-1714642782,Data/Tables/rpg/perk_buff_override__perkaholic.xml,perk_buff_override,perk_buff_override,exact,17,17,0,0,11,
1009,Perkaholic PTF-1009-1-2-3-1714642782,Data/Tables/rpg/perk_buff__perkaholic.xml,perk_buff,perk_buff,exact,56,55,0,1,137,
1009,Perkaholic PTF-1009-1-2-3-1714642782,Data/Tables/rpg/perk__perkaholic.xml,perk,perk,exact,57,56,1,0,550,"level,perk_name,perk_ui_desc,perk_ui_name"
1009,Perkaholic PTF-1009-1-2-3-1714642782,Data/Tables/rpg/skill__perkaholic.xml,skill,skill,exact,1,0,1,0,32,hidden
1009,Perkaholic PTF-1009-1-2-3-1780997771.rar,Perkaholic/Data/perkaholic.pak!Libs/Tables/rpg/buff__perkaholic.xml,buff,buff,exact,61,56,5,0,434,"buff_ui_order,buff_ui_visibility_id,icon_id,params,slot_buff_ui_name"
1009,Perkaholic PTF-1009-1-2-3-1780997771.rar,Perkaholic/Data/perkaholic.pak!Libs/Tables/rpg/perk2perk_exclusivity__perkaholic.xml,perk2perk_exclusivity,perk2perk_exclusivity,exact,3,3,0,0,19,
1009,Perkaholic PTF-1009-1-2-3-1780997771.rar,Perkaholic/Data/perkaholic.pak!Libs/Tables/rpg/perk_buff_override__perkaholic.xml,perk_buff_override,perk_buff_override,exact,17,17,0,0,11,
1009,Perkaholic PTF-1009-1-2-3-1780997771.rar,Perkaholic/Data/perkaholic.pak!Libs/Tables/rpg/perk_buff__perkaholic.xml,perk_buff,perk_buff,exact,56,55,0,1,137,
1009,Perkaholic PTF-1009-1-2-3-1780997771.rar,Perkaholic/Data/perkaholic.pak!Libs/Tables/rpg/perk__perkaholic.xml,perk,perk,exact,57,56,1,0,550,"level,perk_name,perk_ui_desc,perk_ui_name"
1009,Perkaholic PTF-1009-1-2-3-1780997771.rar,Perkaholic/Data/perkaholic.pak!Libs/Tables/rpg/skill__perkaholic.xml,skill,skill,exact,1,0,1,0,32,hidden
1062,SIM_Camping.zip-1062-1-5-1-1-1598039154.zip,SIM_Camping/Data/SIMCampingMinML.pak!Libs/Tables/item/food__sim_camping.xml,food__sim_camping,food,ptf,1,1,0,0,202,
1062,SIM_Camping.zip-1062-1-5-1-1-1598039154.zip,SIM_Camping/Data/SIMCampingMinML.pak!Libs/Tables/item/item__sim_camping.xml,item__sim_camping,item,ptf,5,5,0,0,2214,
1062,SIM_Camping.zip-1062-1-5-1-1-1598039154.zip,SIM_Camping/Data/SIMCampingMinML.pak!Libs/Tables/item/ointment_item__sim_camping.xml,ointment_item,ointment_item,exact,4,4,0,0,10,
1062,SIM_Camping.zip-1062-1-5-1-1-1598039154.zip,SIM_Camping/Data/SIMCampingMinML.pak!Libs/Tables/item/pickable_item__sim_camping.xml,pickable_item__sim_camping,pickable_item,ptf,5,5,0,0,2210,
1062,SIM_Camping.zip-1062-1-5-1-1-1598039154.zip,SIM_Camping/Data/SIMCampingMinML.pak!Libs/Tables/item/player_item__sim_camping.xml,player_item__sim_camping,player_item,ptf,5,5,0,0,2114,
1062,SIM_Camping.zip-1062-1-5-1-1-1598039154.zip,SIM_Camping/Data/SIMCampingMinML.pak!Libs/Tables/item/questible_item__sim_camping.xml,questible_item__sim_camping,questible_item,ptf,4,4,0,0,840,
1062,SIM_Camping.zip-1062-1-5-1-1-1598039154.zip,SIM_Camping/Data/SIMCampingMinML.pak!Libs/Tables/rpg/buff__sim_camping.xml,buff__sim_camping,buff,ptf,2,2,0,0,439,
1062,SIM_Camping.zip-1062-1-5-1-1-1598039154.zip,SIM_Camping/Data/SIMCampingMinML.pak!Libs/Tables/rpg/perk_buff__sim_camping.xml,perk_buff__sim_camping,perk_buff,ptf,2,2,0,0,138,
1062,SIM_Camping.zip-1062-1-5-1-1-1598039154.zip,SIM_Camping/Data/SIMCampingMinML.pak!Libs/Tables/rpg/perk__sim_camping.xml,perk__sim_camping,perk,ptf,2,2,0,0,551,
1062,SIM_Camping.zip-1062-1-5-1-1-1598039154.zip,SIM_Camping/Data/SIMCampingMinML.pak!Libs/Tables/rpg/sleeping_spot_type.xml,sleeping_spot_type,sleeping_spot_type,exact,8,3,0,5,0,
1062,SIM_Camping.zip-1062-1-5-1-1-1598039154.zip,SIM_Camping/Data/SIMCampingMinML.pak!Libs/Tables/shop/shop_type2item__sim_camping.xml,shop_type2item__sim_camping,shop_type2item,ptf,18,6,12,0,717,"amount,shop_type_id"
1070,Better Combat-1070-1-2-1594609210.rar,Zeeb - Better Combat/Data/BetterCombat.pak!Libs/Tables/rpg/rpg_param__better_combat.xml,rpg_param,rpg_param,exact,16,7,9,0,173,rpg_param_value
1070,Better Combat-1070-1-2-1594609210.rar,Zeeb - Better Combat/Data/BetterCombat.pak!Libs/Tables/rpg/perk_rpg_param_override__better_combat.xml,perk_rpg_param_override,perk_rpg_param_override,exact,16,12,4,0,21,rpg_param_value
1084,op_bows_power_100-1084-1-1-1598736006.rar,op_bows_power_100/Data/op_bows_power_100.pak!Libs/Tables/Item/missile_weapon__op_bows_power_100.xml,missile_weapon,missile_weapon,exact,2,0,2,0,21,power
1100,Faster archery easy-1100-1-0-1600006459.rar,faster_archery_easy/Data/faster_archery_easy.pak!Libs/Tables/rpg/rpg_param__faster_archery_easy.xml,rpg_param,rpg_param,exact,3,3,0,0,182,
1105,Service Prices-1105-1-0-1600469221.zip,Service_Prices/Data/Service_Prices.pak!Libs/Tables/text/sequence__service_prices.xml,sequence,sequence,exact,6,0,6,0,52409,script
1112,combatoverhaul-1112-1-6-4-1603868865.7z,CombatOverhaul/data/data.pak!Libs/Tables/combat/combat_action_perfect_block__combatoverhaul.xml,combat_action_perfect_block__combatoverhaul,combat_action_perfect_block,ptf,168,156,0,12,344,
1112,combatoverhaul-1112-1-6-4-1603868865.7z,CombatOverhaul/data/data.pak!Libs/Tables/combat/combat_attack_type__combatoverhaul.xml,combat_attack_type,combat_attack_type,exact,1,0,1,0,10,relative_stamina_cost
1112,combatoverhaul-1112-1-6-4-1603868865.7z,CombatOverhaul/data/data.pak!Libs/Tables/rpg/perk_rpg_param_override__combatoverhaul.xml,perk_rpg_param_override__combatoverhaul,perk_rpg_param_override,ptf,44,41,2,1,22,rpg_param_value
1112,combatoverhaul-1112-1-6-4-1603868865.7z,CombatOverhaul/data/data.pak!Libs/Tables/rpg/rpg_param__combatoverhaul.xml,rpg_param__combatoverhaul,rpg_param,ptf,43,29,13,1,168,rpg_param_value
1112,combatoverhaul-1112-1-6-4-1603868865.7z,CombatOverhaul/data/data.pak!Libs/Tables/rpg/soul__combatoverhaul.xml,soul,soul,exact,1,0,1,0,5024,combat_level
1148,deadlycombo-1148-1-1605253363.7z,deadlycombos/Data/tables_patch.pak!Libs/Tables/combat/combat_sync_action_hit__deadlycombos.xml,combat_sync_action_hit,combat_sync_action_hit,exact,597,0,597,0,0,attack_value_coef
1148,deadlycombo-1148-1-1605253363.7z,deadlycombos/Data/tables_patch.pak!Libs/Tables/item/melee_weapon__deadlycombos.xml,melee_weapon,melee_weapon,exact,77,0,77,0,90,"attack,slash_att_mod,smash_att_mod,stab_att_mod"
1195,Get Water-1195-1-0-1612638603.7z,Get_Water/Data/Get_Water.pak!Libs/Tables/item/item__get_water.xml,item,item,exact,1,1,0,0,2214,
1195,Get Water-1195-1-0-1612638603.7z,Get_Water/Data/Get_Water.pak!Libs/Tables/item/pickable_item__get_water.xml,pickable_item,pickable_item,exact,1,1,0,0,2210,
1195,Get Water-1195-1-0-1612638603.7z,Get_Water/Data/Get_Water.pak!Libs/Tables/item/player_item__get_water.xml,player_item,player_item,exact,1,1,0,0,2114,
1195,Get Water-1195-1-0-1612638603.7z,Get_Water/Data/Get_Water.pak!Libs/Tables/item/questible_item__get_water.xml,questible_item,questible_item,exact,1,1,0,0,840,
1236,easycombat-1236-1-1-1618287536.rar,easycombat/Data/easycombat.pak!Libs/Tables/rpg/rpg_param__easycombat.xml,rpg_param__easycombat,rpg_param,ptf,2,0,2,0,180,rpg_param_value
1243,02- 50 percent dumber enemies-1243-1-1-1618286957.rar,dumberennemies50/Data/dumberennemies50.pak!Libs/Tables/rpg/rpg_param__dumberennemies50.xml,rpg_param__dumberennemies50,rpg_param,ptf,8,0,8,0,174,rpg_param_value
1243,04- no npc master strike-1243-1-0-1618262566.rar,removemasterstrikeonly/Data/removemasterstrikeonly.pak!Libs/Tables/rpg/rpg_param__removemasterstrikeonly.xml,rpg_param__removemasterstrikeonly,rpg_param,ptf,5,0,5,0,177,rpg_param_value
1260,Rpg Tweaks 0.9.1-1260-0-9-1-1627282645.rar,Rpg Tweaks 0.9.1/Data/Rpg_Tweaks.pak!Libs/Tables/rpg/perk_rpg_param_override.xml,perk_rpg_param_override,perk_rpg_param_override,exact,25,0,17,8,1,rpg_param_value
1260,Rpg Tweaks 0.9.1-1260-0-9-1-1627282645.rar,Rpg Tweaks 0.9.1/Data/Rpg_Tweaks.pak!Libs/Tables/rpg/rpg_param.xml,rpg_param,rpg_param,exact,107,2,59,46,77,rpg_param_value
1260,Rpg Tweaks 0.9.1-1260-0-9-1-1627282645.rar,Rpg Tweaks 0.9.1/Data/Libs/Tables/rpg/rpg_param.xml,rpg_param,rpg_param,exact,18,7,10,1,171,rpg_param_value
1266,stronger_drinks-1266-1-0-1627071776.rar,stronger_drinks/Data/stronger_drinks.pak!Libs/Tables/item/food__stronger_drinks.xml,food,food,exact,9,0,9,0,193,alcohol_content
1292,Ultimate Repair Kit 2.0-1292-1-2-1642365001.7z,Mods/UltimateRepairKit2/Data/UltimateRepairKit2.pak!Libs/Tables/rpg/perk_rpg_param_override__ultimaterepairkit2.xml,perk_rpg_param_override__ultimaterepairkit2,perk_rpg_param_override,ptf,1,0,1,0,24,rpg_param_value
1292,Ultimate Repair Kit 2.0-1292-1-2-1642365001.7z,Mods/UltimateRepairKit2/Data/UltimateRepairKit2.pak!Libs/Tables/rpg/rpg_param__ultimaterepairkit2.xml,rpg_param__ultimaterepairkit2,rpg_param,ptf,1,1,0,0,182,
1292,Ultimate Repair Kit 2.0-1292-1-2-1642365001.7z,Mods/UltimateRepairKit2/Data/UltimateRepairKit2.pak!Libs/Tables/rpg/skill2item_category__ultimaterepairkit2.xml,skill2item_category__ultimaterepairkit2,skill2item_category,ptf,2,2,0,0,47,
1334,FastLearningHenry1.0-1334-0-5-1644641439.7z,FastLerningHenry1.0/LevelCap25/Mods/FastLearningHenry/Data/FastLearningHenry.pak!Libs/Tables/rpg/rpg_param.xml,rpg_param,rpg_param,exact,185,3,46,136,0,rpg_param_value
1334,FastLearningHenry1.0-1334-0-5-1644641439.7z,FastLerningHenry1.0/LevelCapDefault/Mods/FastLearningHenry/Data/FastLearningHenry.pak!Libs/Tables/rpg/rpg_param.xml,rpg_param,rpg_param,exact,183,1,46,136,0,rpg_param_value
1375,No Aim Spread - Normal version-1375-2-2-1775620893.zip,NoAimSpread/Data/NoAimSpread.pak!Libs/Tables/rpg/rpg_param__NoAimSpread.xml,rpg_param,rpg_param,exact,1,0,0,1,181,
1375,No Aim Spread - Normal version-1375-2-2-1775620893.zip,NoAimSpread/Data/NoAimSpread.pak!Libs/Tables/rpg/perk__NoAimSpread.xml,perk,perk,exact,1,1,0,0,551,
1375,No Aim Spread - Normal version-1375-2-2-1775620893.zip,NoAimSpread/Data/NoAimSpread.pak!Libs/Tables/rpg/buff__NoAimSpread.xml,buff,buff,exact,1,1,0,0,439,
1375,No Aim Spread - Normal version-1375-2-2-1775620893.zip,NoAimSpread/Data/NoAimSpread.pak!Libs/Tables/rpg/perk_buff__NoAimSpread.xml,perk_buff,perk_buff,exact,1,1,0,0,138,
1375,No Aim Spread - Normal version-1375-2-2-1775620893.zip,NoAimSpread/Data/NoAimSpread.pak!Libs/Tables/game_mode__NoAimSpread.xml,game_mode,game_mode,exact,1,1,0,0,2,
1375,No Aim Spread - Normal version-1375-2-2-1775620893.zip,NoAimSpread/Data/NoAimSpread.pak!Libs/Tables/rpg/soul2perk__NoAimSpread.xml,soul2perk,soul2perk,exact,1,1,0,0,48718,
1376,Archery mod - Faster arrows-1376-1-1-1775621786.zip,Archerymod/Data/Archerymod.pak!Libs/Tables/item/ammo__Archerymod.xml,ammo,ammo,exact,14,0,14,0,0,"power_mod,slash_att,stab_att"
1376,Archery mod - Faster arrows-1376-1-1-1775621786.zip,Archerymod/Data/Archerymod.pak!Libs/Tables/item/missile_weapon__Archerymod.xml,missile_weapon,missile_weapon,exact,23,0,0,23,0,
1380,BlackItems - PTF-1380-1-1-1780999063.rar,BlackItems/Data/black_items.pak!Libs/Tables/item/armor__black_items.xml,armor,armor,exact,6,6,0,0,796,
1380,BlackItems - PTF-1380-1-1-1780999063.rar,BlackItems/Data/black_items.pak!Libs/Tables/item/clothing_raycast__black_items.xml,clothing_raycast,clothing_raycast,exact,1,1,0,0,384,
1380,BlackItems - PTF-1380-1-1-1780999063.rar,BlackItems/Data/black_items.pak!Libs/Tables/item/clothing__black_items.xml,clothing,clothing,exact,6,6,0,0,419,
1380,BlackItems - PTF-1380-1-1-1780999063.rar,BlackItems/Data/black_items.pak!Libs/Tables/item/equippable_item__black_items.xml,equippable_item,equippable_item,exact,6,6,0,0,1000,
1380,BlackItems - PTF-1380-1-1-1780999063.rar,BlackItems/Data/black_items.pak!Libs/Tables/item/item__black_items.xml,item,item,exact,6,6,0,0,2214,
1380,BlackItems - PTF-1380-1-1-1780999063.rar,BlackItems/Data/black_items.pak!Libs/Tables/item/pickable_item__black_items.xml,pickable_item,pickable_item,exact,6,6,0,0,2210,
1380,BlackItems - PTF-1380-1-1-1780999063.rar,BlackItems/Data/black_items.pak!Libs/Tables/item/player_item__black_items.xml,player_item,player_item,exact,11,6,5,0,2109,ui_name
1380,BlackItems - PTF-1380-1-1-1780999063.rar,BlackItems/Data/black_items.pak!Libs/Tables/shop/shop_type2item__black_items.xml,shop_type2item,shop_type2item,exact,17,17,0,0,719,
1384,zzz_BCAIC_BetterCombatLite.pak-1384-2-1654111935.zip,zzz_BCAIC_BetterCombatLite.pak!Libs/Tables/combat/combat_action_perfect_block__BCAIC.xml,combat_action_perfect_block__combatoverhaul,combat_action_perfect_block,ptf,152,150,0,2,354,
1384,zzz_BCAIC_BetterCombatLite.pak-1384-2-1654111935.zip,zzz_BCAIC_BetterCombatLite.pak!Libs/Tables/rpg/buff__BCAIC.xml,buff__bcaic,buff,ptf,8,0,8,0,431,params
1384,zzz_BCAIC_BetterCombatLite.pak-1384-2-1654111935.zip,zzz_BCAIC_BetterCombatLite.pak!Libs/Tables/rpg/perk_rpg_param_override__BCAIC.xml,perk_rpg_param_override__bcaic,perk_rpg_param_override,ptf,5,0,5,0,20,rpg_param_value
1384,zzz_BCAIC_BetterCombatLite.pak-1384-2-1654111935.zip,zzz_BCAIC_BetterCombatLite.pak!Libs/Tables/rpg/rpg_param__BCAIC.xml,rpg_param__bcaic,rpg_param,ptf,21,10,8,3,171,rpg_param_value
1419,Immersive Archery-1419-1-2-1665671489.zip,ImmersiveArchery/Data/immersive_archery.pak!Libs/Tables/rpg/rpg_param__immersive_archery.xml,rpg_param,rpg_param,exact,6,5,1,0,181,rpg_param_value
1419,Immersive Archery-1419-1-2-1665671489.zip,ImmersiveArchery/Data/immersive_archery.pak!Libs/Tables/item/ammo__immersive_archery.xml,ammo,ammo,exact,14,0,14,0,0,"power_mod,slash_att,stab_att"
1424,Better Sleep Fixed-1424-1-1-1666227085.zip,BetterSleep/Data/zzz_better_sleep.pak!Libs/Tables/rpg/sleeping_spot_type.xml,sleeping_spot_type,sleeping_spot_type,exact,5,0,5,0,0,sleeping_quality
1425,SavingSoles-1425-1-0-1666738645.rar,SavingSouls/Data/SavingSouls.pak!Libs/Tables/rpg/rpg_param__savingsouls.xml,rpg_param__savingsouls,rpg_param,ptf,1,0,1,0,181,rpg_param_value
1426,1to10 Timescale Patch-1426-1-0-1666809096.rar,TimeScalePatch/Data/TimeScalePatch.pak!Libs/Tables/rpg/rpg_param__timescalepatch.xml,rpg_param_timescalepatch,rpg_param,single-underscore,2,2,0,0,182,
1483,TSM Splower Food Spoil-1483-1-0-1677271171.7z,SlowerFoodSpoil_2X/Data/SlowerFoodSpoil.pak!Libs/Tables/item/food__slowerfoodspoil.xml,food__slowerfoodspoil,food,ptf,111,0,111,0,91,decay_time_hours
1483,TSM Splower Food Spoil-1483-1-0-1677271171.7z,SlowerFoodSpoil_3X/Data/SlowerFoodSpoil.pak!Libs/Tables/item/food__slowerfoodspoil.xml,food__slowerfoodspoil,food,ptf,111,0,111,0,91,decay_time_hours
1483,TSM Splower Food Spoil-1483-1-0-1677271171.7z,SlowerFoodSpoil_5X/Data/SlowerFoodSpoil.pak!Libs/Tables/item/food__slowerfoodspoil.xml,food__slowerfoodspoil,food,ptf,111,0,111,0,91,decay_time_hours
1545,Saddles Have Durability-1545-1-0-1694353149.7z,zzz_SaddlesHaveDurability/Data/zzz_SaddlesHaveDurability.pak!Libs/Tables/item/armor__SaddlesHaveDurability.xml,armor,armor,exact,20,0,20,0,776,max_status
1558,Karnages_KCD_Essential_Fixes 2.0-1558-1-0-0-1700590734.7z,Karnages_KCD_Essential_Fixes 2.0/Data/Karnages_KCD_Essential_Fixes.pak!Libs/Tables/rpg/document_required_skill__Karnages_KCD_Essential_Fixes.xml,document_required_skill,document_required_skill,exact,40,0,40,0,0,skill_xp_gained
1558,Karnages_KCD_Essential_Fixes 2.0-1558-1-0-0-1700590734.7z,Karnages_KCD_Essential_Fixes 2.0/Data/Karnages_KCD_Essential_Fixes.pak!Libs/Tables/rpg/perk_rpg_param_override__Karnages_KCD_Essential_Fixes.xml,perk_rpg_param_override,perk_rpg_param_override,exact,16,3,13,0,12,rpg_param_value
1558,Karnages_KCD_Essential_Fixes 2.0-1558-1-0-0-1700590734.7z,Karnages_KCD_Essential_Fixes 2.0/Data/Karnages_KCD_Essential_Fixes.pak!Libs/Tables/rpg/rpg_param__Karnages_KCD_Essential_Fixes.xml,rpg_param,rpg_param,exact,101,23,76,2,105,rpg_param_value
1559,Karnages_Weapons_Damage_Balance 2.0-1559-1-0-0-1700591190.7z,Karnages_Weapons_Damage_Balance 2.0/Data/Karnages_Weapons_Damage_Balance.pak!Libs/Tables/item/melee_weapon__Karnages_Weapons_Damage_Balance.xml,melee_weapon,melee_weapon,exact,77,0,77,0,90,"attack,slash_att_mod,smash_att_mod,stab_att_mod"
1560,Karnages_Durability_Redux-1560-1-0-0-1700591696.7z,Karnages_Durability_Redux/Data/Karnages_Durability_Redux.pak!Libs/Tables/item/weapon__Karnages_Durability_Redux.xml,weapon,weapon,exact,190,0,189,1,0,max_status
1560,Karnages_Durability_Redux-1560-1-0-0-1700591696.7z,Karnages_Durability_Redux/Data/Karnages_Durability_Redux.pak!Libs/Tables/item/armor__Karnages_Durability_Redux.xml,armor,armor,exact,796,0,775,21,0,max_status
1563,Karnages_Polearm_Restoration 2.0-1563-1-0-0-1700618380.7z,Karnages_Polearm_Restoration 2.0/data/Karnages_Polearm_Restoration.pak!Libs/Tables/animation/mn_fragment__Karnages_Polearm_Restoration.xml,mn_fragment,mn_fragment,exact,6,6,0,0,554,
1563,Karnages_Polearm_Restoration 2.0-1563-1-0-0-1700618380.7z,Karnages_Polearm_Restoration 2.0/data/Karnages_Polearm_Restoration.pak!Libs/Tables/combat/combat_action_attack__Karnages_Polearm_Restoration.xml,combat_action_attack__PPB,combat_action_attack,ptf,14,6,0,8,139,
1563,Karnages_Polearm_Restoration 2.0-1563-1-0-0-1700618380.7z,Karnages_Polearm_Restoration 2.0/data/Karnages_Polearm_Restoration.pak!Libs/Tables/combat/combat_action_attack__Karnages_Polearm_Restoration.xml,combat_action_attack__PPB,combat_action_attack,ptf,14,6,0,8,139,
1563,Karnages_Polearm_Restoration 2.0-1563-1-0-0-1700618380.7z,Karnages_Polearm_Restoration 2.0/data/Karnages_Polearm_Restoration.pak!Libs/Tables/combat/combat_action_guard_movement__Karnages_Polearm_Restoration.xml,combat_action_guard_movement,combat_action_guard_movement,exact,4,4,0,0,111,
1563,Karnages_Polearm_Restoration 2.0-1563-1-0-0-1700618380.7z,Karnages_Polearm_Restoration 2.0/data/Karnages_Polearm_Restoration.pak!Libs/Tables/combat/combat_action_guard_movement__Karnages_Polearm_Restoration.xml,combat_action_guard_movement,combat_action_guard_movement,exact,4,4,0,0,111,
1563,Karnages_Polearm_Restoration 2.0-1563-1-0-0-1700618380.7z,Karnages_Polearm_Restoration 2.0/data/Karnages_Polearm_Restoration.pak!Libs/Tables/combat/combat_action_perfect_block__Karnages_Polearm_Restoration.xml,combat_action_perfect_block__PPB,combat_action_perfect_block,ptf,5,5,0,0,356,
1563,Karnages_Polearm_Restoration 2.0-1563-1-0-0-1700618380.7z,Karnages_Polearm_Restoration 2.0/data/Karnages_Polearm_Restoration.pak!Libs/Tables/combat/combat_action_perfect_block__Karnages_Polearm_Restoration.xml,combat_action_perfect_block__PPB,combat_action_perfect_block,ptf,5,5,0,0,356,
1563,Karnages_Polearm_Restoration 2.0-1563-1-0-0-1700618380.7z,Karnages_Polearm_Restoration 2.0/data/Karnages_Polearm_Restoration.pak!Libs/Tables/combat/combat_action_pose_modifier__Karnages_Polearm_Restoration.xml,combat_action_pose_modifier__PPB,combat_action_pose_modifier,ptf,16,16,0,0,112,
1563,Karnages_Polearm_Restoration 2.0-1563-1-0-0-1700618380.7z,Karnages_Polearm_Restoration 2.0/data/Karnages_Polearm_Restoration.pak!Libs/Tables/combat/combat_action_pose_modifier__Karnages_Polearm_Restoration.xml,combat_action_pose_modifier__PPB,combat_action_pose_modifier,ptf,16,16,0,0,112,
1563,Karnages_Polearm_Restoration 2.0-1563-1-0-0-1700618380.7z,Karnages_Polearm_Restoration 2.0/data/Karnages_Polearm_Restoration.pak!Libs/Tables/combat/combat_action_sync_attack__Karnages_Polearm_Restoration.xml,combat_action_sync_attack__PPB,combat_action_sync_attack,ptf,3,3,0,0,295,
1563,Karnages_Polearm_Restoration 2.0-1563-1-0-0-1700618380.7z,Karnages_Polearm_Restoration 2.0/data/Karnages_Polearm_Restoration.pak!Libs/Tables/combat/combat_action_sync_attack__Karnages_Polearm_Restoration.xml,combat_action_sync_attack__PPB,combat_action_sync_attack,ptf,3,3,0,0,295,
1563,Karnages_Polearm_Restoration 2.0-1563-1-0-0-1700618380.7z,Karnages_Polearm_Restoration 2.0/data/Karnages_Polearm_Restoration.pak!Libs/Tables/combat/combat_action_sync_hit__Karnages_Polearm_Restoration.xml,combat_action_sync_hit__PPB,combat_action_sync_hit,ptf,4,4,0,0,363,
1563,Karnages_Polearm_Restoration 2.0-1563-1-0-0-1700618380.7z,Karnages_Polearm_Restoration 2.0/data/Karnages_Polearm_Restoration.pak!Libs/Tables/combat/combat_action_sync_hit__Karnages_Polearm_Restoration.xml,combat_action_sync_hit__PPB,combat_action_sync_hit,ptf,4,4,0,0,363,
1563,Karnages_Polearm_Restoration 2.0-1563-1-0-0-1700618380.7z,Karnages_Polearm_Restoration 2.0/data/Karnages_Polearm_Restoration.pak!Libs/Tables/combat/combat_action_sync_pb_hit__Karnages_Polearm_Restoration.xml,combat_action_sync_pb_hit__PPB,combat_action_sync_pb_hit,ptf,2,2,0,0,216,
1563,Karnages_Polearm_Restoration 2.0-1563-1-0-0-1700618380.7z,Karnages_Polearm_Restoration 2.0/data/Karnages_Polearm_Restoration.pak!Libs/Tables/combat/combat_action_sync_pb_hit__Karnages_Polearm_Restoration.xml,combat_action_sync_pb_hit__PPB,combat_action_sync_pb_hit,ptf,2,2,0,0,216,
1563,Karnages_Polearm_Restoration 2.0-1563-1-0-0-1700618380.7z,Karnages_Polearm_Restoration 2.0/data/Karnages_Polearm_Restoration.pak!Libs/Tables/combat/combat_combo__Karnages_Polearm_Restoration.xml,combat_combo__PPB,combat_combo,ptf,4,4,0,0,34,
1563,Karnages_Polearm_Restoration 2.0-1563-1-0-0-1700618380.7z,Karnages_Polearm_Restoration 2.0/data/Karnages_Polearm_Restoration.pak!Libs/Tables/combat/combat_combo__Karnages_Polearm_Restoration.xml,combat_combo__PPB,combat_combo,ptf,4,4,0,0,34,
1563,Karnages_Polearm_Restoration 2.0-1563-1-0-0-1700618380.7z,Karnages_Polearm_Restoration 2.0/data/Karnages_Polearm_Restoration.pak!Libs/Tables/combat/combat_sync_action_hit__Karnages_Polearm_Restoration.xml,combat_sync_action_hit,combat_sync_action_hit,exact,8,8,0,0,572,
1563,Karnages_Polearm_Restoration 2.0-1563-1-0-0-1700618380.7z,Karnages_Polearm_Restoration 2.0/data/Karnages_Polearm_Restoration.pak!Libs/Tables/combat/combat_sync_action_hit__Karnages_Polearm_Restoration.xml,combat_sync_action_hit,combat_sync_action_hit,exact,8,8,0,0,572,
1563,Karnages_Polearm_Restoration 2.0-1563-1-0-0-1700618380.7z,Karnages_Polearm_Restoration 2.0/data/Karnages_Polearm_Restoration.pak!Libs/Tables/combat/combat_weapon_group_to_class__Karnages_Polearm_Restoration.xml,combat_weapon_group_to_class__PPB,combat_weapon_group_to_class,ptf,5,5,0,0,16,
1563,Karnages_Polearm_Restoration 2.0-1563-1-0-0-1700618380.7z,Karnages_Polearm_Restoration 2.0/data/Karnages_Polearm_Restoration.pak!Libs/Tables/combat/combat_weapon_group_to_class__Karnages_Polearm_Restoration.xml,combat_weapon_group_to_class__PPB,combat_weapon_group_to_class,ptf,10,10,0,0,16,
1563,Karnages_Polearm_Restoration 2.0-1563-1-0-0-1700618380.7z,Karnages_Polearm_Restoration 2.0/data/Karnages_Polearm_Restoration.pak!Libs/Tables/item/melee_weapon__Karnages_Polearm_Restoration.xml,melee_weapon,melee_weapon,exact,167,0,8,159,0,attack
1563,Karnages_Polearm_Restoration 2.0-1563-1-0-0-1700618380.7z,Karnages_Polearm_Restoration 2.0/data/Karnages_Polearm_Restoration.pak!Libs/Tables/item/weapon2weapon_preset__Karnages_Polearm_Restoration.xml,weapon2weapon_preset__PPB,weapon2weapon_preset,ptf,27,3,24,0,162,weapon_preset_id
1563,Karnages_Polearm_Restoration 2.0-1563-1-0-0-1700618380.7z,Karnages_Polearm_Restoration 2.0/data/Karnages_Polearm_Restoration.pak!Libs/Tables/item/weapon_class__Karnages_Polearm_Restoration.xml,weapon_class__PPB,weapon_class,ptf,1,1,0,0,14,
1563,Karnages_Polearm_Restoration 2.0-1563-1-0-0-1700618380.7z,Karnages_Polearm_Restoration 2.0/data/Karnages_Polearm_Restoration.pak!Libs/Tables/item/weapon__Karnages_Polearm_Restoration.xml,weapon__PPB,weapon,ptf,14,0,14,0,176,"defense,max_status"
1563,Karnages_Polearm_Restoration 2.0-1563-1-0-0-1700618380.7z,Karnages_Polearm_Restoration 2.0/data/Karnages_Polearm_Restoration.pak!Libs/Tables/rpg/perk__Karnages_Polearm_Restoration.xml,perk__PPB,perk,ptf,3,3,0,0,551,
1563,Karnages_Polearm_Restoration 2.0-1563-1-0-0-1700618380.7z,Karnages_Polearm_Restoration 2.0/data/Karnages_Polearm_Restoration.pak!Libs/Tables/rpg/skill__Karnages_Polearm_Restoration.xml,skill,skill,exact,1,0,1,0,32,hidden
1563,Karnages_Polearm_Restoration 2.0-1563-1-0-0-1700618380.7z,Karnages_Polearm_Restoration 2.0/data/Karnages_Polearm_Restoration.pak!Libs/Tables/shop/shop_type2item__Karnages_Polearm_Restoration.xml,shop_type2item__PPB,shop_type2item,ptf,32,32,0,0,719,
1564,Karnages_Rebalanced_Bows 2.0-1564-1-0-0-1700618747.7z,Karnages_Rebalanced_Bows 2.0/Data/Karnages_Rebalanced_Bows.pak!Libs/Tables/Item/missile_weapon__Karnages_Rebalanced_Bows.xml,missile_weapon,missile_weapon,exact,21,0,19,2,2,power
1564,Karnages_Rebalanced_Bows 2.0-1564-1-0-0-1700618747.7z,Karnages_Rebalanced_Bows 2.0/Data/Karnages_Rebalanced_Bows.pak!Libs/Tables/Item/rpg_param__Karnages_Rebalanced_Bows.xml,rpg_param,rpg_param,exact,11,9,2,0,180,rpg_param_value
1565,Karnages_Arrow_Balance 2.0-1565-1-0-0-1700618949.7z,Karnages_Arrow_Balance 2.0/Data/Karnages_Arrow_Balance.pak!Libs/Tables/item/ammo__Karnages_Arrow_Balance.xml,ammo,ammo,exact,12,0,12,0,2,"power_mod,slash_att,smash_att,stab_att"
1569,Karnages_Shield_Restoration-1569-1-0-0-1700623905.7z,Karnages_Shield_Restoration/data/Karnages_Shield_Restoration.pak!Libs/Tables/rpg/skill__Karnages_Shield_Restoration.xml,skill,skill,exact,1,0,1,0,32,hidden
1572,Increased Experience Minor - 1.5x-1572-0-1-1701102679.zip,exp_minor/Data/exp.pak!Libs/Tables/rpg/rpg_param__Minor_Experience.xml,rpg_param,rpg_param,exact,39,2,37,0,145,rpg_param_value
1578,Weiged Groschen - PTF Version-1578-1-9-5-1702120734.zip,Data/WeighedGroschen.pak!Libs/Tables/item/pickable_item__weighedgroschen.xml,pickable_item,pickable_item,exact,1,0,1,0,2209,weight
1629,MakeThemReasonable-1629-1-2-0-1736432412.zip,MakeThemReasonable/Data/MakeThemReasonable.pak!Libs/Tables/rpg/perk__makethemreasonable.xml,perk,perk,exact,2,1,1,0,550,"icon_id,perk_ui_desc,perk_ui_name,stat_selector,visibility"
1629,MakeThemReasonable-1629-1-2-0-1736432412.zip,MakeThemReasonable/Data/MakeThemReasonable.pak!Libs/Tables/rpg/soul2perk.xml,soul2perk,soul2perk,exact,46449,2422,0,44027,4692,
1639,AlternateFoodSpoil2X-1639-1-0-1715595738.zip,zzz_AlternateFoodSpoil2X/Data/zzz_AlternateFoodSpoil2X.pak!Libs/Tables/item/food__AlternateFoodSpoil2X.xml,food,food,exact,202,0,111,91,0,decay_time_hours
1660,Double Brew Yield-1660-1-0-1717587176.zip,DoubleBrewYield/Data/DoubleBrewYield.pak!Libs/Tables/item/recipe__DoubleBrewYield.xml,recipe,recipe,exact,35,0,35,0,0,max_yield
1668,Relaxed RPG Params-1668-1-0-1-1718992231.7z,Relaxed_RPG_Params/Data/relaxed_rpg_params.pak!Libs/Tables/rpg/rpg_param__RRPG.xml,rpg_param,rpg_param,exact,33,7,26,0,156,rpg_param_value
1671,MagusAngrinessBegone-1671-Unknown-1718907026.7z,MagusAngrinessBegone/Data/MagusAngrinessBegone.pak!Libs/Tables/rpg/angriness_enum__MagusAngrinessBegone.xml,angriness_enum__MagusAngrinessBegone,angriness_enum,ptf,7,0,7,0,2,value
1678,Better_Archery-1678-1-0-1720015220.7z,Better_Archery/Data/Better_Archery.pak!Libs/Tables/item/ammo__Better_Archery.xml,ammo__Better_Archery,ammo,ptf,14,0,14,0,0,"power_mod,slash_att,stab_att"
1678,Better_Archery-1678-1-0-1720015220.7z,Better_Archery/Data/Better_Archery.pak!Libs/Tables/rpg/rpg_param__Better_Archery.xml,rpg_param__Better_Archery,rpg_param,ptf,7,5,2,0,180,rpg_param_value
1693,Ravens beak icon swap-1693-1-2-1733597371.7z,Ravens beak icon swap/Data/Ravens beak icon swap.pak!Libs/Tables/Item/player_item__ravens_beak_icon_swap.xml,player_item__ravens_beak_icon_swap,player_item,ptf,2,0,2,0,2112,icon_id
1730,DrinkSoundEffects.pak,DrinkSoundEffects.pak!Libs/Tables/item/item__DrinkSoundEffects.xml,item,item,exact,9,0,9,0,2205,item_category_id
1730,DrinkSoundEffects.pak,DrinkSoundEffects.pak!Libs/Tables/item/potion__DrinkSoundEffects.xml,potion,potion,exact,9,9,0,0,46,
1736,RogueLife-1736-V1-1-1739826542.7z,RogueLife/TyburnAlchemyPerks/Data/TyburnAlchemyPerks.pak!Libs/Tables/rpg/buff__TyburnAlchemyPerks.xml,buff,buff,exact,4,4,0,0,439,
1736,RogueLife-1736-V1-1-1739826542.7z,RogueLife/TyburnAlchemyPerks/Data/TyburnAlchemyPerks.pak!Libs/Tables/rpg/perk_buff__TyburnAlchemyPerks.xml,perk_buff,perk_buff,exact,4,4,0,0,138,
1736,RogueLife-1736-V1-1-1739826542.7z,RogueLife/TyburnAlchemyPerks/Data/TyburnAlchemyPerks.pak!Libs/Tables/rpg/perk__TyburnAlchemyPerks.xml,perk,perk,exact,5,4,1,0,550,icon_id
1736,RogueLife-1736-V1-1-1739826542.7z,RogueLife/TyburnBiancaSchnapps/Data/TyburnBiancaSchnapps.pak!Libs/Tables/text/sequence__TyburnBiancaSchnapps.xml,sequence,sequence,exact,1,0,1,0,52414,script
1736,RogueLife-1736-V1-1-1739826542.7z,RogueLife/TyburnBowPerks/Data/TyburnBowPerks.pak!Libs/Tables/rpg/buff__TyburnBowPerks.xml,buff,buff,exact,1,1,0,0,439,
1736,RogueLife-1736-V1-1-1739826542.7z,RogueLife/TyburnBowPerks/Data/TyburnBowPerks.pak!Libs/Tables/rpg/perk_buff__TyburnBowPerks.xml,perk_buff,perk_buff,exact,1,1,0,0,138,
1736,RogueLife-1736-V1-1-1739826542.7z,RogueLife/TyburnBowPerks/Data/TyburnBowPerks.pak!Libs/Tables/rpg/perk__TyburnBowPerks.xml,perk,perk,exact,1,1,0,0,551,
1736,RogueLife-1736-V1-1-1739826542.7z,RogueLife/TyburnDrinkingPerks/Data/TyburnDrinkingPerks.pak!Libs/Tables/rpg/buff__TyburnDrinkingPerks.xml,buff,buff,exact,1,1,0,0,439,
1736,RogueLife-1736-V1-1-1739826542.7z,RogueLife/TyburnDrinkingPerks/Data/TyburnDrinkingPerks.pak!Libs/Tables/rpg/perk_buff__TyburnDrinkingPerks.xml,perk_buff,perk_buff,exact,1,1,0,0,138,
1736,RogueLife-1736-V1-1-1739826542.7z,RogueLife/TyburnDrinkingPerks/Data/TyburnDrinkingPerks.pak!Libs/Tables/rpg/perk__TyburnDrinkingPerks.xml,perk,perk,exact,1,1,0,0,551,
1736,RogueLife-1736-V1-1-1739826542.7z,RogueLife/TyburnLuckOfTheDrunkNerf/Data/Tyburnluckofthedrunknerf.pak!Libs/Tables/rpg/buff__Tyburnluckofthedrunknerf.xml,buff,buff,exact,1,0,1,0,438,params
1736,RogueLife-1736-V1-1-1739826542.7z,RogueLife/TyburnLuckOfTheDrunkNerf/Data/Tyburnluckofthedrunknerf.pak!Libs/Tables/rpg/perk__Tyburnluckofthedrunknerf.xml,perk,perk,exact,1,0,0,1,550,
1736,RogueLife-1736-V1-1-1739826542.7z,RogueLife/TyburnPadfootNerf/Data/TyburnPadfootNerf.pak!Libs/Tables/rpg/buff__TyburnPadfootNerf.xml,buff,buff,exact,2,0,2,0,437,params
1736,RogueLife-1736-V1-1-1739826542.7z,RogueLife/TyburnRustyEdgeNerf/Data/TyburnRustyEdgeNerf.pak!Libs/Tables/rpg/buff__TyburnRustyEdgeNerf.xml,buff,buff,exact,1,0,1,0,438,params
1736,RogueLife-1736-V1-1-1739826542.7z,RogueLife/TyburnSpeechPerks/Data/TyburnSpeechPerks.pak!Libs/Tables/rpg/buff__TyburnSpeechPerks.xml,buff,buff,exact,1,1,0,0,439,
1736,RogueLife-1736-V1-1-1739826542.7z,RogueLife/TyburnSpeechPerks/Data/TyburnSpeechPerks.pak!Libs/Tables/rpg/perk_buff__TyburnSpeechPerks.xml,perk_buff,perk_buff,exact,1,1,0,0,138,
1736,RogueLife-1736-V1-1-1739826542.7z,RogueLife/TyburnSpeechPerks/Data/TyburnSpeechPerks.pak!Libs/Tables/rpg/perk__TyburnSpeechPerks.xml,perk,perk,exact,1,1,0,0,551,
1736,RogueLife-1736-V1-1-1739826542.7z,RogueLife/TyburnStealingReputation/Data/TyburnStealingReputation.pak!Libs/Tables/rpg/reputation_change__TyburnStealingReputation.xml,reputation_change,reputation_change,exact,9,0,9,0,62,change
1736,RogueLife-1736-V1-1-1739826542.7z,RogueLife/TyburnStealthPerks/Data/TyburnStealthPerks.pak!Libs/Tables/rpg/buff_class__TyburnStealthPerks.xml,buff_class,buff_class,exact,1,1,0,0,18,
1736,RogueLife-1736-V1-1-1739826542.7z,RogueLife/TyburnStealthPerks/Data/TyburnStealthPerks.pak!Libs/Tables/rpg/buff__TyburnStealthPerks.xml,buff,buff,exact,10,9,1,0,438,"buff_ui_visibility_id,params"
1736,RogueLife-1736-V1-1-1739826542.7z,RogueLife/TyburnStealthPerks/Data/TyburnStealthPerks.pak!Libs/Tables/rpg/perk2perk_exclusivity__TyburnStealthPerks.xml,perk2perk_exclusivity,perk2perk_exclusivity,exact,6,6,0,0,19,
1736,RogueLife-1736-V1-1-1739826542.7z,RogueLife/TyburnStealthPerks/Data/TyburnStealthPerks.pak!Libs/Tables/rpg/perk_buff__TyburnStealthPerks.xml,perk_buff,perk_buff,exact,8,8,0,0,138,
1736,RogueLife-1736-V1-1-1739826542.7z,RogueLife/TyburnStealthPerks/Data/TyburnStealthPerks.pak!Libs/Tables/rpg/perk__TyburnStealthPerks.xml,perk,perk,exact,8,8,0,0,551,
1765,Riposte-1765-1-0-2-1735871267,Data/Libs/Tables/rpg/perk__riposte.xml,perk,perk,exact,2,0,2,0,549,"icon_id,level,perk_ui_desc,perk_ui_name,skill_selector,visibility"
1782,Andrew Clothing Fix-1782-1-0-1736793391.rar,zzz_AndrewClothing/Data/zzz_AndrewClothing.pak!Libs/Tables/item/armor2clothing_preset__andrewclothing.xml,armor2clothing_preset__andrewclothing,armor2clothing_preset,ptf,4,4,0,0,8684,
1782,Andrew Clothing Fix-1782-1-0-1736793391.rar,zzz_AndrewClothing/Data/zzz_AndrewClothing.pak!Libs/Tables/rpg/soul__andrewclothing.xml,soul__andrewclothing,soul,ptf,1,1,0,0,5025,
1839,Realistic Horses-1839-1-0-1739145195.rar,Realistic_Horse/Data/Realistic_Horse.pak!Libs/Tables/rpg/buff__RH.xml,buff__rh,buff,ptf,5,0,5,0,434,params
1839,Realistic Horses-1839-1-0-1739145195.rar,Realistic_Horse/Data/Realistic_Horse.pak!Libs/Tables/rpg/rpg_param__RH.xml,rpg_param__rh,rpg_param,ptf,1,1,0,0,182,
1839,Realistic Horses-1839-1-0-1739145195.rar,Realistic_Horse/Data/Realistic_Horse.pak!Libs/Tables/item/equippable_item__RH.xml,equippable_item__rh,equippable_item,ptf,20,0,20,0,980,rpg_buff_weight
1839,Realistic Horses-1839-1-0-1739145195.rar,Realistic_Horse/Data/Realistic_Horse.pak!Libs/Tables/rpg/soul__RH.xml,soul__rh,soul,ptf,1,0,1,0,5024,str
1842,Realistic Repairs 1.1-1842-1-1-1739569897.rar,Realistic_Repairs/Data/Realistic_Repairs.pak!Libs/Tables/rpg/perk_rpg_param_override__RR.xml,perk_rpg_param_override__rr,perk_rpg_param_override,ptf,3,0,3,0,22,rpg_param_value
1842,Realistic Repairs 1.1-1842-1-1-1739569897.rar,Realistic_Repairs/Data/Realistic_Repairs.pak!Libs/Tables/rpg/skill2item_category__RR.xml,skill2item_category_rr,skill2item_category,single-underscore,2,2,0,0,47,
1842,Realistic Repairs 1.1-1842-1-1-1739569897.rar,Realistic_Repairs/Data/Realistic_Repairs.pak!Libs/Tables/rpg/rpg_param__RR.xml,rpg_param__rr,rpg_param,ptf,3,2,1,0,181,rpg_param_value
1853,RicherMerchantsPRF-1853-1-0-1739403404.rar,RicherMerchantsPTF/Data/RicherMerchantsPTF.pak!Libs/Tables/shop/shop_type2item__RicherMerchantsPTF.xml,shop_type2item,shop_type2item,exact,78,0,78,0,718,amount
1860,Train More Carry More x10-1860-1-0-1739697344.zip,trainmorecarrymore/Data/trainmorecarrymore.pak!Libs/Tables/rpg/rpg_param__trainmorecarrymore.xml,rpg_param,rpg_param,exact,1,1,0,0,182,
1862,Faster Injury Regeneration x2-1862-1-0-1739533911.zip,fasterinjuryregeneration/Data/fasterinjuryregeneration.pak!Libs/Tables/rpg/perk_rpg_param_override__fasterinjuryregeneration.xml,perk_rpg_param_override,perk_rpg_param_override,exact,1,0,1,0,24,rpg_param_value
1862,Faster Injury Regeneration x2-1862-1-0-1739533911.zip,fasterinjuryregeneration/Data/fasterinjuryregeneration.pak!Libs/Tables/rpg/rpg_param__fasterinjuryregeneration.xml,perk_rpg_param_override,perk_rpg_param_override,exact,1,1,0,0,25,
1863,Dirty And Charismatic-1863-1-0-1739534931.zip,dirtyandcharismatic/Data/dirtyandcharismatic.pak!Libs/Tables/rpg/rpg_param__dirtyandcharismatic.xml,perk_rpg_param_override,perk_rpg_param_override,exact,2,2,0,0,25,
1863,Dirty And Charismatic-1863-1-0-1739534931.zip,dirtyandcharismatic/Data/dirtyandcharismatic.pak!Libs/Tables/rpg/perk_rpg_param_override__dirtyandcharismatic.xml,perk_rpg_param_override,perk_rpg_param_override,exact,1,0,1,0,24,rpg_param_value
1864,Cheap Savior Schnapps (No Alcohol Version)-1864-1-1-1739629893.zip,cheapsaviorschnapps/Data/cheapsaviorschnapps.pak!Libs/Tables/Item/pickable_item__cheapsaviorschnapps.xml,pickable_item,pickable_item,exact,1,0,1,0,2209,price
1864,Cheap Savior Schnapps (No Alcohol Version)-1864-1-1-1739629893.zip,cheapsaviorschnapps/Data/cheapsaviorschnapps.pak!Libs/Tables/Item/food__cheapsaviorschnapps.xml,food,food,exact,1,0,1,0,201,alcohol_content
1864,Cheap Savior Schnapps (No Alcohol Version)-1864-1-1-1739629893.zip,cheapsaviorschnapps/Data/cheapsaviorschnapps.pak!Libs/Tables/shop/shop_type2item__cheapsaviorschnapps.xml,shop_type2item,shop_type2item,exact,87,0,87,0,718,"amount,shop_type_id"
1883,BetterPickpocket-1883-1-1-1773177388.zip,BetterPickpocket/Data/better_pickpocket.pak!Libs/Tables/rpg/rpg_param__better_pickpocket.xml,rpg_param,rpg_param,exact,22,15,2,5,175,rpg_param_value
1893,Bianca's Ring PTF-1893-0-1-1740174007.zip,BiancaRing/Data/bianca_ring.pak!Libs/Tables/item/armor__bianca.xml,armor,armor,exact,1,0,1,0,795,"noise,slash_def,smash_def,stab_def"
1893,Bianca's Ring PTF-1893-0-1-1740174007.zip,BiancaRing/Data/bianca_ring.pak!Libs/Tables/item/equippable_item__bianca.xml,equippable_item,equippable_item,exact,1,0,1,0,999,"charisma,conspicuousness,visibility"
1893,Bianca's Ring PTF-1893-0-1-1740174007.zip,BiancaRing/Data/bianca_ring.pak!Libs/Tables/item/pickable_item__bianca.xml,pickable_item,pickable_item,exact,1,0,0,1,2209,
1914,Weightless_Herbs-1914-1-1741286285.zip,Weightless_Herbs/Data/Weightless_Herbs.pak!Libs/Tables/item/pickable_item__weightless_herbs.xml,pickable_item,pickable_item,exact,17,0,17,0,2193,"model,weight"
1926,PotionNoSatietyAndHealEnergy-1926-1-0-1741597951.7z,PotionNoSatietyAndHealEnergy/Data/PotionNoSatietyAndHealEnergy.pak!Libs/Tables/item/food__PotionNoSatietyAndHealEnergy.xml,food__alternatefoodspoil,food,ptf,22,0,22,0,180,"alcohol_content,health_benefit,nutrition_benefit,refresh_benefit,short_term_nutrition_benefit_ratio"
1938,Herb Picking Radius 2x-1938-1-0-1742117458.zip,hoskope_hgrx2/Data/hoskope_hgrx2.pak!Libs/Tables/rpg/rpg_param__hoskope_hgrx2.xml,rpg_param__hoskope_hgrx2,rpg_param,ptf,1,0,1,0,181,rpg_param_value
1950,Skill Books Take Time 2x-1950-1-0-1742313588.zip,hoskope-skillbookstaketime/Data/hoskope_skillbookstaketime.pak!Libs/Tables/item/document__hoskope-skillbookstaketime.xml,document__skillbookstaketime,document,ptf,56,0,56,0,136,length_in_game_hours
1950,Skill Books Take Time 2x-1950-1-0-1742313588.zip,hoskope-skillbookstaketime/Data/hoskope_skillbookstaketime.pak!Libs/Tables/rpg/rpg_param__hoskope-skillbookstaketime.xml,rpg_param__skillbookstaketime,rpg_param,ptf,1,0,1,0,181,rpg_param_value
1990,Veteran Hunting 1.0-1990-1-0-1745597572.zip,VeteranHunting/Data/VeteranHunting.pak!Libs/Tables/rpg/buff__VeteranHunting.xml,buff__VeteranHunting,buff,ptf,2,1,1,0,438,params
1990,Veteran Hunting 1.0-1990-1-0-1745597572.zip,VeteranHunting/Data/VeteranHunting.pak!Libs/Tables/rpg/perk_buff__VeteranHunting.xml,perk_buff__VeteranHunting,perk_buff,ptf,1,1,0,0,138,
1990,Veteran Hunting 1.0-1990-1-0-1745597572.zip,VeteranHunting/Data/VeteranHunting.pak!Libs/Tables/rpg/perk__VeteranHunting.xml,perk__VeteranHunting,perk,ptf,1,1,0,0,551,
1990,Veteran Hunting 1.0-1990-1-0-1745597572.zip,VeteranHunting/Data/VeteranHunting.pak!Libs/Tables/rpg/soul__VeteranHunting.xml,soul__VeteranHunting,soul,ptf,7,0,7,0,5018,"hearing,vision"
1996,Alcohol Is Not Food Anymore-1996-1-0-1745154676.zip,AlcoholIsNotFoodAnymore/Data/Alcohol_Is_Not_Food_Anymore.pak!Libs/Tables/item/food__Alcohol_Is_Not_Food_Anymore.xml,food,food,exact,8,0,0,8,194,
2011,Chefs Kiss 2011 3.7 2026-06-21T22-06Z HM0uQNJkR.7z,dddb_chefs_kiss/Data/Tables.pak!Libs/Tables/item/consumable_item__dddb_chefs_kiss.xml,consumable_item,consumable_item,exact,50,5,38,7,168,buff_id
2011,Chefs Kiss 2011 3.7 2026-06-21T22-06Z HM0uQNJkR.7z,dddb_chefs_kiss/Data/Tables.pak!Libs/Tables/item/food__dddb_chefs_kiss.xml,food,food,exact,182,0,180,2,26,"alcohol_content,decay_time_hours,food_subtype_id,food_type_id,health_benefit,max_status,nutrition_benefit,refresh_benefi"
2011,Chefs Kiss 2011 3.7 2026-06-21T22-06Z HM0uQNJkR.7z,dddb_chefs_kiss/Data/Tables.pak!Libs/Tables/item/item__dddb_chefs_kiss.xml,item,item,exact,59,0,4,55,2156,item_name
2011,Chefs Kiss 2011 3.7 2026-06-21T22-06Z HM0uQNJkR.7z,dddb_chefs_kiss/Data/Tables.pak!Libs/Tables/item/pickable_item__dddb_chefs_kiss.xml,pickable_item,pickable_item,exact,44,0,44,0,2166,Weight
2011,Chefs Kiss 2011 3.7 2026-06-21T22-06Z HM0uQNJkR.7z,dddb_chefs_kiss/Data/Tables.pak!Libs/Tables/item/potion__dddb_chefs_kiss.xml,potion,potion,exact,1,0,1,0,45,weapon_buff_id
2011,Chefs Kiss 2011 3.7 2026-06-21T22-06Z HM0uQNJkR.7z,dddb_chefs_kiss/Data/Tables.pak!Libs/Tables/rpg/buff_class__dddb_chefs_kiss.xml,buff_class,buff_class,exact,27,9,0,18,0,
2011,Chefs Kiss 2011 3.7 2026-06-21T22-06Z HM0uQNJkR.7z,dddb_chefs_kiss/Data/Tables.pak!Libs/Tables/rpg/buff__dddb_chefs_kiss.xml,buff,buff,exact,66,42,0,24,415,
2021,Repair Kits - Balanced and Scaled PTF-2021-1-2-1779784418.7z,RepairKitsBalanced/Data/RepairKitsBalanced.pak!Libs/Tables/item/ointment_item__RepairKitsBalanced.xml,ointment_item,ointment_item,exact,8,0,8,0,2,efficiency
2035,Ordinance Archery Overhaul DDDB-2035-6-1774914958.7z,zzdddbordinance/Data/Tables.pak!Libs/tables/item/ammo__zzdddbordinance.xml,ammo,ammo,exact,14,2,12,0,2,"power_mod,slash_att,smash_att,stab_att"
2035,Ordinance Archery Overhaul DDDB-2035-6-1774914958.7z,zzdddbordinance/Data/Tables.pak!Libs/tables/item/equippable_item__zzdddbordinance.xml,equippable_item,equippable_item,exact,2,2,0,0,1000,
2035,Ordinance Archery Overhaul DDDB-2035-6-1774914958.7z,zzdddbordinance/Data/Tables.pak!Libs/tables/item/item__zzdddbordinance.xml,item,item,exact,2,2,0,0,2214,
2035,Ordinance Archery Overhaul DDDB-2035-6-1774914958.7z,zzdddbordinance/Data/Tables.pak!Libs/tables/item/missile_weapon__zzdddbordinance.xml,missile_weapon,missile_weapon,exact,23,0,6,17,0,power
2035,Ordinance Archery Overhaul DDDB-2035-6-1774914958.7z,zzdddbordinance/Data/Tables.pak!Libs/tables/item/pickable_item__zzdddbordinance.xml,pickable_item,pickable_item,exact,18,2,16,0,2194,"price,weight"
2035,Ordinance Archery Overhaul DDDB-2035-6-1774914958.7z,zzdddbordinance/Data/Tables.pak!Libs/tables/item/player_item__zzdddbordinance.xml,player_item,player_item,exact,2,2,0,0,2114,
2035,Ordinance Archery Overhaul DDDB-2035-6-1774914958.7z,zzdddbordinance/Data/Tables.pak!Libs/tables/item/weapon_class__zzdddbordinance.xml,weapon_class,weapon_class,exact,1,0,1,0,13,"anim_collision_mode,attack_distance,collision_mode,max_attack_distance"
2035,Ordinance Archery Overhaul DDDB-2035-6-1774914958.7z,zzdddbordinance/Data/Tables.pak!Libs/tables/item/weapon__zzdddbordinance.xml,weapon,weapon,exact,23,0,13,10,167,"agi_req,max_status,str_req"
2045,Polearms Unleashed Rebalanced Lite Edition-2045-1-1-1779784172.7z,PURLE/Data/PolearmFeint.pak!Libs/Tables/combat/combat_action_attack__PURLE.xml,combat_action_attack__PPB,combat_action_attack,ptf,14,6,0,8,139,
2045,Polearms Unleashed Rebalanced Lite Edition-2045-1-1-1779784172.7z,PURLE/Data/PolearmFeint.pak!Libs/Tables/combat/combat_action_guard_movement__PURLE.xml,combat_action_guard_movement,combat_action_guard_movement,exact,4,4,0,0,111,
2045,Polearms Unleashed Rebalanced Lite Edition-2045-1-1-1779784172.7z,PURLE/Data/PolearmFeint.pak!Libs/Tables/combat/combat_action_pose_modifier__PURLE.xml,combat_action_pose_modifier__PPB,combat_action_pose_modifier,ptf,16,16,0,0,112,
2045,Polearms Unleashed Rebalanced Lite Edition-2045-1-1-1779784172.7z,PURLE/Data/PolearmPerfectBlock.pak!Libs/Tables/combat/combat_action_perfect_block__PURLE.xml,combat_action_perfect_block__PPB,combat_action_perfect_block,ptf,5,5,0,0,356,
2045,Polearms Unleashed Rebalanced Lite Edition-2045-1-1-1779784172.7z,PURLE/Data/PolearmPerfectBlock.pak!Libs/Tables/combat/combat_action_sync_pb_hit__PURLE.xml,combat_action_sync_pb_hit__PPB,combat_action_sync_pb_hit,ptf,2,2,0,0,216,
2045,Polearms Unleashed Rebalanced Lite Edition-2045-1-1-1779784172.7z,PURLE/Data/PolearmSkill.pak!Libs/Tables/rpg/skill__PURLE.xml,skill__PPB,skill,ptf,1,0,1,0,32,hidden
2045,Polearms Unleashed Rebalanced Lite Edition-2045-1-1-1779784172.7z,PURLE/Data/PolearmUtility.pak!Libs/Tables/item/equippable_item__PURLE.xml,equippable_item,equippable_item,exact,8,0,8,0,992,charisma
2045,Polearms Unleashed Rebalanced Lite Edition-2045-1-1-1779784172.7z,PURLE/Data/PolearmUtility.pak!Libs/Tables/item/melee_weapon__PURLE.xml,melee_weapon__PPB,melee_weapon,ptf,11,0,11,0,156,"attack,slash_att_mod,smash_att_mod,stab_att_mod"
2045,Polearms Unleashed Rebalanced Lite Edition-2045-1-1-1779784172.7z,PURLE/Data/PolearmUtility.pak!Libs/Tables/item/pickable_item__PURLE.xml,pickable_item,pickable_item,exact,10,0,10,0,2200,"price,weight"
2045,Polearms Unleashed Rebalanced Lite Edition-2045-1-1-1779784172.7z,PURLE/Data/PolearmUtility.pak!Libs/Tables/item/weapon_class__PURLE.xml,weapon_class__PPB,weapon_class,ptf,1,1,0,0,14,
2045,Polearms Unleashed Rebalanced Lite Edition-2045-1-1-1779784172.7z,PURLE/Data/PolearmUtility.pak!Libs/Tables/item/weapon__PURLE.xml,weapon__PPB,weapon,ptf,12,0,12,0,178,"defense,max_status,str_req"
2045,Polearms Unleashed Rebalanced Lite Edition-2045-1-1-1779784172.7z,PURLE/Data/PolearmUtility.pak!Libs/Tables/shop/shop_type2item__PURLE.xml,shop_type2item__PPB,shop_type2item,ptf,30,30,0,0,719,
2049,Semi Functional Ragdoll Physics-2049-3-1772969471.7z,zzzxdddbrdp/Data/zzzxdddbrdp.pak!libs/tables/animation/anim_fragment__zzzxdddbrdp.xml,anim_fragment,anim_fragment,exact,708,0,701,7,770,"align_secondary,align_tm_pos,align_tm_rotv,align_tm_rotw,aligned,looped,relative_movement,relative_movement_y,timestamp,"
2049,Semi Functional Ragdoll Physics-2049-3-1772969471.7z,zzzxdddbrdp/Data/zzzxdddbrdp.pak!libs/tables/animation/hit_reaction_type__zzzxdddbrdp.xml,hit_reaction_type,hit_reaction_type,exact,10,2,8,0,0,"hit_reaction_type_name,is_death_reaction,mn_tag,physical_coef"
2049,Semi Functional Ragdoll Physics-2049-3-1772969471.7z,zzzxdddbrdp/Data/zzzxdddbrdp.pak!libs/tables/animation/hit_reaction__zzzxdddbrdp.xml,hit_reaction,hit_reaction,exact,368,0,296,72,0,"is_fullbody,l_target_man_type,mn_fragment_id_str,mn_tag_state_str,speed_tag"
2049,Semi Functional Ragdoll Physics-2049-3-1772969471.7z,zzzxdddbrdp/Data/zzzxdddbrdp.pak!libs/tables/combat/combat_action_attack__zzzxdddbrdp.xml,combat_action_attack,combat_action_attack,exact,192,0,189,3,0,has_hit_animevents
2049,Semi Functional Ragdoll Physics-2049-3-1772969471.7z,zzzxdddbrdp/Data/zzzxdddbrdp.pak!libs/tables/combat/combat_action_fragment_id_mapping__zzzxdddbrdp.xml,combat_action_fragment_id_mapping,combat_action_fragment_id_mapping,exact,66,0,58,8,0,sync_hit
2049,Semi Functional Ragdoll Physics-2049-3-1772969471.7z,zzzxdddbrdp/Data/zzzxdddbrdp.pak!libs/tables/combat/combat_action_sync_attack__zzzxdddbrdp.xml,combat_action_sync_attack,combat_action_sync_attack,exact,402,0,355,47,0,has_hit_animevents
2049,Semi Functional Ragdoll Physics-2049-3-1772969471.7z,zzzxdddbrdp/Data/zzzxdddbrdp.pak!libs/tables/item/ammo__zzzxdddbrdp.xml,ammo,ammo,exact,14,0,14,0,0,"power_mod,slash_att,smash_att,stab_att"
2049,Semi Functional Ragdoll Physics-2049-3-1772969471.7z,zzzxdddbrdp/Data/zzzxdddbrdp.pak!libs/tables/item/missile_weapon__zzzxdddbrdp.xml,missile_weapon,missile_weapon,exact,23,0,6,17,0,power
2049,Semi Functional Ragdoll Physics-2049-3-1772969471.7z,zzzxdddbrdp/Data/zzzxdddbrdp.pak!libs/tables/item/pickable_item__zzzxdddbrdp.xml,pickable_item,pickable_item,exact,16,0,16,0,2194,"price,weight"
2049,Semi Functional Ragdoll Physics-2049-3-1772969471.7z,zzzxdddbrdp/Data/zzzxdddbrdp.pak!libs/tables/item/weapon_class__zzzxdddbrdp.xml,weapon_class,weapon_class,exact,1,0,1,0,13,"anim_collision_mode,attack_distance,collision_mode,max_attack_distance"
2049,Semi Functional Ragdoll Physics-2049-3-1772969471.7z,zzzxdddbrdp/Data/zzzxdddbrdp.pak!libs/tables/item/weapon__zzzxdddbrdp.xml,weapon,weapon,exact,23,0,13,10,167,"agi_req,max_status,str_req"
2124,Complete EHLR mod collection with documentation 2124 2.5.0 2026-07-22T00-51Z 37afHBvHt.zip,EHLR_AbolishUnfairPerks/Data/EHLR_AbolishUnfairPerks.pak!Libs/Tables/rpg/soul2perk.xml,soul2perk,soul2perk,exact,45441,0,0,45441,3277,
2124,Complete EHLR mod collection with documentation 2124 2.5.0 2026-07-22T00-51Z 37afHBvHt.zip,EHLR_AdjustShops/Data/EHLR_AdjustShops.pak!Libs/Tables/shop/shop.xml,shop,shop,exact,163,41,65,57,41,"amount_multiplier,amount_multiplier_random_add,price_buy_multiplier,price_sell_multiplier,restock_day_mask"
2124,Complete EHLR mod collection with documentation 2124 2.5.0 2026-07-22T00-51Z 37afHBvHt.zip,EHLR_AdjustShops/Data/EHLR_AdjustShops.pak!Libs/Tables/shop/shop_type2item.xml,shop_type2item,shop_type2item,exact,3350,873,1990,487,26,"amount,default_on,shop_type_id"
2124,Complete EHLR mod collection with documentation 2124 2.5.0 2026-07-22T00-51Z 37afHBvHt.zip,EHLR_Archery/Data/EHLR_Archery.pak!Libs/Tables/item/ammo__EHLR_Archery.xml,ammo__EHLR_Archery,ammo,ptf,12,0,12,0,2,"power_mod,slash_att,smash_att,stab_att"
2124,Complete EHLR mod collection with documentation 2124 2.5.0 2026-07-22T00-51Z 37afHBvHt.zip,EHLR_Archery/Data/EHLR_Archery.pak!Libs/Tables/rpg/rpg_param__EHLR_Archery.xml,rpg_param__EHLR_Archery,rpg_param,ptf,11,9,2,0,180,rpg_param_value
2124,Complete EHLR mod collection with documentation 2124 2.5.0 2026-07-22T00-51Z 37afHBvHt.zip,EHLR_Archery/Data/EHLR_Archery.pak!Libs/Tables/item/missile_weapon__EHLR_Archery.xml,missile_weapon__EHLR_Archery,missile_weapon,ptf,20,0,12,8,3,power
2124,Complete EHLR mod collection with documentation 2124 2.5.0 2026-07-22T00-51Z 37afHBvHt.zip,EHLR_Archery/Data/EHLR_Archery.pak!Libs/Tables/item/pickable_item__EHLR_Archery.xml,pickable_item__EHLR_Archery,pickable_item,ptf,12,0,12,0,2198,"price,weight"
2124,Complete EHLR mod collection with documentation 2124 2.5.0 2026-07-22T00-51Z 37afHBvHt.zip,EHLR_Archery/Data/EHLR_Archery.pak!Libs/Tables/item/weapon__EHLR_Archery.xml,weapon__EHLR_Archery,weapon,ptf,4,0,4,0,186,"agi_req,max_status,str_req"
2124,Complete EHLR mod collection with documentation 2124 2.5.0 2026-07-22T00-51Z 37afHBvHt.zip,EHLR_Archery/Data/EHLR_Archery.pak!Libs/Tables/rpg/buff__EHLR_Archery.xml,buff__EHLR_Archery,buff,ptf,4,3,1,0,438,params
2124,Complete EHLR mod collection with documentation 2124 2.5.0 2026-07-22T00-51Z 37afHBvHt.zip,EHLR_Archery/Data/EHLR_Archery.pak!Libs/Tables/rpg/perk__EHLR_Archery.xml,perk__EHLR_Archery,perk,ptf,3,3,0,0,551,
2124,Complete EHLR mod collection with documentation 2124 2.5.0 2026-07-22T00-51Z 37afHBvHt.zip,EHLR_Archery/Data/EHLR_Archery.pak!Libs/Tables/rpg/perk_buff__EHLR_Archery.xml,perk_buff__EHLR_Archery,perk_buff,ptf,3,3,0,0,138,
2124,Complete EHLR mod collection with documentation 2124 2.5.0 2026-07-22T00-51Z 37afHBvHt.zip,EHLR_Archery/Data/EHLR_Archery.pak!Libs/Tables/rpg/soul2perk__EHLR_Archery.xml,soul2perk__EHLR_Archery,soul2perk,ptf,18,18,0,0,48718,
2124,Complete EHLR mod collection with documentation 2124 2.5.0 2026-07-22T00-51Z 37afHBvHt.zip,EHLR_Archery/Data/EHLR_Archery.pak!Libs/Tables/rpg/soul_archetype__EHLR_Archery.xml,soul_archetype__EHLR_Archery,soul_archetype,ptf,7,0,7,0,9,body_base_armor
2124,Complete EHLR mod collection with documentation 2124 2.5.0 2026-07-22T00-51Z 37afHBvHt.zip,EHLR_Armor/Data/EHLR_Armor.pak!Libs/Tables/item/armor__EHLR_Armor.xml,armor__EHLR_Armor,armor,ptf,727,5,716,6,74,"armor_type_id,max_status,noise,slash_def,smash_def,stab_def,str_req,timestamp"
2124,Complete EHLR mod collection with documentation 2124 2.5.0 2026-07-22T00-51Z 37afHBvHt.zip,EHLR_Armor/Data/EHLR_Armor.pak!Libs/Tables/item/equippable_item__EHLR_Armor.xml,equippable_item__EHLR_Armor,equippable_item,ptf,723,1,236,486,278,"charisma,conspicuousness,rpg_buff_weight,social_class_id,visibility"
2124,Complete EHLR mod collection with documentation 2124 2.5.0 2026-07-22T00-51Z 37afHBvHt.zip,EHLR_Armor/Data/EHLR_Armor.pak!Libs/Tables/item/pickable_item__EHLR_Armor.xml,pickable_item__EHLR_Armor,pickable_item,ptf,724,0,351,373,1486,"model,owner_fading_coef,price,visibility_coef,weight"
2124,Complete EHLR mod collection with documentation 2124 2.5.0 2026-07-22T00-51Z 37afHBvHt.zip,EHLR_Armor/Data/EHLR_Armor.pak!Libs/Tables/rpg/rpg_param__EHLR_Armor.xml,rpg_param__EHLR_Armor,rpg_param,ptf,1,1,0,0,182,
2124,Complete EHLR mod collection with documentation 2124 2.5.0 2026-07-22T00-51Z 37afHBvHt.zip,EHLR_Armor/Data/EHLR_Armor.pak!Libs/Tables/rpg/soul_archetype__EHLR_Armor.xml,soul_archetype__EHLR_Armor,soul_archetype,ptf,3,0,3,0,13,body_base_armor
2124,Complete EHLR mod collection with documentation 2124 2.5.0 2026-07-22T00-51Z 37afHBvHt.zip,EHLR_Armor/Data/EHLR_Armor.pak!Libs/Tables/item/armor_type__EHLR_Armor.xml,armor_type__EHLR_Armor,armor_type,ptf,2,2,0,0,12,
2124,Complete EHLR mod collection with documentation 2124 2.5.0 2026-07-22T00-51Z 37afHBvHt.zip,EHLR_Armor/Data/EHLR_Armor.pak!Libs/Tables/rpg/buff__EHLR_Armor.xml,buff__EHLR_Armor,buff,ptf,2,2,0,0,439,
2124,Complete EHLR mod collection with documentation 2124 2.5.0 2026-07-22T00-51Z 37afHBvHt.zip,EHLR_Armor/Data/EHLR_Armor.pak!Libs/Tables/item/body_part__EHLR_Armor.xml,body_part__EHLR_Armor,body_part,ptf,9,0,7,2,0,body_damage_coeff
2124,Complete EHLR mod collection with documentation 2124 2.5.0 2026-07-22T00-51Z 37afHBvHt.zip,EHLR_Armor/Data/EHLR_Armor.pak!Libs/Tables/item/item__EHLR_Armor.xml,item__EHLR_Armor,item,ptf,1,0,1,0,2213,item_category_id
2124,Complete EHLR mod collection with documentation 2124 2.5.0 2026-07-22T00-51Z 37afHBvHt.zip,EHLR_Combat/Data/EHLR_Combat.pak!Libs/Tables/rpg/perk_rpg_param_override__EHLR_Combat.xml,perk_rpg_param_override__EHLR_Combat,perk_rpg_param_override,ptf,5,0,5,0,20,rpg_param_value
2124,Complete EHLR mod collection with documentation 2124 2.5.0 2026-07-22T00-51Z 37afHBvHt.zip,EHLR_Combat/Data/EHLR_Combat.pak!Libs/Tables/rpg/rpg_param__EHLR_Combat.xml,rpg_param__EHLR_Combat,rpg_param,ptf,25,14,11,0,171,rpg_param_value
2124,Complete EHLR mod collection with documentation 2124 2.5.0 2026-07-22T00-51Z 37afHBvHt.zip,EHLR_Combat/Data/EHLR_Combat.pak!Libs/Tables/combat/combat_action_perfect_block__EHLR_Combat.xml,combat_action_perfect_block__EHLR_Combat,combat_action_perfect_block,ptf,152,150,0,2,354,
2124,Complete EHLR mod collection with documentation 2124 2.5.0 2026-07-22T00-51Z 37afHBvHt.zip,EHLR_Combat/Data/EHLR_Combat.pak!Libs/Tables/combat/combat_attack_type__EHLR_Combat.xml,combat_attack_type__EHLR_Combat,combat_attack_type,ptf,1,0,1,0,10,relative_stamina_cost
2124,Complete EHLR mod collection with documentation 2124 2.5.0 2026-07-22T00-51Z 37afHBvHt.zip,EHLR_Combat/Data/EHLR_Combat.pak!Libs/Tables/combat/combat_action_sync_attack__EHLR_Combat.xml,combat_action_sync_attack__EHLR_Combat,combat_action_sync_attack,ptf,402,0,383,19,0,dodge_window
2124,Complete EHLR mod collection with documentation 2124 2.5.0 2026-07-22T00-51Z 37afHBvHt.zip,EHLR_Combat/Data/EHLR_Combat.pak!Libs/Tables/combat/combat_action_attack__EHLR_Combat.xml,combat_action_attack__EHLR_Combat,combat_action_attack,ptf,192,0,113,79,0,dodge_window
2124,Complete EHLR mod collection with documentation 2124 2.5.0 2026-07-22T00-51Z 37afHBvHt.zip,EHLR_Combat/Data/EHLR_Combat.pak!Libs/Tables/rpg/buff__EHLR_Combat.xml,buff__EHLR_Combat,buff,ptf,1,0,1,0,438,params
2124,Complete EHLR mod collection with documentation 2124 2.5.0 2026-07-22T00-51Z 37afHBvHt.zip,EHLR_Economy/Data/EHLR_Economy.pak!Libs/Tables/rpg/perk_rpg_param_override__EHLR_Economy.xml,perk_rpg_param_override__EHLR_Economy,perk_rpg_param_override,ptf,6,0,6,0,19,rpg_param_value
2124,Complete EHLR mod collection with documentation 2124 2.5.0 2026-07-22T00-51Z 37afHBvHt.zip,EHLR_Economy/Data/EHLR_Economy.pak!Libs/Tables/rpg/rpg_param__EHLR_Economy.xml,rpg_param__EHLR_Economy,rpg_param,ptf,9,4,5,0,177,rpg_param_value
2124,Complete EHLR mod collection with documentation 2124 2.5.0 2026-07-22T00-51Z 37afHBvHt.zip,EHLR_Economy/Data/EHLR_Economy.pak!Libs/Tables/quest/quest_tracked_asset__EHLR_Economy.xml,quest_tracked_asset__EHLR_Economy,quest_tracked_asset,ptf,8,0,7,1,2046,count
2124,Complete EHLR mod collection with documentation 2124 2.5.0 2026-07-22T00-51Z 37afHBvHt.zip,EHLR_Economy/Data/EHLR_Economy.pak!Libs/Tables/inventory/inventory_preset2item__EHLR_Economy.xml,inventory_preset2item__EHLR_Economy,inventory_preset2item,ptf,33,0,20,13,639,"amount,amount_random_add,inventory_preset_id,priority"
2124,Complete EHLR mod collection with documentation 2124 2.5.0 2026-07-22T00-51Z 37afHBvHt.zip,EHLR_Economy/Data/EHLR_Economy.pak!Libs/Tables/item/pickable_item__EHLR_Economy.xml,pickable_item__EHLR_Economy,pickable_item,ptf,2,0,2,0,2208,"price,weight"
2124,Complete EHLR mod collection with documentation 2124 2.5.0 2026-07-22T00-51Z 37afHBvHt.zip,EHLR_Economy/Data/EHLR_Economy.pak!Libs/Tables/item/pickable_area_desc__EHLR_Economy.xml,pickable_area_desc__EHLR_Economy,pickable_area_desc,ptf,19,16,0,3,17,
2124,Complete EHLR mod collection with documentation 2124 2.5.0 2026-07-22T00-51Z 37afHBvHt.zip,EHLR_Enemies/Data/EHLR_Enemies.pak!Libs/Tables/rpg/soul2perk__EHLR_Enemies.xml,soul2perk__EHLR_Enemies,soul2perk,ptf,16504,16504,0,0,48718,
2124,Complete EHLR mod collection with documentation 2124 2.5.0 2026-07-22T00-51Z 37afHBvHt.zip,EHLR_Enemies/Data/EHLR_Enemies.pak!Libs/Tables/item/weapon2weapon_preset__EHLR_Enemies.xml,weapon2weapon_preset__EHLR_Enemies,weapon2weapon_preset,ptf,28,0,28,0,158,"amount,weapon_preset_id"
2124,Complete EHLR mod collection with documentation 2124 2.5.0 2026-07-22T00-51Z 37afHBvHt.zip,EHLR_Enemies/Data/EHLR_Enemies.pak!Libs/Tables/rpg/soul__EHLR_Enemies.xml,soul__EHLR_Enemies,soul,ptf,16,16,0,0,5025,
2124,Complete EHLR mod collection with documentation 2124 2.5.0 2026-07-22T00-51Z 37afHBvHt.zip,EHLR_Food/Data/EHLR_Food.pak!Libs/Tables/item/food__EHLR_Food.xml,food__EHLR_Food,food,ptf,160,0,160,0,42,"alcohol_content,cooked_item_id,decay_time_hours,food_subtype_id,food_type_id,health_benefit,nutrition_benefit,refresh_be"
2124,Complete EHLR mod collection with documentation 2124 2.5.0 2026-07-22T00-51Z 37afHBvHt.zip,EHLR_Food/Data/EHLR_Food.pak!Libs/Tables/item/pickable_item__EHLR_Food.xml,pickable_item__EHLR_Food,pickable_item,ptf,160,0,97,63,2050,"model,price,weight"
2124,Complete EHLR mod collection with documentation 2124 2.5.0 2026-07-22T00-51Z 37afHBvHt.zip,EHLR_Food/Data/EHLR_Food.pak!Libs/Tables/rpg/buff__EHLR_Food.xml,buff__EHLR_Food,buff,ptf,3,0,3,0,436,"duration,visual_effect"
2124,Complete EHLR mod collection with documentation 2124 2.5.0 2026-07-22T00-51Z 37afHBvHt.zip,EHLR_Food/Data/EHLR_Food.pak!Libs/Tables/item/divisible_item__EHLR_Food.xml,divisible_item__EHLR_Food,divisible_item,ptf,29,0,29,0,245,is_divisible
2124,Complete EHLR mod collection with documentation 2124 2.5.0 2026-07-22T00-51Z 37afHBvHt.zip,EHLR_HardcoreTravel/Data/EHLR_HardcoreTravel.pak!Libs/Tables/rpg/perk__EHLR_HardcoreTravel.xml,perk__EHLR_HardcoreTravel,perk,ptf,3,0,3,0,548,exclude_in_game_mode
2124,Complete EHLR mod collection with documentation 2124 2.5.0 2026-07-22T00-51Z 37afHBvHt.zip,EHLR_Perks/Data/EHLR_Perks.pak!Libs/Tables/rpg/buff__EHLR_Perks.xml,buff__EHLR_Perks,buff,ptf,25,12,13,0,426,params
2124,Complete EHLR mod collection with documentation 2124 2.5.0 2026-07-22T00-51Z 37afHBvHt.zip,EHLR_Perks/Data/EHLR_Perks.pak!Libs/Tables/rpg/perk__EHLR_Perks.xml,perk__EHLR_Perks,perk,ptf,12,12,0,0,551,
2124,Complete EHLR mod collection with documentation 2124 2.5.0 2026-07-22T00-51Z 37afHBvHt.zip,EHLR_Perks/Data/EHLR_Perks.pak!Libs/Tables/rpg/perk_buff__EHLR_Perks.xml,perk_buff__EHLR_Perks,perk_buff,ptf,12,12,0,0,138,
2124,Complete EHLR mod collection with documentation 2124 2.5.0 2026-07-22T00-51Z 37afHBvHt.zip,EHLR_PolearmSprint/Data/EHLR_PolearmSprint.pak!Libs/Tables/rpg/buff__EHLR_PolearmSprint.xml,buff__EHLR_PolearmSprint,buff,ptf,1,0,1,0,438,params
2124,Complete EHLR mod collection with documentation 2124 2.5.0 2026-07-22T00-51Z 37afHBvHt.zip,EHLR_Weapons/Data/EHLR_Weapons.pak!Libs/Tables/item/equippable_item__EHLR_Weapons.xml,equippable_item__EHLR_Weapons,equippable_item,ptf,144,0,55,89,856,"charisma,conspicuousness,visibility"
2124,Complete EHLR mod collection with documentation 2124 2.5.0 2026-07-22T00-51Z 37afHBvHt.zip,EHLR_Weapons/Data/EHLR_Weapons.pak!Libs/Tables/item/melee_weapon__EHLR_Weapons.xml,melee_weapon__EHLR_Weapons,melee_weapon,ptf,144,0,97,47,23,"attack,slash_att_mod,smash_att_mod,stab_att_mod"
2124,Complete EHLR mod collection with documentation 2124 2.5.0 2026-07-22T00-51Z 37afHBvHt.zip,EHLR_Weapons/Data/EHLR_Weapons.pak!Libs/Tables/item/pickable_item__EHLR_Weapons.xml,pickable_item__EHLR_Weapons,pickable_item,ptf,144,0,126,18,2066,"model,price,weight"
2124,Complete EHLR mod collection with documentation 2124 2.5.0 2026-07-22T00-51Z 37afHBvHt.zip,EHLR_Weapons/Data/EHLR_Weapons.pak!Libs/Tables/item/weapon__EHLR_Weapons.xml,weapon__EHLR_Weapons,weapon,ptf,144,0,140,4,46,"agi_req,defense,max_status,str_req"
2124,Complete EHLR mod collection with documentation 2124 2.5.0 2026-07-22T00-51Z 37afHBvHt.zip,EHLR_Weapons/Data/EHLR_Weapons.pak!Libs/Tables/item/player_item__EHLR_Weapons.xml,player_item__EHLR_Weapons,player_item,ptf,2,0,2,0,2112,icon_id
2124,Complete EHLR mod collection with documentation 2124 2.5.0 2026-07-22T00-51Z 37afHBvHt.zip,EHLR_Weapons/Data/EHLR_Weapons.pak!Libs/Tables/rpg/skill__EHLR_Weapons.xml,skill__EHLR_Weapons,skill,ptf,1,0,1,0,32,hidden
2124,Complete EHLR mod collection with documentation 2124 2.5.0 2026-07-22T00-51Z 37afHBvHt.zip,EHLR_Weapons/Data/EHLR_Weapons.pak!Libs/Tables/item/weapon2weapon_preset__EHLR_Weapons.xml,weapon2weapon_preset__EHLR_Weapons,weapon2weapon_preset,ptf,2,0,2,0,166,"amount,weapon_preset_id"
2124,Complete EHLR mod collection with documentation 2124 2.5.0 2026-07-22T00-51Z 37afHBvHt.zip,EHLR_Weapons/Data/EHLR_Weapons.pak!Libs/Tables/inventory/inventory2item__EHLR_Weapons.xml,inventory2item__EHLR_Weapons,inventory2item,ptf,4,2,2,0,1108,inventory_id
2124,Complete EHLR mod collection with documentation 2124 2.5.0 2026-07-22T00-51Z 37afHBvHt.zip,EHLR_Weapons/Data/EHLR_Weapons.pak!Libs/Tables/item/weapon_class__EHLR_Weapons.xml,weapon_class__EHLR_Weapons,weapon_class,ptf,1,1,0,0,14,
2124,Complete EHLR mod collection with documentation 2124 2.5.0 2026-07-22T00-51Z 37afHBvHt.zip,EHLR_Weapons/Data/EHLR_Weapons.pak!Libs/Tables/rpg/soul__EHLR_Weapons.xml,soul__EHLR_Weapons,soul,ptf,182,0,181,1,4843,"agi,combat_level,str,vit"
2124,Complete EHLR mod collection with documentation 2124 2.5.0 2026-07-22T00-51Z 37afHBvHt.zip,EHLR_Weapons/Data/EHLR_Weapons.pak!Libs/Tables/rpg/soul2skill__EHLR_Weapons.xml,soul2skill__EHLR_Weapons,soul2skill,ptf,2,0,2,0,36440,value
2165,MerchantsRicher_3x-2165-1-0-2-1774198117.zip,MerchantsRicher_3x/Data/MerchantsRicher_3x.pak!Libs/Tables/shop/shop_type2item__MerchantsRicher_3x.xml,shop_type2item,shop_type2item,exact,79,0,79,0,718,"amount,shop_type_id"
2173,True Hardcore Maintenance-2173-2-0-1776308890.zip,TrueHardcoreMaintenance/data/truehardcoremaintenance.pak!libs/tables/inventory/inventory_preset2item__truehardcoremaintenance.xml,inventory_preset2item__truehardcoremaintenance,inventory_preset2item,ptf,4,0,4,0,665,amount_random_add
2173,True Hardcore Maintenance-2173-2-0-1776308890.zip,TrueHardcoreMaintenance/data/truehardcoremaintenance.pak!libs/tables/item/armor__truehardcoremaintenance.xml,armor__truehardcoremaintenance,armor,ptf,20,0,20,0,776,"computer_name,max_status,timestamp"
2173,True Hardcore Maintenance-2173-2-0-1776308890.zip,TrueHardcoreMaintenance/data/truehardcoremaintenance.pak!libs/tables/item/ointment_item__truehardcoremaintenance.xml,ointment_item__truehardcoremaintenance,ointment_item,ptf,1,0,1,0,9,efficiency
2173,True Hardcore Maintenance-2173-2-0-1776308890.zip,TrueHardcoreMaintenance/data/truehardcoremaintenance.pak!libs/tables/item/pickable_item__truehardcoremaintenance.xml,pickable_item__truehardcoremaintenance,pickable_item,ptf,8,0,8,0,2202,"price,weight"
2173,True Hardcore Maintenance-2173-2-0-1776308890.zip,TrueHardcoreMaintenance/data/truehardcoremaintenance.pak!libs/tables/rpg/buff__truehardcoremaintenance.xml,buff__truehardcoremaintenance,buff,ptf,2,0,2,0,437,params
2173,True Hardcore Maintenance-2173-2-0-1776308890.zip,TrueHardcoreMaintenance/data/truehardcoremaintenance.pak!libs/tables/rpg/perk_rpg_param_override__truehardcoremaintenance.xml,perk_rpg_param_override__truehardcoremaintenance,perk_rpg_param_override,ptf,4,0,4,0,21,rpg_param_value
2173,True Hardcore Maintenance-2173-2-0-1776308890.zip,TrueHardcoreMaintenance/data/truehardcoremaintenance.pak!libs/tables/rpg/rpg_param__truehardcoremaintenance.xml,rpg_param__truehardcoremaintenance,rpg_param,ptf,7,5,2,0,180,rpg_param_value
2173,True Hardcore Maintenance-2173-2-0-1776308890.zip,TrueHardcoreMaintenance/data/truehardcoremaintenance.pak!libs/tables/rpg/skill2item_category__truehardcoremaintenance.xml,skill2item_category__truehardcoremaintenance,skill2item_category,ptf,2,2,0,0,47,
2179,True Hardcore Combat-2179-1-3-1778946895.zip,TrueHardcoreCombat/data/truehardcorecombat.pak!libs/tables/item/ammo__truehardcorecombat.xml,ammo__truehardcorecombat,ammo,ptf,14,0,14,0,0,"inquiver_model,power_mod,slash_att,stab_att"
2179,True Hardcore Combat-2179-1-3-1778946895.zip,TrueHardcoreCombat/data/truehardcorecombat.pak!libs/tables/item/food__truehardcorecombat.xml,food__truehardcorecombat,food,ptf,6,0,6,0,196,"decay_time_hours,health_benefit,nutrition_benefit,refresh_benefit"
2179,True Hardcore Combat-2179-1-3-1778946895.zip,TrueHardcoreCombat/data/truehardcorecombat.pak!libs/tables/item/pickable_item__truehardcorecombat.xml,pickable_item__truehardcorecombat,pickable_item,ptf,13,0,13,0,2197,"model,price"
2179,True Hardcore Combat-2179-1-3-1778946895.zip,TrueHardcoreCombat/data/truehardcorecombat.pak!libs/tables/rpg/buff__truehardcorecombat.xml,buff__truehardcorecombat,buff,ptf,35,0,35,0,404,"buff_ui_visibility_id,duration,params"
2179,True Hardcore Combat-2179-1-3-1778946895.zip,TrueHardcoreCombat/data/truehardcorecombat.pak!libs/tables/rpg/morale_change__truehardcorecombat.xml,morale_change__truehardcorecombat,morale_change,ptf,7,0,7,0,20,change
2179,True Hardcore Combat-2179-1-3-1778946895.zip,TrueHardcoreCombat/data/truehardcorecombat.pak!libs/tables/rpg/perk2perk_exclusivity__truehardcorecombat.xml,perk2perk_exclusivity__truehardcorecombat,perk2perk_exclusivity,ptf,1,1,0,0,19,
2179,True Hardcore Combat-2179-1-3-1778946895.zip,TrueHardcoreCombat/data/truehardcorecombat.pak!libs/tables/rpg/perk_rpg_param_override__truehardcorecombat.xml,perk_rpg_param_override__truehardcorecombat,perk_rpg_param_override,ptf,7,0,7,0,18,rpg_param_value
2179,True Hardcore Combat-2179-1-3-1778946895.zip,TrueHardcoreCombat/data/truehardcorecombat.pak!libs/tables/rpg/rpg_movement_type__truehardcorecombat.xml,rpg_movement_type__truehardcorecombat,rpg_movement_type,ptf,3,0,3,0,3,"armor_load_to_regen,armor_load_to_speed,stamina_regen,visibility_penalization"
2179,True Hardcore Combat-2179-1-3-1778946895.zip,TrueHardcoreCombat/data/truehardcorecombat.pak!libs/tables/rpg/rpg_param__truehardcorecombat.xml,rpg_param__truehardcorecombat,rpg_param,ptf,87,71,16,0,166,rpg_param_value
2179,True Hardcore Combat-2179-1-3-1778946895.zip,TrueHardcoreCombat/data/truehardcorecombat.pak!libs/tables/rpg/social_class__truehardcorecombat.xml,social_class__truehardcorecombat,social_class,ptf,42,0,42,0,12,"preset_items_health_base,preset_items_health_random"
2179,True Hardcore Combat-2179-1-3-1778946895.zip,TrueHardcoreCombat/data/truehardcorecombat.pak!libs/tables/rpg/soul_archetype__truehardcorecombat.xml,soul_archetype__truehardcorecombat,soul_archetype,ptf,5,0,5,0,11,"body_base_armor,unarmed_attack_base"
2188,True Hardcore Economy-2188-1-3-1779017497.zip,TrueHardcoreEconomy/data/truehardcoreeconomy.pak!libs/tables/inventory/inventory2item__truehardcoreeconomy.xml,inventory2item__truehardcoreeconomy,inventory2item,ptf,163,0,163,0,1108,"amount,amount_random_add,inventory_id,priority"
2188,True Hardcore Economy-2188-1-3-1779017497.zip,TrueHardcoreEconomy/data/truehardcoreeconomy.pak!libs/tables/inventory/inventory_preset2item__truehardcoreeconomy.xml,inventory_preset2item__truehardcoreeconomy,inventory_preset2item,ptf,20,0,20,0,666,"amount,amount_random_add,health_offset,inventory_preset_id,priority"
2188,True Hardcore Economy-2188-1-3-1779017497.zip,TrueHardcoreEconomy/data/truehardcoreeconomy.pak!libs/tables/item/food__truehardcoreeconomy.xml,food__truehardcoreeconomy,food,ptf,3,0,3,0,199,"decay_time_hours,health_benefit,refresh_benefit"
2188,True Hardcore Economy-2188-1-3-1779017497.zip,TrueHardcoreEconomy/data/truehardcoreeconomy.pak!libs/tables/item/pickable_item__truehardcoreeconomy.xml,pickable_item__truehardcoreeconomy,pickable_item,ptf,59,0,59,0,2151,price
2188,True Hardcore Economy-2188-1-3-1779017497.zip,TrueHardcoreEconomy/data/truehardcoreeconomy.pak!libs/tables/rpg/buff__truehardcoreeconomy.xml,buff__truehardcoreeconomy,buff,ptf,14,0,14,0,425,"buff_lifetime_id,buff_ui_visibility_id,duration,params"
2188,True Hardcore Economy-2188-1-3-1779017497.zip,TrueHardcoreEconomy/data/truehardcoreeconomy.pak!libs/tables/rpg/perk_rpg_param_override__truehardcoreeconomy.xml,perk_rpg_param_override__truehardcoreeconomy,perk_rpg_param_override,ptf,7,0,7,0,18,rpg_param_value
2188,True Hardcore Economy-2188-1-3-1779017497.zip,TrueHardcoreEconomy/data/truehardcoreeconomy.pak!libs/tables/rpg/reputation_change__truehardcoreeconomy.xml,reputation_change__truehardcoreeconomy,reputation_change,ptf,1,0,1,0,70,change
2188,True Hardcore Economy-2188-1-3-1779017497.zip,TrueHardcoreEconomy/data/truehardcoreeconomy.pak!libs/tables/rpg/rpg_param__truehardcoreeconomy.xml,rpg_param__truehardcoreeconomy,rpg_param,ptf,10,3,7,0,175,rpg_param_value
2188,True Hardcore Economy-2188-1-3-1779017497.zip,TrueHardcoreEconomy/data/truehardcoreeconomy.pak!libs/tables/shop/shop__truehardcoreeconomy.xml,shop__truehardcoreeconomy,shop,ptf,142,59,83,0,80,"amount_multiplier,price_buy_multiplier,price_sell_multiplier"
2188,True Hardcore Economy-2188-1-3-1779017497.zip,TrueHardcoreEconomy/data/truehardcoreeconomy.pak!libs/tables/shop/shop_type2item__truehardcoreeconomy.xml,shop_type2item__truehardcoreeconomy,shop_type2item,ptf,14,0,14,0,718,"amount,shop_type_id"
2188,True Hardcore Economy-2188-1-3-1779017497.zip,TrueHardcoreEconomy/data/truehardcoreeconomy.pak!libs/tables/text/sequence__truehardcoreeconomy.xml,sequence__truehardcoreeconomy,sequence,ptf,21,0,21,0,52394,"reputation,script"
2188,True Hardcore Economy-2188-1-3-1779017497.zip,TrueHardcoreEconomy/data/truehardcoreeconomy.pak!libs/tables/text/topic2sequence__truehardcoreeconomy.xml,topic2sequence__truehardcoreeconomy,topic2sequence,ptf,2,0,2,0,49402,entry_condition
2208,patch True Hardcore Medieval Poisons-2208-1-1-1778440401.zip,patchTrueHardcoreMedievalPoisons/data/patchtruehardcoremedievalpoisons.pak!libs/tables/inventory/inventory2item__patchtruehardcoremedievalpoisons.xml,inventory2item__patchtruehardcoremedievalpoisons,inventory2item,ptf,1,1,0,0,1109,
2208,patch True Hardcore Medieval Poisons-2208-1-1-1778440401.zip,patchTrueHardcoreMedievalPoisons/data/patchtruehardcoremedievalpoisons.pak!libs/tables/item/document__patchtruehardcoremedievalpoisons.xml,document__patchtruehardcoremedievalpoisons,document,ptf,1,1,0,0,192,
2208,patch True Hardcore Medieval Poisons-2208-1-1-1778440401.zip,patchTrueHardcoreMedievalPoisons/data/patchtruehardcoremedievalpoisons.pak!libs/tables/item/food__patchtruehardcoremedievalpoisons.xml,food__patchtruehardcoremedievalpoisons,food,ptf,12,8,4,0,198,"decay_time_hours,health_benefit,max_status,nutrition_benefit,refresh_benefit"
2208,patch True Hardcore Medieval Poisons-2208-1-1-1778440401.zip,patchTrueHardcoreMedievalPoisons/data/patchtruehardcoremedievalpoisons.pak!libs/tables/rpg/buff__patchtruehardcoremedievalpoisons.xml,buff__patchtruehardcoremedievalpoisons,buff,ptf,25,16,9,0,430,"buff_desc,buff_ui_name,buff_ui_order,buff_ui_type_id,duration,implementation,params,slot_buff_ui_name,visual_effect"
2208,patch True Hardcore Medieval Poisons-2208-1-1-1778440401.zip,patchTrueHardcoreMedievalPoisons/data/patchtruehardcoremedievalpoisons.pak!libs/tables/rpg/document_required_skill__patchtruehardcoremedievalpoisons.xml,document_required_skill__patchtruehardcoremedievalpoisons,document_required_skill,ptf,1,1,0,0,40,
2208,patch True Hardcore Medieval Poisons-2208-1-1-1778440401.zip,patchTrueHardcoreMedievalPoisons/data/patchtruehardcoremedievalpoisons.pak!libs/tables/rpg/rpg_param__patchtruehardcoremedievalpoisons.xml,rpg_param__patchtruehardcoremedievalpoisons,rpg_param,ptf,1,1,0,0,182,
2209,patch True Hardcore Poisonous Enemies-2209-1-0-1776249027.zip,zzzpatchTrueHardcorePoisonousEnemies/data/patchtruehardcorepoisonousenemies.pak!libs/tables/item/armor__patchtruehardcorepoisonousenemies.xml,armor__patchtruehardcorepoisonousenemies,armor,ptf,2,2,0,0,796,
2209,patch True Hardcore Poisonous Enemies-2209-1-0-1776249027.zip,zzzpatchTrueHardcorePoisonousEnemies/data/patchtruehardcorepoisonousenemies.pak!libs/tables/item/armor_type__patchtruehardcorepoisonousenemies.xml,armor_type__patchtruehardcorepoisonousenemies,armor_type,ptf,2,2,0,0,12,
2209,patch True Hardcore Poisonous Enemies-2209-1-0-1776249027.zip,zzzpatchTrueHardcorePoisonousEnemies/data/patchtruehardcorepoisonousenemies.pak!libs/tables/item/pickable_item__patchtruehardcorepoisonousenemies.xml,pickable_item__patchtruehardcorepoisonousenemies,pickable_item,ptf,2,2,0,0,2210,
2209,patch True Hardcore Poisonous Enemies-2209-1-0-1776249027.zip,zzzpatchTrueHardcorePoisonousEnemies/data/patchtruehardcorepoisonousenemies.pak!libs/tables/item/player_item__patchtruehardcorepoisonousenemies.xml,player_item__patchtruehardcorepoisonousenemies,player_item,ptf,2,2,0,0,2114,
2209,patch True Hardcore Poisonous Enemies-2209-1-0-1776249027.zip,zzzpatchTrueHardcorePoisonousEnemies/data/patchtruehardcorepoisonousenemies.pak!libs/tables/rpg/buff__patchtruehardcorepoisonousenemies.xml,buff__patchtruehardcorepoisonousenemies,buff,ptf,2,2,0,0,439,
2209,patch True Hardcore Poisonous Enemies-2209-1-0-1776249027.zip,zzzpatchTrueHardcorePoisonousEnemies/data/patchtruehardcorepoisonousenemies.pak!libs/tables/shop/shop_type2item__patchtruehardcorepoisonousenemies.xml,shop_type2item__patchtruehardcorepoisonousenemies,shop_type2item,ptf,26,26,0,0,719,
2210,True Hardcore Alchemy-2210-1-2-1778440238.zip,TrueHardcoreAlchemy/data/truehardcorealchemy.pak!libs/tables/item/divisible_item__truehardcorealchemy.xml,divisible_item__truehardcorealchemy,divisible_item,ptf,148,0,148,0,126,is_divisible
2210,True Hardcore Alchemy-2210-1-2-1778440238.zip,TrueHardcoreAlchemy/data/truehardcorealchemy.pak!libs/tables/item/food__truehardcorealchemy.xml,food__truehardcorealchemy,food,ptf,25,0,25,0,177,"decay_time_hours,health_benefit,max_status,nutrition_benefit,refresh_benefit"
2210,True Hardcore Alchemy-2210-1-2-1778440238.zip,TrueHardcoreAlchemy/data/truehardcorealchemy.pak!libs/tables/item/pickable_item__truehardcorealchemy.xml,pickable_item__truehardcorealchemy,pickable_item,ptf,1,0,1,0,2209,price
2210,True Hardcore Alchemy-2210-1-2-1778440238.zip,TrueHardcoreAlchemy/data/truehardcorealchemy.pak!libs/tables/rpg/buff__truehardcorealchemy.xml,buff__truehardcorealchemy,buff,ptf,39,0,39,0,400,"buff_desc,buff_ui_name,buff_ui_order,buff_ui_type_id,duration,implementation,params,slot_buff_ui_name,visual_effect"
2210,True Hardcore Alchemy-2210-1-2-1778440238.zip,TrueHardcoreAlchemy/data/truehardcorealchemy.pak!libs/tables/rpg/rpg_param__truehardcorealchemy.xml,rpg_param__truehardcorealchemy,rpg_param,ptf,9,8,1,0,181,rpg_param_value
2219,True Hardcore Crime-2219-1-1-1779142069.zip,TrueHardcoreCrime/Data/truehardcorecrime.pak!libs/tables/item/food__truehardcorecrime.xml,food__truehardcorecrime,food,ptf,2,0,2,0,200,"decay_time_hours,health_benefit,refresh_benefit"
2219,True Hardcore Crime-2219-1-1-1779142069.zip,TrueHardcoreCrime/Data/truehardcorecrime.pak!libs/tables/item/pickable_item__truehardcorecrime.xml,pickable_item__truehardcorecrime,pickable_item,ptf,435,0,435,0,1775,owner_fading_coef
2219,True Hardcore Crime-2219-1-1-1779142069.zip,TrueHardcoreCrime/Data/truehardcorecrime.pak!libs/tables/rpg/buff__truehardcorecrime.xml,buff__truehardcorecrime,buff,ptf,24,2,22,0,417,"buff_desc,buff_ui_name,buff_ui_visibility_id,duration,icon_id,implementation,params"
2219,True Hardcore Crime-2219-1-1-1779142069.zip,TrueHardcoreCrime/Data/truehardcorecrime.pak!libs/tables/rpg/perk2perk_exclusivity__truehardcorecrime.xml,perk2perk_exclusivity__truehardcorecrime,perk2perk_exclusivity,ptf,1,1,0,0,19,
2219,True Hardcore Crime-2219-1-1-1779142069.zip,TrueHardcoreCrime/Data/truehardcorecrime.pak!libs/tables/rpg/perk__truehardcorecrime.xml,perk__truehardcorecrime,perk,ptf,15,2,13,0,538,"icon_id,level,parent_id,ui_priority,visibility"
2219,True Hardcore Crime-2219-1-1-1779142069.zip,TrueHardcoreCrime/Data/truehardcorecrime.pak!libs/tables/rpg/perk_buff__truehardcorecrime.xml,perk_buff__truehardcorecrime,perk_buff,ptf,2,2,0,0,138,
2219,True Hardcore Crime-2219-1-1-1779142069.zip,TrueHardcoreCrime/Data/truehardcorecrime.pak!libs/tables/rpg/reputation_change__truehardcorecrime.xml,reputation_change__truehardcorecrime,reputation_change,ptf,25,0,25,0,46,change
2219,True Hardcore Crime-2219-1-1-1779142069.zip,TrueHardcoreCrime/Data/truehardcorecrime.pak!libs/tables/rpg/rpg_param__truehardcorecrime.xml,rpg_param__truehardcorecrime,rpg_param,ptf,40,22,18,0,164,rpg_param_value
2294,FasterCombat FOMOD 2294 1.2.1 2026-07-30T00-33Z U5RChtbhP.zip,10 Attack Profiles and Riposte Timing/Polearms Unleashed Rebalanced Lite Edition Compatibility/10 Percent Uniform Faster Attacks - Game Default Ripostes/Data/fastercombat_attacks.pak!Libs/Tables/combat/combat_action_attack__fastercombat.xml,combat_action_attack,combat_action_attack,exact,88,6,82,0,79,"animation_duration,attack_time_to_end,attack_time_to_hit,attack_time_to_spb_start,attack_time_to_start,attack_time_to_wi"
2294,FasterCombat FOMOD 2294 1.2.1 2026-07-30T00-33Z U5RChtbhP.zip,10 Attack Profiles and Riposte Timing/Polearms Unleashed Rebalanced Lite Edition Compatibility/10 Percent Uniform Faster Attacks - Game Default Ripostes/Data/fastercombat_attacks.pak!Libs/Tables/combat/combat_action_sync_attack__fastercombat.xml,combat_action_sync_attack,combat_action_sync_attack,exact,17,0,17,0,278,"animation_duration,attack_time_to_end,attack_time_to_hit,attack_time_to_start,attack_time_to_withdraw,dodge_window,fade_"
2294,FasterCombat FOMOD 2294 1.2.1 2026-07-30T00-33Z U5RChtbhP.zip,10 Attack Profiles and Riposte Timing/Polearms Unleashed Rebalanced Lite Edition Compatibility/10 Percent Uniform Faster Attacks - Responsive Ripostes/Data/fastercombat_attacks.pak!Libs/Tables/combat/combat_action_attack__fastercombat.xml,combat_action_attack,combat_action_attack,exact,88,6,82,0,79,"animation_duration,attack_time_to_end,attack_time_to_hit,attack_time_to_spb_start,attack_time_to_start,attack_time_to_wi"
2294,FasterCombat FOMOD 2294 1.2.1 2026-07-30T00-33Z U5RChtbhP.zip,10 Attack Profiles and Riposte Timing/Polearms Unleashed Rebalanced Lite Edition Compatibility/10 Percent Uniform Faster Attacks - Responsive Ripostes/Data/fastercombat_attacks.pak!Libs/Tables/combat/combat_action_sync_attack__fastercombat.xml,combat_action_sync_attack,combat_action_sync_attack,exact,17,0,17,0,278,"animation_duration,attack_time_to_end,attack_time_to_hit,attack_time_to_start,attack_time_to_withdraw,dodge_window,fade_"
2294,FasterCombat FOMOD 2294 1.2.1 2026-07-30T00-33Z U5RChtbhP.zip,10 Attack Profiles and Riposte Timing/Polearms Unleashed Rebalanced Lite Edition Compatibility/15 Percent Uniform Faster Attacks - Game Default Ripostes/Data/fastercombat_attacks.pak!Libs/Tables/combat/combat_action_attack__fastercombat.xml,combat_action_attack,combat_action_attack,exact,88,6,82,0,79,"animation_duration,attack_time_to_end,attack_time_to_hit,attack_time_to_spb_start,attack_time_to_start,attack_time_to_wi"
2294,FasterCombat FOMOD 2294 1.2.1 2026-07-30T00-33Z U5RChtbhP.zip,10 Attack Profiles and Riposte Timing/Polearms Unleashed Rebalanced Lite Edition Compatibility/15 Percent Uniform Faster Attacks - Game Default Ripostes/Data/fastercombat_attacks.pak!Libs/Tables/combat/combat_action_sync_attack__fastercombat.xml,combat_action_sync_attack,combat_action_sync_attack,exact,17,0,17,0,278,"animation_duration,attack_time_to_end,attack_time_to_hit,attack_time_to_start,attack_time_to_withdraw,dodge_window,fade_"
2294,FasterCombat FOMOD 2294 1.2.1 2026-07-30T00-33Z U5RChtbhP.zip,10 Attack Profiles and Riposte Timing/Polearms Unleashed Rebalanced Lite Edition Compatibility/15 Percent Uniform Faster Attacks - Responsive Ripostes/Data/fastercombat_attacks.pak!Libs/Tables/combat/combat_action_attack__fastercombat.xml,combat_action_attack,combat_action_attack,exact,88,6,82,0,79,"animation_duration,attack_time_to_end,attack_time_to_hit,attack_time_to_spb_start,attack_time_to_start,attack_time_to_wi"
2294,FasterCombat FOMOD 2294 1.2.1 2026-07-30T00-33Z U5RChtbhP.zip,10 Attack Profiles and Riposte Timing/Polearms Unleashed Rebalanced Lite Edition Compatibility/15 Percent Uniform Faster Attacks - Responsive Ripostes/Data/fastercombat_attacks.pak!Libs/Tables/combat/combat_action_sync_attack__fastercombat.xml,combat_action_sync_attack,combat_action_sync_attack,exact,17,0,17,0,278,"animation_duration,attack_time_to_end,attack_time_to_hit,attack_time_to_start,attack_time_to_withdraw,dodge_window,fade_"
2294,FasterCombat FOMOD 2294 1.2.1 2026-07-30T00-33Z U5RChtbhP.zip,10 Attack Profiles and Riposte Timing/Polearms Unleashed Rebalanced Lite Edition Compatibility/Distinct Weapon Handling - Game Default Ripostes/Data/fastercombat_attacks.pak!Libs/Tables/combat/combat_action_attack__fastercombat.xml,combat_action_attack,combat_action_attack,exact,88,6,82,0,79,"animation_duration,attack_time_to_end,attack_time_to_hit,attack_time_to_spb_start,attack_time_to_start,attack_time_to_wi"
2294,FasterCombat FOMOD 2294 1.2.1 2026-07-30T00-33Z U5RChtbhP.zip,10 Attack Profiles and Riposte Timing/Polearms Unleashed Rebalanced Lite Edition Compatibility/Distinct Weapon Handling - Game Default Ripostes/Data/fastercombat_attacks.pak!Libs/Tables/combat/combat_action_sync_attack__fastercombat.xml,combat_action_sync_attack,combat_action_sync_attack,exact,17,0,17,0,278,"animation_duration,attack_time_to_end,attack_time_to_hit,attack_time_to_start,attack_time_to_withdraw,dodge_window,fade_"
2294,FasterCombat FOMOD 2294 1.2.1 2026-07-30T00-33Z U5RChtbhP.zip,10 Attack Profiles and Riposte Timing/Polearms Unleashed Rebalanced Lite Edition Compatibility/Distinct Weapon Handling - Game Default Ripostes/Data/fastercombat_weapon_tuning.pak!Libs/Tables/item/weapon_class__fastercombat.xml,weapon_class,weapon_class,exact,3,3,0,0,14,
2294,FasterCombat FOMOD 2294 1.2.1 2026-07-30T00-33Z U5RChtbhP.zip,10 Attack Profiles and Riposte Timing/Polearms Unleashed Rebalanced Lite Edition Compatibility/Distinct Weapon Handling - Game Default Ripostes/Data/fastercombat_weapon_tuning.pak!Libs/Tables/rpg/buff__fastercombat.xml,buff,buff,exact,3,2,1,0,438,params
2294,FasterCombat FOMOD 2294 1.2.1 2026-07-30T00-33Z U5RChtbhP.zip,10 Attack Profiles and Riposte Timing/Polearms Unleashed Rebalanced Lite Edition Compatibility/Distinct Weapon Handling - Responsive Ripostes/Data/fastercombat_attacks.pak!Libs/Tables/combat/combat_action_attack__fastercombat.xml,combat_action_attack,combat_action_attack,exact,88,6,82,0,79,"animation_duration,attack_time_to_end,attack_time_to_hit,attack_time_to_spb_start,attack_time_to_start,attack_time_to_wi"
2294,FasterCombat FOMOD 2294 1.2.1 2026-07-30T00-33Z U5RChtbhP.zip,10 Attack Profiles and Riposte Timing/Polearms Unleashed Rebalanced Lite Edition Compatibility/Distinct Weapon Handling - Responsive Ripostes/Data/fastercombat_attacks.pak!Libs/Tables/combat/combat_action_sync_attack__fastercombat.xml,combat_action_sync_attack,combat_action_sync_attack,exact,17,0,17,0,278,"animation_duration,attack_time_to_end,attack_time_to_hit,attack_time_to_start,attack_time_to_withdraw,dodge_window,fade_"
2294,FasterCombat FOMOD 2294 1.2.1 2026-07-30T00-33Z U5RChtbhP.zip,10 Attack Profiles and Riposte Timing/Polearms Unleashed Rebalanced Lite Edition Compatibility/Distinct Weapon Handling - Responsive Ripostes/Data/fastercombat_weapon_tuning.pak!Libs/Tables/item/weapon_class__fastercombat.xml,weapon_class,weapon_class,exact,3,3,0,0,14,
2294,FasterCombat FOMOD 2294 1.2.1 2026-07-30T00-33Z U5RChtbhP.zip,10 Attack Profiles and Riposte Timing/Polearms Unleashed Rebalanced Lite Edition Compatibility/Distinct Weapon Handling - Responsive Ripostes/Data/fastercombat_weapon_tuning.pak!Libs/Tables/rpg/buff__fastercombat.xml,buff,buff,exact,3,2,1,0,438,params
2294,FasterCombat FOMOD 2294 1.2.1 2026-07-30T00-33Z U5RChtbhP.zip,10 Attack Profiles and Riposte Timing/Standard Game/10 Percent Uniform Faster Attacks - Game Default Ripostes/Data/fastercombat_attacks.pak!Libs/Tables/combat/combat_action_attack__fastercombat.xml,combat_action_attack,combat_action_attack,exact,80,0,80,0,79,"animation_duration,attack_time_to_end,attack_time_to_hit,attack_time_to_spb_start,attack_time_to_start,attack_time_to_wi"
2294,FasterCombat FOMOD 2294 1.2.1 2026-07-30T00-33Z U5RChtbhP.zip,10 Attack Profiles and Riposte Timing/Standard Game/10 Percent Uniform Faster Attacks - Game Default Ripostes/Data/fastercombat_attacks.pak!Libs/Tables/combat/combat_action_sync_attack__fastercombat.xml,combat_action_sync_attack,combat_action_sync_attack,exact,17,0,17,0,278,"animation_duration,attack_time_to_end,attack_time_to_hit,attack_time_to_start,attack_time_to_withdraw,dodge_window,fade_"
2294,FasterCombat FOMOD 2294 1.2.1 2026-07-30T00-33Z U5RChtbhP.zip,10 Attack Profiles and Riposte Timing/Standard Game/10 Percent Uniform Faster Attacks - Responsive Ripostes/Data/fastercombat_attacks.pak!Libs/Tables/combat/combat_action_attack__fastercombat.xml,combat_action_attack,combat_action_attack,exact,80,0,80,0,79,"animation_duration,attack_time_to_end,attack_time_to_hit,attack_time_to_spb_start,attack_time_to_start,attack_time_to_wi"
2294,FasterCombat FOMOD 2294 1.2.1 2026-07-30T00-33Z U5RChtbhP.zip,10 Attack Profiles and Riposte Timing/Standard Game/10 Percent Uniform Faster Attacks - Responsive Ripostes/Data/fastercombat_attacks.pak!Libs/Tables/combat/combat_action_sync_attack__fastercombat.xml,combat_action_sync_attack,combat_action_sync_attack,exact,17,0,17,0,278,"animation_duration,attack_time_to_end,attack_time_to_hit,attack_time_to_start,attack_time_to_withdraw,dodge_window,fade_"
2294,FasterCombat FOMOD 2294 1.2.1 2026-07-30T00-33Z U5RChtbhP.zip,10 Attack Profiles and Riposte Timing/Standard Game/15 Percent Uniform Faster Attacks - Game Default Ripostes/Data/fastercombat_attacks.pak!Libs/Tables/combat/combat_action_attack__fastercombat.xml,combat_action_attack,combat_action_attack,exact,80,0,80,0,79,"animation_duration,attack_time_to_end,attack_time_to_hit,attack_time_to_spb_start,attack_time_to_start,attack_time_to_wi"
2294,FasterCombat FOMOD 2294 1.2.1 2026-07-30T00-33Z U5RChtbhP.zip,10 Attack Profiles and Riposte Timing/Standard Game/15 Percent Uniform Faster Attacks - Game Default Ripostes/Data/fastercombat_attacks.pak!Libs/Tables/combat/combat_action_sync_attack__fastercombat.xml,combat_action_sync_attack,combat_action_sync_attack,exact,17,0,17,0,278,"animation_duration,attack_time_to_end,attack_time_to_hit,attack_time_to_start,attack_time_to_withdraw,dodge_window,fade_"
2294,FasterCombat FOMOD 2294 1.2.1 2026-07-30T00-33Z U5RChtbhP.zip,10 Attack Profiles and Riposte Timing/Standard Game/15 Percent Uniform Faster Attacks - Responsive Ripostes/Data/fastercombat_attacks.pak!Libs/Tables/combat/combat_action_attack__fastercombat.xml,combat_action_attack,combat_action_attack,exact,80,0,80,0,79,"animation_duration,attack_time_to_end,attack_time_to_hit,attack_time_to_spb_start,attack_time_to_start,attack_time_to_wi"
2294,FasterCombat FOMOD 2294 1.2.1 2026-07-30T00-33Z U5RChtbhP.zip,10 Attack Profiles and Riposte Timing/Standard Game/15 Percent Uniform Faster Attacks - Responsive Ripostes/Data/fastercombat_attacks.pak!Libs/Tables/combat/combat_action_sync_attack__fastercombat.xml,combat_action_sync_attack,combat_action_sync_attack,exact,17,0,17,0,278,"animation_duration,attack_time_to_end,attack_time_to_hit,attack_time_to_start,attack_time_to_withdraw,dodge_window,fade_"
2294,FasterCombat FOMOD 2294 1.2.1 2026-07-30T00-33Z U5RChtbhP.zip,10 Attack Profiles and Riposte Timing/Standard Game/Distinct Weapon Handling - Game Default Ripostes/Data/fastercombat_attacks.pak!Libs/Tables/combat/combat_action_attack__fastercombat.xml,combat_action_attack,combat_action_attack,exact,80,0,80,0,79,"animation_duration,attack_time_to_end,attack_time_to_hit,attack_time_to_spb_start,attack_time_to_start,attack_time_to_wi"
2294,FasterCombat FOMOD 2294 1.2.1 2026-07-30T00-33Z U5RChtbhP.zip,10 Attack Profiles and Riposte Timing/Standard Game/Distinct Weapon Handling - Game Default Ripostes/Data/fastercombat_attacks.pak!Libs/Tables/combat/combat_action_sync_attack__fastercombat.xml,combat_action_sync_attack,combat_action_sync_attack,exact,17,0,17,0,278,"animation_duration,attack_time_to_end,attack_time_to_hit,attack_time_to_start,attack_time_to_withdraw,dodge_window,fade_"
2294,FasterCombat FOMOD 2294 1.2.1 2026-07-30T00-33Z U5RChtbhP.zip,10 Attack Profiles and Riposte Timing/Standard Game/Distinct Weapon Handling - Game Default Ripostes/Data/fastercombat_weapon_tuning.pak!Libs/Tables/item/weapon_class__fastercombat.xml,weapon_class,weapon_class,exact,3,3,0,0,14,
2294,FasterCombat FOMOD 2294 1.2.1 2026-07-30T00-33Z U5RChtbhP.zip,10 Attack Profiles and Riposte Timing/Standard Game/Distinct Weapon Handling - Game Default Ripostes/Data/fastercombat_weapon_tuning.pak!Libs/Tables/rpg/buff__fastercombat.xml,buff,buff,exact,3,2,1,0,438,params
2294,FasterCombat FOMOD 2294 1.2.1 2026-07-30T00-33Z U5RChtbhP.zip,10 Attack Profiles and Riposte Timing/Standard Game/Distinct Weapon Handling - Responsive Ripostes/Data/fastercombat_attacks.pak!Libs/Tables/combat/combat_action_attack__fastercombat.xml,combat_action_attack,combat_action_attack,exact,80,0,80,0,79,"animation_duration,attack_time_to_end,attack_time_to_hit,attack_time_to_spb_start,attack_time_to_start,attack_time_to_wi"
2294,FasterCombat FOMOD 2294 1.2.1 2026-07-30T00-33Z U5RChtbhP.zip,10 Attack Profiles and Riposte Timing/Standard Game/Distinct Weapon Handling - Responsive Ripostes/Data/fastercombat_attacks.pak!Libs/Tables/combat/combat_action_sync_attack__fastercombat.xml,combat_action_sync_attack,combat_action_sync_attack,exact,17,0,17,0,278,"animation_duration,attack_time_to_end,attack_time_to_hit,attack_time_to_start,attack_time_to_withdraw,dodge_window,fade_"
2294,FasterCombat FOMOD 2294 1.2.1 2026-07-30T00-33Z U5RChtbhP.zip,10 Attack Profiles and Riposte Timing/Standard Game/Distinct Weapon Handling - Responsive Ripostes/Data/fastercombat_weapon_tuning.pak!Libs/Tables/item/weapon_class__fastercombat.xml,weapon_class,weapon_class,exact,3,3,0,0,14,
2294,FasterCombat FOMOD 2294 1.2.1 2026-07-30T00-33Z U5RChtbhP.zip,10 Attack Profiles and Riposte Timing/Standard Game/Distinct Weapon Handling - Responsive Ripostes/Data/fastercombat_weapon_tuning.pak!Libs/Tables/rpg/buff__fastercombat.xml,buff,buff,exact,3,2,1,0,438,params
2294,FasterCombat FOMOD 2294 1.2.1 2026-07-30T00-33Z U5RChtbhP.zip,20 Master Strike Rules/Directional Master Strikes - Game Default Ripostes/Data/fastercombat_masterstrikes.pak!Libs/Tables/combat/combat_action_perfect_block__fastercombat.xml,combat_action_perfect_block,combat_action_perfect_block,exact,126,126,0,0,356,
2294,FasterCombat FOMOD 2294 1.2.1 2026-07-30T00-33Z U5RChtbhP.zip,20 Master Strike Rules/Directional Master Strikes - Game Default Ripostes/Data/fastercombat_masterstrikes.pak!Libs/Tables/combat/combat_action_sync_pb_hit__fastercombat.xml,combat_action_sync_pb_hit,combat_action_sync_pb_hit,exact,212,0,212,0,4,animation_duration
2294,FasterCombat FOMOD 2294 1.2.1 2026-07-30T00-33Z U5RChtbhP.zip,20 Master Strike Rules/Directional Master Strikes - Responsive Ripostes/Data/fastercombat_masterstrikes.pak!Libs/Tables/combat/combat_action_perfect_block__fastercombat.xml,combat_action_perfect_block,combat_action_perfect_block,exact,170,126,44,0,312,"animation_duration,attack_time_to_end,attack_time_to_hit,attack_time_to_start,attack_time_to_withdraw,block_time_to_end,"
2294,FasterCombat FOMOD 2294 1.2.1 2026-07-30T00-33Z U5RChtbhP.zip,20 Master Strike Rules/Directional Master Strikes - Responsive Ripostes/Data/fastercombat_masterstrikes.pak!Libs/Tables/combat/combat_action_sync_pb_hit__fastercombat.xml,combat_action_sync_pb_hit,combat_action_sync_pb_hit,exact,212,0,212,0,4,animation_duration
2294,FasterCombat FOMOD 2294 1.2.1 2026-07-30T00-33Z U5RChtbhP.zip,20 Master Strike Rules/Game Default or Disabled Master Strikes - Responsive Ripostes/Data/fastercombat_masterstrikes.pak!Libs/Tables/combat/combat_action_perfect_block__fastercombat.xml,combat_action_perfect_block,combat_action_perfect_block,exact,44,0,44,0,312,"animation_duration,attack_time_to_end,attack_time_to_hit,attack_time_to_start,attack_time_to_withdraw,block_time_to_end,"
2294,FasterCombat FOMOD 2294 1.2.1 2026-07-30T00-33Z U5RChtbhP.zip,20 Master Strike Rules/Swords Only Directional Master Strikes - Game Default Ripostes/Data/fastercombat_masterstrikes.pak!Libs/Tables/combat/combat_action_perfect_block__fastercombat.xml,combat_action_perfect_block,combat_action_perfect_block,exact,170,170,0,0,356,
2294,FasterCombat FOMOD 2294 1.2.1 2026-07-30T00-33Z U5RChtbhP.zip,20 Master Strike Rules/Swords Only Directional Master Strikes - Game Default Ripostes/Data/fastercombat_masterstrikes.pak!Libs/Tables/combat/combat_action_sync_pb_hit__fastercombat.xml,combat_action_sync_pb_hit,combat_action_sync_pb_hit,exact,212,0,212,0,4,animation_duration
2294,FasterCombat FOMOD 2294 1.2.1 2026-07-30T00-33Z U5RChtbhP.zip,20 Master Strike Rules/Swords Only Directional Master Strikes - Responsive Ripostes/Data/fastercombat_masterstrikes.pak!Libs/Tables/combat/combat_action_perfect_block__fastercombat.xml,combat_action_perfect_block,combat_action_perfect_block,exact,214,170,44,0,312,"animation_duration,attack_time_to_end,attack_time_to_hit,attack_time_to_start,attack_time_to_withdraw,block_time_to_end,"
2294,FasterCombat FOMOD 2294 1.2.1 2026-07-30T00-33Z U5RChtbhP.zip,20 Master Strike Rules/Swords Only Directional Master Strikes - Responsive Ripostes/Data/fastercombat_masterstrikes.pak!Libs/Tables/combat/combat_action_sync_pb_hit__fastercombat.xml,combat_action_sync_pb_hit,combat_action_sync_pb_hit,exact,212,0,212,0,4,animation_duration
2294,FasterCombat FOMOD 2294 1.2.1 2026-07-30T00-33Z U5RChtbhP.zip,30 Combat Rules and Enemy Attack Direction/Directional Master Strike Rules - Game Default Enemy Attack Direction/Data/fastercombat_combat_rules.pak!Libs/Tables/rpg/rpg_param__fastercombat.xml,rpg_param,rpg_param,exact,3,0,3,0,179,rpg_param_value
2294,FasterCombat FOMOD 2294 1.2.1 2026-07-30T00-33Z U5RChtbhP.zip,30 Combat Rules and Enemy Attack Direction/Directional Master Strike Rules - Guard-Aware Enemy Attacks/Data/fastercombat_combat_rules.pak!Libs/Tables/rpg/rpg_param__fastercombat.xml,rpg_param,rpg_param,exact,11,8,3,0,179,rpg_param_value
2294,FasterCombat FOMOD 2294 1.2.1 2026-07-30T00-33Z U5RChtbhP.zip,30 Combat Rules and Enemy Attack Direction/Game Default Master Strike Rules - Game Default Enemy Attack Direction/Data/fastercombat_combat_rules.pak!Libs/Tables/rpg/rpg_param__fastercombat.xml,rpg_param,rpg_param,exact,2,0,2,0,180,rpg_param_value
2294,FasterCombat FOMOD 2294 1.2.1 2026-07-30T00-33Z U5RChtbhP.zip,30 Combat Rules and Enemy Attack Direction/Game Default Master Strike Rules - Guard-Aware Enemy Attacks/Data/fastercombat_combat_rules.pak!Libs/Tables/rpg/rpg_param__fastercombat.xml,rpg_param,rpg_param,exact,10,8,2,0,180,rpg_param_value
2294,FasterCombat FOMOD 2294 1.2.1 2026-07-30T00-33Z U5RChtbhP.zip,30 Combat Rules and Enemy Attack Direction/Master Strikes Disabled - Game Default Enemy Attack Direction/Data/fastercombat_combat_rules.pak!Libs/Tables/rpg/perk_rpg_param_override__fastercombat.xml,perk_rpg_param_override,perk_rpg_param_override,exact,1,0,1,0,24,rpg_param_value
2294,FasterCombat FOMOD 2294 1.2.1 2026-07-30T00-33Z U5RChtbhP.zip,30 Combat Rules and Enemy Attack Direction/Master Strikes Disabled - Game Default Enemy Attack Direction/Data/fastercombat_combat_rules.pak!Libs/Tables/rpg/rpg_param__fastercombat.xml,rpg_param,rpg_param,exact,4,0,4,0,178,rpg_param_value
2294,FasterCombat FOMOD 2294 1.2.1 2026-07-30T00-33Z U5RChtbhP.zip,30 Combat Rules and Enemy Attack Direction/Master Strikes Disabled - Guard-Aware Enemy Attacks/Data/fastercombat_combat_rules.pak!Libs/Tables/rpg/perk_rpg_param_override__fastercombat.xml,perk_rpg_param_override,perk_rpg_param_override,exact,1,0,1,0,24,rpg_param_value
2294,FasterCombat FOMOD 2294 1.2.1 2026-07-30T00-33Z U5RChtbhP.zip,30 Combat Rules and Enemy Attack Direction/Master Strikes Disabled - Guard-Aware Enemy Attacks/Data/fastercombat_combat_rules.pak!Libs/Tables/rpg/rpg_param__fastercombat.xml,rpg_param,rpg_param,exact,12,8,4,0,178,rpg_param_value
2294,FasterCombat FOMOD 2294 1.2.1 2026-07-30T00-33Z U5RChtbhP.zip,40 Enemy Tackle Overrides/10 or 15 Percent Uniform Faster Attacks - Enemy Tackles Disabled - Polearm Compatibility/Data/fastercombat_weapon_tuning.pak!Libs/Tables/item/weapon_class__fastercombat.xml,weapon_class,weapon_class,exact,9,1,6,2,6,hunt_attack_distance
2294,FasterCombat FOMOD 2294 1.2.1 2026-07-30T00-33Z U5RChtbhP.zip,40 Enemy Tackle Overrides/10 or 15 Percent Uniform Faster Attacks - Enemy Tackles Disabled - Standard Game/Data/fastercombat_weapon_tuning.pak!Libs/Tables/item/weapon_class__fastercombat.xml,weapon_class,weapon_class,exact,9,0,7,2,5,hunt_attack_distance
2294,FasterCombat FOMOD 2294 1.2.1 2026-07-30T00-33Z U5RChtbhP.zip,40 Enemy Tackle Overrides/Distinct Weapon Handling - Enemy Tackles Disabled/Data/fastercombat_weapon_tuning.pak!Libs/Tables/item/weapon_class__fastercombat.xml,weapon_class,weapon_class,exact,9,3,4,2,8,hunt_attack_distance
2294,FasterCombat FOMOD 2294 1.2.1 2026-07-30T00-33Z U5RChtbhP.zip,40 Enemy Tackle Overrides/Distinct Weapon Handling - Enemy Tackles Disabled/Data/fastercombat_weapon_tuning.pak!Libs/Tables/rpg/buff__fastercombat.xml,buff,buff,exact,3,2,1,0,438,params
2294,FasterCombat FOMOD 2294 1.2.1 2026-07-30T00-33Z U5RChtbhP.zip,50 Optional Features/Flexible Combo Inputs/Data/fastercombat_flexible_combos.pak!Libs/Tables/combat/combat_combo__fastercombat.xml,combat_combo,combat_combo,exact,24,24,0,0,34,
2294,FasterCombat FOMOD 2294 1.2.1 2026-07-30T00-33Z U5RChtbhP.zip,50 Optional Features/Flexible Combo Inputs/Data/fastercombat_flexible_combos.pak!Libs/Tables/combat/combat_combo_step__fastercombat.xml,combat_combo_step,combat_combo_step,exact,85,85,0,0,109,
2299,1403 2299 1.5 2026-08-21T17-11Z ZWdhR2re2.zip,Mods/1403/Data/1403.pak!Libs/Tables/combat/combat_action_attack__1403.xml,combat_action_attack__1403,combat_action_attack,ptf,142,0,142,0,42,"dodge_window,perfect_block_window,sync_riposte_window"
2299,1403 2299 1.5 2026-08-21T17-11Z ZWdhR2re2.zip,Mods/1403/Data/1403.pak!Libs/Tables/combat/combat_action_sync_attack__1403.xml,combat_action_sync_attack__1403,combat_action_sync_attack,ptf,402,0,402,0,0,"dodge_window,perfect_block_window,sync_riposte_window"
2299,1403 2299 1.5 2026-08-21T17-11Z ZWdhR2re2.zip,Mods/1403/Data/1403.pak!Libs/Tables/inventory/inventory2item__1403.xml,inventory2item__1403,inventory2item,ptf,606,0,606,0,946,"amount,amount_random_add,inventory_id"
2299,1403 2299 1.5 2026-08-21T17-11Z ZWdhR2re2.zip,Mods/1403/Data/1403.pak!Libs/Tables/inventory/inventory_preset2item__1403.xml,inventory_preset2item__1403,inventory_preset2item,ptf,140,0,140,0,587,"amount,amount_random_add,inventory_preset_id"
2299,1403 2299 1.5 2026-08-21T17-11Z ZWdhR2re2.zip,Mods/1403/Data/1403.pak!Libs/Tables/item/ammo__1403.xml,ammo__1403,ammo,ptf,14,0,14,0,0,"power_mod,slash_att,stab_att"
2299,1403 2299 1.5 2026-08-21T17-11Z ZWdhR2re2.zip,Mods/1403/Data/1403.pak!Libs/Tables/item/armor2clothing_preset__1403.xml,armor2clothing_preset__1403,armor2clothing_preset,ptf,13,13,0,0,8684,
2299,1403 2299 1.5 2026-08-21T17-11Z ZWdhR2re2.zip,Mods/1403/Data/1403.pak!Libs/Tables/item/armor__1403.xml,armor__1403,armor,ptf,796,0,792,4,0,"max_status,slash_def,smash_def,stab_def,str_req"
2299,1403 2299 1.5 2026-08-21T17-11Z ZWdhR2re2.zip,Mods/1403/Data/1403.pak!Libs/Tables/item/clothing_preset__1403.xml,clothing_preset__1403,clothing_preset,ptf,1,1,0,0,1400,
2299,1403 2299 1.5 2026-08-21T17-11Z ZWdhR2re2.zip,Mods/1403/Data/1403.pak!Libs/Tables/item/food__1403.xml,food__1403,food,ptf,169,0,169,0,33,"health_benefit,nutrition_benefit"
2299,1403 2299 1.5 2026-08-21T17-11Z ZWdhR2re2.zip,Mods/1403/Data/1403.pak!Libs/Tables/item/melee_weapon__1403.xml,melee_weapon__1403,melee_weapon,ptf,167,0,120,47,0,"attack,slash_att_mod,smash_att_mod,stab_att_mod"
2299,1403 2299 1.5 2026-08-21T17-11Z ZWdhR2re2.zip,Mods/1403/Data/1403.pak!Libs/Tables/item/missile_weapon__1403.xml,missile_weapon__1403,missile_weapon,ptf,23,0,23,0,0,power
2299,1403 2299 1.5 2026-08-21T17-11Z ZWdhR2re2.zip,Mods/1403/Data/1403.pak!Libs/Tables/item/ointment_item__1403.xml,ointment_item__1403,ointment_item,ptf,8,0,8,0,2,efficiency
2299,1403 2299 1.5 2026-08-21T17-11Z ZWdhR2re2.zip,Mods/1403/Data/1403.pak!Libs/Tables/item/pickable_area_desc__1403.xml,pickable_area_desc__1403,pickable_area_desc,ptf,17,17,0,0,20,
2299,1403 2299 1.5 2026-08-21T17-11Z ZWdhR2re2.zip,Mods/1403/Data/1403.pak!Libs/Tables/item/pickable_item__1403.xml,pickable_item__1403,pickable_item,ptf,2210,0,1505,705,0,"price,weight"
2299,1403 2299 1.5 2026-08-21T17-11Z ZWdhR2re2.zip,Mods/1403/Data/1403.pak!Libs/Tables/item/player_item__1403.xml,player_item__1403,player_item,ptf,1487,0,1473,14,627,ui_info
2299,1403 2299 1.5 2026-08-21T17-11Z ZWdhR2re2.zip,Mods/1403/Data/1403.pak!Libs/Tables/item/recipe__1403.xml,recipe__1403,recipe,ptf,33,0,33,0,2,max_yield
2299,1403 2299 1.5 2026-08-21T17-11Z ZWdhR2re2.zip,Mods/1403/Data/1403.pak!Libs/Tables/item/weapon2weapon_preset__1403.xml,weapon2weapon_preset__1403,weapon2weapon_preset,ptf,10,0,10,0,162,weapon_preset_id
2299,1403 2299 1.5 2026-08-21T17-11Z ZWdhR2re2.zip,Mods/1403/Data/1403.pak!Libs/Tables/item/weapon__1403.xml,weapon__1403,weapon,ptf,190,0,190,0,0,"agi_req,defense,is_breakable,max_status,str_req"
2299,1403 2299 1.5 2026-08-21T17-11Z ZWdhR2re2.zip,Mods/1403/Data/1403.pak!Libs/Tables/item/weapon_preset__1403.xml,weapon_preset__1403,weapon_preset,ptf,5,5,0,0,481,
2299,1403 2299 1.5 2026-08-21T17-11Z ZWdhR2re2.zip,Mods/1403/Data/1403.pak!Libs/Tables/quest/money_change__1403.xml,money_change__1403,money_change,ptf,23,0,23,0,2,change
2299,1403 2299 1.5 2026-08-21T17-11Z ZWdhR2re2.zip,Mods/1403/Data/1403.pak!Libs/Tables/quest/quest_reward_item.xml,quest_reward_item,quest_reward_item,exact,68,8,7,53,14,"count,objective_id,pos,quest_id"
2299,1403 2299 1.5 2026-08-21T17-11Z ZWdhR2re2.zip,Mods/1403/Data/1403.pak!Libs/Tables/random_event__1403.xml,random_event,random_event,exact,12,0,12,0,73,base_run_chance
2299,1403 2299 1.5 2026-08-21T17-11Z ZWdhR2re2.zip,Mods/1403/Data/1403.pak!Libs/Tables/rpg/buff__1403.xml,buff__1403,buff,ptf,134,0,133,1,305,"buff_ui_visibility_id,duration,implementation,params"
2299,1403 2299 1.5 2026-08-21T17-11Z ZWdhR2re2.zip,Mods/1403/Data/1403.pak!Libs/Tables/rpg/perk__1403.xml,perk__1403,perk,ptf,206,0,200,6,345,"autolearnable,level,perk_name,visibility"
2299,1403 2299 1.5 2026-08-21T17-11Z ZWdhR2re2.zip,Mods/1403/Data/1403.pak!Libs/Tables/rpg/perk_rpg_param_override__1403.xml,perk_rpg_param_override__1403,perk_rpg_param_override,ptf,2,0,2,0,23,rpg_param_value
2299,1403 2299 1.5 2026-08-21T17-11Z ZWdhR2re2.zip,Mods/1403/Data/1403.pak!Libs/Tables/rpg/rpg_param__1403.xml,rpg_param__1403,rpg_param,ptf,42,9,32,1,149,rpg_param_value
2299,1403 2299 1.5 2026-08-21T17-11Z ZWdhR2re2.zip,Mods/1403/Data/1403.pak!Libs/Tables/rpg/skill__1403.xml,skill__1403,skill,ptf,6,0,5,1,27,hidden
2299,1403 2299 1.5 2026-08-21T17-11Z ZWdhR2re2.zip,Mods/1403/Data/1403.pak!Libs/Tables/rpg/soul__1403.xml,soul__1403,soul,ptf,338,332,1,5,5019,xp_multiplier
2299,1403 2299 1.5 2026-08-21T17-11Z ZWdhR2re2.zip,Mods/1403/Data/1403.pak!Libs/Tables/rpg/soul_archetype_movement__1403.xml,soul_archetype_movement__1403,soul_archetype_movement,ptf,4,0,4,0,62,"real_backward_speed_max,real_backward_speed_min"
2299,1403 2299 1.5 2026-08-21T17-11Z ZWdhR2re2.zip,Mods/1403/Data/1403.pak!Libs/Tables/shop/shop__1403.xml,shop__1403,shop,ptf,163,0,156,7,0,"price_buy_multiplier,price_sell_multiplier,restock_day_mask"
2299,1403 2299 1.5 2026-08-21T17-11Z ZWdhR2re2.zip,Mods/1403/Data/1403.pak!Libs/Tables/shop/shop_type2item__1403.xml,shop_type2item__1403,shop_type2item,ptf,3309,809,1090,1410,0,"amount,default_on,shop_type_id"
2299,1403 2299 1.5 2026-08-21T17-11Z ZWdhR2re2.zip,Mods/1403/Data/1403.pak!Libs/Tables/text/dialogue_functions__1403.xml,dialogue_functions__1403,dialogue_functions,ptf,1,1,0,0,261,
2299,1403 2299 1.5 2026-08-21T17-11Z ZWdhR2re2.zip,Mods/1403/Data/1403.pak!Libs/Tables/text/sequence__1403.xml,sequence__1403,sequence,ptf,31,0,31,0,52384,script
2338,HorseCollisionMod 2338 6.0.0 2026-09-30T04-12Z vicgJRjyv.zip,Data/HorseCollisionMod.pak!Libs/Tables/rpg/buff__horsecollisionmod.xml,buff,buff,exact,2,2,0,0,439,
2338,HorseCollisionMod 2338 6.0.0 2026-09-30T04-12Z vicgJRjyv.zip,Data/HorseCollisionMod.pak!Libs/Tables/rpg/perk__horsecollisionmod.xml,perk,perk,exact,3,3,0,0,551,
2338,HorseCollisionMod 2338 6.0.0 2026-09-30T04-12Z vicgJRjyv.zip,Data/HorseCollisionMod.pak!Libs/Tables/rpg/perk_soul_ability__horsecollisionmod.xml,perk_soul_ability,perk_soul_ability,exact,3,3,0,0,53,
2338,HorseCollisionMod 2338 6.0.0 2026-09-30T04-12Z vicgJRjyv.zip,Data/HorseCollisionMod.pak!Libs/Tables/rpg/soul_ability__horsecollisionmod.xml,soul_ability,soul_ability,exact,3,3,0,0,54,
2340,MatthusTweaksKCD All In One V1.5 2340 1.5 2026-09-01T23-59Z mDuHaewyB.zip,MatthusTweaksKCD_All_in_One_v1.5/Data/MatthusTweaksKCDaio.pak!Libs/Tables/inventory/inventory_preset2item__MatthusTweaksKCDaio.xml,inventory_preset2item__truehardcoremaintenance,inventory_preset2item,ptf,4,0,4,0,665,"amount,amount_random_add,health,health_offset,priority"
2340,MatthusTweaksKCD All In One V1.5 2340 1.5 2026-09-01T23-59Z mDuHaewyB.zip,MatthusTweaksKCD_All_in_One_v1.5/Data/MatthusTweaksKCDaio.pak!Libs/Tables/item/armor__MatthusTweaksKCDaio.xml,armor,armor,exact,298,0,298,0,498,"armor_type_id,max_status,noise,slash_def,smash_def,stab_def"
2340,MatthusTweaksKCD All In One V1.5 2340 1.5 2026-09-01T23-59Z mDuHaewyB.zip,MatthusTweaksKCD_All_in_One_v1.5/Data/MatthusTweaksKCDaio.pak!Libs/Tables/item/melee_weapon__MatthusTweaksKCDaio.xml,melee_weapon,melee_weapon,exact,78,0,73,5,89,"slash_att_mod,smash_att_mod,stab_att_mod"
2340,MatthusTweaksKCD All In One V1.5 2340 1.5 2026-09-01T23-59Z mDuHaewyB.zip,MatthusTweaksKCD_All_in_One_v1.5/Data/MatthusTweaksKCDaio.pak!Libs/Tables/item/ointment_item__MatthusTweaksKCDaio.xml,ointment_item__truehardcoremaintenance,ointment_item,ptf,2,0,2,0,8,efficiency
2340,MatthusTweaksKCD All In One V1.5 2340 1.5 2026-09-01T23-59Z mDuHaewyB.zip,MatthusTweaksKCD_All_in_One_v1.5/Data/MatthusTweaksKCDaio.pak!Libs/Tables/item/pickable_item__MatthusTweaksKCDaio.xml,pickable_item,pickable_item,exact,1066,0,1034,32,1144,"price,weight"
2340,MatthusTweaksKCD All In One V1.5 2340 1.5 2026-09-01T23-59Z mDuHaewyB.zip,MatthusTweaksKCD_All_in_One_v1.5/Data/MatthusTweaksKCDaio.pak!Libs/Tables/item/weapon2weapon_preset__MatthusTweaksKCDaio.xml,weapon2weapon_preset,weapon2weapon_preset,exact,3,0,2,1,166,weapon_preset_id
2340,MatthusTweaksKCD All In One V1.5 2340 1.5 2026-09-01T23-59Z mDuHaewyB.zip,MatthusTweaksKCD_All_in_One_v1.5/Data/MatthusTweaksKCDaio.pak!Libs/Tables/item/weapon__MatthusTweaksKCDaio.xml,weapon,weapon,exact,79,0,69,10,111,"agi_req,max_status,str_req"
2340,MatthusTweaksKCD All In One V1.5 2340 1.5 2026-09-01T23-59Z mDuHaewyB.zip,MatthusTweaksKCD_All_in_One_v1.5/Data/MatthusTweaksKCDaio.pak!Libs/Tables/rpg/perk_rpg_param_override__MatthusTweaksKCDaio.xml,perk_rpg_param_override__truehardcoremaintenance,perk_rpg_param_override,ptf,7,3,4,0,21,rpg_param_value
2340,MatthusTweaksKCD All In One V1.5 2340 1.5 2026-09-01T23-59Z mDuHaewyB.zip,MatthusTweaksKCD_All_in_One_v1.5/Data/MatthusTweaksKCDaio.pak!Libs/Tables/rpg/rpg_param__MatthusTweaksKCDaio.xml,rpg_param,rpg_param,exact,7,5,2,0,180,rpg_param_value
2340,MatthusTweaksKCD All In One V1.5 2340 1.5 2026-09-01T23-59Z mDuHaewyB.zip,MatthusTweaksKCD_All_in_One_v1.5/Data/MatthusTweaksKCDaio.pak!Libs/Tables/rpg/skill2item_category__MatthusTweaksKCDaio.xml,skill2item_category__truehardcoremaintenance,skill2item_category,ptf,2,2,0,0,47,
2340,MatthusTweaksKCD All In One V1.5 2340 1.5 2026-09-01T23-59Z mDuHaewyB.zip,MatthusTweaksKCD_All_in_One_v1.5/Data/MatthusTweaksKCDaio.pak!Libs/Tables/shop/shop__MatthusTweaksKCDaio.xml,shop,shop,exact,139,0,133,6,24,price_sell_multiplier
2340,MatthusTweaksKCD All In One V1.5 2340 1.5 2026-09-01T23-59Z mDuHaewyB.zip,MatthusTweaksKCD_All_in_One_v1.5/Data/MatthusTweaksKCDaio.pak!Libs/Tables/shop/shop_type2item__MatthusTweaksKCDaio.xml,shop_type2item,shop_type2item,exact,1,1,0,0,719,
2340,MatthusTweaksKCD Layered Damage Fix V1.0 2340 1 2026-09-02T00-01Z M04BeYCgC.zip,MatthusTweaksKCD_Layered_Damage_Fix_v1.0/Data/MatthusTweaksKCDlayer.pak!Libs/Tables/rpg/perk_rpg_param_override__MatthusTweaksKCDlayer.xml,perk_rpg_param_override__truehardcoremaintenance,perk_rpg_param_override,ptf,3,3,0,0,25,
2340,MatthusTweaksKCD Layered Damage Fix V1.0 2340 1 2026-09-02T00-01Z M04BeYCgC.zip,MatthusTweaksKCD_Layered_Damage_Fix_v1.0/Data/MatthusTweaksKCDlayer.pak!Libs/Tables/rpg/rpg_param__MatthusTweaksKCDlayer.xml,rpg_param,rpg_param,exact,3,3,0,0,182,
2340,MatthusTweaksKCD Sabres V1.0 2340 1 2026-08-31T00-37Z 5RVx9I3GV.zip,MatthusTweaksKCD_sabres_v1.0/Data/MatthusTweaksKCDsabres.pak!Libs/Tables/item/weapon2weapon_preset__MatthusTweaksKCDsabres.xml,weapon2weapon_preset,weapon2weapon_preset,exact,3,0,2,1,166,weapon_preset_id
2340,MatthusTweaksKCD Sabres V1.0 2340 1 2026-08-31T00-37Z 5RVx9I3GV.zip,MatthusTweaksKCD_sabres_v1.0/Data/MatthusTweaksKCDsabres.pak!Libs/Tables/shop/shop_type2item__MatthusTweaksKCDsabres.xml,shop_type2item,shop_type2item,exact,1,1,0,0,719,
2343,Ultimate Horse Caparison Fix V1.0 2343 1.0 2026-08-24T20-12Z yvis1527X.zip,Ultimate_Horse_Caparison_Fix/Data/Ultimate_Horse_Caparison_Fix.pak!Libs/Tables/character_hair__ultimate_horse_caparison_fix.xml,character_hair__ultimate_horse_caparison_fix,character_hair,ptf,2,2,0,0,35,
2343,Ultimate Horse Caparison Fix V1.0 2343 1.0 2026-08-24T20-12Z yvis1527X.zip,Ultimate_Horse_Caparison_Fix/Data/Ultimate_Horse_Caparison_Fix.pak!Libs/Tables/rpg/soul__ultimate_horse_caparison_fix.xml,soul__ultimate_horse_caparison_fix,soul,ptf,4,4,0,0,5025,
2345,Food And Drinks Rebalance 2345 1 2026-08-30T23-35Z RVnPpl7KV.rar,Jesoo333's Food and Drinks Rebalance/Data/Jesoo333's Food and Drinks Rebalance.pak!Libs/Tables/item/food.xml,food,food,exact,202,0,155,47,0,"decay_time_hours,health_benefit,nutrition_benefit,refresh_benefit"
