id,name,priority,category,entry,sub_folder,kind,size_mb,grade,perceptibility,depth,layout,loads_on_1_9_8,domain,visual_impact,supports,manifest_modid,tables_list,rows_new,rows_changed,rows_same,rows_dropped,tables_touched,median_rel_change,lua_files,lua_lines,cfg_keys,assets,loc_strings,requires,risk,highlights,areas,grade_basis,problems_text,extracted
83,More Responsive Targeting,P2,Combat / AI,More Responsive Targeting-83-1-04-1.zip,c_combat-ai,archive,0.0,D small tweak,medium,D2 engine config,unclear: read the archive's own instructions,no manifest (legacy install),engine config,none,,,,0,0,0,0,0,0.0,0,0,16,0,0,,none,,config (.cfg): 1; lua identical to vanilla: 0,R=0 T=0 median_rel=0.00 lua_lines=0 cfg=16 assets=0 loc=0 native=no,,"full (scratch, deleted after reading)"
84,Archery - Realistic Arrow Flight,P2,Archery / arrows,Near Perfect Arrows.-84-69-69.zip,c_archery-arrows,archive,0.0,D small tweak,medium,D1 game data xml (not table rows),loose .pak (legacy: copy into Data),no manifest (legacy install),other game data (xml),none,,,,0,0,0,0,0,0.0,0,0,0,0,0,,none,,"pak (container): 1; other game data (xml, not table rows): 1; lua identical to vanilla: 0",R=0 T=0 median_rel=0.00 lua_lines=0 cfg=0 assets=0 loc=0 native=no,,"full (scratch, deleted after reading)"
85,Perkaholic,P2,Progression / XP / perks,Perkaholic 1.05-85-1-05.zip,c_progression-xp-perks,archive,2.48,B large,high,D0 content/text; D1 data tables (PTF); D1 game data xml (not table rows),Mods/<mod folder> with mod.manifest (Vortex or manual),"NO (disabled: lists 1.3, 1.3.1)","gameplay data, other game data (xml), text",low,1.3 1.3.1,,"buff, perk, perk2perk_exclusivity, perk_buff, perk_buff_override, skill",188,86,949,156,6,0.4,0,0,0,0,911,,none,buff:8190c0af-e298-4a4c-b0d4-5c1572ca53c2 NEW row | buff:44d83d20-9709-4e54-9b7d-9b6bcfb630be NEW row | buff:44d83d21-9709-4e54-9b7d-9b6bcfb630be NEW row | buff:44d83d22-9709-4e54-9b7d-9b6bcfb630be NEW row | buff:44d83d23-9709-4e54-9b7d-9b6bcfb630be NEW row | buff:44d83d24-9709-4e54-9b7d-9b6bcfb630be NEW row | buff:44d83d25-9709-4e54-9b7d-9b6bcfb630be NEW row | buff:44d83d26-9709-4e54-9b7d-9b6bcfb630be NEW row,"localization: 12; other: 6; tables (PTF): 6; docs: 2; config (.cfg): 1; manifest: 1; pak (container): 1; other game data (xml, not table rows): 1; lua identical to vanilla: 0",R=274 T=6 median_rel=0.40 lua_lines=0 cfg=0 assets=0 loc=911 native=no,Mods/perkaholic/Data/zzz_perkaholic.pak!Libs/Tables/rpg/buff.xml: no suffix: replaces the whole vanilla table | Mods/perkaholic/Data/zzz_perkaholic.pak!Libs/Tables/rpg/perk.xml: no suffix: replaces the whole vanilla table | Mods/perkaholic/Data/zzz_perkaholic.pak!Libs/Tables/rpg/perk2perk_exclusivity.xml: no suffix: replaces the whole vanilla table | Mods/perkaholic/Data/zzz_perkaholic.pak!Libs/Tables/rpg/perk_buff.xml: no suffix: replaces the whole vanilla table | Mods/perkaholic/Data/zzz_perkaholic.pak!Libs/Tables/rpg/perk_buff_override.xml: no suffix: replaces the whole vanilla table | Mods,"full (scratch, deleted after reading)"
284,No Mo' Slow Mo - Configurable Perfect Block Slow Motion and AI Master Strike frequency,P2,Crime / stealth / loot,NoMoSlowMo - Options-284-2-0b-1672359814.7z,c_crime-stealth-loot,archive,1.11,"C effective (few rows, strong effect)",high,D0 content/text; D1 data tables (PTF); D1 game data xml (not table rows),Mods/<mod folder> with mod.manifest (Vortex or manual),yes (wildcard),"gameplay data, other game data (xml), textures/models/animations",low,1.9.*,,rpg_param,0,3,0,543,3,1.667,0,0,0,1,0,,none,rpg_param:CombatAutoSPBWeight rpg_param_value 1.5->-1 | rpg_param:CombatAutoSPBWeight rpg_param_value 1.5->-1 | rpg_param:CombatAutoSPBWeight rpg_param_value 1.5->0.75,"other game data (xml, not table rows): 3; manifest: 3; pak (container): 3; tables (PTF): 3; textures: 1; docs: 1; lua identical to vanilla: 0",R=3 T=3 median_rel=1.67 lua_lines=0 cfg=0 assets=1 loc=0 native=no,NoMoSloMo - Options/NoAIMasterStrikes/Data/noaimasterstrikes.pak!Libs/Tables/rpg/rpg_param__noaimasterstrikes.xml: suffix 'noaimasterstrikes' != id 'lessaimasterstrikes' (the game ignores it) | NoMoSloMo - Options/NoAIMasterStrikes/Data/Libs/Tables/rpg/rpg_param__noaimasterstrikes.xml: suffix 'noaimasterstrikes' != id 'lessaimasterstrikes' (the game ignores it),"full (scratch, deleted after reading)"
311,O' Hungry Henry,P2,Alchemy / food / survival,5.5-6 Nourishment and 4 Energy lost per hour-311-1-0.7z,c_alchemy-food-survival,archive,0.0,X not analysed,unknown,none found,loose .pak (legacy: copy into Data),no manifest (legacy install),none,none,,,,0,0,0,0,0,0.0,0,0,0,0,0,,none,,docs: 1; pak (container): 1; lua identical to vanilla: 0,nothing readable (see problems),zzz_OHungryHenry.pak: not a ZIP (the game cannot read it either),"full (scratch, deleted after reading)"
366,First-person Herb Picking,P2,Alchemy / food / survival,First-person Herb Picking-366-1-9-5-1583164522.zip,c_alchemy-food-survival,archive,0.0,"E visual, audio or UI only (no gameplay change)",low,D0 content/text,Mods/<mod folder> with mod.manifest (Vortex or manual),yes (no version restriction),textures/models/animations,high,(none),,,0,0,0,0,0,0.0,0,0,0,2,0,,none,,models/animations/materials: 2; manifest: 1; pak (container): 1; lua identical to vanilla: 0,R=0 T=0 median_rel=0.00 lua_lines=0 cfg=0 assets=2 loc=0 native=no,,"full (scratch, deleted after reading)"
390,Stay Clean Longer - Get Dirty Gradually,P2,Alchemy / food / survival,MGs Stay Clean Longer - Get Dirty Gradually 1.6-390-1-6-1707663382,c_alchemy-food-survival,folder (already extracted),0,"C effective (few rows, strong effect)",high,D1 data tables (PTF),Mods/<mod folder> with mod.manifest (Vortex or manual),yes (no version restriction),gameplay data,none,(none),,"perk_rpg_param_override, rpg_param",1,1,0,206,2,1.0,0,0,0,0,0,,MEDIUM,perk_rpg_param_override:01c3b32a-5751-4c98-b6ab-258d02370382/FullClothDirtyingOnFullSpeed rpg_param_value 5000->10000 | rpg_param:FullClothDirtyingOnFullSpeed NEW row,tables (PTF): 2; manifest: 1; other: 1; lua identical to vanilla: 0,R=2 T=2 median_rel=1.00 lua_lines=0 cfg=0 assets=0 loc=0 native=no,,read in place (already extracted by the author)
480,Bed Comfort Restored,P2,Alchemy / food / survival,Bed Comfort Restored-480-1-0.zip,c_alchemy-food-survival,archive,0.0,"C effective (few rows, strong effect)",high,D1 data tables (PTF),Mods/<mod folder> with mod.manifest (Vortex or manual),yes (no version restriction),gameplay data,none,(none),,sleeping_spot_type,0,5,0,0,1,0.6,0,0,0,0,0,,none,sleeping_spot_type:4 sleeping_quality 0.1->0.3 | sleeping_spot_type:2 sleeping_quality 0.3->0.5 | sleeping_spot_type:3 sleeping_quality 0.5->0.8 | sleeping_spot_type:1 sleeping_quality 0.7->1 | sleeping_spot_type:0 sleeping_quality 1->1.2,manifest: 1; pak (container): 1; other: 1; tables (PTF): 1; lua identical to vanilla: 0,R=5 T=1 median_rel=0.60 lua_lines=0 cfg=0 assets=0 loc=0 native=no,Data/Bed_Comfort.pak!Libs/Tables/rpg/sleeping_spot_type.xml: no suffix: replaces the whole vanilla table,"full (scratch, deleted after reading)"
591,Bushes- Collision Remover,P2,World / weather / visuals,Bushes.Only_Collision.Remover.pak,c_world-weather-visuals,loose file,1.7,"E visual, audio or UI only (no gameplay change)",low,D0 content/text,loose .pak (legacy: copy into Data),no manifest (legacy install),textures/models/animations,high,,,,0,0,0,0,0,0.0,0,0,0,26,0,,none,,models/animations/materials: 26; pak (container): 1; lua identical to vanilla: 0,R=0 T=0 median_rel=0.00 lua_lines=0 cfg=0 assets=26 loc=0 native=no,,read in place
651,Better Combat and Immersion Compilation,P2,Combat / AI,Better Combat and Immersion Compilation-651-1-6-2-1641836099.zip,c_combat-ai,archive,1.88,A changes the most,high,D0 content/text; D1 data tables (PTF); D1 game data xml (not table rows); D2 engine config; D3 Lua scripts,Mods/<mod folder> with mod.manifest (Vortex or manual),yes (wildcard),"gameplay data, scripts, other game data (xml), engine config, graphics config, textures/models/animations, UI, text",high,1.*,,"armor, buff, clothing_preset, combat_action_perfect_block, equippable_item, food, inventory_preset2item, perk_rpg_param_override, pickable_item, rpg_param, shop_type2item, skill, social_class, soul_archetype",136,308,29,8207,15,0.571,1,238,4,42,124,states requirements,none,buff:6741cdd0-837a-4b5c-bad8-fb32f389509d duration 60->1800 | buff:7690a860-a843-4609-8a67-9868b87b32b5 duration 300->9000 | buff:8503216a-a34c-49f0-aefa-54d4502046f9 duration 60->1800 | buff:8f65895d-cbfe-4448-b605-4bb7c36da513 duration 300->9000 | buff:976647ae-39b9-45ab-8581-eb61dfb2633b duration 300->9000 | buff:a89a0f9e-464d-4d05-a350-732d257d4a3b duration 300->9000 | buff:f6720007-689b-4f7c-9c7a-f9abbebcf28c duration 60->1800 | buff:f67c12dd-b5f5-4f95-8409-8a5dfe5fb1a1 duration 60->1800,"textures: 41; other game data (xml, not table rows): 31; localization: 24; pak (container): 16; tables (PTF): 15; other: 7; docs: 2; ui: 2; config (.cfg): 1; manifest: 1; models/animations/materials: 1; scripts (Lua): 1; lua identical to vanilla: 0",R=444 T=15 median_rel=0.57 lua_lines=238 cfg=4 assets=42 loc=124 native=no,,"full (scratch, deleted after reading)"
765,Poison Overhaul,P2,Alchemy / food / survival,Poison Overhaul v1.2-765-1-2-1657391917.zip,c_alchemy-food-survival,archive,0.01,"C effective (few rows, strong effect)",high,D0 content/text; D1 data tables (PTF),Mods/<mod folder> with mod.manifest (Vortex or manual),"NO (disabled: lists 1.9.4, 1.9.5, 1.9.6)","gameplay data, text",low,1.9.4 1.9.5 1.9.6,,"buff, food, perk, perk_buff",3,12,1,1317,4,2.0,0,0,0,0,10,,none,buff:f405cbea-2a3f-4363-9e6a-23417e4e2a14 duration 25->300 | food:5c17d1d9-70ec-49d9-9b05-ae23247c045f alcohol_content 20->150 | buff:15387b1a-7f7e-4462-8ce6-ea652f0e182e duration 3600->21600 | food:fd6cceee-06d0-4a0b-a0f6-c52d0afd5481 health_benefit -50->-300 | food:42e54d97-6e63-4e50-a09d-325ef4dd2286 health_benefit -110->-480 | buff:56f66d97-43c6-45d1-a463-05ec76fac01c duration 25->90 | buff:f13d37c1-5524-4822-9515-48e1ccb0dde4 duration 3600->7400 | buff:58138b68-0c86-4d5e-8823-417106d08d3c duration 55->-1,tables (PTF): 4; localization: 2; manifest: 1; pak (container): 1; lua identical to vanilla: 0,R=15 T=4 median_rel=2.00 lua_lines=0 cfg=0 assets=0 loc=10 native=no,,"full (scratch, deleted after reading)"
770,Perkaholic updated,P2,Progression / XP / perks,Perkaholic 1.07-770-1-07-1561341650.zip,_quarantine,archive,0.11,B large,high,D0 content/text; D1 data tables (PTF),Mods/<mod folder> with mod.manifest (Vortex or manual),yes (no version restriction),"gameplay data, text",low,(none),,"buff, perk, perk_buff, perk_buff_override",184,2,1156,0,4,0.25,0,0,0,0,212,,HIGH,perk_buff_override:010b08d9-5346-402c-a7cb-a084d624b62e/44d83d28-9709-4e54-9b7d-9b6bcfb630be/44d83d29-9709-4e54-9b7d-9b6bcfb630be NEW row | perk_buff_override:010b08e0-5346-402c-a7cb-a084d624b62e/44d83d29-9709-4e54-9b7d-9b6bcfb630be/44d83d30-9709-4e54-9b7d-9b6bcfb630be NEW row | perk_buff_override:010b08e8-5346-402c-a7cb-a084d624b62e/44d83d37-9709-4e54-9b7d-9b6bcfb630be/44d83d38-9709-4e54-9b7d-9b6bcfb630be NEW row | perk_buff_override:010b08e9-5346-402c-a7cb-a084d624b62e/44d83d38-9709-4e54-9b7d-9b6bcfb630be/44d83d39-9709-4e54-9b7d-9b6bcfb630be NEW row | perk_buff_override:010b08c8-5346-402c-a7cb-a084d624b62e/44d83d12-9709-4e54-9b7d-9b6bcfb630be/44d83d13-9709-4e54-9b7d-9b6bcfb630be NEW row | perk_buff_override:010b08c9-5346-402c-a7cb-a084d624b62e/44d83d13-9709-4e54-9b7d-9b6bcfb630be/44d83d14-9709-4e54-9b7d-9b6bcfb630be NEW row | perk_buff_override:010b0812-5346-402c-a7cb-a084d624b62e/4b876924-f960-4332-9b28-e9176a9eac09/44d83d42-9709-4e54-9b7d-9b6bcfb630be NEW row | perk_buff_override:010b0813-5346-402c-a7cb-a084d624b62e/44d83d42-9709-4e54-9b7d-9b6bcfb630be/44d83d43-9709-4e54-9b7d-9b6bcfb630be NEW row,other: 10; tables (PTF): 5; localization: 2; manifest: 1; pak (container): 1; lua identical to vanilla: 0,R=186 T=4 median_rel=0.25 lua_lines=0 cfg=0 assets=0 loc=212 native=no,Perkaholic/Data/Perkaholic.pak!Libs/Tables/rpg/perk_buff_override.xml: no suffix: replaces the whole vanilla table | Perkaholic/Data/Perkaholic.pak!Libs/Tables/rpg/perk2perk_exclusivity.xml: no suffix: replaces the whole vanilla table | Perkaholic/Data/Perkaholic.pak!Libs/Tables/rpg/perk_buff.xml: no suffix: replaces the whole vanilla table | Perkaholic/Data/Perkaholic.pak!Libs/Tables/rpg/buff.xml: no suffix: replaces the whole vanilla table | Perkaholic/Data/Perkaholic.pak!Libs/Tables/rpg/perk.xml: no suffix: replaces the whole vanilla table,"full (scratch, deleted after reading)"
802,Archery for 1.9,P2,Archery / arrows,Archer for 1.9-802-1-1563644280.7z,c_archery-arrows,archive,0.0,"C effective (few rows, strong effect)",high,D1 data tables (PTF),loose .pak (legacy: copy into Data),no manifest (legacy install),gameplay data,none,,,rpg_param,9,1,181,0,1,0.5,0,0,0,0,0,,none,rpg_param:BowPowerToChargeDuration NEW row | rpg_param:BowChargeDurationMin NEW row | rpg_param:BowChargeDurationMax NEW row | rpg_param:AimSpreadSkillDecrease NEW row | rpg_param:AimZoomBase NEW row | rpg_param:AimZoomBaseSkill NEW row | rpg_param:AimZoomMax NEW row | rpg_param:AimSkillToZoom NEW row,pak (container): 1; other: 1; tables (PTF): 1; lua identical to vanilla: 0,R=10 T=1 median_rel=0.50 lua_lines=0 cfg=0 assets=0 loc=0 native=no,Archery 1.9/Data/Archery1.9.pak!Libs/Tables/rpg/rpg_param.xml: no suffix: replaces the whole vanilla table,"full (scratch, deleted after reading)"
804,Loose (An Archery Mod),P2,Archery / arrows,Loose (An Archery Mod) V1.1-804-1-1-1565191248.7z,c_archery-arrows,archive,0.0,"C effective (few rows, strong effect)",high,D1 data tables (PTF); D1 game data xml (not table rows),Mods/<mod folder> with mod.manifest (Vortex or manual),yes (no version restriction),"gameplay data, other game data (xml)",none,(none),,rpg_param,9,2,180,0,1,0.225,0,0,0,0,0,,none,rpg_param:AimSpreadSkillDecrease NEW row | rpg_param:AimZoomBase NEW row | rpg_param:AimZoomBaseSkill NEW row | rpg_param:AimZoomMax NEW row | rpg_param:AimSkillToZoom NEW row | rpg_param:AimPainlessDelay NEW row | rpg_param:BowPowerToChargeDuration NEW row | rpg_param:BowChargeDurationMin NEW row,"manifest: 1; pak (container): 1; other: 1; tables (PTF): 1; other game data (xml, not table rows): 1; lua identical to vanilla: 0",R=11 T=1 median_rel=0.23 lua_lines=0 cfg=0 assets=0 loc=0 native=no,Loose_An_Archery_Mod_v1.1/Data/Loose_An_Archery_Mod.pak!Libs/Tables/rpg/rpg_param.xml: no suffix: replaces the whole vanilla table,"full (scratch, deleted after reading)"
883,KingdomCome Rebalancing,P2,Progression / XP / perks,Rebalancing 1.3-883-1-3-1593332571.7z,c_progression-xp-perks,archive,39.07,A changes the most,high,D0 content/text; D1 data tables (PTF); D1 game data xml (not table rows),loose .pak (legacy: copy into Data),no manifest (legacy install),"gameplay data, other game data (xml), UI, text",medium,,,"?, achievement, armor, buff, equippable_item, gold_dayone_stash_diff, inventory_preset2item, melee_weapon, perk, perk_rpg_param_override, pickable_item, quest_objective, response, rpg_param, sequence, shop, soul, soul_archetype, topic2sequence, weapon",22,16851,2017679,121,20,0.4,0,0,0,0,22867,,none,equippable_item:41382adf-569c-4f33-90a0-36b6e874eca7 rpg_buff_weight 0.05->0.525 | weapon:d459cb3a-04b5-4de7-b115-35ec17d293ba max_status 10->82 | pickable_item:4d887670-13cb-746d-5e27-5d234e146cb3 price 660->4790 | pickable_item:4e92a77b-f989-fa76-4147-4ed3cf5c0faf weight 5->29 | pickable_item:4ab8c97d-6977-4b6c-4d66-86b471549483 weight 5->28 | equippable_item:475642da-17e6-c06e-b035-2b1ab31cbb8f rpg_buff_weight 0.1->0.55 | pickable_item:4c71ff43-0696-66e4-71d9-45f30cf05392 weight 6->32 | pickable_item:49cbb237-9280-ba16-cfe4-3d05bacb85a3 weight 5->26,"tables (PTF): 409; other: 384; localization: 22; ui: 10; other game data (xml, not table rows): 2; pak (container): 1; lua identical to vanilla: 0",R=16873 T=20 median_rel=0.40 lua_lines=0 cfg=0 assets=0 loc=22867 native=no,Tables.pak!Libs/Tables/action/actor_action_fragment_id_mapping.xml: no suffix: replaces the whole vanilla table | Tables.pak!Libs/Tables/action/actor_action_standup.xml: no suffix: replaces the whole vanilla table | Tables.pak!Libs/Tables/action/actor_action_transition_to_combat.xml: no suffix: replaces the whole vanilla table | Tables.pak!Libs/Tables/action/actor_action_type.xml: no suffix: replaces the whole vanilla table | Tables.pak!Libs/Tables/action/actor_action_type_group.xml: no suffix: replaces the whole vanilla table | Tables.pak!Libs/Tables/action/actor_activity.xml: no suffix: repl,"full (scratch, deleted after reading)"
1009,Perkaholic - PTF updated (1.9.4-1.9.8),P2,Progression / XP / perks,Perkaholic PTF-1009-1-2-3-1714642782,c_progression-xp-perks,folder (already extracted),0,B large,high,D0 content/text; D1 data tables (PTF),Mods/<mod folder> with mod.manifest (Vortex or manual),"NO (disabled: lists 1.9.4, 1.9.5, 1.9.6, 1.9.7)","gameplay data, text",low,1.9.4 1.9.5 1.9.6 1.9.7,,"buff, perk, perk2perk_exclusivity, perk_buff, perk_buff_override, skill",187,7,1,1183,6,0.25,0,0,0,0,1612,,MEDIUM,buff:44d83d20-9709-4e54-9b7d-9b6bcfb630be NEW row | buff:44d83d21-9709-4e54-9b7d-9b6bcfb630be NEW row | buff:44d83d22-9709-4e54-9b7d-9b6bcfb630be NEW row | buff:44d83d23-9709-4e54-9b7d-9b6bcfb630be NEW row | buff:44d83d24-9709-4e54-9b7d-9b6bcfb630be NEW row | buff:44d83d25-9709-4e54-9b7d-9b6bcfb630be NEW row | buff:44d83d26-9709-4e54-9b7d-9b6bcfb630be NEW row | buff:44d83d27-9709-4e54-9b7d-9b6bcfb630be NEW row,localization: 26; tables (PTF): 6; manifest: 1; other: 1; lua identical to vanilla: 0,R=194 T=6 median_rel=0.25 lua_lines=0 cfg=0 assets=0 loc=1612 native=no,Data/Tables/rpg/buff__perkaholic.xml: table patch outside Libs/Tables (the game looks for Libs/Tables only) | Data/Tables/rpg/perk2perk_exclusivity__perkaholic.xml: table patch outside Libs/Tables (the game looks for Libs/Tables only) | Data/Tables/rpg/perk_buff_override__perkaholic.xml: table patch outside Libs/Tables (the game looks for Libs/Tables only) | Data/Tables/rpg/perk_buff__perkaholic.xml: table patch outside Libs/Tables (the game looks for Libs/Tables only) | Data/Tables/rpg/perk__perkaholic.xml: table patch outside Libs/Tables (the game looks for Libs/Tables only) | Data/Tables/rp,read in place (already extracted by the author)
1009,Perkaholic - PTF updated (1.9.4-1.9.8),P2,Progression / XP / perks,Perkaholic PTF-1009-1-2-3-1780997771.rar,c_progression-xp-perks,archive,0.08,B large,high,D0 content/text; D1 data tables (PTF),Mods/<mod folder> with mod.manifest (Vortex or manual),yes (explicit),"gameplay data, text",low,1.9.4 1.9.5 1.9.6 1.9.7 1.9.8 1.9.9,,"buff, perk, perk2perk_exclusivity, perk_buff, perk_buff_override, skill",187,7,1,1183,6,0.25,0,0,0,0,1612,,none,buff:44d83d20-9709-4e54-9b7d-9b6bcfb630be NEW row | buff:44d83d21-9709-4e54-9b7d-9b6bcfb630be NEW row | buff:44d83d22-9709-4e54-9b7d-9b6bcfb630be NEW row | buff:44d83d23-9709-4e54-9b7d-9b6bcfb630be NEW row | buff:44d83d24-9709-4e54-9b7d-9b6bcfb630be NEW row | buff:44d83d25-9709-4e54-9b7d-9b6bcfb630be NEW row | buff:44d83d26-9709-4e54-9b7d-9b6bcfb630be NEW row | buff:44d83d27-9709-4e54-9b7d-9b6bcfb630be NEW row,localization: 26; tables (PTF): 6; manifest: 1; pak (container): 1; lua identical to vanilla: 0,R=194 T=6 median_rel=0.25 lua_lines=0 cfg=0 assets=0 loc=1612 native=no,,"full (scratch, deleted after reading)"
1040,Disable Combat Slowmotion,P2,Combat / AI,DisableCombatSlowmotion.zip-1040-1-9-5-1592222070.zip,c_combat-ai,archive,0.0,D small tweak,none,D3 Lua scripts,Mods/<mod folder> with mod.manifest (Vortex or manual),NO (disabled: lists 1.9.5),scripts,none,1.9.5,,,0,0,0,0,0,0.0,1,3,0,0,0,,none,,manifest: 1; pak (container): 1; scripts (Lua): 1; lua identical to vanilla: 0,R=0 T=0 median_rel=0.00 lua_lines=3 cfg=0 assets=0 loc=0 native=no,,"full (scratch, deleted after reading)"
1062,SIM Camping Mini ML 1.5.1.1,P2,Alchemy / food / survival,SIM_Camping.zip-1062-1-5-1-1-1598039154.zip,c_alchemy-food-survival,archive,0.04,B large,high,D0 content/text; D1 data tables (PTF); D3 Lua scripts,Mods/<mod folder> with mod.manifest (Vortex or manual),yes (no version restriction),"gameplay data, scripts, UI, text",medium,(none),,"buff, food, item, ointment_item, perk, perk_buff, pickable_item, player_item, questible_item, shop_type2item, sleeping_spot_type",39,12,5,9435,11,0.667,3,1532,0,0,140,,none,food:007ec8d6-1ce1-4e90-8267-7c349812ddcd NEW row | item:ef8970f9-2cc6-47c6-81a9-1939fc48e265 NEW row | item:007ec8d6-1ce1-4e90-8267-7c349812ddcd NEW row | item:008ec8d6-1ce1-4e90-8267-7c349812ddcd NEW row | item:009ec8d6-1ce1-4e90-8267-7c349812ddcd NEW row | item:010ec8d6-1ce1-4e90-8267-7c349812ddcd NEW row | ointment_item:ef8970f9-2cc6-47c6-81a9-1939fc48e265 NEW row | ointment_item:008ec8d6-1ce1-4e90-8267-7c349812ddcd NEW row,tables (PTF): 11; localization: 8; ui: 7; scripts (Lua): 3; manifest: 1; pak (container): 1; other: 1; lua identical to vanilla: 0,R=51 T=11 median_rel=0.67 lua_lines=1532 cfg=0 assets=0 loc=140 native=no,SIM_Camping/Data/SIMCampingMinML.pak!Libs/Tables/rpg/sleeping_spot_type.xml: no suffix: replaces the whole vanilla table,"full (scratch, deleted after reading)"
1070,Better Combat,P2,Combat / AI,Better Combat-1070-1-2-1594609210.rar,c_combat-ai,archive,0.0,"C effective (few rows, strong effect)",high,D1 data tables (PTF); D2 engine config,Mods/<mod folder> with mod.manifest (Vortex or manual),NO (disabled: lists 1.9.6),"gameplay data, engine config",none,1.9.6,,"perk_rpg_param_override, rpg_param",19,13,0,194,2,0.375,0,0,4,0,0,,none,rpg_param:CombatAutoAttackDelayIncreasePerAttackerHorse NEW row | rpg_param:CombatAutoAttackDelayIncreasePerAttackerMissile NEW row | rpg_param:CombatAutoClinchReactionDelayMaxMax NEW row | rpg_param:CombatAutoClinchReactionDelayMaxMin NEW row | rpg_param:CombatAutoClinchReactionDelayMinMax NEW row | rpg_param:CombatAutoClinchReactionDelayMinMin NEW row | rpg_param:CombatAutoMaxAimDuration NEW row | perk_rpg_param_override:01c3b32a-5751-4c98-b6ab-258d02370382/CombatAutoAttackDelayIncreasePerAttackerHorse NEW row,docs: 2; tables (PTF): 2; config (.cfg): 1; manifest: 1; pak (container): 1; lua identical to vanilla: 0,R=32 T=2 median_rel=0.38 lua_lines=0 cfg=4 assets=0 loc=0 native=no,,"full (scratch, deleted after reading)"
1084,Overpowered Bows - PTF Edition,P2,Archery / arrows,op_bows_power_100-1084-1-1-1598736006.rar,c_archery-arrows,archive,0.0,"C effective (few rows, strong effect)",high,D1 data tables (PTF),Mods/<mod folder> with mod.manifest (Vortex or manual),yes (no version restriction),gameplay data,none,(none),,missile_weapon,0,2,0,21,1,0.536,0,0,0,0,0,,none,missile_weapon:f2c83abc-2252-49f6-bbb7-dc8bc02979b2 power 54->100 | missile_weapon:9bafcc7f-3931-4cc4-89ce-8f6ab205dfa8 power 82->100,manifest: 1; pak (container): 1; tables (PTF): 1; lua identical to vanilla: 0,R=2 T=1 median_rel=0.54 lua_lines=0 cfg=0 assets=0 loc=0 native=no,,"full (scratch, deleted after reading)"
1090,Colored Arrows,P2,Archery / arrows,Colored Arrows and Feathers - White-1090-1-0-3-1599011013.zip,c_archery-arrows,archive,1.1,"E visual, audio or UI only (no gameplay change)",low,D0 content/text,Mods/<mod folder> with mod.manifest (Vortex or manual),yes (wildcard),textures/models/animations,medium,1.9.*,,,0,0,0,0,0,0.0,0,0,0,11,0,,none,,textures: 11; manifest: 1; pak (container): 1; lua identical to vanilla: 0,R=0 T=0 median_rel=0.00 lua_lines=0 cfg=0 assets=11 loc=0 native=no,,"full (scratch, deleted after reading)"
1100,Faster archery - PTF Edition,P2,Archery / arrows,Faster archery easy-1100-1-0-1600006459.rar,c_archery-arrows,archive,0.0,"C effective (few rows, strong effect)",high,D1 data tables (PTF),Mods/<mod folder> with mod.manifest (Vortex or manual),yes (no version restriction),gameplay data,none,(none),,rpg_param,3,0,0,182,1,0.0,0,0,0,0,0,,none,rpg_param:BowChargeDurationMin NEW row | rpg_param:BowChargeDurationMax NEW row | rpg_param:BowPowerToChargeDuration NEW row,manifest: 1; pak (container): 1; tables (PTF): 1; lua identical to vanilla: 0,R=3 T=1 median_rel=0.00 lua_lines=0 cfg=0 assets=0 loc=0 native=no,,"full (scratch, deleted after reading)"
1105,Service Prices,P2,Economy / merchants,Service Prices-1105-1-0-1600469221.zip,c_economy-merchants,archive,0.01,B large,high,D1 data tables (PTF); D3 Lua scripts,Mods/<mod folder> with mod.manifest (Vortex or manual),yes (no version restriction),"gameplay data, scripts",none,(none),,sequence,0,6,0,52409,1,0.0,3,1022,0,0,0,,none,sequence:55336/ script Utils.SetLocalVar('s->Utils.SetLocalVar('s | sequence:55338/ script Utils.SetLocalVar('s->Utils.SetLocalVar('s | sequence:59202/ script Utils.SetLocalVar('s->Utils.SetLocalVar('s | sequence:55367/ script Utils.SetLocalVar('s->Utils.SetLocalVar('s | sequence:59155/ script Utils.SetLocalVar('s->Utils.SetLocalVar('s | sequence:55332/ script Utils.SetLocalVar('s->Utils.SetLocalVar('s,scripts (Lua): 3; manifest: 1; pak (container): 1; tables (PTF): 1; lua identical to vanilla: 0,R=6 T=1 median_rel=0.00 lua_lines=1022 cfg=0 assets=0 loc=0 native=no,,"full (scratch, deleted after reading)"
1112,Combat Overhaul,P2,Combat / AI,combatoverhaul-1112-1-6-4-1603868865.7z,c_combat-ai,archive,0.02,B large,high,D1 data tables (PTF),Mods/<mod folder> with mod.manifest (Vortex or manual),yes (no version restriction),gameplay data,none,(none),,"combat_action_perfect_block, combat_attack_type, perk_rpg_param_override, rpg_param, soul",226,17,14,5568,5,0.54,0,0,0,0,0,,none,combat_action_perfect_block:14/1/1/CombatBlockPerfect/4/1/0/3/-1/0/4/7/4/-1/1/-1/-1/-1/-1/-1/4/-1/1 NEW row | combat_action_perfect_block:14/1/0/CombatBlockPerfect/2/1/0/3/-1/0/2/7/4/-1/1/-1/-1/-1/-1/-1/4/-1/0 NEW row | combat_action_perfect_block:14/1/0/CombatBlockPerfect/3/1/0/4/-1/0/3/7/4/-1/1/-1/-1/-1/-1/-1/4/-1/0 NEW row | combat_action_perfect_block:14/1/2/CombatBlockPerfect/3/1/0/4/-1/0/1/7/4/-1/1/-1/-1/-1/-1/-1/4/-1/1 NEW row | combat_action_perfect_block:14/1/1/CombatBlockPerfect/0/1/0/3/-1/0/0/7/4/-1/1/-1/-1/-1/-1/-1/4/-1/2 NEW row | combat_action_perfect_block:14/1/1/CombatBlockPerfect/2/1/0/3/-1/0/0/7/4/-1/1/-1/-1/-1/-1/-1/4/-1/1 NEW row | combat_action_perfect_block:14/1/0/CombatBlockPerfect/1/1/0/3/-1/0/0/7/4/-1/1/-1/-1/-1/-1/-1/4/-1/0 NEW row | combat_action_perfect_block:14/0/5/CombatBlockPerfect/1/1/0/5/-1/0/1/7/4/-1/1/-1/-1/-1/-1/-1/4/-1/5 NEW row,tables (PTF): 5; manifest: 1; pak (container): 1; lua identical to vanilla: 0,R=243 T=5 median_rel=0.54 lua_lines=0 cfg=0 assets=0 loc=0 native=no,,"full (scratch, deleted after reading)"
1148,Combo and Weapon rebalance,P2,Combat / AI,deadlycombo-1148-1-1605253363.7z,c_combat-ai,archive,0.01,A changes the most,high,D1 data tables (PTF),Mods/<mod folder> with mod.manifest (Vortex or manual),yes (no version restriction),gameplay data,none,(none),,"combat_sync_action_hit, melee_weapon",0,674,0,90,2,4.377,0,0,0,0,0,,none,combat_sync_action_hit:1/39 attack_value_coef 0.1->2.605583991837097 | combat_sync_action_hit:27/44 attack_value_coef 0.2->2.706255285624903 | combat_sync_action_hit:1/50 attack_value_coef 0.1->2.605583991837097 | combat_sync_action_hit:1/51 attack_value_coef 0.1->2.605583991837097 | combat_sync_action_hit:1/52 attack_value_coef 0.1->2.605583991837097 | combat_sync_action_hit:1/53 attack_value_coef 0.1->2.605583991837097 | combat_sync_action_hit:1/54 attack_value_coef 0.1->2.605583991837097 | combat_sync_action_hit:1/55 attack_value_coef 0.1->2.605583991837097,tables (PTF): 2; manifest: 1; pak (container): 1; lua identical to vanilla: 0,R=674 T=2 median_rel=4.38 lua_lines=0 cfg=0 assets=0 loc=0 native=no,,"full (scratch, deleted after reading)"
1195,Get Water,P2,Alchemy / food / survival,Get Water-1195-1-0-1612638603.7z,c_alchemy-food-survival,archive,0.01,"C effective (few rows, strong effect)",high,D0 content/text; D1 data tables (PTF); D3 Lua scripts,Mods/<mod folder> with mod.manifest (Vortex or manual),NO (disabled: lists 1.9.6),"gameplay data, scripts, UI, text",medium,1.9.6,,"item, pickable_item, player_item, questible_item",4,0,0,7378,4,0.0,2,152,0,0,8,,none,item:2aef9b0a-f485-4935-be7d-7ceee381b547 NEW row | pickable_item:2aef9b0a-f485-4935-be7d-7ceee381b547 NEW row | player_item:2aef9b0a-f485-4935-be7d-7ceee381b547 NEW row | questible_item:2aef9b0a-f485-4935-be7d-7ceee381b547 NEW row,tables (PTF): 4; ui: 2; scripts (Lua): 2; localization: 2; manifest: 1; pak (container): 1; lua identical to vanilla: 0,R=4 T=4 median_rel=0.00 lua_lines=152 cfg=0 assets=0 loc=8 native=no,,"full (scratch, deleted after reading)"
1205,ETSGF - Easy to see glowing Arrow feathers  - 1.9.6 - Multi-Colored arrow support,P2,Archery / arrows,ETSGF Multi-Color HiViz (Made by Bluefirevortex)-1205-1-0-1740342886.7z,c_archery-arrows,archive,0.01,"E visual, audio or UI only (no gameplay change)",low,D0 content/text,Mods/<mod folder> with mod.manifest (Vortex or manual),"NO (disabled: lists 1.9.5, 1.9.6, 1.9.7)",textures/models/animations,high,1.9.5 1.9.6 1.9.7,,,0,0,0,0,0,0.0,0,0,0,10,0,,none,,models/animations/materials: 10; manifest: 1; pak (container): 1; lua identical to vanilla: 0,R=0 T=0 median_rel=0.00 lua_lines=0 cfg=0 assets=10 loc=0 native=no,,"full (scratch, deleted after reading)"
1205,ETSGF - Easy to see glowing Arrow feathers  - 1.9.6 - Multi-Colored arrow support,P2,Archery / arrows,ETSGF Multi-Color LowViz (Made by Bluefirevortex)-1205-1-0-1740343056.7z,c_archery-arrows,archive,0.01,"E visual, audio or UI only (no gameplay change)",low,D0 content/text,Mods/<mod folder> with mod.manifest (Vortex or manual),"NO (disabled: lists 1.9.5, 1.9.6, 1.9.7)",textures/models/animations,high,1.9.5 1.9.6 1.9.7,,,0,0,0,0,0,0.0,0,0,0,11,0,,none,,models/animations/materials: 10; manifest: 1; pak (container): 1; textures: 1; lua identical to vanilla: 0,R=0 T=0 median_rel=0.00 lua_lines=0 cfg=0 assets=11 loc=0 native=no,,"full (scratch, deleted after reading)"
1236,Easy Combat PTF (easy parry and master strike),P2,Combat / AI,easycombat-1236-1-1-1618287536.rar,c_combat-ai,archive,0.0,"C effective (few rows, strong effect)",high,D1 data tables (PTF); D1 game data xml (not table rows),Mods/<mod folder> with mod.manifest (Vortex or manual),yes (no version restriction),"gameplay data, other game data (xml)",none,(none),,rpg_param,0,2,0,180,1,3.265,0,0,0,0,0,,none,rpg_param:MaxSpecialPerfectBlockSlotModifier rpg_param_value 0.6->3 | rpg_param:MaxPerfectBlockSlotModifier rpg_param_value 0.85->3,"manifest: 1; pak (container): 1; tables (PTF): 1; other game data (xml, not table rows): 1; lua identical to vanilla: 0",R=2 T=1 median_rel=3.26 lua_lines=0 cfg=0 assets=0 loc=0 native=no,,"full (scratch, deleted after reading)"
1243,Easier Enemies PTF (Dumber Enemies),P2,Combat / AI,02- 50 percent dumber enemies-1243-1-1-1618286957.rar,c_combat-ai,archive,0.0,"C effective (few rows, strong effect)",high,D1 data tables (PTF),Mods/<mod folder> with mod.manifest (Vortex or manual),yes (no version restriction),gameplay data,none,(none),,rpg_param,0,8,0,174,1,0.629,0,0,0,0,0,,none,rpg_param:CombatAutoAttackDelayIncreasePerAttacker rpg_param_value 0.8->3.2 | rpg_param:CombatAutoNoDefenseWeight rpg_param_value 0.4->1.2025 | rpg_param:CombatAutoSPBWeight rpg_param_value 1.5->0 | rpg_param:CombatAutoNormalBWeight rpg_param_value 2.8->4.9225 | rpg_param:CombatAutoMaxAttackDelay rpg_param_value 6->9 | rpg_param:CombatAutoUnarmedBlockProb rpg_param_value 1.6->0.8 | rpg_param:CombatAutoPBWeight rpg_param_value 2.5->1.4375 | rpg_param:CombatAutoDodgeWeight rpg_param_value 1.1->0.7375,manifest: 1; pak (container): 1; tables (PTF): 1; lua identical to vanilla: 0,R=8 T=1 median_rel=0.63 lua_lines=0 cfg=0 assets=0 loc=0 native=no,,"full (scratch, deleted after reading)"
1243,Easier Enemies PTF (Dumber Enemies),P2,Combat / AI,04- no npc master strike-1243-1-0-1618262566.rar,c_combat-ai,archive,0.0,"C effective (few rows, strong effect)",high,D1 data tables (PTF); D1 game data xml (not table rows),Mods/<mod folder> with mod.manifest (Vortex or manual),yes (no version restriction),"gameplay data, other game data (xml)",none,(none),,rpg_param,0,5,0,177,1,0.341,0,0,0,0,0,,none,rpg_param:CombatAutoSPBWeight rpg_param_value 1.5->0 | rpg_param:CombatAutoNoDefenseWeight rpg_param_value 0.4->0.775 | rpg_param:CombatAutoDodgeWeight rpg_param_value 1.1->1.475 | rpg_param:CombatAutoPBWeight rpg_param_value 2.5->2.875 | rpg_param:CombatAutoNormalBWeight rpg_param_value 2.8->3.175,"other game data (xml, not table rows): 2; manifest: 1; pak (container): 1; tables (PTF): 1; lua identical to vanilla: 0",R=5 T=1 median_rel=0.34 lua_lines=0 cfg=0 assets=0 loc=0 native=no,,"full (scratch, deleted after reading)"
1260,RPG Tweaks,P2,Progression / XP / perks,Rpg Tweaks 0.9.1-1260-0-9-1-1627282645.rar,c_progression-xp-perks,archive,0.0,"C effective (few rows, strong effect)",high,D1 data tables (PTF),Mods/<mod folder> with mod.manifest (Vortex or manual),yes (no version restriction),gameplay data,none,(none),,"perk_rpg_param_override, rpg_param",9,86,55,249,3,0.5,0,0,0,0,0,,none,perk_rpg_param_override:01c3b32a-5751-4c98-b6ab-258d02370382/RepairKitCapacity rpg_param_value 450->5200 | rpg_param:HerbGatherSkillToRadius rpg_param_value 0.25->3 | perk_rpg_param_override:01c3b32a-5751-4c98-b6ab-258d02370382/FullClothDirtyingOnFullSpeed rpg_param_value 5000->30000 | rpg_param:StatXPVitalityPerJump rpg_param_value 0.5->3 | rpg_param:BaseInventoryCapacity rpg_param_value 66->320 | perk_rpg_param_override:01c3b32a-5751-4c98-b6ab-258d02370382/MaxSpecialPerfectBlockSlotModifier rpg_param_value 0.55->2.25 | rpg_param:StatXPSpeechPerSequence rpg_param_value 1->4 | rpg_param:MaxSpecialPerfectBlockSlotModifier rpg_param_value 0.6->1.99,other: 3; tables (PTF): 3; manifest: 1; pak (container): 1; lua identical to vanilla: 0,R=95 T=3 median_rel=0.50 lua_lines=0 cfg=0 assets=0 loc=0 native=no,Rpg Tweaks 0.9.1/Data/Rpg_Tweaks.pak!Libs/Tables/rpg/perk_rpg_param_override.xml: no suffix: replaces the whole vanilla table | Rpg Tweaks 0.9.1/Data/Rpg_Tweaks.pak!Libs/Tables/rpg/rpg_param.xml: no suffix: replaces the whole vanilla table | Rpg Tweaks 0.9.1/Data/Libs/Tables/rpg/rpg_param.xml: no suffix: replaces the whole vanilla table,"full (scratch, deleted after reading)"
1266,Stronger drinks - PTF Edition,P2,Alchemy / food / survival,stronger_drinks-1266-1-0-1627071776.rar,c_alchemy-food-survival,archive,0.0,"C effective (few rows, strong effect)",high,D1 data tables (PTF),Mods/<mod folder> with mod.manifest (Vortex or manual),yes (no version restriction),gameplay data,none,(none),,food,0,9,0,193,1,0.5,0,0,0,0,0,,none,food:9e782670-3291-4382-a6d3-a843d13e67d9 alcohol_content 5->30 | food:2529e246-6f1b-4529-8d6b-64245207bae8 alcohol_content 90->160 | food:52afd6fa-9377-457c-83a2-b5b39321a4dc alcohol_content 15->24 | food:390c0dc8-23fd-42a0-91f2-a4d42f96a387 alcohol_content 50->75 | food:c64b7286-07b8-4bdf-afd0-359171d35249 alcohol_content 80->120 | food:ca5a0aa3-e373-48ec-96e4-1c3b9907bac3 alcohol_content 30->45 | food:38df365c-a4bb-462b-80cc-eb92f16930fa alcohol_content 40->55 | food:7c5126cd-b010-4484-8465-22a3d69fa0df alcohol_content 40->55,manifest: 1; pak (container): 1; tables (PTF): 1; lua identical to vanilla: 0,R=9 T=1 median_rel=0.50 lua_lines=0 cfg=0 assets=0 loc=0 native=no,,"full (scratch, deleted after reading)"
1292,Ultimate Repair Kit 2.0,P2,Weapons / armor / items,Ultimate Repair Kit 2.0-1292-1-2-1642365001.7z,c_weapons-armor-items,archive,0.0,"C effective (few rows, strong effect)",high,D1 data tables (PTF),Mods/<mod folder> with mod.manifest (Vortex or manual),yes (wildcard),gameplay data,none,1.9.*,,"perk_rpg_param_override, rpg_param, skill2item_category",3,1,0,253,3,0.0,0,0,0,0,0,,none,rpg_param:RepairKitItemHealthBestLimit NEW row | skill2item_category:armor.horse_bridle.*/8 NEW row | skill2item_category:armor.horse_saddle.*/8 NEW row | perk_rpg_param_override:01c3b32a-5751-4c98-b6ab-258d02370382/RepairKitItemHealthBestLimit rpg_param_value 0.5->,tables (PTF): 3; manifest: 1; pak (container): 1; lua identical to vanilla: 0,R=4 T=3 median_rel=0.00 lua_lines=0 cfg=0 assets=0 loc=0 native=no,,"full (scratch, deleted after reading)"
1323,Skalitz Shield Fix AWL,P2,Weapons / armor / items,Skalitz Shield Fix-1323-1-0-1642601960.7z,c_weapons-armor-items,archive,6.16,"E visual, audio or UI only (no gameplay change)",low,D0 content/text,Mods/<mod folder> with mod.manifest (Vortex or manual),yes (wildcard),textures/models/animations,high,1.9.*,,,0,0,0,0,0,0.0,0,0,0,7,0,,none,,textures: 6; manifest: 1; docs: 1; pak (container): 1; models/animations/materials: 1; lua identical to vanilla: 0,R=0 T=0 median_rel=0.00 lua_lines=0 cfg=0 assets=7 loc=0 native=no,,"full (scratch, deleted after reading)"
1334,Fast Learning Henry,P2,Progression / XP / perks,FastLearningHenry1.0-1334-0-5-1644641439.7z,c_progression-xp-perks,archive,0.01,"C effective (few rows, strong effect)",high,D1 data tables (PTF),Mods/<mod folder> with mod.manifest (Vortex or manual),yes (no version restriction),gameplay data,none,(none),,rpg_param,4,92,272,0,2,4.0,0,0,0,0,0,,none,rpg_param:PickpocketingFailXPMod rpg_param_value 0.3->2 | rpg_param:PickpocketingFailXPMod rpg_param_value 0.3->2 | rpg_param:StatXPVitalityPerVault rpg_param_value 0.7->4 | rpg_param:StatXPVitalityPerVault rpg_param_value 0.7->4 | rpg_param:AlchemyXPPerSuccessfullBrewing rpg_param_value 40->200 | rpg_param:HoundmasterXPContextCommand rpg_param_value 2->10 | rpg_param:HoundmasterXPFeed rpg_param_value 25->125 | rpg_param:HoundmasterXPFetch rpg_param_value 5->25,manifest: 2; pak (container): 2; other: 2; tables (PTF): 2; lua identical to vanilla: 0,R=96 T=2 median_rel=4.00 lua_lines=0 cfg=0 assets=0 loc=0 native=no,FastLerningHenry1.0/LevelCap25/Mods/FastLearningHenry/Data/FastLearningHenry.pak!Libs/Tables/rpg/rpg_param.xml: no suffix: replaces the whole vanilla table | FastLerningHenry1.0/LevelCapDefault/Mods/FastLearningHenry/Data/FastLearningHenry.pak!Libs/Tables/rpg/rpg_param.xml: no suffix: replaces the whole vanilla table,"full (scratch, deleted after reading)"
1375,No Aim Spread (Bow sway disabler),P2,Archery / arrows,No Aim Spread - Normal version-1375-2-2-1775620893.zip,c_archery-arrows,archive,0.0,"C effective (few rows, strong effect)",high,D0 content/text; D1 data tables (PTF),Mods/<mod folder> with mod.manifest (Vortex or manual),"NO (disabled: lists 1.9.4, 1.9.5, 1.9.6, 1.9.7)","gameplay data, text",low,1.9.4 1.9.5 1.9.6 1.9.7,,"buff, game_mode, perk, perk_buff, soul2perk",5,0,1,50029,5,0.0,0,0,0,0,2,,none,perk:ae32e325-fe7e-48d6-90bc-d04707e9fe5b NEW row | buff:dfa3d59d-5da0-41bc-8ce5-a2c1d7b4ed0c NEW row | perk_buff:ae32e325-fe7e-48d6-90bc-d04707e9fe5b/dfa3d59d-5da0-41bc-8ce5-a2c1d7b4ed0c NEW row | soul2perk:ae32e325-fe7e-48d6-90bc-d04707e9fe5b/43430cfa-9d81-0432-ab95-43f66f3c04a3 NEW row | game_mode:1/ae32e325-fe7e-48d6-90bc-d04707e9fe5b NEW row,tables (PTF): 6; localization: 2; manifest: 1; pak (container): 1; lua identical to vanilla: 0,R=5 T=5 median_rel=0.00 lua_lines=0 cfg=0 assets=0 loc=2 native=no,,"full (scratch, deleted after reading)"
1376,Archery mod - Faster arrows (for real),P2,Archery / arrows,Archery mod - Faster arrows-1376-1-1-1775621786.zip,c_archery-arrows,archive,0.0,"C effective (few rows, strong effect)",high,D1 data tables (PTF); D1 game data xml (not table rows),Mods/<mod folder> with mod.manifest (Vortex or manual),"NO (disabled: lists 1.9.4, 1.9.5, 1.9.6, 1.9.7)","gameplay data, other game data (xml)",none,1.9.4 1.9.5 1.9.6 1.9.7,,ammo,0,14,23,0,1,0.818,0,0,0,0,0,,none,ammo:13ba7468-11a2-483d-8cb9-25ce36a2d228 power_mod 1->2 | ammo:19df1c5c-3dbf-45c0-ac01-336facf5f741 power_mod 1->2 | ammo:278d26d1-e9a7-4354-84f9-37d20cb72b45 power_mod 1->2 | ammo:4fd563e5-a44a-4a6e-958d-95bcb196814a power_mod 1->2 | ammo:7db6b854-e307-4a47-ba39-943190b2469e power_mod 1->2 | ammo:802507e9-d620-47b5-ae66-08fcc314e26a power_mod 1->2 | ammo:a5b31bbc-1e11-4831-835b-c06d5b13a7da power_mod 0.9->1.8 | ammo:ad6f0f01-aec4-44d1-982c-1210eb01b74a power_mod 1.1->2.2,"tables (PTF): 2; manifest: 1; pak (container): 1; other game data (xml, not table rows): 1; lua identical to vanilla: 0",R=14 T=1 median_rel=0.82 lua_lines=0 cfg=0 assets=0 loc=0 native=no,,"full (scratch, deleted after reading)"
1380,Black Items Fix,P2,Weapons / armor / items,BlackItems - PTF-1380-1-1-1780999063.rar,c_weapons-armor-items,archive,0.32,B large,high,D0 content/text; D1 data tables (PTF),Mods/<mod folder> with mod.manifest (Vortex or manual),yes (explicit),"gameplay data, textures/models/animations, text",high,1.9.4 1.9.5 1.9.6 1.9.7 1.9.8 1.9.9,,"armor, clothing, clothing_raycast, equippable_item, item, pickable_item, player_item, shop_type2item",54,5,0,9851,8,0.0,0,0,0,3,60,,none,armor:d640f7ba-a47a-46b9-b70d-e4abdfff2119 NEW row | armor:d640f7ba-a47a-46b9-b70d-e4abdfff2125 NEW row | armor:d640f7ba-a47a-46b9-b70d-e4abdfff2126 NEW row | armor:d640f7ba-a47a-46b9-b70d-e4abdfff2127 NEW row | armor:d640f7ba-a47a-46b9-b70d-e4abdfff2128 NEW row | armor:d640f7ba-a47a-46b9-b70d-e4abdfff2129 NEW row | equippable_item:d640f7ba-a47a-46b9-b70d-e4abdfff2119 NEW row | equippable_item:d640f7ba-a47a-46b9-b70d-e4abdfff2125 NEW row,tables (PTF): 8; localization: 6; textures: 2; manifest: 1; pak (container): 1; models/animations/materials: 1; lua identical to vanilla: 0,R=59 T=8 median_rel=0.00 lua_lines=0 cfg=0 assets=3 loc=60 native=no,,"full (scratch, deleted after reading)"
1384,Modified Combat Overhaul - Directional Combat and smarter AI,P2,Combat / AI,zzz_BCAIC_BetterCombatLite.pak-1384-2-1654111935.zip,c_combat-ai,archive,0.02,B large,high,D1 data tables (PTF),loose .pak (legacy: copy into Data),no manifest (legacy install),gameplay data,none,,,"buff, combat_action_perfect_block, perk_rpg_param_override, rpg_param",160,21,5,976,4,0.455,0,0,0,0,0,,none,rpg_param:CombatAutoDodgeWeight rpg_param_value 1.1->4 | rpg_param:SkillToDmgConstA rpg_param_value 250->700 | combat_action_perfect_block:14/1/1/CombatBlockPerfect/4/1/0/3/-1/0/4/7/4/-1/1/-1/-1/-1/-1/-1/4/-1/1 NEW row | combat_action_perfect_block:14/1/0/CombatBlockPerfect/2/1/0/3/-1/0/2/7/4/-1/1/-1/-1/-1/-1/-1/4/-1/0 NEW row | combat_action_perfect_block:14/1/0/CombatBlockPerfect/3/1/0/4/-1/0/3/7/4/-1/1/-1/-1/-1/-1/-1/4/-1/0 NEW row | combat_action_perfect_block:14/1/2/CombatBlockPerfect/3/1/0/4/-1/0/1/7/4/-1/1/-1/-1/-1/-1/-1/4/-1/1 NEW row | combat_action_perfect_block:14/1/1/CombatBlockPerfect/0/1/0/3/-1/0/0/7/4/-1/1/-1/-1/-1/-1/-1/4/-1/2 NEW row | combat_action_perfect_block:14/1/1/CombatBlockPerfect/2/1/0/3/-1/0/0/7/4/-1/1/-1/-1/-1/-1/-1/4/-1/1 NEW row,tables (PTF): 4; pak (container): 1; lua identical to vanilla: 0,R=181 T=4 median_rel=0.45 lua_lines=0 cfg=0 assets=0 loc=0 native=no,,"full (scratch, deleted after reading)"
1419,Immersive Archery,P2,Archery / arrows,Immersive Archery-1419-1-2-1665671489.zip,c_archery-arrows,archive,0.0,"C effective (few rows, strong effect)",high,D1 data tables (PTF),Mods/<mod folder> with mod.manifest (Vortex or manual),yes (no version restriction),gameplay data,none,(none),,"ammo, rpg_param",5,15,0,181,2,0.541,0,0,0,0,0,,none,rpg_param:BowChargeDurationMin NEW row | rpg_param:BowChargeDurationMax NEW row | rpg_param:BowPowerToChargeDuration NEW row | rpg_param:AimPainlessDelay NEW row | rpg_param:AimSpreadSkillDecrease NEW row | ammo:dfea5d01-b25c-414a-9ab4-6911a5f82118 power_mod 0.85->1.45 | ammo:13ba7468-11a2-483d-8cb9-25ce36a2d228 power_mod 1->1.7 | ammo:19df1c5c-3dbf-45c0-ac01-336facf5f741 power_mod 1->1.7,tables (PTF): 2; manifest: 1; pak (container): 1; lua identical to vanilla: 0,R=20 T=2 median_rel=0.54 lua_lines=0 cfg=0 assets=0 loc=0 native=no,,"full (scratch, deleted after reading)"
1424,Better Sleep Fixed,P2,Alchemy / food / survival,Better Sleep Fixed-1424-1-1-1666227085.zip,c_alchemy-food-survival,archive,0.0,"C effective (few rows, strong effect)",high,D1 data tables (PTF),Mods/<mod folder> with mod.manifest (Vortex or manual),"NO (disabled: lists 1.9.4, 1.9.5, 1.9.6, 1.9.7)",gameplay data,none,1.9.4 1.9.5 1.9.6 1.9.7,,sleeping_spot_type,0,5,0,0,1,1.4,0,0,0,0,0,,none,sleeping_spot_type:4 sleeping_quality 0.1->1.2 | sleeping_spot_type:2 sleeping_quality 0.3->1.2 | sleeping_spot_type:3 sleeping_quality 0.5->1.2 | sleeping_spot_type:1 sleeping_quality 0.7->1.2 | sleeping_spot_type:0 sleeping_quality 1->1.2,manifest: 1; pak (container): 1; other: 1; tables (PTF): 1; lua identical to vanilla: 0,R=5 T=1 median_rel=1.40 lua_lines=0 cfg=0 assets=0 loc=0 native=no,BetterSleep/Data/zzz_better_sleep.pak!Libs/Tables/rpg/sleeping_spot_type.xml: no suffix: replaces the whole vanilla table,"full (scratch, deleted after reading)"
1425,Saving Soles (PTF),P2,Weapons / armor / items,SavingSoles-1425-1-0-1666738645.rar,c_weapons-armor-items,archive,0.0,"C effective (few rows, strong effect)",high,D1 data tables (PTF),Mods/<mod folder> with mod.manifest (Vortex or manual),yes (no version restriction),gameplay data,none,(none),,rpg_param,0,1,0,181,1,1.0,0,0,0,0,0,,none,rpg_param:ShoeHealthDecrease rpg_param_value 0.001->0,manifest: 1; pak (container): 1; tables (PTF): 1; lua identical to vanilla: 0,R=1 T=1 median_rel=1.00 lua_lines=0 cfg=0 assets=0 loc=0 native=no,,"full (scratch, deleted after reading)"
1426,Energy and Hunger Patch for Timescale Mods (PTF),P2,Alchemy / food / survival,1to10 Timescale Patch-1426-1-0-1666809096.rar,c_alchemy-food-survival,archive,0.0,"C effective (few rows, strong effect)",high,D1 data tables (PTF),Mods/<mod folder> with mod.manifest (Vortex or manual),yes (no version restriction),gameplay data,none,(none),,rpg_param,2,0,0,182,1,0.0,0,0,0,0,0,,none,rpg_param:DigestionSpeed NEW row | rpg_param:ExhaustionSpeed NEW row,manifest: 1; pak (container): 1; tables (PTF): 1; lua identical to vanilla: 0,R=2 T=1 median_rel=0.00 lua_lines=0 cfg=0 assets=0 loc=0 native=no,,"full (scratch, deleted after reading)"
1483,TSM Slower Food Spoil,P2,Alchemy / food / survival,TSM Splower Food Spoil-1483-1-0-1677271171.7z,c_alchemy-food-survival,archive,0.02,B large,high,D1 data tables (PTF),Mods/<mod folder> with mod.manifest (Vortex or manual),yes (no version restriction),gameplay data,none,(none),,food,0,333,0,273,3,2.0,0,0,0,0,0,,none,food:025f546b-7465-4070-a57d-e84852adc184 decay_time_hours 120->600 | food:0368a199-117e-4079-b182-b042360c7d61 decay_time_hours 120->600 | food:0686c001-d42b-467c-b3de-f87beb915c68 decay_time_hours 120->600 | food:06be2a3d-4e05-4a78-85cd-33879cd669c9 decay_time_hours 24->120 | food:0712d873-29bd-4fdd-8966-79aefb82c829 decay_time_hours 120->600 | food:0a78fe34-737c-4346-9762-6b3036fbc9c6 decay_time_hours 24->120 | food:0b4e244a-e3de-4502-afd0-fb7fe309629a decay_time_hours 48->240 | food:0fc6cac7-29e6-4753-8873-0bcbbeba5548 decay_time_hours 24->120,manifest: 3; pak (container): 3; tables (PTF): 3; docs: 1; lua identical to vanilla: 0,R=333 T=3 median_rel=2.00 lua_lines=0 cfg=0 assets=0 loc=0 native=no,,"full (scratch, deleted after reading)"
1518,Waystones Give XP,P2,Progression / XP / perks,Wayshrine gives XP-1518-0-1-1689422764.7z,c_progression-xp-perks,archive,0.0,D small tweak,medium,D3 Lua scripts,Mods/<mod folder> with mod.manifest (Vortex or manual),yes (no version restriction),scripts,none,(none),,,0,0,0,0,0,0.0,1,67,0,0,0,,none,,manifest: 1; pak (container): 1; scripts (Lua): 1; lua identical to vanilla: 0,R=0 T=0 median_rel=0.00 lua_lines=67 cfg=0 assets=0 loc=0 native=no,,"full (scratch, deleted after reading)"
1519,Shooting Nests Gives XP,P2,Progression / XP / perks,Shooting Nests Gives XP-1519-0-1-1689446256.7z,c_progression-xp-perks,archive,0.0,D small tweak,high,D3 Lua scripts,Mods/<mod folder> with mod.manifest (Vortex or manual),yes (no version restriction),scripts,none,(none),,,0,0,0,0,0,0.0,1,179,0,0,0,,none,,manifest: 1; pak (container): 1; scripts (Lua): 1; lua identical to vanilla: 0,R=0 T=0 median_rel=0.00 lua_lines=179 cfg=0 assets=0 loc=0 native=no,,"full (scratch, deleted after reading)"
1520,Shooting Archery Targets Gives XP,P2,Progression / XP / perks,Targets give XP-1520-0-1-1689866187.7z,c_progression-xp-perks,archive,0.0,D small tweak,high,D3 Lua scripts,Mods/<mod folder> with mod.manifest (Vortex or manual),yes (no version restriction),scripts,none,(none),,,0,0,0,0,0,0.0,1,232,0,0,0,,none,,manifest: 1; pak (container): 1; scripts (Lua): 1; lua identical to vanilla: 0,R=0 T=0 median_rel=0.00 lua_lines=232 cfg=0 assets=0 loc=0 native=no,,"full (scratch, deleted after reading)"
1545,Saddles Have Durability,P2,Weapons / armor / items,Saddles Have Durability-1545-1-0-1694353149.7z,c_weapons-armor-items,archive,0.0,"C effective (few rows, strong effect)",high,D1 data tables (PTF),Mods/<mod folder> with mod.manifest (Vortex or manual),yes (wildcard),gameplay data,none,1.*,,armor,0,20,0,776,1,1.0,0,0,0,0,0,,none,armor:406c92ad-4c17-25d7-84d7-28500800f59e max_status 0->50 | armor:40c16f73-5b83-c139-96eb-c39ff5e9e7a6 max_status 0->50 | armor:41382adf-569c-4f33-90a0-36b6e874eca7 max_status 0->50 | armor:41b3cfda-0a6c-c009-9482-4c78ea2f1980 max_status 0->50 | armor:41f6e46c-bca6-16da-169a-f0c8f1a6e2ab max_status 0->50 | armor:42a14b38-295a-a659-3e43-c1684a5dfa88 max_status 0->50 | armor:42b152d3-d3f4-b390-088e-3127534281aa max_status 0->50 | armor:43062de7-afe1-5743-5aec-d4dcff83c1b8 max_status 0->50,manifest: 1; pak (container): 1; tables (PTF): 1; lua identical to vanilla: 0,R=20 T=1 median_rel=1.00 lua_lines=0 cfg=0 assets=0 loc=0 native=no,,"full (scratch, deleted after reading)"
1558,Karnages_KCD_Essential_Fixes 2.0,P2,Fix bundle,Karnages_KCD_Essential_Fixes 2.0-1558-1-0-0-1700590734.7z,c_fix-bundle,archive,0.0,B large,high,D1 data tables (PTF),Mods/<mod folder> with mod.manifest (Vortex or manual),yes (no version restriction),gameplay data,none,(none),,"document_required_skill, perk_rpg_param_override, rpg_param",26,129,2,117,3,1.0,0,0,0,0,0,,none,perk_rpg_param_override:01c3b32a-5751-4c98-b6ab-258d02370382/RepairKitCapacity rpg_param_value 450->8000 | rpg_param:HorseRidingXPPerDistance rpg_param_value 12.5->150 | rpg_param:RepairKitCapacity rpg_param_value 200->8000 | rpg_param:SkillXPBlock rpg_param_value 2->30 | rpg_param:StatXPVitalityPerVault rpg_param_value 0.7->8 | rpg_param:ShoeHealthDecrease rpg_param_value 0.001->0.01 | rpg_param:StatXPVitalityPerJump rpg_param_value 0.5->4 | rpg_param:StatXPSpeechPerSequence rpg_param_value 1->7.5,tables (PTF): 3; manifest: 1; docs: 1; pak (container): 1; lua identical to vanilla: 0,R=155 T=3 median_rel=1.00 lua_lines=0 cfg=0 assets=0 loc=0 native=no,,"full (scratch, deleted after reading)"
1559,Karnages_Weapons_Damage_Balance 2.0,P2,Weapons / armor / items,Karnages_Weapons_Damage_Balance 2.0-1559-1-0-0-1700591190.7z,c_weapons-armor-items,archive,0.0,"C effective (few rows, strong effect)",high,D1 data tables (PTF),Mods/<mod folder> with mod.manifest (Vortex or manual),yes (no version restriction),gameplay data,none,(none),,melee_weapon,0,77,0,90,1,1.727,0,0,0,0,0,,none,melee_weapon:aca90050-0b70-4ca0-9d29-b94326203c75 smash_att_mod 0.05->0.7 | melee_weapon:ec470e0c-5bbd-43bb-803e-0e7867253c25 smash_att_mod 0.05->0.6 | melee_weapon:24a7c868-f23f-4799-8e64-331435a77404 stab_att_mod 0.05->0.8 | melee_weapon:c2d79308-ce89-41e4-b07c-8c00f4496370 stab_att_mod 0.05->1.6 | melee_weapon:8e2ccaa1-17c2-4cef-b378-e71dc83bddb7 stab_att_mod 0.05->0.6 | melee_weapon:db0725ac-c0e0-41db-b7a6-2887c57df612 smash_att_mod 0.05->0.5 | melee_weapon:965cc83a-1d34-416f-aabd-c4a461a6e583 smash_att_mod 0.05->0.5 | melee_weapon:d41af9ba-400f-49ae-91fa-38c7da4b815b smash_att_mod 0.05->0.5,manifest: 1; pak (container): 1; tables (PTF): 1; lua identical to vanilla: 0,R=77 T=1 median_rel=1.73 lua_lines=0 cfg=0 assets=0 loc=0 native=no,,"full (scratch, deleted after reading)"
1560,Karnages_Durability_Redux,P2,Weapons / armor / items,Karnages_Durability_Redux-1560-1-0-0-1700591696.7z,c_weapons-armor-items,archive,0.06,A changes the most,high,D1 data tables (PTF),Mods/<mod folder> with mod.manifest (Vortex or manual),yes (no version restriction),gameplay data,none,(none),,"armor, weapon",0,964,22,0,2,9.0,0,0,0,0,0,,none,weapon:00000000-0000-0000-0000-000000000005 max_status 1->10 | weapon:01b86c1e-1614-4310-8bed-10b7682e5815 max_status 25->250 | weapon:033fc7b6-17b6-486d-95cb-a22afb131be2 max_status 50->500 | weapon:03589a69-d3f4-403a-a389-ca021e7c8f40 max_status 25->250 | weapon:04c2c966-f55b-4afe-b0c2-bfdf4ba0deeb max_status 38->380 | weapon:0ad36c8c-cfc7-44ab-8e8f-fe85e7646b71 max_status 81->810 | weapon:0d03afe4-9785-44d2-88d2-2c870de8dbfa max_status 25->250 | weapon:0eb0ac15-f0d9-49ce-9dd8-b37381a7a508 max_status 73->730,tables (PTF): 2; manifest: 1; pak (container): 1; lua identical to vanilla: 0,R=964 T=2 median_rel=9.00 lua_lines=0 cfg=0 assets=0 loc=0 native=no,,"full (scratch, deleted after reading)"
1563,Karnages_Polearm_Restoration 2.0,P2,Weapons / armor / items,Karnages_Polearm_Restoration 2.0-1563-1-0-0-1700618380.7z,c_weapons-armor-items,archive,0.21,A changes the most,high,D0 content/text; D1 data tables (PTF); D1 game data xml (not table rows); D3 Lua scripts,Mods/<mod folder> with mod.manifest (Vortex or manual),yes (no version restriction),"gameplay data, scripts, other game data (xml), textures/models/animations, text",high,(none),,"combat_action_attack, combat_action_guard_movement, combat_action_perfect_block, combat_action_pose_modifier, combat_action_sync_attack, combat_action_sync_hit, combat_action_sync_pb_hit, combat_combo, combat_sync_action_hit, combat_weapon_group_to_class, melee_weapon, mn_fragment, perk, shop_type2i",164,47,175,6636,28,0.206,4,40,0,5,7,,none,weapon:405c1865-413d-43b8-8db9-c44a0eefd350 max_status 15->500 | weapon:49fa5ec9-92a9-4bfb-b56e-a33d04b69ee1 max_status 25->500 | weapon:4bd249c6-0fea-4296-b60a-8d8a56ce76e6 max_status 1->500 | weapon:7377215a-a0ca-44a2-b11a-113a024191ca max_status 26->500 | weapon:033fc7b6-17b6-486d-95cb-a22afb131be2 max_status 50->500 | weapon:8ef902ea-0c32-44c9-b101-71f35b9cbe3d max_status 50->500 | weapon:0f5be0ac-ff11-4a01-a7f4-bf8e84c2e31b max_status 55->500 | weapon:d289be6f-a7cb-44b2-b2d0-a0a45105ef98 max_status 65->500,"tables (PTF): 28; models/animations/materials: 5; scripts (Lua): 4; other: 4; localization: 2; manifest: 1; pak (container): 1; other game data (xml, not table rows): 1; lua identical to vanilla: 0",R=211 T=28 median_rel=0.21 lua_lines=40 cfg=0 assets=5 loc=7 native=no,,"full (scratch, deleted after reading)"
1564,Karnages_Rebalanced_Bows 2.0,P2,Archery / arrows,Karnages_Rebalanced_Bows 2.0-1564-1-0-0-1700618747.7z,c_archery-arrows,archive,0.0,"C effective (few rows, strong effect)",high,D1 data tables (PTF),Mods/<mod folder> with mod.manifest (Vortex or manual),yes (no version restriction),gameplay data,none,(none),,"missile_weapon, rpg_param",9,21,2,182,2,0.234,0,0,0,0,0,,none,rpg_param:BowPowerToChargeDuration NEW row | rpg_param:BowChargeDurationMin NEW row | rpg_param:BowChargeDurationMax NEW row | rpg_param:AimSpreadSkillDecrease NEW row | rpg_param:AimZoomBase NEW row | rpg_param:AimZoomBaseSkill NEW row | rpg_param:AimZoomMax NEW row | rpg_param:AimSkillToZoom NEW row,tables (PTF): 2; manifest: 1; pak (container): 1; lua identical to vanilla: 0,R=30 T=2 median_rel=0.23 lua_lines=0 cfg=0 assets=0 loc=0 native=no,,"full (scratch, deleted after reading)"
1565,Karnages_Arrow_Balance 2.0,P2,Archery / arrows,Karnages_Arrow_Balance 2.0-1565-1-0-0-1700618949.7z,c_archery-arrows,archive,0.0,"C effective (few rows, strong effect)",high,D1 data tables (PTF); D1 game data xml (not table rows),Mods/<mod folder> with mod.manifest (Vortex or manual),yes (no version restriction),"gameplay data, other game data (xml)",none,(none),,ammo,0,12,0,2,1,1.0,0,0,0,0,0,,none,ammo:13ba7468-11a2-483d-8cb9-25ce36a2d228 smash_att 0->0.1 | ammo:c49aa63a-07a6-4417-9f9b-97f2712a4cd0 smash_att 0->0.1 | ammo:19df1c5c-3dbf-45c0-ac01-336facf5f741 slash_att 0->2 | ammo:4fd563e5-a44a-4a6e-958d-95bcb196814a slash_att 0->2 | ammo:710e3706-8974-404b-b23a-6f51670ef1ed slash_att 0->2 | ammo:802507e9-d620-47b5-ae66-08fcc314e26a slash_att 0->2 | ammo:a5b31bbc-1e11-4831-835b-c06d5b13a7da slash_att 0->2 | ammo:ad6f0f01-aec4-44d1-982c-1210eb01b74a slash_att 0->2,"manifest: 1; pak (container): 1; tables (PTF): 1; other game data (xml, not table rows): 1; lua identical to vanilla: 0",R=12 T=1 median_rel=1.00 lua_lines=0 cfg=0 assets=0 loc=0 native=no,,"full (scratch, deleted after reading)"
1569,Karnages_Shield_Restoration,P2,Weapons / armor / items,Karnages_Shield_Restoration-1569-1-0-0-1700623905.7z,c_weapons-armor-items,archive,0.0,D small tweak,medium,D1 data tables (PTF),Mods/<mod folder> with mod.manifest (Vortex or manual),yes (no version restriction),gameplay data,none,(none),,skill,0,1,0,32,1,0.0,0,0,0,0,0,,none,skill:20 hidden True->False,manifest: 1; pak (container): 1; tables (PTF): 1; lua identical to vanilla: 0,R=1 T=1 median_rel=0.00 lua_lines=0 cfg=0 assets=0 loc=0 native=no,,"full (scratch, deleted after reading)"
1572,Increased Experience Gains,P2,Progression / XP / perks,Increased Experience Minor - 1.5x-1572-0-1-1701102679.zip,c_progression-xp-perks,archive,0.0,"C effective (few rows, strong effect)",high,D1 data tables (PTF),Mods/<mod folder> with mod.manifest (Vortex or manual),yes (no version restriction),gameplay data,none,(none),,rpg_param,2,37,0,145,1,0.5,0,0,0,0,0,,none,rpg_param:AlchemyXPPerAutocookBrewingRelative NEW row | rpg_param:HerbGatherXP NEW row | rpg_param:SecondaryStatXPRatio rpg_param_value 0.5->0.8 | rpg_param:StatXPVitalityPerJump rpg_param_value 0.5->0.8 | rpg_param:HorseRidingXPPerDistance rpg_param_value 12.5->18.8 | rpg_param:AlchemyXPPerSuccessfullBrewing rpg_param_value 40->60 | rpg_param:HoundmasterXPContextCommand rpg_param_value 2->3 | rpg_param:HoundmasterXPFeed rpg_param_value 25->37.5,manifest: 1; pak (container): 1; tables (PTF): 1; lua identical to vanilla: 0,R=39 T=1 median_rel=0.50 lua_lines=0 cfg=0 assets=0 loc=0 native=no,,"full (scratch, deleted after reading)"
1578,Weighed Groschen - PTF Version,P2,Economy / merchants,Weiged Groschen - PTF Version-1578-1-9-5-1702120734.zip,c_economy-merchants,archive,0.0,"C effective (few rows, strong effect)",high,D1 data tables (PTF),Mods/<mod folder> with mod.manifest (Vortex or manual),yes (no version restriction),gameplay data,none,(none),,pickable_item,0,1,0,2209,1,1.0,0,0,0,0,0,,none,pickable_item:5ef63059-322e-4e1b-abe8-926e100c770e weight 0->0.0005,manifest: 1; pak (container): 1; tables (PTF): 1; lua identical to vanilla: 0,R=1 T=1 median_rel=1.00 lua_lines=0 cfg=0 assets=0 loc=0 native=no,Data/WeighedGroschen.pak!Libs/Tables/item/pickable_item__weighedgroschen.xml: suffix 'weighedgroschen' != id 'weighed_groschen_ptf' (the game ignores it),"full (scratch, deleted after reading)"
1612,Remove Auto Camera Lock In Combat,P2,Combat / AI,RemoveAutoCameraLockInCombat-1612-1-0-0-1713519576.7z,c_combat-ai,archive,0.0,D small tweak,medium,D2 engine config,unclear: read the archive's own instructions,no manifest (legacy install),engine config,none,,,,0,0,0,0,0,0.0,0,0,4,0,0,,none,,config (.cfg): 1; lua identical to vanilla: 0,R=0 T=0 median_rel=0.00 lua_lines=0 cfg=4 assets=0 loc=0 native=no,,"full (scratch, deleted after reading)"
1629,Exclusive Master Strikes - Make Them Reasonable,P2,Combat / AI,MakeThemReasonable-1629-1-2-0-1736432412.zip,c_combat-ai,archive,0.15,A changes the most,high,D0 content/text; D1 data tables (PTF),Mods/<mod folder> with mod.manifest (Vortex or manual),NO (disabled: lists 1.9.6),"gameplay data, text",low,1.9.6,,"perk, soul2perk",2423,1,44027,5242,2,1.0,0,0,0,0,28,,none,perk:61e91997-9b32-123b-ad05-8691afdb81be NEW row | perk:1627a1b6-64c5-422f-ac2d-3a6abc071690 visibility 0->1 | soul2perk:61e91997-9b32-123b-ad05-8691afdb81be/00d2d228-b63c-4aa7-8f18-dc9cf74ec97e NEW row | soul2perk:61e91997-9b32-123b-ad05-8691afdb81be/010cde8e-c14f-49fa-a3b5-f1e7138d740e NEW row | soul2perk:61e91997-9b32-123b-ad05-8691afdb81be/01dfda33-2b1a-4cb7-8b98-5c0a940f4e3e NEW row | soul2perk:61e91997-9b32-123b-ad05-8691afdb81be/01e546ad-6b23-4976-85d2-4d1aa84d3be5 NEW row | soul2perk:61e91997-9b32-123b-ad05-8691afdb81be/01ecf00a-c8b6-4a0b-99e7-df9ad38a1824 NEW row | soul2perk:61e91997-9b32-123b-ad05-8691afdb81be/022467ed-66b0-4fb4-bde6-6c6600c98583 NEW row,localization: 28; tables (PTF): 2; manifest: 1; pak (container): 1; other: 1; lua identical to vanilla: 0,R=2424 T=2 median_rel=1.00 lua_lines=0 cfg=0 assets=0 loc=28 native=no,MakeThemReasonable/Data/MakeThemReasonable.pak!Libs/Tables/rpg/soul2perk.xml: no suffix: replaces the whole vanilla table,"full (scratch, deleted after reading)"
1639,Alternate Food Spoil (2X),P1,Alchemy / food / survival,AlternateFoodSpoil2X-1639-1-0-1715595738.zip,c_alchemy-food-survival,archive,0.01,B large,high,D1 data tables (PTF),Mods/<mod folder> with mod.manifest (Vortex or manual),yes (no version restriction),gameplay data,none,(none),,food,0,111,91,0,1,1.0,0,0,0,0,0,,none,food:18ff9093-2cc4-4ab3-9f34-7cb0dd7cd30a decay_time_hours 24->2400 | food:025f546b-7465-4070-a57d-e84852adc184 decay_time_hours 120->240 | food:0368a199-117e-4079-b182-b042360c7d61 decay_time_hours 120->240 | food:0686c001-d42b-467c-b3de-f87beb915c68 decay_time_hours 120->240 | food:06be2a3d-4e05-4a78-85cd-33879cd669c9 decay_time_hours 24->48 | food:0712d873-29bd-4fdd-8966-79aefb82c829 decay_time_hours 120->240 | food:0a78fe34-737c-4346-9762-6b3036fbc9c6 decay_time_hours 24->48 | food:0b4e244a-e3de-4502-afd0-fb7fe309629a decay_time_hours 48->96,manifest: 1; pak (container): 1; other: 1; tables (PTF): 1; lua identical to vanilla: 0,R=111 T=1 median_rel=1.00 lua_lines=0 cfg=0 assets=0 loc=0 native=no,,"full (scratch, deleted after reading)"
1647,Slo Mo Begone,P2,Combat / AI,SloMoBegone-1647-1-0-0-1716234169.zip,c_combat-ai,archive,0.0,D small tweak,none,D3 Lua scripts,Mods/<mod folder> with mod.manifest (Vortex or manual),yes (no version restriction),scripts,none,(none),,,0,0,0,0,0,0.0,1,21,0,0,0,,none,,manifest: 1; pak (container): 1; scripts (Lua): 1; lua identical to vanilla: 0,R=0 T=0 median_rel=0.00 lua_lines=21 cfg=0 assets=0 loc=0 native=no,,"full (scratch, deleted after reading)"
1652,Catches the Worm,P2,Alchemy / food / survival,catche the worm-1652-1-0-1716593673.zip,c_alchemy-food-survival,archive,0.78,A changes the most,high,D1 data tables (PTF),Mods/<mod folder> with mod.manifest (Vortex or manual),yes (no version restriction),gameplay data,none,(none),,soul,147,2329,2549,147,1,0.0,0,0,0,0,0,,none,soul:00000000-0000-0000-0000-000000035000/2a7b75cd-8344-43f6-8483-0191a079e503//9fe6dae0-e195-42e0-a3fb-66cfc6382407/4b61cecf-a191-72ce-01bf-36ce711ea6a0/4137e9fc-ab98-ce56-9ed3-66c090319796/4d542d5f-cd95-3daf-efcf-f39194a891b7/10101010-c8cb-81dd-40f1-2f0554804f83/6182c71b-c0bf-417f-9a06-12aaf06a5a05/54/1/0//15d0d076-705a-4065-bb6a-9a2fe3e8c703/0 NEW row | soul:00000000-0000-0000-0000-000000035000/2a7b75cd-8344-43f6-8483-0191a079e503//9fe6dae0-e195-42e0-a3fb-66cfc6382407/40244696-b3d5-4683-d4d9-774d533da88d/42369a16-e3c5-f0a4-09d4-5ddcf8f4daae/4007e3f6-6faf-b750-6470-0292d7e874a9//6182c71b-c0bf-417f-9a06-12aaf06a5a05/47/14/0//1687b4ad-b081-48e5-a881-d3d57732077e/0 NEW row | soul:00000000-0000-0000-0000-000000035000/2a7b75cd-8344-43f6-8483-0191a079e503//9fe6dae0-e195-42e0-a3fb-66cfc6382407/40244696-b3d5-4683-d4d9-774d533da88d/4d1ba624-73f6-1d7b-8be9-46c2501e1db4/46bfc816-552e-dc06-0597-9aa2095663a2/40ae86a5-6d64-ee95-33a6-a4e0793283a8/6182c71b-c0bf-417f-9a06-12aaf06a5a05/205/1/0//39547539-0264-4b12-ac09-980a39104573/0 NEW row | soul:00000000-0000-0000-0000-000000035000/72616d62-6f6a-656d-756a-687264696e61//fcf88f73-35cf-4689-86fa-f995fdca46c0/////ca758753-7139-4916-9af7-95f0b4e51e3c/667/79/8/18/40268d52-4550-7fbb-5875-a068cf217581/0 NEW row | soul:00000000-0000-0000-0000-000000035000/2a7b75cd-8344-43f6-8483-0191a079e503//9fe6dae0-e195-42e0-a3fb-66cfc6382407//00000000-0000-0000-0000-000000000005/4ac508cc-e318-38b2-ddce-7124938c9ea3//d29d82ab-3a58-4f48-8064-cc1b13ea2e3d/534/1/0//406b94cd-c00d-fbce-00f8-7e5f635cee91/0 NEW row | soul:00000000-0000-0000-0000-000000035000/494dad1a-adec-4fc8-983e-19d81e60eb9c//445d16d9-5798-b136-1d02-9859932ce5a4/43fc087e-121a-7646-da06-4a124ff29284//45d3ea34-261c-a2cb-a2ac-0bb693127998///702//3/7/406d3913-871a-ad43-f493-d6aab0ae0299/0 NEW row | soul:00000000-0000-0000-0000-000000035000/2a7b75cd-8344-43f6-8483-0191a079e503//9fe6dae0-e195-42e0-a3fb-66cfc6382407//4cf5f5c3-66be-88d9-bc68-0d433a986e8d/4fb1f85b-52d7-9333-5108-cd09e2ff6382//d29d82ab-3a58-4f48-8064-cc1b13ea2e3d/178/25/0//40a95fd2-2055-9bd7-b5b9-06ef87aba2aa/0 NEW row | soul:00000000-0000-0000-0000-000000035000/2a7b75cd-8344-43f6-8483-0191a079e503//0c728551-5863-4109-a339-b0f42fb0cf85/48ed37d7-947c-a46b-6bd3-940db95a58bc/445f6238-ad05-6085-cee7-41d3c5d13ab4/4345ee5a-3540-3f28-7d91-bafb818b24a7//fbc38750-cc58-47b5-a687-bf248ec961f9/430/1/1//40d2a4bc-e7f6-a375-e856-57a4da18afaf/0 NEW row,manifest: 1; pak (container): 1; tables (PTF): 1; lua identical to vanilla: 0,R=2476 T=1 median_rel=0.00 lua_lines=0 cfg=0 assets=0 loc=0 native=no,,"full (scratch, deleted after reading)"
1655,Save Me Henry,P2,Progression / XP / perks,MagusSaveMeHenry-1655-Unknown-1720541841.7z,c_progression-xp-perks,archive,0.01,D small tweak,medium,D1 game data xml (not table rows); D3 Lua scripts,Mods/<mod folder> with mod.manifest (Vortex or manual),yes (no version restriction),"scripts, other game data (xml)",none,(none),,,0,0,0,0,0,0.0,1,137,0,0,0,,none,,"other game data (xml, not table rows): 2; manifest: 1; pak (container): 1; scripts (Lua): 1; lua identical to vanilla: 0",R=0 T=0 median_rel=0.00 lua_lines=137 cfg=0 assets=0 loc=0 native=no,,"full (scratch, deleted after reading)"
1660,Double Brew Yield,P2,Alchemy / food / survival,Double Brew Yield-1660-1-0-1717587176.zip,c_alchemy-food-survival,archive,0.0,"C effective (few rows, strong effect)",high,D1 data tables (PTF),Mods/<mod folder> with mod.manifest (Vortex or manual),yes (no version restriction),gameplay data,none,(none),,recipe,0,35,0,0,1,1.0,0,0,0,0,0,,none,recipe:310e921d-da62-48e4-88ef-de9f295e0045/f1309a89-045f-44ae-a4d9-c997b892a162/2 max_yield 3->6 | recipe:e96d768e-04e5-4480-9197-1c256d642ddc/8b713d0c-9a04-4354-a53f-ffd384057fa6/3 max_yield 3->6 | recipe:310e921d-da62-48e4-88ef-de9f295e0045/3157d51d-7461-4fdc-9601-93bd5ed42156/4 max_yield 3->6 | recipe:d5efb270-948b-4a38-b391-38b2edd31c8d/42e54d97-6e63-4e50-a09d-325ef4dd2286/5 max_yield 3->6 | recipe:34bd1d0b-1203-42a0-b9b4-d3585a4d9b48/34d9f446-e5a7-4af4-858a-e96473de814f/6 max_yield 3->6 | recipe:d5efb270-948b-4a38-b391-38b2edd31c8d/2b24a290-ec3c-454c-901e-fea76aa76d74/7 max_yield 3->6 | recipe:d5efb270-948b-4a38-b391-38b2edd31c8d/1322a0ca-1be1-449a-b1fa-cd7079a9ba90/8 max_yield 1->2 | recipe:310e921d-da62-48e4-88ef-de9f295e0045/eca88106-4bab-4419-8772-4450739c193c/10 max_yield 3->6,manifest: 1; pak (container): 1; tables (PTF): 1; lua identical to vanilla: 0,R=35 T=1 median_rel=1.00 lua_lines=0 cfg=0 assets=0 loc=0 native=no,,"full (scratch, deleted after reading)"
1668,Relaxed RPG Params,P2,Progression / XP / perks,Relaxed RPG Params-1668-1-0-1-1718992231.7z,c_progression-xp-perks,archive,0.0,"C effective (few rows, strong effect)",high,D1 data tables (PTF),Mods/<mod folder> with mod.manifest (Vortex or manual),yes (no version restriction),gameplay data,none,(none),,rpg_param,7,26,0,156,1,0.5,0,0,0,0,0,,none,rpg_param:RepairKitCapacity rpg_param_value 200->4500 | rpg_param:DogMoraleBuffFeed rpg_param_value 0.08->0.75 | rpg_param:DogMoraleBuffPlay rpg_param_value 0.05->0.25 | rpg_param:DogMoraleBuffPraise rpg_param_value 0.05->0.25 | rpg_param:HorseMountMaxRelativeEncumberance rpg_param_value 1.5->6 | rpg_param:BaseInventoryCapacity rpg_param_value 66->198 | rpg_param:DogMoraleDecreaseWithoutInteraction rpg_param_value 5.5e-05->0 | rpg_param:RepairKitItemHealthDefaultLimit NEW row,manifest: 1; pak (container): 1; tables (PTF): 1; lua identical to vanilla: 0,R=33 T=1 median_rel=0.50 lua_lines=0 cfg=0 assets=0 loc=0 native=no,,"full (scratch, deleted after reading)"
1671,Angriness Begone,P2,Combat / AI,MagusAngrinessBegone-1671-Unknown-1718907026.7z,c_combat-ai,archive,0.0,D small tweak,medium,D1 data tables (PTF),Mods/<mod folder> with mod.manifest (Vortex or manual),yes (no version restriction),gameplay data,none,(none),,angriness_enum,0,7,0,2,1,1.0,0,0,0,0,0,,none,angriness_enum:2 value 0.55->0 | angriness_enum:4 value 0.01->0 | angriness_enum:5 value 0.15->0 | angriness_enum:6 value 0.2->0 | angriness_enum:7 value 0.025->0 | angriness_enum:8 value 0.125->0 | angriness_enum:9 value 0.1->0,manifest: 1; pak (container): 1; tables (PTF): 1; lua identical to vanilla: 0,R=7 T=1 median_rel=1.00 lua_lines=0 cfg=0 assets=0 loc=0 native=no,,"full (scratch, deleted after reading)"
1673,Combat musics tweak,P2,Combat / AI,Combat music A Stressfull version-1673-1-0-1718966803.zip,c_combat-ai,archive,0.1,E non-perceptive to gameplay (no effective change found),none,none found,Mods/<mod folder> with mod.manifest (Vortex or manual),yes (no version restriction),none,none,(none),,,0,0,0,0,0,0.0,0,0,0,0,0,,none,,other: 2; manifest: 1; pak (container): 1; lua identical to vanilla: 0,R=0 T=0 median_rel=0.00 lua_lines=0 cfg=0 assets=0 loc=0 native=no,,"full (scratch, deleted after reading)"
1673,Combat musics tweak,P2,Combat / AI,Combat music A and Unreleased one-1673-1-0-1718968202.zip,c_combat-ai,archive,0.1,E non-perceptive to gameplay (no effective change found),none,none found,Mods/<mod folder> with mod.manifest (Vortex or manual),yes (no version restriction),none,none,(none),,,0,0,0,0,0,0.0,0,0,0,0,0,,none,,other: 2; manifest: 1; pak (container): 1; lua identical to vanilla: 0,R=0 T=0 median_rel=0.00 lua_lines=0 cfg=0 assets=0 loc=0 native=no,,"full (scratch, deleted after reading)"
1678,Better Archery,P2,Archery / arrows,Better_Archery-1678-1-0-1720015220.7z,c_archery-arrows,archive,0.0,"C effective (few rows, strong effect)",high,D1 data tables (PTF),Mods/<mod folder> with mod.manifest (Vortex or manual),yes (wildcard),gameplay data,none,1.9.*,,"ammo, rpg_param",5,16,0,180,2,0.482,0,0,0,0,0,,none,rpg_param:BowChargeDurationMin NEW row | rpg_param:BowChargeDurationMax NEW row | rpg_param:BowPowerToChargeDuration NEW row | rpg_param:AimPainlessDelay NEW row | rpg_param:AimSpreadSkillDecrease NEW row | ammo:d5e6764d-18ba-44cb-8dd0-6640a17785a8 power_mod 1.1->2.1 | ammo:a5b31bbc-1e11-4831-835b-c06d5b13a7da power_mod 0.9->1.7 | ammo:710e3706-8974-404b-b23a-6f51670ef1ed power_mod 1.1->2,tables (PTF): 2; manifest: 1; pak (container): 1; lua identical to vanilla: 0,R=21 T=2 median_rel=0.48 lua_lines=0 cfg=0 assets=0 loc=0 native=no,,"full (scratch, deleted after reading)"
1693,Ravens beak and Spiked warhammer icon swap,P2,Weapons / armor / items,Ravens beak icon swap-1693-1-2-1733597371.7z,c_weapons-armor-items,archive,0.0,D small tweak,medium,D1 data tables (PTF),Mods/<mod folder> with mod.manifest (Vortex or manual),NO (disabled: lists 1.9.6),gameplay data,none,1.9.6,,player_item,0,2,0,2112,1,0.0,0,0,0,0,0,,none,player_item:e16b0af6-fb6a-43e2-9a9c-1b8c227e64b8 icon_id 152->150 | player_item:488d9792-0dbf-41dc-a320-753d94d1f1b6 icon_id 150->152,manifest: 1; pak (container): 1; tables (PTF): 1; lua identical to vanilla: 0,R=2 T=1 median_rel=0.00 lua_lines=0 cfg=0 assets=0 loc=0 native=no,,"full (scratch, deleted after reading)"
1730,Drink Sound Effects,P2,Alchemy / food / survival,DrinkSoundEffects.pak,c_alchemy-food-survival,loose file,0.0,"C effective (few rows, strong effect)",high,D1 data tables (PTF),loose .pak (legacy: copy into Data),no manifest (legacy install),gameplay data,none,,,"item, potion",9,9,0,2251,2,0.0,0,0,0,0,0,,none,potion:0cb47176-06c5-42a9-8d70-969e917eb999 NEW row | potion:38df365c-a4bb-462b-80cc-eb92f16930fa NEW row | potion:390c0dc8-23fd-42a0-91f2-a4d42f96a387 NEW row | potion:51555071-7c55-4da1-9b61-ee3c14fde18b NEW row | potion:52afd6fa-9377-457c-83a2-b5b39321a4dc NEW row | potion:7c5126cd-b010-4484-8465-22a3d69fa0df NEW row | potion:ca5a0aa3-e373-48ec-96e4-1c3b9907bac3 NEW row | potion:c64b7286-07b8-4bdf-afd0-359171d35249 NEW row,tables (PTF): 2; pak (container): 1; lua identical to vanilla: 0,R=18 T=2 median_rel=0.00 lua_lines=0 cfg=0 assets=0 loc=0 native=no,,read in place
1736,Rogue Life,P2,Progression / XP / perks,RogueLife-1736-V1-1-1739826542.7z,c_progression-xp-perks,archive,0.02,A changes the most,high,D0 content/text; D1 data tables (PTF); D1 game data xml (not table rows); D3 Lua scripts,Mods/<mod folder> with mod.manifest (Vortex or manual),NO (disabled: lists 1.9.6),"gameplay data, scripts, other game data (xml), text",low,1.9.6,,"buff, buff_class, perk, perk2perk_exclusivity, perk_buff, reputation_change, sequence",53,16,1,60014,22,2.0,1,19,0,0,39,user.cfg,none,buff:f699eef9-c4fd-48b5-8793-3a3c16374729 NEW row | buff:c145ad4e-24c0-48de-b15e-123bab6838c4 NEW row | buff:be55fa8b-f094-4111-862d-9afef130c9a1 NEW row | buff:f789e376-f621-4fcf-815f-73bfcbba08fb NEW row | perk_buff:d2014e01-391d-4264-9ddb-c7fb1b22074a/f699eef9-c4fd-48b5-8793-3a3c16374729 NEW row | perk_buff:a2c0167b-80b6-464a-b354-accea6947384/c145ad4e-24c0-48de-b15e-123bab6838c4 NEW row | perk_buff:a8886461-c5ec-40c1-9bbb-2e3bb91b9cfe/be55fa8b-f094-4111-862d-9afef130c9a1 NEW row | perk_buff:ba09e059-7fbb-4841-b7c3-eb77dc1323b9/f789e376-f621-4fcf-815f-73bfcbba08fb NEW row,"tables (PTF): 23; localization: 16; manifest: 10; pak (container): 10; other game data (xml, not table rows): 2; docs: 1; scripts (Lua): 1; lua identical to vanilla: 0",R=69 T=22 median_rel=2.00 lua_lines=19 cfg=0 assets=0 loc=39 native=no,RogueLife/TyburnBiancaSchnapps/Data/TyburnBiancaSchnapps.pak!Libs/Tables/text/sequence__TyburnBiancaSchnapps.xml: suffix 'TyburnBiancaSchnapps' != id 'tyburnalchemyperks' (the game ignores it) | RogueLife/TyburnBowPerks/Data/TyburnBowPerks.pak!Libs/Tables/rpg/buff__TyburnBowPerks.xml: suffix 'TyburnBowPerks' != id 'tyburnalchemyperks' (the game ignores it) | RogueLife/TyburnBowPerks/Data/TyburnBowPerks.pak!Libs/Tables/rpg/perk_buff__TyburnBowPerks.xml: suffix 'TyburnBowPerks' != id 'tyburnalchemyperks' (the game ignores it) | RogueLife/TyburnBowPerks/Data/TyburnBowPerks.pak!Libs/Tables/rpg/per,"full (scratch, deleted after reading)"
1743,Persistent Arrows,P2,Archery / arrows,Persistentarrows-1743-1-2-1729568337.rar,c_archery-arrows,archive,0.0,D small tweak,medium,D1 game data xml (not table rows),Mods/<mod folder> with mod.manifest (Vortex or manual),yes (wildcard),other game data (xml),none,1.9.*,,,0,0,0,0,0,0.0,0,0,0,0,0,,none,,"manifest: 1; pak (container): 1; other game data (xml, not table rows): 1; lua identical to vanilla: 0",R=0 T=0 median_rel=0.00 lua_lines=0 cfg=0 assets=0 loc=0 native=no,,"full (scratch, deleted after reading)"
1765,Restore Riposte,P1,Combat / AI,Riposte-1765-1-0-2-1735871267,c_combat-ai,folder (already extracted),0,"C effective (few rows, strong effect)",high,D0 content/text; D1 data tables (PTF); D1 game data xml (not table rows),Mods/<mod folder> with mod.manifest (Vortex or manual),NO (disabled: lists 1.9.6),"gameplay data, other game data (xml), text",low,1.9.6,,perk,0,2,0,549,1,0.8,0,0,0,0,19,,MEDIUM,perk:ec4c5274-50e3-4bbf-9220-823b080647c4 visibility 0->2 | perk:61e98757-9b32-493b-ad09-0087afdb81be visibility 0->1,"localization: 8; other: 2; manifest: 1; other game data (xml, not table rows): 1; tables (PTF): 1; lua identical to vanilla: 0",R=2 T=1 median_rel=0.80 lua_lines=0 cfg=0 assets=0 loc=19 native=no,,read in place (already extracted by the author)
1782,No more clipping elbows for Andrew,P2,World / weather / visuals,Andrew Clothing Fix-1782-1-0-1736793391.rar,c_world-weather-visuals,archive,0.0,"C effective (few rows, strong effect)",high,D1 data tables (PTF),Mods/<mod folder> with mod.manifest (Vortex or manual),yes (wildcard),gameplay data,none,1.9.*,,"armor2clothing_preset, soul",5,0,0,13709,2,0.0,0,0,0,0,0,,none,armor2clothing_preset:40692480-f24c-54fa-c938-50ccf45918b9/954dbf59-076e-094b-5d0a-4e44bec85cbb NEW row | armor2clothing_preset:4517b07b-ca19-07bf-6011-e2cec8868185/954dbf59-076e-094b-5d0a-4e44bec85cbb NEW row | armor2clothing_preset:473110cf-b888-a84b-7c65-e5b1beab47ac/954dbf59-076e-094b-5d0a-4e44bec85cbb NEW row | armor2clothing_preset:4b92491f-060f-d00d-642c-c7b5f9807aaf/954dbf59-076e-094b-5d0a-4e44bec85cbb NEW row | soul:00000000-0000-0000-0000-000000035000/2a7b75cd-8344-43f6-8483-0191a079e503//9fe6dae0-e195-42e0-a3fb-66cfc6382407//4d033237-bfba-f43a-beb2-172f2d8287bf/954dbf59-076e-094b-5d0a-4e44bec85cbb//d2db67fd-70cb-4791-8513-ac047f4e8616/226/6/0/29/469a778e-29f9-96ae-2132-5156c40d4281/0 NEW row,tables (PTF): 2; manifest: 1; pak (container): 1; lua identical to vanilla: 0,R=5 T=2 median_rel=0.00 lua_lines=0 cfg=0 assets=0 loc=0 native=no,,"full (scratch, deleted after reading)"
1839,Realistic Horses,P2,Horses,Realistic Horses-1839-1-0-1739145195.rar,_quarantine,archive,0.08,A changes the most,high,D1 data tables (PTF); D3 Lua scripts,Mods/<mod folder> with mod.manifest (Vortex or manual),yes (wildcard),"gameplay data, scripts",none,1.*,,"buff, equippable_item, rpg_param, soul",1,26,0,6620,4,0.7,24,6807,0,0,0,,HIGH,equippable_item:41382adf-569c-4f33-90a0-36b6e874eca7 rpg_buff_weight 0.05->0.4 | equippable_item:475642da-17e6-c06e-b035-2b1ab31cbb8f rpg_buff_weight 0.1->0.45 | equippable_item:45e2b460-dbd4-4bf4-3643-33c2648d60bc rpg_buff_weight 0.15->0.5 | equippable_item:4692f1e5-e4bc-c8af-1b0b-1da823ec1db9 rpg_buff_weight 0.2->0.55 | equippable_item:42b152d3-d3f4-b390-088e-3127534281aa rpg_buff_weight 0.25->0.6 | equippable_item:43c85848-0181-06b6-a870-2b3c951e8aa8 rpg_buff_weight 0.3->0.65 | rpg_param:StrengthToInventoryCapacity NEW row | equippable_item:4838fa1c-da32-9c55-b20b-d4b17b70ecac rpg_buff_weight 0.35->0.7,scripts (Lua): 24; tables (PTF): 4; manifest: 1; pak (container): 1; lua identical to vanilla: 0,R=27 T=4 median_rel=0.70 lua_lines=6807 cfg=0 assets=0 loc=0 native=no,,"full (scratch, deleted after reading)"
1842,Realistic Repairs,P2,Weapons / armor / items,Realistic Repairs 1.1-1842-1-1-1739569897.rar,c_weapons-armor-items,archive,0.0,"C effective (few rows, strong effect)",high,D1 data tables (PTF),Mods/<mod folder> with mod.manifest (Vortex or manual),yes (wildcard),gameplay data,none,1.*,,"perk_rpg_param_override, rpg_param, skill2item_category",4,4,0,250,3,0.567,0,0,0,0,0,,none,skill2item_category:armor.horse_bridle.*/8 NEW row | skill2item_category:armor.horse_saddle.*/8 NEW row | rpg_param:RepairKitItemHealthBestLimit NEW row | rpg_param:RepairKitItemHealthDefaultLimit NEW row | rpg_param:RepairPriceModif rpg_param_value 0.65->1.2 | perk_rpg_param_override:01c3b32a-5751-4c98-b6ab-258d02370382/RepairKitItemHealthBestLimit rpg_param_value 0.5->0.1 | perk_rpg_param_override:01c3b32a-5751-4c98-b6ab-258d02370382/RepairPriceModif rpg_param_value 0.9->1.2 | perk_rpg_param_override:01c3b32a-5751-4c98-b6ab-258d02370382/RepairKitItemHealthDefaultLimit rpg_param_value 0.7->0.6,tables (PTF): 3; manifest: 1; pak (container): 1; lua identical to vanilla: 0,R=8 T=3 median_rel=0.57 lua_lines=0 cfg=0 assets=0 loc=0 native=no,,"full (scratch, deleted after reading)"
1853,Richer Merchants (PTF),P2,Economy / merchants,RicherMerchantsPRF-1853-1-0-1739403404.rar,c_economy-merchants,archive,0.0,"C effective (few rows, strong effect)",high,D1 data tables (PTF),Mods/<mod folder> with mod.manifest (Vortex or manual),yes (no version restriction),gameplay data,none,(none),,shop_type2item,0,78,0,718,1,10.0,0,0,0,0,0,,none,shop_type2item:5ef63059-322e-4e1b-abe8-926e100c770e amount 2800->100000 | shop_type2item:5ef63059-322e-4e1b-abe8-926e100c770e amount 200->100000 | shop_type2item:5ef63059-322e-4e1b-abe8-926e100c770e amount 100->100000 | shop_type2item:5ef63059-322e-4e1b-abe8-926e100c770e amount 2000->100000 | shop_type2item:5ef63059-322e-4e1b-abe8-926e100c770e amount 4000->100000 | shop_type2item:5ef63059-322e-4e1b-abe8-926e100c770e amount 200->100000 | shop_type2item:5ef63059-322e-4e1b-abe8-926e100c770e amount 1500->100000 | shop_type2item:5ef63059-322e-4e1b-abe8-926e100c770e amount 1500->100000,manifest: 1; pak (container): 1; tables (PTF): 1; lua identical to vanilla: 0,R=78 T=1 median_rel=10.00 lua_lines=0 cfg=0 assets=0 loc=0 native=no,,"full (scratch, deleted after reading)"
1860,Train More Carry More - PTF,P2,Progression / XP / perks,Train More Carry More x10-1860-1-0-1739697344.zip,c_progression-xp-perks,archive,0.0,"C effective (few rows, strong effect)",high,D1 data tables (PTF),Mods/<mod folder> with mod.manifest (Vortex or manual),yes (no version restriction),gameplay data,none,(none),,rpg_param,1,0,0,182,1,0.0,0,0,0,0,0,,none,rpg_param:StrengthToInventoryCapacity NEW row,manifest: 1; pak (container): 1; tables (PTF): 1; lua identical to vanilla: 0,R=1 T=1 median_rel=0.00 lua_lines=0 cfg=0 assets=0 loc=0 native=no,,"full (scratch, deleted after reading)"
1862,Faster Inury Regeneration - PTF,P2,Alchemy / food / survival,Faster Injury Regeneration x2-1862-1-0-1739533911.zip,c_alchemy-food-survival,archive,0.0,"C effective (few rows, strong effect)",high,D1 data tables (PTF),Mods/<mod folder> with mod.manifest (Vortex or manual),yes (no version restriction),gameplay data,none,(none),fasterinjuryregeneration,perk_rpg_param_override,1,1,0,49,2,0.5,0,0,0,0,0,,none,perk_rpg_param_override:/InjuryRegenInterval NEW row | perk_rpg_param_override:01c3b32a-5751-4c98-b6ab-258d02370382/InjuryRegenInterval rpg_param_value 15->7.5,tables (PTF): 2; manifest: 1; pak (container): 1; lua identical to vanilla: 0,R=2 T=2 median_rel=0.50 lua_lines=0 cfg=0 assets=0 loc=0 native=no,,"full (scratch, deleted after reading)"
1863,Dirty And Charismatic - PTF,P2,Progression / XP / perks,Dirty And Charismatic-1863-1-0-1739534931.zip,c_progression-xp-perks,archive,0.0,"C effective (few rows, strong effect)",high,D1 data tables (PTF),Mods/<mod folder> with mod.manifest (Vortex or manual),yes (no version restriction),gameplay data,none,(none),dirtyandcharismatic,perk_rpg_param_override,2,1,0,49,2,1.0,0,0,0,0,0,,none,perk_rpg_param_override:/ArmorDirtToCharismaCoef NEW row | perk_rpg_param_override:/ArmorStatusToCharismaCoef NEW row | perk_rpg_param_override:01c3b32a-5751-4c98-b6ab-258d02370382/ArmorStatusToCharismaCoef rpg_param_value 0.6->0,tables (PTF): 2; manifest: 1; pak (container): 1; lua identical to vanilla: 0,R=3 T=2 median_rel=1.00 lua_lines=0 cfg=0 assets=0 loc=0 native=no,,"full (scratch, deleted after reading)"
1864,Cheap Savior Schnapps - PTF,P2,Economy / merchants,Cheap Savior Schnapps (No Alcohol Version)-1864-1-1-1739629893.zip,c_economy-merchants,archive,0.0,"C effective (few rows, strong effect)",high,D1 data tables (PTF),Mods/<mod folder> with mod.manifest (Vortex or manual),yes (no version restriction),gameplay data,none,(none),cheapsaviorschnapps,"food, pickable_item, shop_type2item",0,89,0,3128,3,10.0,0,0,0,0,0,,none,shop_type2item:928463d9-e21a-4f7c-b5d3-8378ed375cd1 amount 2->100 | shop_type2item:928463d9-e21a-4f7c-b5d3-8378ed375cd1 amount 4->100 | shop_type2item:928463d9-e21a-4f7c-b5d3-8378ed375cd1 amount 5->100 | shop_type2item:928463d9-e21a-4f7c-b5d3-8378ed375cd1 amount 2->100 | shop_type2item:928463d9-e21a-4f7c-b5d3-8378ed375cd1 amount 3->100 | shop_type2item:928463d9-e21a-4f7c-b5d3-8378ed375cd1 amount 3->100 | shop_type2item:928463d9-e21a-4f7c-b5d3-8378ed375cd1 amount 2->100 | shop_type2item:928463d9-e21a-4f7c-b5d3-8378ed375cd1 amount 3->100,tables (PTF): 3; manifest: 1; pak (container): 1; lua identical to vanilla: 0,R=89 T=3 median_rel=10.00 lua_lines=0 cfg=0 assets=0 loc=0 native=no,,"full (scratch, deleted after reading)"
1883,Better Pickpocket - FIXED,P2,Crime / stealth / loot,BetterPickpocket-1883-1-1-1773177388.zip,c_crime-stealth-loot,archive,0.0,"C effective (few rows, strong effect)",high,D1 data tables (PTF),Mods/<mod folder> with mod.manifest (Vortex or manual),yes (wildcard),gameplay data,none,1.9.*,BetterPickpocket,rpg_param,15,2,5,175,1,1.25,0,0,0,0,0,,none,rpg_param:PickpocketingXP rpg_param_value 15->45 | rpg_param:PicklockFatalRelativeDist NEW row | rpg_param:PickpocketingAngleChancePenalty NEW row | rpg_param:PickpocketingComradePerkBonus NEW row | rpg_param:PickpocketingItemUncoverTimePerWeight NEW row | rpg_param:PickpocketingMaxSkillChargeSpeedRatio NEW row | rpg_param:PickpocketingMaxSkillChargeTime NEW row | rpg_param:PickpocketingMinChargeTime NEW row,manifest: 1; pak (container): 1; other: 1; tables (PTF): 1; lua identical to vanilla: 0,R=17 T=1 median_rel=1.25 lua_lines=0 cfg=0 assets=0 loc=0 native=no,BetterPickpocket/Data/better_pickpocket.pak!Libs/Tables/rpg/rpg_param__better_pickpocket.xml: suffix 'better_pickpocket' != id 'BetterPickpocket' (the game ignores it),"full (scratch, deleted after reading)"
1893,Bianca's Ring PTF,P2,Weapons / armor / items,Bianca's Ring PTF-1893-0-1-1740174007.zip,c_weapons-armor-items,archive,0.0,"C effective (few rows, strong effect)",high,D1 data tables (PTF),Mods/<mod folder> with mod.manifest (Vortex or manual),yes (no version restriction),gameplay data,none,(none),,"armor, equippable_item",0,2,1,4003,2,1.0,0,0,0,0,0,,none,equippable_item:aac0794c-8fb7-41f5-ba6a-90c313c286b2 conspicuousness 0.1->-1 | armor:aac0794c-8fb7-41f5-ba6a-90c313c286b2 noise 0->-1,tables (PTF): 3; manifest: 1; pak (container): 1; lua identical to vanilla: 0,R=2 T=2 median_rel=1.00 lua_lines=0 cfg=0 assets=0 loc=0 native=no,BiancaRing/Data/bianca_ring.pak!Libs/Tables/item/armor__bianca.xml: suffix 'bianca' != id 'bianca's_ring_ptf' (the game ignores it) | BiancaRing/Data/bianca_ring.pak!Libs/Tables/item/equippable_item__bianca.xml: suffix 'bianca' != id 'bianca's_ring_ptf' (the game ignores it) | BiancaRing/Data/bianca_ring.pak!Libs/Tables/item/pickable_item__bianca.xml: suffix 'bianca' != id 'bianca's_ring_ptf' (the game ignores it),"full (scratch, deleted after reading)"
1914,Weightless Herbs,P2,Alchemy / food / survival,Weightless_Herbs-1914-1-1741286285.zip,c_alchemy-food-survival,archive,0.0,"C effective (few rows, strong effect)",high,D1 data tables (PTF),Mods/<mod folder> with mod.manifest (Vortex or manual),yes (no version restriction),gameplay data,none,(none),,pickable_item,0,17,0,2193,1,1.0,0,0,0,0,0,,none,pickable_item:0290b689-c01c-480f-b121-bed71ad1f5e0 weight 0.1->0 | pickable_item:05bef17b-ddeb-426d-aa53-52ff6d4f521e weight 0.1->0 | pickable_item:27b8a61f-36e4-4101-9be5-1b814d43bd8f weight 0.1->0 | pickable_item:2ddf6256-0662-44c4-99fe-f713b6d900ea weight 0.1->0 | pickable_item:4d9e61aa-3f90-4e5d-b836-f9e158196438 weight 0.1->0 | pickable_item:5e9b4fa1-aafa-4352-b5d6-58df2c263caa weight 0.1->0 | pickable_item:7259b9bc-dfae-487e-a8bb-c1f500894e0c weight 0.1->0 | pickable_item:7da04bba-0564-42da-bcf1-9a2fc5faf025 weight 0.1->0,manifest: 1; pak (container): 1; tables (PTF): 1; lua identical to vanilla: 0,R=17 T=1 median_rel=1.00 lua_lines=0 cfg=0 assets=0 loc=0 native=no,,"full (scratch, deleted after reading)"
1922,No Prefixes in Alchemy Book,P2,Alchemy / food / survival,No Prefixes in Alchemy Book-1922-1-0-1-1741961065.zip,c_alchemy-food-survival,archive,0.03,"E visual, audio or UI only (no gameplay change)",low,D0 content/text,Mods/<mod folder> with mod.manifest (Vortex or manual),yes (no version restriction),"UI, text",medium,(none),,,0,0,0,0,0,0.0,0,0,0,0,378,,none,,localization: 28; manifest: 1; pak (container): 1; ui: 1; lua identical to vanilla: 0,R=0 T=0 median_rel=0.00 lua_lines=0 cfg=0 assets=0 loc=378 native=no,,"full (scratch, deleted after reading)"
1926,Potion no Satiety and ADD Heal plus Energy,P2,Alchemy / food / survival,PotionNoSatietyAndHealEnergy-1926-1-0-1741597951.7z,c_alchemy-food-survival,archive,0.0,"C effective (few rows, strong effect)",high,D1 data tables (PTF),Mods/<mod folder> with mod.manifest (Vortex or manual),NO (disabled: lists 1.9.6),gameplay data,none,1.9.6,,food,0,22,0,180,1,1.0,0,0,0,0,0,,none,food:73ff1fde-ec8b-41e9-95e3-b5938c715bf1 refresh_benefit 4->100 | food:2509115d-59c9-44f8-9802-f600eba63fa9 refresh_benefit 4->100 | food:8b713d0c-9a04-4354-a53f-ffd384057fa6 refresh_benefit 4->100 | food:850d28d9-9d0a-4b2e-9feb-e6c48c5f1aad refresh_benefit 4->100 | food:f1309a89-045f-44ae-a4d9-c997b892a162 health_benefit 4->100 | food:34d9f446-e5a7-4af4-858a-e96473de814f refresh_benefit 4->100 | food:3157d51d-7461-4fdc-9601-93bd5ed42156 refresh_benefit 4->100 | food:92c829ca-41f6-40a7-b8d9-aac5159c7a89 refresh_benefit 6->100,manifest: 1; pak (container): 1; tables (PTF): 1; lua identical to vanilla: 0,R=22 T=1 median_rel=1.00 lua_lines=0 cfg=0 assets=0 loc=0 native=no,,"full (scratch, deleted after reading)"
1938,My Herb Picking Radius,P2,Alchemy / food / survival,Herb Picking Radius 2x-1938-1-0-1742117458.zip,c_alchemy-food-survival,archive,0.0,"C effective (few rows, strong effect)",high,D1 data tables (PTF),Mods/<mod folder> with mod.manifest (Vortex or manual),yes (wildcard),gameplay data,none,1.*,,rpg_param,0,1,0,181,1,1.0,0,0,0,0,0,,none,rpg_param:HerbGatherSkillToRadius rpg_param_value 0.25->0.5,manifest: 1; pak (container): 1; tables (PTF): 1; lua identical to vanilla: 0,R=1 T=1 median_rel=1.00 lua_lines=0 cfg=0 assets=0 loc=0 native=no,,"full (scratch, deleted after reading)"
1950,Skill Books Take Time,P2,Progression / XP / perks,Skill Books Take Time 2x-1950-1-0-1742313588.zip,c_progression-xp-perks,archive,0.0,"C effective (few rows, strong effect)",high,D1 data tables (PTF),Mods/<mod folder> with mod.manifest (Vortex or manual),yes (wildcard),gameplay data,none,1.*,,"document, rpg_param",0,57,0,317,2,1.0,0,0,0,0,0,,none,document:0a9b5b2a-2614-4f11-a987-aab64133bea0 length_in_game_hours 6->12 | document:0defd37d-cfec-446f-b307-e9ef65fea3f3 length_in_game_hours 6->12 | document:15a92bc2-d1f3-438f-a104-c1fc7bd71996 length_in_game_hours 6->12 | document:17fee956-5ec2-4c95-abb4-e9f3a0aca530 length_in_game_hours 4->8 | document:196ffe33-bec0-410d-abb5-138f69ececd7 length_in_game_hours 8->16 | document:1dc7d3ef-08b0-4d4f-aca1-78ddf60a5c10 length_in_game_hours 4->8 | document:20856f2c-1f0c-42dd-805a-87eb7902ddeb length_in_game_hours 6->12 | document:218418c0-f211-40b3-afa9-f1bff300d0b5 length_in_game_hours 6->12,tables (PTF): 2; manifest: 1; pak (container): 1; lua identical to vanilla: 0,R=57 T=2 median_rel=1.00 lua_lines=0 cfg=0 assets=0 loc=0 native=no,,"full (scratch, deleted after reading)"
1951,Baths dont affect energy and nourishment,P2,Alchemy / food / survival,energy increased as if rested-1951-1-0-0-1742338696.7z,c_alchemy-food-survival,archive,0.02,D small tweak,medium,D1 game data xml (not table rows),loose .pak (legacy: copy into Data),no manifest (legacy install),other game data (xml),none,,,,0,0,0,0,0,0.0,0,0,0,0,0,,none,,"pak (container): 1; other game data (xml, not table rows): 1; lua identical to vanilla: 0",R=0 T=0 median_rel=0.00 lua_lines=0 cfg=0 assets=0 loc=0 native=no,,"full (scratch, deleted after reading)"
1990,Veteran Hunting,P2,Alchemy / food / survival,Veteran Hunting 1.0-1990-1-0-1745597572.zip,c_alchemy-food-survival,archive,0.01,"C effective (few rows, strong effect)",high,D0 content/text; D1 data tables (PTF); D3 Lua scripts,Mods/<mod folder> with mod.manifest (Vortex or manual),NO (disabled: lists 1.9.6),"gameplay data, scripts, text",low,1.9.6,,"buff, perk, perk_buff, soul",3,8,0,6145,4,1.0,2,31,0,0,4,,none,buff:7e42e183-222b-42a6-addb-e1e1cb4ae4d3 NEW row | perk_buff:c92e5f13-4b57-4b02-b9cf-74e88e3b2517/7e42e183-222b-42a6-addb-e1e1cb4ae4d3 NEW row | perk:c92e5f13-4b57-4b02-b9cf-74e88e3b2517 NEW row | buff:8b546698-15a0-42bf-bf7f-634a932d2b8c params btw*0.4->btw*2 | soul:00000000-0000-0000-0000-000000035000/959cb495-2b5b-42fe-bd47-9bcb3f1faeef////////8/5/14/4d9275e7-744b-2390-1e8d-943e0f2501a4/0 hearing 0->100 | soul:00000000-0000-0000-0000-000000035000/48ad69c2-db1c-bd02-64a2-43d82129c981////////8/11/24/41f5c883-299d-645f-5a42-92db0d6c6c91/0 hearing 0->70 | soul:00000000-0000-0000-0000-000000035000/434b2093-4f51-838c-aa4e-bdd16f27a4b5////////8/10/22/4eca3014-efa1-e85e-414d-c454aaed1baf/0 hearing 0->70 | soul:00000000-0000-0000-0000-000000035000/4daa91b1-1bce-b172-b6dc-e2a34b91cd94////////8/9/21/4edc5ad5-51be-0cd2-be9d-6ead0aabcf88/0 hearing 0->70,tables (PTF): 4; scripts (Lua): 2; localization: 2; manifest: 1; pak (container): 1; lua identical to vanilla: 0,R=11 T=4 median_rel=1.00 lua_lines=31 cfg=0 assets=0 loc=4 native=no,,"full (scratch, deleted after reading)"
1991,BCAIC - Restore Hunting Spots - Patch,P2,Alchemy / food / survival,BCAIC - Restore Hunting Spot Icons - Patch-1991-1-0-1745002325.zip,c_alchemy-food-survival,archive,0.02,"E visual, audio or UI only (no gameplay change)",low,D0 content/text,Mods/<mod folder> with mod.manifest (Vortex or manual),NO (disabled: lists 1.9.6),"textures/models/animations, UI",medium,1.9.6,,,0,0,0,0,0,0.0,0,0,0,2,0,,none,,ui: 4; textures: 2; manifest: 1; pak (container): 1; lua identical to vanilla: 0,R=0 T=0 median_rel=0.00 lua_lines=0 cfg=0 assets=2 loc=0 native=no,,"full (scratch, deleted after reading)"
1996,Alcohol Is Not Food Anymore,P2,Alchemy / food / survival,Alcohol Is Not Food Anymore-1996-1-0-1745154676.zip,c_alchemy-food-survival,archive,0.0,"C effective (few rows, strong effect)",high,D1 data tables (PTF),Mods/<mod folder> with mod.manifest (Vortex or manual),yes (no version restriction),gameplay data,none,(none),,food,0,8,0,194,1,0.694,0,0,0,0,0,,none,food:c64b7286-07b8-4bdf-afd0-359171d35249 nutrition_benefit 20->3 | food:2529e246-6f1b-4529-8d6b-64245207bae8 nutrition_benefit 20->3 | food:dea2883f-6bd9-4f6e-bae8-80322d428652 nutrition_benefit 18->5 | food:390c0dc8-23fd-42a0-91f2-a4d42f96a387 nutrition_benefit 10->3 | food:ca5a0aa3-e373-48ec-96e4-1c3b9907bac3 nutrition_benefit 16->5 | food:7c5126cd-b010-4484-8465-22a3d69fa0df nutrition_benefit 15->5 | food:38df365c-a4bb-462b-80cc-eb92f16930fa nutrition_benefit 10->5 | food:52afd6fa-9377-457c-83a2-b5b39321a4dc nutrition_benefit 7->5,manifest: 1; pak (container): 1; tables (PTF): 1; lua identical to vanilla: 0,R=8 T=1 median_rel=0.69 lua_lines=0 cfg=0 assets=0 loc=0 native=no,,"full (scratch, deleted after reading)"
2011,Chefs Kiss,P2,Alchemy / food / survival,Chefs Kiss 2011 3.7 2026-06-21T22-06Z HM0uQNJkR.7z,c_alchemy-food-survival,archive,0.03,B large,high,D0 content/text; D1 data tables (PTF),Mods/<mod folder> with mod.manifest (Vortex or manual),NO (disabled: lists *),"gameplay data, text",low,*,dddb_chefs_kiss,"buff, buff_class, consumable_item, food, item, pickable_item, potion",56,267,106,4976,7,1.0,0,0,0,0,138,,none,food:22eb16a0-1175-4e2e-a951-33d362e288fb max_status 2->200 | food:28a7c5cd-d80d-4167-ba1b-fcfc520c40b7 max_status 1->44 | food:006ec8d6-1ce1-4e90-8267-7c349812ddcd nutrition_benefit 1->-20 | food:7c5126cd-b010-4484-8465-22a3d69fa0df refresh_benefit -2->24 | food:390c0dc8-23fd-42a0-91f2-a4d42f96a387 refresh_benefit -2->18 | food:0a78fe34-737c-4346-9762-6b3036fbc9c6 max_status 1->70 | food:bd6a9ffc-68b6-4222-b7fd-7bd72634b712 refresh_benefit -2->19 | food:fdd2036c-15a6-462e-9a0e-acbe20288bcc refresh_benefit -2->20,tables (PTF): 7; localization: 3; manifest: 1; docs: 1; pak (container): 1; lua identical to vanilla: 0,R=323 T=7 median_rel=1.00 lua_lines=0 cfg=0 assets=0 loc=138 native=no,,"full (scratch, deleted after reading)"
2017,Realistic Items,P1,Weapons / armor / items,KRS-Items-2017-1-0-0-1749069665.7z,c_weapons-armor-items,archive,0.0,X not analysed,unknown,none found,Mods/<mod folder> with mod.manifest (Vortex or manual),NO (disabled: lists 1.9.x),none,none,1.9.x,krs_items,,0,0,0,0,0,0.0,0,0,0,0,0,,none,,manifest: 1; pak (container): 1; lua identical to vanilla: 0,nothing readable (see problems),KRS-Items/Data/krs-items.pak: not a ZIP (the game cannot read it either),"full (scratch, deleted after reading)"
2017,Realistic Items,P1,Weapons / armor / items,KRS-Items-2017-1-1-1-1749401836.7z,c_weapons-armor-items,archive,0.0,X not analysed,unknown,none found,loose .pak (legacy: copy into Data),no manifest (legacy install),none,none,,,,0,0,0,0,0,0.0,0,0,0,0,0,,none,,pak (container): 1; lua identical to vanilla: 0,nothing readable (see problems),KRS-Items/Data/KRS-Items.pak: not a ZIP (the game cannot read it either),"full (scratch, deleted after reading)"
2021,Repair Kits - Balanced and Scaled PTF,P2,Weapons / armor / items,Repair Kits - Balanced and Scaled PTF-2021-1-2-1779784418.7z,c_weapons-armor-items,archive,0.0,"C effective (few rows, strong effect)",high,D1 data tables (PTF),Mods/<mod folder> with mod.manifest (Vortex or manual),yes (explicit),gameplay data,none,1.9.4 1.9.5 1.9.6 1.9.7 1.9.8,,ointment_item,0,8,0,2,1,1.0,0,0,0,0,0,,none,ointment_item:238538b5-cd3e-460e-8e85-52c820edb716 efficiency 0.5->1 | ointment_item:6aeb1531-369e-47cc-ad6c-f78df1c37d13 efficiency 1->2 | ointment_item:85310d06-2845-46ee-be8f-295503b35035 efficiency 0.1->0.2 | ointment_item:9f7a0c0a-6458-4622-9cc5-2f4dd4898b50 efficiency 0.1->0.2 | ointment_item:c707733a-c0a7-4f02-b684-9392b0b15b83 efficiency 0.2->0.4 | ointment_item:cda856d8-9ee4-4f61-b2c7-eace8e082d62 efficiency 0.5->1 | ointment_item:f961d38d-12e6-430c-92d5-d7e7e45a87e9 efficiency 1->2 | ointment_item:167eb312-0e9d-4c2f-8ce3-56c32f5a84cb efficiency 0.5->0.4,manifest: 1; pak (container): 1; tables (PTF): 1; lua identical to vanilla: 0,R=8 T=1 median_rel=1.00 lua_lines=0 cfg=0 assets=0 loc=0 native=no,,"full (scratch, deleted after reading)"
2035,Ordinance an Archery Overhaul,P2,Archery / arrows,Ordinance Archery Overhaul DDDB-2035-6-1774914958.7z,c_archery-arrows,archive,0.01,B large,high,D1 data tables (PTF); D1 game data xml (not table rows),Mods/<mod folder> with mod.manifest (Vortex or manual),NO (disabled: lists *),"gameplay data, other game data (xml)",none,*,zzdddbordinance,"ammo, equippable_item, item, missile_weapon, pickable_item, player_item, weapon, weapon_class",10,48,27,7704,8,0.317,0,0,0,0,0,,none,pickable_item:7db6b854-e307-4a47-ba39-943190b2469e price 1->38 | pickable_item:c49aa63a-07a6-4417-9f9b-97f2712a4cd0 weight 0.1->0.7 | weapon:deb5276d-4926-4545-bdda-f457cac8bc01 agi_req 1->4 | pickable_item:802507e9-d620-47b5-ae66-08fcc314e26a price 10->39 | weapon_class:/4/f8558fe2-f4cd-4899-932b-82e0e15fa964/3/3/-1/-1/18/9/2 max_attack_distance 45->150 | pickable_item:4fd563e5-a44a-4a6e-958d-95bcb196814a price 30->63 | ammo:fc9ecc63-edc6-4bc9-8ba0-0a7620d5a4df NEW row | ammo:6f5b8900-c0f9-44a5-b1b8-ecef1a5a7b1c NEW row,"tables (PTF): 8; docs: 2; pak (container): 2; manifest: 1; other game data (xml, not table rows): 1; lua identical to vanilla: 0",R=58 T=8 median_rel=0.32 lua_lines=0 cfg=0 assets=0 loc=0 native=no,,"full (scratch, deleted after reading)"
2040,Polymorphic Projectiles Arrow Overhaul,P2,Archery / arrows,Polymorphic Fire Arrow-2040-2-1774384773.7z,c_archery-arrows,archive,0.0,D small tweak,medium,D0 content/text; D1 game data xml (not table rows),Mods/<mod folder> with mod.manifest (Vortex or manual),NO (disabled: lists *),"other game data (xml), text",low,*,dddb_polymorph,,0,0,0,0,0,0.0,0,0,0,0,11,,none,,"localization: 3; manifest: 1; docs: 1; pak (container): 1; other game data (xml, not table rows): 1; lua identical to vanilla: 0",R=0 T=0 median_rel=0.00 lua_lines=0 cfg=0 assets=0 loc=11 native=no,,"full (scratch, deleted after reading)"
2045,Polearms Unleashed Rebalanced Lite Edition PTF,P2,Weapons / armor / items,Polearms Unleashed Rebalanced Lite Edition-2045-1-1-1779784172.7z,c_weapons-armor-items,archive,0.2,B large,high,D0 content/text; D1 data tables (PTF); D1 game data xml (not table rows); D3 Lua scripts,Mods/<mod folder> with mod.manifest (Vortex or manual),yes (explicit),"gameplay data, scripts, other game data (xml), textures/models/animations",high,1.9.4 1.9.5 1.9.6 1.9.7 1.9.8,,"combat_action_attack, combat_action_guard_movement, combat_action_perfect_block, combat_action_pose_modifier, combat_action_sync_pb_hit, equippable_item, melee_weapon, pickable_item, shop_type2item, skill, weapon, weapon_class",64,42,8,5225,12,0.25,2,20,0,5,0,,none,pickable_item:8ef902ea-0c32-44c9-b101-71f35b9cbe3d price 1570->13800 | pickable_item:44940b6c-f1f9-4ad1-9419-b5705a88e5b0 price 810->6000 | melee_weapon:033fc7b6-17b6-486d-95cb-a22afb131be2 smash_att_mod 0.05->0.28 | pickable_item:033fc7b6-17b6-486d-95cb-a22afb131be2 price 1500->6000 | pickable_item:7377215a-a0ca-44a2-b11a-113a024191ca price 577->2280 | pickable_item:3ef71c79-57c2-4f28-8f31-a091d9b78798 price 5325->16320 | melee_weapon:7377215a-a0ca-44a2-b11a-113a024191ca smash_att_mod 0.05->0.15 | melee_weapon:405c1865-413d-43b8-8db9-c44a0eefd350 smash_att_mod 0.05->0.15,"tables (PTF): 12; pak (container): 5; models/animations/materials: 5; scripts (Lua): 2; manifest: 1; other game data (xml, not table rows): 1; lua identical to vanilla: 0",R=106 T=12 median_rel=0.25 lua_lines=20 cfg=0 assets=5 loc=0 native=no,,"full (scratch, deleted after reading)"
2049,Simple Ragdoll Physics,P2,Combat / AI,Semi Functional Ragdoll Physics-2049-3-1772969471.7z,c_combat-ai,archive,35.88,A changes the most,high,D0 content/text; D1 data tables (PTF); D1 game data xml (not table rows); D2 engine config; D3 Lua scripts,Mods/<mod folder> with mod.manifest (Vortex or manual),NO (disabled: lists *),"gameplay data, scripts, other game data (xml), engine config, graphics config, textures/models/animations, audio, text",high,*,zzzxdddbrdp,"ammo, anim_fragment, combat_action_attack, combat_action_fragment_id_mapping, combat_action_sync_attack, hit_reaction, hit_reaction_type, missile_weapon, pickable_item, weapon, weapon_class",2,1657,164,3144,11,0.62,27,9122,1032,437,19,states requirements,MEDIUM,pickable_item:7db6b854-e307-4a47-ba39-943190b2469e price 1->38 | pickable_item:c49aa63a-07a6-4417-9f9b-97f2712a4cd0 weight 0.1->0.7 | weapon:deb5276d-4926-4545-bdda-f457cac8bc01 agi_req 1->4 | pickable_item:802507e9-d620-47b5-ae66-08fcc314e26a price 10->39 | weapon_class:/4/f8558fe2-f4cd-4899-932b-82e0e15fa964/3/3/-1/-1/18/9/2 max_attack_distance 45->150 | pickable_item:4fd563e5-a44a-4a6e-958d-95bcb196814a price 30->63 | ammo:278d26d1-e9a7-4354-84f9-37d20cb72b45 slash_att 0->3 | ammo:ad6f0f01-aec4-44d1-982c-1210eb01b74a slash_att 0->0.5,"textures: 274; models/animations/materials: 162; config (.cfg): 56; other game data (xml, not table rows): 54; other: 34; scripts (Lua): 27; docs: 13; tables (PTF): 11; pak (container): 4; localization: 3; manifest: 1; audio: 1; lua identical to vanilla: 0",R=1659 T=11 median_rel=0.62 lua_lines=9122 cfg=1032 assets=437 loc=19 native=no,,"full (scratch, deleted after reading)"
2066,Distant Smoke and Fire,P2,World / weather / visuals,DistantFireAndSmoke-2066-0-2-1755855018.zip,c_world-weather-visuals,archive,0.02,D small tweak,medium,D1 game data xml (not table rows),Mods/<mod folder> with mod.manifest (Vortex or manual),yes (no version restriction),other game data (xml),none,(none),,,0,0,0,0,0,0.0,0,0,0,0,0,,none,,"manifest: 1; pak (container): 1; other game data (xml, not table rows): 1; lua identical to vanilla: 0",R=0 T=0 median_rel=0.00 lua_lines=0 cfg=0 assets=0 loc=0 native=no,,"full (scratch, deleted after reading)"
2098,Medieval Poisons - spolszczenie,P2,Alchemy / food / survival,spolszczenie do moda Tyburn's Medieval Poisons-2098-1-0-1763383230.rar,c_alchemy-food-survival,archive,0.01,E text only (no gameplay change),low,D0 content/text,loose .pak (legacy: copy into Data),no manifest (legacy install),text,low,,,,0,0,0,0,0,0.0,0,0,0,0,175,,none,,localization: 2; lua identical to vanilla: 0,R=0 T=0 median_rel=0.00 lua_lines=0 cfg=0 assets=0 loc=175 native=no,,"full (scratch, deleted after reading)"
2124,Half-looted Rebalance,P2,Progression / XP / perks,Complete EHLR mod collection with documentation 2124 2.5.0 2026-07-22T00-51Z 37afHBvHt.zip,c_progression-xp-perks,archive,1.26,A changes the most,high,D0 content/text; D1 data tables (PTF); D1 game data xml (not table rows); D2 engine config; D3 Lua scripts,Mods/<mod folder> with mod.manifest (Vortex or manual),"NO (disabled: lists 1.9.6, 1.9.7)","gameplay data, scripts, other game data (xml), engine config, textures/models/animations, UI, text",medium,1.9.6 1.9.7,,"ammo, armor, armor_type, body_part, buff, combat_action_attack, combat_action_perfect_block, combat_action_sync_attack, combat_attack_type, divisible_item, equippable_item, food, inventory2item, inventory_preset2item, item, melee_weapon, missile_weapon, perk, perk_buff, perk_rpg_param_override, pick",17704,4915,47199,173044,57,0.8,1,38,2,2,615,,none,shop_type2item:7899825d-ed6f-4f00-b698-649ba652cf6d amount 5->58 | shop_type2item:907a2cd5-2730-424e-bf11-ef1f2db8f7e1 amount 2->25 | shop_type2item:907a2cd5-2730-424e-bf11-ef1f2db8f7e1 amount 2->24 | shop_type2item:81c21fdc-3d62-4d1f-854f-eb364db1bcff amount 3->35 | shop_type2item:5ef63059-322e-4e1b-abe8-926e100c770e amount 200->8000 | shop_type2item:5ef63059-322e-4e1b-abe8-926e100c770e amount 200->8000 | pickable_item:ecae9bde-4b59-4ce2-8d3b-e718eb0f4c45 price 45->925 | armor:4a2e6701-7c43-b97a-0823-6e22ea1d8fb3 smash_def 0.428->6.3,"tables (PTF): 58; localization: 56; manifest: 14; pak (container): 14; other: 4; textures: 2; other game data (xml, not table rows): 2; docs: 1; config (.cfg): 1; ui: 1; scripts (Lua): 1; lua identical to vanilla: 0",R=22619 T=57 median_rel=0.80 lua_lines=38 cfg=2 assets=2 loc=615 native=no,EHLR_AbolishUnfairPerks/Data/EHLR_AbolishUnfairPerks.pak!Libs/Tables/rpg/soul2perk.xml: no suffix: replaces the whole vanilla table | EHLR_AdjustShops/Data/EHLR_AdjustShops.pak!Libs/Tables/shop/shop.xml: no suffix: replaces the whole vanilla table | EHLR_AdjustShops/Data/EHLR_AdjustShops.pak!Libs/Tables/shop/shop_type2item.xml: no suffix: replaces the whole vanilla table | EHLR_Archery/Data/EHLR_Archery.pak!Libs/Tables/item/ammo__EHLR_Archery.xml: suffix 'EHLR_Archery' != id 'ehlr_abolishunfairperks' (the game ignores it) | EHLR_Archery/Data/EHLR_Archery.pak!Libs/Tables/rpg/rpg_param__EHLR_Arc,"full (scratch, deleted after reading)"
2165,Merchants Richer,P2,Economy / merchants,MerchantsRicher_3x-2165-1-0-2-1774198117.zip,c_economy-merchants,archive,0.01,"C effective (few rows, strong effect)",high,D1 data tables (PTF),Mods/<mod folder> with mod.manifest (Vortex or manual),yes (wildcard),gameplay data,none,1.9.*,,shop_type2item,0,79,0,718,1,2.0,0,0,0,0,0,,none,shop_type2item:5ef63059-322e-4e1b-abe8-926e100c770e amount 2800->8400 | shop_type2item:5ef63059-322e-4e1b-abe8-926e100c770e amount 200->600 | shop_type2item:5ef63059-322e-4e1b-abe8-926e100c770e amount 100->300 | shop_type2item:5ef63059-322e-4e1b-abe8-926e100c770e amount 20000->60000 | shop_type2item:5ef63059-322e-4e1b-abe8-926e100c770e amount 2000->6000 | shop_type2item:5ef63059-322e-4e1b-abe8-926e100c770e amount 4000->12000 | shop_type2item:5ef63059-322e-4e1b-abe8-926e100c770e amount 200->600 | shop_type2item:5ef63059-322e-4e1b-abe8-926e100c770e amount 1500->4500,manifest: 1; pak (container): 1; tables (PTF): 1; lua identical to vanilla: 0,R=79 T=1 median_rel=2.00 lua_lines=0 cfg=0 assets=0 loc=0 native=no,,"full (scratch, deleted after reading)"
2173,True Hardcore Maintenance (PTF),P2,Repair / durability,True Hardcore Maintenance-2173-2-0-1776308890.zip,c_repair-durability,archive,0.01,B large,high,D0 content/text; D1 data tables (PTF),Mods/<mod folder> with mod.manifest (Vortex or manual),yes (no version restriction),"gameplay data, text",low,(none),truehardcoremaintenance,"armor, buff, inventory_preset2item, ointment_item, perk_rpg_param_override, pickable_item, rpg_param, skill2item_category",7,41,0,4337,8,1.0,0,0,0,0,2,,none,pickable_item:85310d06-2845-46ee-be8f-295503b35035 weight 0.1->0.5 | pickable_item:9f7a0c0a-6458-4622-9cc5-2f4dd4898b50 weight 0.1->0.5 | rpg_param:RepairKitCapacity rpg_param_value 200->600 | inventory_preset2item:167eb312-0e9d-4c2f-8ce3-56c32f5a84cb amount_random_add 1->0 | inventory_preset2item:c707733a-c0a7-4f02-b684-9392b0b15b83 amount_random_add 1->0 | inventory_preset2item:167eb312-0e9d-4c2f-8ce3-56c32f5a84cb amount_random_add 1->0 | inventory_preset2item:c707733a-c0a7-4f02-b684-9392b0b15b83 amount_random_add 1->0 | armor:406c92ad-4c17-25d7-84d7-28500800f59e max_status 0->50,other: 8; tables (PTF): 8; localization: 2; manifest: 1; pak (container): 1; lua identical to vanilla: 0,R=48 T=8 median_rel=1.00 lua_lines=0 cfg=0 assets=0 loc=2 native=no,,"full (scratch, deleted after reading)"
2179,True Hardcore Combat (PTF),P2,Combat / AI,True Hardcore Combat-2179-1-3-1778946895.zip,c_combat-ai,archive,0.02,B large,high,D0 content/text; D1 data tables (PTF),Mods/<mod folder> with mod.manifest (Vortex or manual),yes (no version restriction),"gameplay data, text",low,(none),truehardcorecombat,"ammo, buff, food, morale_change, perk2perk_exclusivity, perk_rpg_param_override, pickable_item, rpg_movement_type, rpg_param, social_class, soul_archetype",72,148,0,3046,11,0.4,0,0,0,0,36,,none,rpg_param:SkillToDefense rpg_param_value 0.02857->0.2857 | food:3157d51d-7461-4fdc-9601-93bd5ed42156 refresh_benefit 4->-3 | food:567fc1b1-1424-4784-9da8-5104e2e7354d refresh_benefit 4->-3 | food:850d28d9-9d0a-4b2e-9feb-e6c48c5f1aad refresh_benefit 4->-3 | ammo:13ba7468-11a2-483d-8cb9-25ce36a2d228 stab_att 0->1 | ammo:a5b31bbc-1e11-4831-835b-c06d5b13a7da slash_att 0->1 | ammo:c49aa63a-07a6-4417-9f9b-97f2712a4cd0 stab_att 0->1 | ammo:c70cbea8-64fc-4309-b559-6b1ed76ea9d4 stab_att 0->10,other: 11; tables (PTF): 11; localization: 2; manifest: 1; pak (container): 1; lua identical to vanilla: 0,R=220 T=11 median_rel=0.40 lua_lines=0 cfg=0 assets=0 loc=36 native=no,,"full (scratch, deleted after reading)"
2188,True Hardcore Economy (PTF),P2,Combat / AI,True Hardcore Economy-2188-1-3-1779017497.zip,c_combat-ai,archive,0.04,A changes the most,high,D0 content/text; D1 data tables (PTF); D3 Lua scripts,Mods/<mod folder> with mod.manifest (Vortex or manual),yes (no version restriction),"gameplay data, scripts, text",low,(none),truehardcoreeconomy,"buff, food, inventory2item, inventory_preset2item, perk_rpg_param_override, pickable_item, reputation_change, rpg_param, sequence, shop, shop_type2item, topic2sequence",62,394,0,107406,12,0.688,6,2827,0,0,30,,none,inventory2item:5ef63059-322e-4e1b-abe8-926e100c770e amount 340->1800 | inventory2item:5ef63059-322e-4e1b-abe8-926e100c770e amount_random_add 30->150 | inventory2item:5ef63059-322e-4e1b-abe8-926e100c770e amount 50->250 | inventory2item:5ef63059-322e-4e1b-abe8-926e100c770e amount_random_add 1->5 | food:d837e829-d706-4db8-8e3d-e70a16882c96 refresh_benefit 4->-10 | inventory2item:5ef63059-322e-4e1b-abe8-926e100c770e amount_random_add 1->4 | pickable_item:983a6813-20b6-4fc8-bc2d-105939ff6000 price 20->80 | inventory2item:5ef63059-322e-4e1b-abe8-926e100c770e amount 340->1200,other: 12; tables (PTF): 12; scripts (Lua): 6; pak (container): 2; localization: 2; manifest: 1; lua identical to vanilla: 0,R=456 T=12 median_rel=0.69 lua_lines=2827 cfg=0 assets=0 loc=30 native=no,,"full (scratch, deleted after reading)"
2192,ENHANCED Toggle Aim Overhaul v2.0 KCD I,P2,Combat / AI,ENHANCED Toggle Aim Overhaul v2.0 KCD1 2192 2.0.1 2026-09-14T17-58Z sgZiUxTkd.zip,c_combat-ai,archive,0.0,D small tweak,medium,D1 game data xml (not table rows); D3 Lua scripts,Mods/<mod folder> with mod.manifest (Vortex or manual),yes (no version restriction),"scripts, other game data (xml)",none,(none),aim,,0,0,0,0,0,0.0,1,63,0,0,0,,none,,"config (.cfg): 1; manifest: 1; pak (container): 1; other game data (xml, not table rows): 1; scripts (Lua): 1; lua identical to vanilla: 0",R=0 T=0 median_rel=0.00 lua_lines=63 cfg=0 assets=0 loc=0 native=no,,"full (scratch, deleted after reading)"
2194,ENHANCED Easy FREE Combat Target Overhaul v3.0 KCD I,P2,Combat / AI,ENHANCED Easy FREE Combat Target Overhaul KCD1-2194-1-1-1774268047.rar,c_combat-ai,archive,0.0,D small tweak,high,D1 game data xml (not table rows); D3 Lua scripts,Mods/<mod folder> with mod.manifest (Vortex or manual),yes (no version restriction),"scripts, other game data (xml)",none,(none),eefct,,0,0,0,0,0,0.0,2,158,0,0,0,,none,,"scripts (Lua): 2; config (.cfg): 1; manifest: 1; pak (container): 1; other game data (xml, not table rows): 1; lua identical to vanilla: 0",R=0 T=0 median_rel=0.00 lua_lines=158 cfg=0 assets=0 loc=0 native=no,,"full (scratch, deleted after reading)"
2207,Findable Herbs HD,P2,Alchemy / food / survival,Findable Herbs HD-2207-1-0-1776182143.7z,c_alchemy-food-survival,archive,10.03,"E visual, audio or UI only (no gameplay change)",low,D0 content/text,Mods/<mod folder> with mod.manifest (Vortex or manual),yes (no version restriction),textures/models/animations,low,(none),,,0,0,0,0,0,0.0,0,0,0,1,0,,none,,manifest: 1; pak (container): 1; textures: 1; lua identical to vanilla: 0,R=0 T=0 median_rel=0.00 lua_lines=0 cfg=0 assets=1 loc=0 native=no,,"full (scratch, deleted after reading)"
2208,Medieval Poisons - True Hardcore Compatibility Patch (PTF),P2,Combat / AI,patch True Hardcore Medieval Poisons-2208-1-1-1778440401.zip,c_combat-ai,archive,0.02,A changes the most,high,D0 content/text; D1 data tables (PTF); D3 Lua scripts,Mods/<mod folder> with mod.manifest (Vortex or manual),yes (no version restriction),"gameplay data, scripts, text",low,(none),patchtruehardcoremedievalpoisons,"buff, document, document_required_skill, food, inventory2item, rpg_param",28,13,0,2151,6,0.7,1,3127,0,0,101,,none,buff:25bdbc39-c19a-4a11-8c0f-6e16c432846f duration 600->14400 | buff:db397470-27c5-4a3a-9717-1b3b5f42377a duration 600->43200 | food:8b713d0c-9a04-4354-a53f-ffd384057fa6 refresh_benefit 4->-10 | buff:15387b1a-7f7e-4462-8ce6-ea652f0e182e duration 3600->10800 | inventory2item:bce052d2-74b4-467c-af73-cf14b1f6fed8 NEW row | document:bce052d2-74b4-467c-af73-cf14b1f6fed8 NEW row | food:eec58bfb-063e-4838-b78d-3c2b354f1346 health_benefit 0->-20 | food:1e482524-0e66-49e1-a3cc-e09e0c029afa NEW row,other: 6; tables (PTF): 6; pak (container): 2; localization: 2; manifest: 1; scripts (Lua): 1; lua identical to vanilla: 0,R=41 T=6 median_rel=0.70 lua_lines=3127 cfg=0 assets=0 loc=101 native=no,,"full (scratch, deleted after reading)"
2209,Poisonous Enemies - True Hardcore Compatibility Patch (PTF),P2,Combat / AI,patch True Hardcore Poisonous Enemies-2209-1-0-1776249027.zip,c_combat-ai,archive,0.01,B large,high,D0 content/text; D1 data tables (PTF); D3 Lua scripts,Mods/<mod folder> with mod.manifest (Vortex or manual),yes (no version restriction),"gameplay data, scripts, text",low,(none),patchtruehardcorepoisonousenemies,"armor, armor_type, buff, pickable_item, player_item, shop_type2item",36,0,0,6290,6,0.0,1,464,0,0,3,,none,armor:a36ebe4e-14e0-4110-b903-5c225a831410 NEW row | armor:b58d737a-0b33-410d-bcf1-c16f1e5fb682 NEW row | armor_type:67/ NEW row | armor_type:68/ NEW row | pickable_item:a36ebe4e-14e0-4110-b903-5c225a831410 NEW row | pickable_item:b58d737a-0b33-410d-bcf1-c16f1e5fb682 NEW row | player_item:a36ebe4e-14e0-4110-b903-5c225a831410 NEW row | player_item:b58d737a-0b33-410d-bcf1-c16f1e5fb682 NEW row,other: 6; tables (PTF): 6; pak (container): 2; localization: 2; manifest: 1; scripts (Lua): 1; lua identical to vanilla: 0,R=36 T=6 median_rel=0.00 lua_lines=464 cfg=0 assets=0 loc=3 native=no,,"full (scratch, deleted after reading)"
2210,True Hardcore Alchemy (PTF),P2,Combat / AI,True Hardcore Alchemy-2210-1-2-1778440238.zip,c_combat-ai,archive,0.03,A changes the most,high,D0 content/text; D1 data tables (PTF); D3 Lua scripts,Mods/<mod folder> with mod.manifest (Vortex or manual),yes (no version restriction),"gameplay data, scripts, text",low,(none),truehardcorealchemy,"buff, divisible_item, food, pickable_item, rpg_param",8,214,0,3093,5,0.8,1,3127,0,0,41,,none,pickable_item:eec58bfb-063e-4838-b78d-3c2b354f1346 price 1->100 | buff:25bdbc39-c19a-4a11-8c0f-6e16c432846f duration 600->14400 | buff:db397470-27c5-4a3a-9717-1b3b5f42377a duration 600->43200 | food:8b713d0c-9a04-4354-a53f-ffd384057fa6 refresh_benefit 4->-10 | food:d837e829-d706-4db8-8e3d-e70a16882c96 refresh_benefit 4->-10 | food:eca88106-4bab-4419-8772-4450739c193c refresh_benefit 4->-10 | food:2668d311-8667-4f27-b94b-7f6175678f17 refresh_benefit 4->-5 | food:6b955a9b-d8de-492c-a53e-a052fab4ff0a refresh_benefit 4->-5,other: 5; tables (PTF): 5; pak (container): 2; localization: 2; manifest: 1; scripts (Lua): 1; lua identical to vanilla: 0,R=222 T=5 median_rel=0.80 lua_lines=3127 cfg=0 assets=0 loc=41 native=no,,"full (scratch, deleted after reading)"
2219,True Hardcore Crime (PTF),P2,Crime / stealth / loot,True Hardcore Crime-2219-1-1-1779142069.zip,c_crime-stealth-loot,archive,0.04,A changes the most,high,D0 content/text; D1 data tables (PTF); D3 Lua scripts,Mods/<mod folder> with mod.manifest (Vortex or manual),yes (no version restriction),"gameplay data, scripts, text",low,(none),truehardcorecrime,"buff, food, perk, perk2perk_exclusivity, perk_buff, pickable_item, reputation_change, rpg_param",29,515,0,3297,8,10.0,1,536,0,0,36,,none,pickable_item:009e075b-16e2-4666-8f46-e05670783fb9 owner_fading_coef 0.02->1 | pickable_item:00d32ef9-77b8-4eb0-b767-388c18e60343 owner_fading_coef 0.02->1 | pickable_item:011a4b14-11d8-410d-94b4-c04bf1acf318 owner_fading_coef 0.02->1 | pickable_item:049477dc-4b00-4eac-ac45-e5ffdda2f01d owner_fading_coef 0.02->1 | pickable_item:052ff90f-e414-4fad-b637-665eddc7de71 owner_fading_coef 0.02->1 | pickable_item:05a2745d-c99a-49ea-993a-9bc76897d0b7 owner_fading_coef 0.02->1 | pickable_item:06231dba-37ff-45f9-8a9c-609272e4961d owner_fading_coef 0.02->1 | pickable_item:070db71a-99f7-4b05-a247-28b964390a7f owner_fading_coef 0.02->1,other: 8; tables (PTF): 8; pak (container): 2; localization: 2; manifest: 1; scripts (Lua): 1; lua identical to vanilla: 0,R=544 T=8 median_rel=10.00 lua_lines=536 cfg=0 assets=0 loc=36 native=no,,"full (scratch, deleted after reading)"
2246,Console Editable RpgParams,P2,Progression / XP / perks,Console Editable RpgParams 2246 3 2026-06-29T13-59Z gZWc5POkF.zip,_quarantine,archive,3.04,A changes the most,none,D4 native/external,unclear: read the archive's own instructions,no manifest (legacy install),native/external,none,,,,0,0,0,0,0,0.0,0,0,0,0,0,,HIGH,,executables/scripts: 1; other: 1; lua identical to vanilla: 0,R=0 T=0 median_rel=0.00 lua_lines=0 cfg=0 assets=0 loc=0 native=yes,,"full (scratch, deleted after reading)"
2276,Instant Herb and faster Alchemy Merger,P2,Alchemy / food / survival,Instant Herb Picking Merged 4x version 2276 1 2026-07-01T21-38Z 9pAt2OHcY.zip,c_alchemy-food-survival,archive,0.2,"E visual, audio or UI only (no gameplay change)",low,D0 content/text,Mods/<mod folder> with mod.manifest (Vortex or manual),yes (no version restriction),textures/models/animations,high,(none),,,0,0,0,0,0,0.0,0,0,0,4,0,,none,,models/animations/materials: 4; manifest: 1; pak (container): 1; lua identical to vanilla: 0,R=0 T=0 median_rel=0.00 lua_lines=0 cfg=0 assets=4 loc=0 native=no,,"full (scratch, deleted after reading)"
2280,Remove Artemisia (Wormwood) Potion Visual Effect Overlay,P2,Alchemy / food / survival,No Wormwood Artemisia Potion Effect 2280 1 2026-07-05T17-40Z GK8rEaX2G.zip,c_alchemy-food-survival,archive,0.0,D small tweak,medium,D1 game data xml (not table rows),Mods/<mod folder> with mod.manifest (Vortex or manual),yes (no version restriction),other game data (xml),none,(none),,,0,0,0,0,0,0.0,0,0,0,0,0,,none,,"manifest: 1; pak (container): 1; other game data (xml, not table rows): 1; lua identical to vanilla: 0",R=0 T=0 median_rel=0.00 lua_lines=0 cfg=0 assets=0 loc=0 native=no,,"full (scratch, deleted after reading)"
2294,Faster Combat - Directional Master Strikes - Better Group Fights,P2,Combat / AI,FasterCombat FOMOD 2294 1.2.1 2026-07-30T00-33Z U5RChtbhP.zip,c_combat-ai,archive,2.3,A changes the most,high,D0 content/text; D1 data tables (PTF); D1 game data xml (not table rows); D2 engine config,Mods/<mod folder> with mod.manifest (Vortex or manual),yes (no version restriction),"gameplay data, other game data (xml), engine config, textures/models/animations",high,(none),,"buff, combat_action_attack, combat_action_perfect_block, combat_action_sync_attack, combat_action_sync_pb_hit, combat_combo, combat_combo_step, perk_rpg_param_override, rpg_param, weapon_class",787,2198,6,9478,55,0.091,0,0,14,12,0,"Vortex, mentions Tables.pak, states requirements",none,weapon_class:/1//3/0/5/0/24/12/0 hunt_attack_distance 1.9->-1 | weapon_class:/1//3/0/5/0/24/12/0 hunt_attack_distance 1.9->-1 | weapon_class:/1//3/0/5/0/24/12/0 hunt_attack_distance 1.9->-1 | weapon_class:/1//3/8/1/0/16/1/0 hunt_attack_distance 2.4->-1 | weapon_class:/1//3/0/1/0/16/2/0 hunt_attack_distance 2.4->-1 | weapon_class:/2//3/0/1/0/17/3/0 hunt_attack_distance 2.4->-1 | weapon_class:bf861d60-b892-42a3-9c3b-d3787362f88b/1//3/8/1/0/16/4/0 hunt_attack_distance 2.4->-1 | weapon_class:/2//3/0/2/0/21/5/0 hunt_attack_distance 2.4->-1,"tables (PTF): 55; pak (container): 32; config (.cfg): 32; models/animations/materials: 12; docs: 3; other game data (xml, not table rows): 3; manifest: 1; lua identical to vanilla: 0",R=2985 T=55 median_rel=0.09 lua_lines=0 cfg=14 assets=12 loc=0 native=no,,"full (scratch, deleted after reading)"
2299,1403 - Historical Rebalance,P2,Progression / XP / perks,1403 2299 1.5 2026-08-21T17-11Z ZWdhR2re2.zip,c_progression-xp-perks,archive,1.0,A changes the most,high,D0 content/text; D1 data tables (PTF); D1 game data xml (not table rows); D3 Lua scripts,Mods/<mod folder> with mod.manifest (Vortex or manual),yes (no version restriction),"gameplay data, scripts, other game data (xml), text",low,(none),,"ammo, armor, armor2clothing_preset, buff, clothing_preset, combat_action_attack, combat_action_sync_attack, dialogue_functions, food, inventory2item, inventory_preset2item, melee_weapon, missile_weapon, money_change, ointment_item, perk, perk_rpg_param_override, pickable_area_desc, pickable_item, pl",1195,7323,2254,71650,33,1.0,3,448,0,0,1487,states requirements,none,armor:00000000-0000-0000-0000-000000000020 slash_def 0.1->3 | armor:0082de35-b635-4b85-a9ec-95024713f3ab slash_def 2->36 | armor:40024d27-b1c4-6ef7-3ca0-98025de43f9e smash_def 0.168->2 | armor:40031fce-5752-3279-92f6-b564d55aeb8f smash_def 0.46->6 | armor:400b4bb0-a1d0-9bec-1b90-5b2bfcb9e9af slash_def 0.1->3 | armor:401179d4-8a48-cc9a-ceac-eeaf7eb7b099 slash_def 0.72->9 | armor:40129e7b-b9e0-a193-1145-d53292caf7a1 slash_def 1.56->41 | armor:4015718d-f526-1bb1-da6f-6e390b15e2b8 slash_def 0.1->2,"other: 42; tables (PTF): 33; docs: 15; other game data (xml, not table rows): 8; localization: 3; scripts (Lua): 3; manifest: 1; pak (container): 1; lua identical to vanilla: 0",R=8518 T=33 median_rel=1.00 lua_lines=448 cfg=0 assets=0 loc=1487 native=no,Mods/1403/Data/1403.pak!Libs/Tables/quest/quest_reward_item.xml: no suffix: replaces the whole vanilla table,"full (scratch, deleted after reading)"
2318,Visual Combo Helper,P2,Combat / AI,Visual Combo Helper 1.0.0 2318 1.0.0 2026-07-31T14-42Z uBF0oq5om.zip,c_combat-ai,archive,0.22,B large,high,D0 content/text; D3 Lua scripts,Mods/<mod folder> with mod.manifest (Vortex or manual),yes (no version restriction),"scripts, UI",medium,(none),,,0,0,0,0,0,0.0,1,2388,0,0,0,,none,,ui: 3; docs: 2; manifest: 1; pak (container): 1; scripts (Lua): 1; lua identical to vanilla: 0,R=0 T=0 median_rel=0.00 lua_lines=2388 cfg=0 assets=0 loc=0 native=no,,"full (scratch, deleted after reading)"
2323,Alchemy Stash Link,P2,Alchemy / food / survival,Zz Alchemy Stash Link 2323 1.0 2026-08-03T20-39Z eXqNkidke.7z,c_alchemy-food-survival,archive,0.01,B large,high,D3 Lua scripts,Mods/<mod folder> with mod.manifest (Vortex or manual),yes (no version restriction),scripts,none,(none),,,0,0,0,0,0,0.0,3,1052,0,0,0,,none,,scripts (Lua): 3; manifest: 1; pak (container): 1; lua identical to vanilla: 0,R=0 T=0 median_rel=0.00 lua_lines=1052 cfg=0 assets=0 loc=0 native=no,,"full (scratch, deleted after reading)"
2326,Permanent Death,P2,Progression / XP / perks,Permadeath 0.91 2326 0.91 2026-08-09T14-26Z aSoQ0kcTE.zip,_quarantine,archive,0.19,A changes the most,high,D0 content/text; D1 game data xml (not table rows); D3 Lua scripts; D4 native/external,Mods/<mod folder> with mod.manifest (Vortex or manual),yes (no version restriction),"scripts, other game data (xml), text, native/external",low,(none),,,0,0,0,0,0,0.0,1,334,0,0,18,,HIGH,,"localization: 4; executables/scripts: 3; other game data (xml, not table rows): 2; docs: 1; manifest: 1; pak (container): 1; scripts (Lua): 1; lua identical to vanilla: 0",R=0 T=0 median_rel=0.00 lua_lines=334 cfg=0 assets=0 loc=18 native=yes,,"full (scratch, deleted after reading)"
2331,Bushes Collision Remover Redux,P2,World / weather / visuals,Bushes Collision Remover Redux 2331 1 2026-08-12T06-14Z 4yvkqUP3B.zip,c_world-weather-visuals,archive,1.67,"E visual, audio or UI only (no gameplay change)",low,D0 content/text,Mods/<mod folder> with mod.manifest (Vortex or manual),yes (no version restriction),textures/models/animations,high,(none),bushes_collision_remover_redux,,0,0,0,0,0,0.0,0,0,0,26,0,states requirements,none,,models/animations/materials: 26; manifest: 1; docs: 1; pak (container): 1; lua identical to vanilla: 0,R=0 T=0 median_rel=0.00 lua_lines=0 cfg=0 assets=26 loc=0 native=no,,"full (scratch, deleted after reading)"
2332,Baptism of Fire Fix Redux,P2,Quests / lore / content,Baptism Of Fire Fix Redux 2332 1.0.0 2026-08-12T09-22Z q1JwghIHz.zip,c_quests-lore-content,archive,0.04,D small tweak,medium,D1 game data xml (not table rows),Mods/<mod folder> with mod.manifest (Vortex or manual),yes (no version restriction),other game data (xml),none,(none),baptism_of_fire_fix_redux,,0,0,0,0,0,0.0,0,0,0,0,0,,none,,"manifest: 1; docs: 1; pak (container): 1; other game data (xml, not table rows): 1; lua identical to vanilla: 0",R=0 T=0 median_rel=0.00 lua_lines=0 cfg=0 assets=0 loc=0 native=no,,"full (scratch, deleted after reading)"
2338,Horse Collision Mod,P2,Horses,HorseCollisionMod 2338 6.0.0 2026-09-30T04-12Z vicgJRjyv.zip,c_horses,archive,0.19,A changes the most,high,D0 content/text; D1 data tables (PTF); D1 game data xml (not table rows); D3 Lua scripts,Mods/<mod folder> with mod.manifest (Vortex or manual),yes (wildcard),"gameplay data, scripts, other game data (xml), textures/models/animations, text",high,1.9.*,,"buff, perk, perk_soul_ability, soul_ability",11,0,0,1097,4,0.0,22,13211,0,3,10,Vortex,none,buff:a8d30cd4-d7ae-4b58-a726-d94a875c50e8 NEW row | buff:488afdee-b2bb-4d94-8357-d923f40d65ef NEW row | perk:13ed04b3-297d-43ca-9fb8-d3a3a1192f9c NEW row | perk:da38020a-eecf-45b5-8203-34b0b678600a NEW row | perk:6a0ca946-cce5-4c2b-831a-585db059027d NEW row | perk_soul_ability:13ed04b3-297d-43ca-9fb8-d3a3a1192f9c/8 NEW row | perk_soul_ability:da38020a-eecf-45b5-8203-34b0b678600a/9 NEW row | perk_soul_ability:6a0ca946-cce5-4c2b-831a-585db059027d/11 NEW row,"scripts (Lua): 22; other game data (xml, not table rows): 4; tables (PTF): 4; models/animations/materials: 3; localization: 2; manifest: 1; docs: 1; pak (container): 1; lua identical to vanilla: 0",R=11 T=4 median_rel=0.00 lua_lines=13211 cfg=0 assets=3 loc=10 native=no,,"full (scratch, deleted after reading)"
2340,MatthusTweaks - Equipment and Progression Overhaul (PTF),P2,Progression / XP / perks,MatthusTweaksKCD All In One V1.5 2340 1.5 2026-09-01T23-59Z mDuHaewyB.zip,c_progression-xp-perks,archive,0.08,A changes the most,high,D1 data tables (PTF),Mods/<mod folder> with mod.manifest (Vortex or manual),yes (wildcard),gameplay data,none,1.*,,"armor, inventory_preset2item, melee_weapon, ointment_item, perk_rpg_param_override, pickable_item, rpg_param, shop, shop_type2item, skill2item_category, weapon, weapon2weapon_preset",11,1621,54,3672,12,0.559,0,0,0,0,0,,none,armor:4fec3673-04fe-45ae-b200-600704ecea70 slash_def 0.1->1.25 | pickable_item:413806e7-f3b7-c6cf-2309-e47ce3c97fa2 price 220->5220 | pickable_item:4fec3673-04fe-45ae-b200-600704ecea70 price 220->8520 | pickable_item:4bef1aa8-1d05-6ecc-7797-083fa321cf80 price 10->28010 | pickable_item:41a9ea6a-eed1-471c-754a-196d368245a6 price 10->18010 | pickable_item:44f5058a-a445-887b-d443-32fe726b528c price 10->15010 | pickable_item:42c04555-15cb-ac3a-aef4-e377a125aca5 price 10->12310 | pickable_item:481cfd5b-b646-1c6b-ff58-af749941cf9e price 10->15910,tables (PTF): 12; other: 2; manifest: 1; pak (container): 1; lua identical to vanilla: 0,R=1632 T=12 median_rel=0.56 lua_lines=0 cfg=0 assets=0 loc=0 native=no,,"full (scratch, deleted after reading)"
2340,MatthusTweaks - Equipment and Progression Overhaul (PTF),P2,Progression / XP / perks,MatthusTweaksKCD Layered Damage Fix V1.0 2340 1 2026-09-02T00-01Z M04BeYCgC.zip,c_progression-xp-perks,archive,0.0,"C effective (few rows, strong effect)",high,D1 data tables (PTF),Mods/<mod folder> with mod.manifest (Vortex or manual),yes (wildcard),gameplay data,none,1.*,,"perk_rpg_param_override, rpg_param",6,0,0,207,2,0.0,0,0,0,0,0,,none,perk_rpg_param_override:01c3b32a-5751-4c98-b6ab-258d02370382/DamageToArmorStatus NEW row | perk_rpg_param_override:01c3b32a-5751-4c98-b6ab-258d02370382/DamageToArmorStatusHigherLayers NEW row | perk_rpg_param_override:01c3b32a-5751-4c98-b6ab-258d02370382/DamageToArmorStatusLowerLayers NEW row | rpg_param:DamageToArmorStatus NEW row | rpg_param:DamageToArmorStatusHigherLayers NEW row | rpg_param:DamageToArmorStatusLowerLayers NEW row,tables (PTF): 2; other: 1; manifest: 1; pak (container): 1; lua identical to vanilla: 0,R=6 T=2 median_rel=0.00 lua_lines=0 cfg=0 assets=0 loc=0 native=no,,"full (scratch, deleted after reading)"
2340,MatthusTweaks - Equipment and Progression Overhaul (PTF),P2,Progression / XP / perks,MatthusTweaksKCD Sabres V1.0 2340 1 2026-08-31T00-37Z 5RVx9I3GV.zip,c_progression-xp-perks,archive,0.0,"C effective (few rows, strong effect)",high,D1 data tables (PTF),Mods/<mod folder> with mod.manifest (Vortex or manual),yes (wildcard),gameplay data,none,1.*,,"shop_type2item, weapon2weapon_preset",1,2,1,885,2,0.0,0,0,0,0,0,,none,shop_type2item:aca90050-0b70-4ca0-9d29-b94326203c75 NEW row | weapon2weapon_preset:ec470e0c-5bbd-43bb-803e-0e7867253c25 weapon_preset_id 463dc53f-86c2-5b8c-a->42b3ad6f-cc12-bcb2-e | weapon2weapon_preset:ec470e0c-5bbd-43bb-803e-0e7867253c25 weapon_preset_id 463dc53f-86c2-5b8c-a->48271a75-6e1e-269a-f,tables (PTF): 2; other: 1; manifest: 1; pak (container): 1; lua identical to vanilla: 0,R=3 T=2 median_rel=0.00 lua_lines=0 cfg=0 assets=0 loc=0 native=no,,"full (scratch, deleted after reading)"
2343,Ultimate Horse Caparison Fix,P2,Horses,Ultimate Horse Caparison Fix V1.0 2343 1.0 2026-08-24T20-12Z yvis1527X.zip,c_horses,archive,0.6,B large,high,D0 content/text; D1 data tables (PTF); D1 game data xml (not table rows); D3 Lua scripts,Mods/<mod folder> with mod.manifest (Vortex or manual),yes (wildcard),"gameplay data, scripts, other game data (xml), textures/models/animations, UI",high,1.9.*,,"character_hair, soul",6,0,0,5060,2,0.0,1,1215,0,3,0,,none,character_hair:/d1317f64-c1c7-4c2d-b013-8f67c0201313/0/1/0 NEW row | character_hair:/d1317f64-c1c7-4c2d-b013-8f67c0201314/0/1/0 NEW row | soul:00000000-0000-0000-0000-000000035000/494dad1a-adec-4fc8-983e-19d81e60eb9c//4f14fe8f-5380-84b2-aeb3-6e51163f2a84/d1317f64-c1c7-4c2d-b013-8f67c0201313//483f3ddf-0894-164d-cb07-2a4135777497///488/9/3/7/40f7b115-7b9e-f1bb-d9b9-2d4a7bacd4bc/0 NEW row | soul:00000000-0000-0000-0000-000000035000/494dad1a-adec-4fc8-983e-19d81e60eb9c//4b58d97c-a4b0-f52f-7506-4b74504db390/d1317f64-c1c7-4c2d-b013-8f67c0201314//452d30e2-410f-7cb5-e0f5-4cbe282c759f///699//3/7/438809fe-1531-2ad9-0f5b-30cadaa83ca7/31 NEW row | soul:00000000-0000-0000-0000-000000035000/494dad1a-adec-4fc8-983e-19d81e60eb9c//42855b88-f189-7ee4-5d39-9bd0feea8d86/d1317f64-c1c7-4c2d-b013-8f67c0201314//476bdd99-890c-845d-088c-63f83a1b28ac///697//3/7/48ba2f98-d962-b527-91ee-1e58f45c628f/0 NEW row | soul:00000000-0000-0000-0000-000000035000/494dad1a-adec-4fc8-983e-19d81e60eb9c//4f341228-4cbe-cec5-f994-addd4ccaa3a7/d1317f64-c1c7-4c2d-b013-8f67c0201314//496c6f7a-b76a-a34a-2d8b-e1d479e68a9d///701//3/7/49822cb2-c634-4331-c63c-3db199bb85b5/31 NEW row,"models/animations/materials: 3; docs: 2; tables (PTF): 2; manifest: 1; pak (container): 1; other game data (xml, not table rows): 1; ui: 1; scripts (Lua): 1; lua identical to vanilla: 0",R=6 T=2 median_rel=0.00 lua_lines=1215 cfg=0 assets=3 loc=0 native=no,,"full (scratch, deleted after reading)"
2345,Food and Drinks rebalance,P2,Alchemy / food / survival,Food And Drinks Rebalance 2345 1 2026-08-30T23-35Z RVnPpl7KV.rar,c_alchemy-food-survival,archive,0.01,B large,high,D1 data tables (PTF),Mods/<mod folder> with mod.manifest (Vortex or manual),yes (no version restriction),gameplay data,none,(none),,food,0,155,47,0,1,0.5,0,0,0,0,0,,none,food:7beb4bdc-6478-455c-8746-afb92c604be8 refresh_benefit 1->-3 | food:1d8ffd19-af12-4bd7-8afd-43b9b0348ade nutrition_benefit 4->18 | food:154a8471-b753-4f84-ac5f-d989c8532d02 refresh_benefit -0.5->-2 | food:b3e363cf-8dde-4733-89a9-c468d5580d2e refresh_benefit 0.5->-1 | food:3d3f5935-c2e3-4e52-8a16-a6a04ee4a79f refresh_benefit 8->-10 | food:45be379b-df05-4e13-9aa1-aaae649e8366 refresh_benefit 0.5->-0.5 | food:6a324aa9-a566-406c-a3f8-6c416a00b399 refresh_benefit -0.5->-1.5 | food:1c2da556-488b-4a86-b22a-c42acb299938 nutrition_benefit 3->8,manifest: 1; pak (container): 1; other: 1; tables (PTF): 1; lua identical to vanilla: 0,R=155 T=1 median_rel=0.50 lua_lines=0 cfg=0 assets=0 loc=0 native=no,Jesoo333's Food and Drinks Rebalance/Data/Jesoo333's Food and Drinks Rebalance.pak!Libs/Tables/item/food.xml: no suffix: replaces the whole vanilla table,"full (scratch, deleted after reading)"
2348,KCD Zero Durability Repair,P2,Weapons / armor / items,KcdZeroDurabilityRepair Release 2348 1 2026-09-03T11-13Z 8HMDLo1kO.zip,_quarantine,archive,0.01,A changes the most,none,D4 native/external,Mods/<mod folder> with mod.manifest (Vortex or manual),yes (no version restriction),native/external,none,(none),,,0,0,0,0,0,0.0,0,0,0,0,0,,HIGH,,executables/scripts: 1; manifest: 1; other: 1; lua identical to vanilla: 0,R=0 T=0 median_rel=0.00 lua_lines=0 cfg=0 assets=0 loc=0 native=yes,,"full (scratch, deleted after reading)"
2359,KCD Kombat Tune,P2,Combat / AI,KcdCombatTune 2359 3 2026-09-12T07-45Z FksyYJVBR.zip,_quarantine,archive,0.24,A changes the most,none,D4 native/external,Mods/<mod folder> with mod.manifest (Vortex or manual),yes (no version restriction),native/external,none,(none),,,0,0,0,0,0,0.0,0,0,0,0,0,,HIGH,,executables/scripts: 2; other: 2; manifest: 1; lua identical to vanilla: 0,R=0 T=0 median_rel=0.00 lua_lines=0 cfg=0 assets=0 loc=0 native=yes,,"full (scratch, deleted after reading)"
2362,Better Perk Descriptions,P2,Progression / XP / perks,Better Perk Descriptions 2362 1.0 2026-09-13T23-47Z pA6IjrM9q.zip,c_progression-xp-perks,archive,0.04,E text only (no gameplay change),low,D0 content/text,Mods/<mod folder> with mod.manifest (Vortex or manual),yes (wildcard),text,low,1.*,,,0,0,0,0,0,0.0,0,0,0,0,26,,none,,localization: 2; manifest: 1; lua identical to vanilla: 0,R=0 T=0 median_rel=0.00 lua_lines=0 cfg=0 assets=0 loc=26 native=no,,"full (scratch, deleted after reading)"
2372,Trough Washing Animation,P2,Alchemy / food / survival,Trough Washing Animation 2372 1.0 2026-09-26T11-00Z U5RChtbw2.zip,c_alchemy-food-survival,archive,5.44,D small tweak,medium,D0 content/text; D1 game data xml (not table rows); D3 Lua scripts,Mods/<mod folder> with mod.manifest (Vortex or manual),yes (no version restriction),"scripts, other game data (xml), textures/models/animations",high,(none),,,0,0,0,0,0,0.0,1,30,0,9,0,,none,,"other: 16; models/animations/materials: 6; other game data (xml, not table rows): 3; textures: 3; manifest: 1; pak (container): 1; scripts (Lua): 1; lua identical to vanilla: 0",R=0 T=0 median_rel=0.00 lua_lines=30 cfg=0 assets=9 loc=0 native=no,,"full (scratch, deleted after reading)"
2381,Nest of Vipers Stealth,P2,Crime / stealth / loot,NestOfVipersStealth 2381 1 2026-10-01T03-43Z 2jGTl3QNE.zip,c_crime-stealth-loot,archive,0.05,D small tweak,medium,D1 game data xml (not table rows),Mods/<mod folder> with mod.manifest (Vortex or manual),yes (no version restriction),other game data (xml),none,(none),,,0,0,0,0,0,0.0,0,0,0,0,0,Vortex,none,,"other game data (xml, not table rows): 2; manifest: 1; docs: 1; pak (container): 1; lua identical to vanilla: 0",R=0 T=0 median_rel=0.00 lua_lines=0 cfg=0 assets=0 loc=0 native=no,,"full (scratch, deleted after reading)"
