mod_a,name_a,grade_a,mod_b,name_b,grade_b,kind,shared_rows,shared_tables,tables_with_shared_rows,shared_tables_list,same_subcategory,subcategory_a,subcategory_b,replaces_whole_table
2124,Half-looted Rebalance,A,2299,1403 - Historical Rebalance,A,same rows + whole-table replacement,2766,22,"armor 712, shop_type2item 606, pickable_item 585, combat_action_sync_attack 277, food 145, weapon 144","ammo, armor, buff, combat_action_attack, combat_action_sync_attack, food, inventory2item, inventory_preset2item, melee_weapon, missile_weapon, perk, perk_rpg_param_override, pickable_area_desc, pickab",yes,Multi-system overhaul,Multi-system overhaul,"2124 replaces shop, shop_type2item"
2299,1403 - Historical Rebalance,A,2340,MatthusTweaks - Equipment and Progression Overhaul (PTF),A,same rows,1565,11,"pickable_item 992, armor 298, shop 126, melee_weapon 73, weapon 69, rpg_param 2","armor, inventory_preset2item, melee_weapon, ointment_item, perk_rpg_param_override, pickable_item, rpg_param, shop, shop_type2item, weapon, weapon2weapon_preset",no,Multi-system overhaul,"Economy, loot and item stats",
883,KingdomCome Rebalancing,A,2299,1403 - Historical Rebalance,A,same rows + whole-table replacement,1038,10,"pickable_item 539, armor 208, shop 154, weapon 76, melee_weapon 46, perk 7","armor, buff, inventory_preset2item, melee_weapon, perk, perk_rpg_param_override, pickable_item, rpg_param, shop, weapon",yes,Multi-system overhaul,Multi-system overhaul,"883 replaces ammo, armor, armor2clothing_preset, buff, clothing_preset, combat_action_attack, combat_action_sync_attack, dialogue_functions, food, inventory2item, inventory_preset2item, melee_weapon, "
1560,Karnages_Durability_Redux,A,2299,1403 - Historical Rebalance,A,same rows,960,2,"armor 771, weapon 189","armor, weapon",no,"Weapons, armour and durability",Multi-system overhaul,
2124,Half-looted Rebalance,A,2340,MatthusTweaks - Equipment and Progression Overhaul (PTF),A,same rows + whole-table replacement,846,10,"pickable_item 357, armor 283, melee_weapon 72, weapon 68, shop 61, rpg_param 3","armor, inventory_preset2item, melee_weapon, perk_rpg_param_override, pickable_item, rpg_param, shop, shop_type2item, weapon, weapon2weapon_preset",no,Multi-system overhaul,"Economy, loot and item stats","2124 replaces shop, shop_type2item"
883,KingdomCome Rebalancing,A,2340,MatthusTweaks - Equipment and Progression Overhaul (PTF),A,same rows + whole-table replacement,841,8,"pickable_item 395, armor 202, shop 132, weapon 66, melee_weapon 45, rpg_param 1","armor, inventory_preset2item, melee_weapon, perk_rpg_param_override, pickable_item, rpg_param, shop, weapon",no,Multi-system overhaul,"Economy, loot and item stats","883 replaces armor, inventory_preset2item, melee_weapon, ointment_item, perk_rpg_param_override, pickable_item, rpg_param, shop, shop_type2item, skill2item_category, weapon, weapon2weapon_preset"
1560,Karnages_Durability_Redux,A,2124,Half-looted Rebalance,A,same rows,838,2,"armor 695, weapon 143","armor, weapon",no,"Weapons, armour and durability",Multi-system overhaul,
883,KingdomCome Rebalancing,A,2124,Half-looted Rebalance,A,same rows + whole-table replacement,777,12,"pickable_item 359, armor 198, weapon 75, shop 63, melee_weapon 46, equippable_item 19","armor, buff, equippable_item, inventory_preset2item, melee_weapon, perk, perk_rpg_param_override, pickable_item, rpg_param, shop, soul_archetype, weapon",yes,Multi-system overhaul,Multi-system overhaul,"883 replaces ammo, armor, armor_type, body_part, buff, combat_action_attack, combat_action_perfect_block, combat_action_sync_attack, combat_attack_type, divisible_item, equippable_item, food, inventor"
2049,Simple Ragdoll Physics,A,2299,1403 - Historical Rebalance,A,same rows,412,6,"combat_action_sync_attack 263, combat_action_attack 100, pickable_item 16, ammo 14, weapon 13, missile_weapon 6","ammo, combat_action_attack, combat_action_sync_attack, missile_weapon, pickable_item, weapon",no,Combat mechanics and AI,Multi-system overhaul,
2049,Simple Ragdoll Physics,A,2124,Half-looted Rebalance,A,same rows,347,7,"combat_action_sync_attack 245, combat_action_attack 76, ammo 12, pickable_item 6, missile_weapon 4, weapon 4","ammo, combat_action_attack, combat_action_sync_attack, missile_weapon, pickable_item, weapon, weapon_class",no,Combat mechanics and AI,Multi-system overhaul,
1560,Karnages_Durability_Redux,A,2340,MatthusTweaks - Equipment and Progression Overhaul (PTF),A,same rows,347,2,"armor 278, weapon 69","armor, weapon",no,"Weapons, armour and durability","Economy, loot and item stats",
883,KingdomCome Rebalancing,A,1560,Karnages_Durability_Redux,A,same rows + whole-table replacement,284,2,"armor 208, weapon 76","armor, weapon",no,Multi-system overhaul,"Weapons, armour and durability","883 replaces armor, weapon"
651,Better Combat and Immersion Compilation,A,2124,Half-looted Rebalance,A,same rows + whole-table replacement,202,12,"combat_action_perfect_block 88, food 24, rpg_param 21, armor 17, equippable_item 15, shop_type2item 10","armor, buff, combat_action_perfect_block, equippable_item, food, inventory_preset2item, perk_rpg_param_override, pickable_item, rpg_param, shop_type2item, skill, soul_archetype",yes,Multi-system overhaul,Multi-system overhaul,2124 replaces shop_type2item
85,Perkaholic,B,1009,Perkaholic - PTF updated (1.9.4-1.9.8),B,same rows + whole-table replacement,192,6,"buff 59, perk 57, perk_buff 55, perk_buff_override 17, perk2perk_exclusivity 3, skill 1","buff, perk, perk2perk_exclusivity, perk_buff, perk_buff_override, skill",yes,"Perks, skills and XP","Perks, skills and XP","85 replaces buff, perk, perk2perk_exclusivity, perk_buff, perk_buff_override, skill"
85,Perkaholic,B,770,Perkaholic updated,B,same rows + whole-table replacement,186,4,"buff 57, perk 57, perk_buff 55, perk_buff_override 17","buff, perk, perk_buff, perk_buff_override",yes,"Perks, skills and XP","Perks, skills and XP","85 replaces buff, perk, perk_buff, perk_buff_override; 770 replaces buff, perk, perk2perk_exclusivity, perk_buff, perk_buff_override"
770,Perkaholic updated,B,1009,Perkaholic - PTF updated (1.9.4-1.9.8),B,same rows + whole-table replacement,186,4,"buff 57, perk 57, perk_buff 55, perk_buff_override 17","buff, perk, perk_buff, perk_buff_override",yes,"Perks, skills and XP","Perks, skills and XP","770 replaces buff, perk, perk2perk_exclusivity, perk_buff, perk_buff_override"
2011,Chefs Kiss,B,2299,1403 - Historical Rebalance,A,same rows,180,3,"food 149, pickable_item 31","buff, food, pickable_item",no,"Alchemy, food and survival",Multi-system overhaul,
1384,Modified Combat Overhaul - Directional Combat and smarter AI,B,2124,Half-looted Rebalance,A,same rows,165,4,"combat_action_perfect_block 148, rpg_param 13, perk_rpg_param_override 4","buff, combat_action_perfect_block, perk_rpg_param_override, rpg_param",no,Combat mechanics and AI,Multi-system overhaul,
2188,True Hardcore Economy (PTF),A,2299,1403 - Historical Rebalance,A,same rows,159,10,"shop 80, pickable_item 59, buff 8, sequence 4, food 3, rpg_param 2","buff, food, inventory2item, inventory_preset2item, perk_rpg_param_override, pickable_item, rpg_param, sequence, shop, shop_type2item",no,"Economy, loot and item stats",Multi-system overhaul,
2011,Chefs Kiss,B,2124,Half-looted Rebalance,A,same rows,150,4,"food 145, pickable_item 5","buff, food, item, pickable_item",no,"Alchemy, food and survival",Multi-system overhaul,
2124,Half-looted Rebalance,A,2345,Food and Drinks rebalance,B,same rows + whole-table replacement,145,1,food 145,food,no,Multi-system overhaul,"Alchemy, food and survival",2345 replaces food
2299,1403 - Historical Rebalance,A,2345,Food and Drinks rebalance,B,same rows + whole-table replacement,144,1,food 144,food,no,Multi-system overhaul,"Alchemy, food and survival",2345 replaces food
2011,Chefs Kiss,B,2345,Food and Drinks rebalance,B,same rows + whole-table replacement,143,1,food 143,food,yes,"Alchemy, food and survival","Alchemy, food and survival",2345 replaces food
1112,Combat Overhaul,B,1384,Modified Combat Overhaul - Directional Combat and smarter AI,B,same rows,141,3,"combat_action_perfect_block 130, rpg_param 9, perk_rpg_param_override 2","combat_action_perfect_block, perk_rpg_param_override, rpg_param",yes,Combat mechanics and AI,Combat mechanics and AI,
1112,Combat Overhaul,B,2124,Half-looted Rebalance,A,same rows,140,5,"combat_action_perfect_block 130, rpg_param 8, perk_rpg_param_override 1, combat_attack_type 1","combat_action_perfect_block, combat_attack_type, perk_rpg_param_override, rpg_param, soul",no,Combat mechanics and AI,Multi-system overhaul,
2188,True Hardcore Economy (PTF),A,2340,MatthusTweaks - Equipment and Progression Overhaul (PTF),A,same rows,133,6,"shop 75, pickable_item 56, rpg_param 1, perk_rpg_param_override 1","inventory_preset2item, perk_rpg_param_override, pickable_item, rpg_param, shop, shop_type2item",yes,"Economy, loot and item stats","Economy, loot and item stats",
651,Better Combat and Immersion Compilation,A,1384,Modified Combat Overhaul - Directional Combat and smarter AI,B,same rows,117,4,"combat_action_perfect_block 88, rpg_param 16, buff 8, perk_rpg_param_override 5","buff, combat_action_perfect_block, perk_rpg_param_override, rpg_param",no,Multi-system overhaul,Combat mechanics and AI,
1483,TSM Slower Food Spoil,B,1639,Alternate Food Spoil (2X),B,same rows,111,1,food 111,food,yes,"Alchemy, food and survival","Alchemy, food and survival",
1483,TSM Slower Food Spoil,B,2011,Chefs Kiss,B,same rows,102,1,food 102,food,yes,"Alchemy, food and survival","Alchemy, food and survival",
1483,TSM Slower Food Spoil,B,2299,1403 - Historical Rebalance,A,same rows,102,1,food 102,food,no,"Alchemy, food and survival",Multi-system overhaul,
1483,TSM Slower Food Spoil,B,2345,Food and Drinks rebalance,B,same rows + whole-table replacement,102,1,food 102,food,yes,"Alchemy, food and survival","Alchemy, food and survival",2345 replaces food
1639,Alternate Food Spoil (2X),B,2011,Chefs Kiss,B,same rows,102,1,food 102,food,yes,"Alchemy, food and survival","Alchemy, food and survival",
1639,Alternate Food Spoil (2X),B,2299,1403 - Historical Rebalance,A,same rows,102,1,food 102,food,no,"Alchemy, food and survival",Multi-system overhaul,
1639,Alternate Food Spoil (2X),B,2345,Food and Drinks rebalance,B,same rows + whole-table replacement,102,1,food 102,food,yes,"Alchemy, food and survival","Alchemy, food and survival",2345 replaces food
1483,TSM Slower Food Spoil,B,2124,Half-looted Rebalance,A,same rows,98,1,food 98,food,no,"Alchemy, food and survival",Multi-system overhaul,
1639,Alternate Food Spoil (2X),B,2124,Half-looted Rebalance,A,same rows,98,1,food 98,food,no,"Alchemy, food and survival",Multi-system overhaul,
651,Better Combat and Immersion Compilation,A,2299,1403 - Historical Rebalance,A,same rows,94,10,"buff 37, food 26, armor 17, rpg_param 11, perk_rpg_param_override 2, pickable_item 1","armor, buff, clothing_preset, food, inventory_preset2item, perk_rpg_param_override, pickable_item, rpg_param, shop_type2item, skill",yes,Multi-system overhaul,Multi-system overhaul,
2294,Faster Combat - Directional Master Strikes - Better Group Fights,A,2299,1403 - Historical Rebalance,A,same rows,87,5,"combat_action_attack 66, combat_action_sync_attack 17, rpg_param 3, perk_rpg_param_override 1","buff, combat_action_attack, combat_action_sync_attack, perk_rpg_param_override, rpg_param",no,Combat mechanics and AI,Multi-system overhaul,
883,KingdomCome Rebalancing,A,2188,True Hardcore Economy (PTF),A,same rows + whole-table replacement,85,7,"shop 81, rpg_param 3, perk_rpg_param_override 1","buff, inventory_preset2item, perk_rpg_param_override, pickable_item, rpg_param, shop, topic2sequence",no,Multi-system overhaul,"Economy, loot and item stats","883 replaces buff, food, inventory2item, inventory_preset2item, perk_rpg_param_override, pickable_item, reputation_change, rpg_param, shop, shop_type2item, topic2sequence"
651,Better Combat and Immersion Compilation,A,1112,Combat Overhaul,B,same rows,82,3,"combat_action_perfect_block 70, rpg_param 10, perk_rpg_param_override 2","combat_action_perfect_block, perk_rpg_param_override, rpg_param",no,Multi-system overhaul,Combat mechanics and AI,
1148,Combo and Weapon rebalance,A,1559,Karnages_Weapons_Damage_Balance 2.0,C,same rows,77,1,melee_weapon 77,melee_weapon,no,Combat mechanics and AI,"Weapons, armour and durability",
1148,Combo and Weapon rebalance,A,2299,1403 - Historical Rebalance,A,same rows,77,1,melee_weapon 77,melee_weapon,no,Combat mechanics and AI,Multi-system overhaul,
1559,Karnages_Weapons_Damage_Balance 2.0,C,2299,1403 - Historical Rebalance,A,same rows,77,1,melee_weapon 77,melee_weapon,no,"Weapons, armour and durability",Multi-system overhaul,
2124,Half-looted Rebalance,A,2294,Faster Combat - Directional Master Strikes - Better Group Fights,A,same rows,75,7,"combat_action_attack 50, combat_action_sync_attack 17, rpg_param 6, perk_rpg_param_override 1, weapon_class 1","buff, combat_action_attack, combat_action_perfect_block, combat_action_sync_attack, perk_rpg_param_override, rpg_param, weapon_class",no,Multi-system overhaul,Combat mechanics and AI,
1148,Combo and Weapon rebalance,A,2124,Half-looted Rebalance,A,same rows,74,1,melee_weapon 74,melee_weapon,no,Combat mechanics and AI,Multi-system overhaul,
1559,Karnages_Weapons_Damage_Balance 2.0,C,2124,Half-looted Rebalance,A,same rows,74,1,melee_weapon 74,melee_weapon,no,"Weapons, armour and durability",Multi-system overhaul,
1148,Combo and Weapon rebalance,A,2340,MatthusTweaks - Equipment and Progression Overhaul (PTF),A,same rows,73,1,melee_weapon 73,melee_weapon,no,Combat mechanics and AI,"Economy, loot and item stats",
1559,Karnages_Weapons_Damage_Balance 2.0,C,2340,MatthusTweaks - Equipment and Progression Overhaul (PTF),A,same rows,73,1,melee_weapon 73,melee_weapon,no,"Weapons, armour and durability","Economy, loot and item stats",
2049,Simple Ragdoll Physics,A,2294,Faster Combat - Directional Master Strikes - Better Group Fights,A,same rows,66,3,combat_action_attack 66,"combat_action_attack, combat_action_sync_attack, weapon_class",yes,Combat mechanics and AI,Combat mechanics and AI,
2179,True Hardcore Combat (PTF),B,2299,1403 - Historical Rebalance,A,same rows,64,6,"buff 19, ammo 14, pickable_item 13, rpg_param 10, food 6, perk_rpg_param_override 2","ammo, buff, food, perk_rpg_param_override, pickable_item, rpg_param",no,Combat mechanics and AI,Multi-system overhaul,
1563,Karnages_Polearm_Restoration 2.0,A,2045,Polearms Unleashed Rebalanced Lite Edition PTF,B,same rows,63,10,"combat_action_pose_modifier 16, weapon 12, shop_type2item 10, melee_weapon 7, combat_action_attack 6, combat_action_perfect_block 5","combat_action_attack, combat_action_guard_movement, combat_action_perfect_block, combat_action_pose_modifier, combat_action_sync_pb_hit, melee_weapon, shop_type2item, skill, weapon, weapon_class",no,Combat mechanics and AI,"Economy, loot and item stats",
2124,Half-looted Rebalance,A,2179,True Hardcore Combat (PTF),B,same rows,62,7,"rpg_param 26, ammo 12, food 6, pickable_item 6, buff 5, perk_rpg_param_override 4","ammo, buff, food, perk_rpg_param_override, pickable_item, rpg_param, soul_archetype",no,Multi-system overhaul,Combat mechanics and AI,
651,Better Combat and Immersion Compilation,A,2179,True Hardcore Combat (PTF),B,same rows,61,7,"buff 21, rpg_param 18, social_class 12, perk_rpg_param_override 5, soul_archetype 3, food 2","buff, food, perk_rpg_param_override, pickable_item, rpg_param, social_class, soul_archetype",no,Multi-system overhaul,Combat mechanics and AI,
1260,RPG Tweaks,C,1558,Karnages_KCD_Essential_Fixes 2.0,B,same rows + whole-table replacement,59,2,"rpg_param 50, perk_rpg_param_override 9","perk_rpg_param_override, rpg_param",no,"Perks, skills and XP",Multi-system overhaul,"1260 replaces perk_rpg_param_override, rpg_param"
2124,Half-looted Rebalance,A,2188,True Hardcore Economy (PTF),A,same rows + whole-table replacement,50,9,"shop 36, perk_rpg_param_override 5, rpg_param 5, food 3, shop_type2item 1","buff, food, inventory2item, inventory_preset2item, perk_rpg_param_override, pickable_item, rpg_param, shop, shop_type2item",no,Multi-system overhaul,"Economy, loot and item stats","2124 replaces shop, shop_type2item"
2035,Ordinance an Archery Overhaul,B,2049,Simple Ragdoll Physics,A,same rows,48,5,"pickable_item 16, weapon 13, ammo 12, missile_weapon 6, weapon_class 1","ammo, missile_weapon, pickable_item, weapon, weapon_class",no,"Economy, loot and item stats",Combat mechanics and AI,
2035,Ordinance an Archery Overhaul,B,2299,1403 - Historical Rebalance,A,same rows,47,5,"pickable_item 16, weapon 13, ammo 12, missile_weapon 6","ammo, missile_weapon, pickable_item, player_item, weapon",no,"Economy, loot and item stats",Multi-system overhaul,
883,KingdomCome Rebalancing,A,1148,Combo and Weapon rebalance,A,same rows + whole-table replacement,45,1,melee_weapon 45,melee_weapon,no,Multi-system overhaul,Combat mechanics and AI,"883 replaces combat_sync_action_hit, melee_weapon"
883,KingdomCome Rebalancing,A,1559,Karnages_Weapons_Damage_Balance 2.0,C,same rows + whole-table replacement,45,1,melee_weapon 45,melee_weapon,no,Multi-system overhaul,"Weapons, armour and durability",883 replaces melee_weapon
2045,Polearms Unleashed Rebalanced Lite Edition PTF,B,2124,Half-looted Rebalance,A,same rows + whole-table replacement,44,9,"weapon 12, melee_weapon 11, shop_type2item 10, pickable_item 9, skill 1, weapon_class 1","combat_action_attack, combat_action_perfect_block, equippable_item, melee_weapon, pickable_item, shop_type2item, skill, weapon, weapon_class",no,"Economy, loot and item stats",Multi-system overhaul,2124 replaces shop_type2item
651,Better Combat and Immersion Compilation,A,2210,True Hardcore Alchemy (PTF),A,same rows,44,4,"buff 38, food 6","buff, food, pickable_item, rpg_param",no,Multi-system overhaul,"Alchemy, food and survival",
2173,True Hardcore Maintenance (PTF),B,2340,MatthusTweaks - Equipment and Progression Overhaul (PTF),A,same rows,42,7,"armor 20, pickable_item 8, rpg_param 5, perk_rpg_param_override 4, skill2item_category 2, inventory_preset2item 2","armor, inventory_preset2item, ointment_item, perk_rpg_param_override, pickable_item, rpg_param, skill2item_category",no,"Weapons, armour and durability","Economy, loot and item stats",
85,Perkaholic,B,651,Better Combat and Immersion Compilation,A,same rows + whole-table replacement,41,2,"buff 40, skill 1","buff, skill",no,"Perks, skills and XP",Multi-system overhaul,"85 replaces buff, skill"
2011,Chefs Kiss,B,2340,MatthusTweaks - Equipment and Progression Overhaul (PTF),A,same rows,41,1,pickable_item 41,pickable_item,no,"Alchemy, food and survival","Economy, loot and item stats",
1334,Fast Learning Henry,C,1558,Karnages_KCD_Essential_Fixes 2.0,B,same rows + whole-table replacement,39,1,rpg_param 39,rpg_param,no,"Perks, skills and XP",Multi-system overhaul,1334 replaces rpg_param
1334,Fast Learning Henry,C,1572,Increased Experience Gains,C,same rows + whole-table replacement,36,1,rpg_param 36,rpg_param,yes,"Perks, skills and XP","Perks, skills and XP",1334 replaces rpg_param
651,Better Combat and Immersion Compilation,A,883,KingdomCome Rebalancing,A,same rows + whole-table replacement,35,8,"equippable_item 14, inventory_preset2item 8, rpg_param 5, buff 4, armor 2, soul_archetype 2","armor, buff, equippable_item, inventory_preset2item, perk_rpg_param_override, pickable_item, rpg_param, soul_archetype",yes,Multi-system overhaul,Multi-system overhaul,"883 replaces armor, buff, clothing_preset, combat_action_perfect_block, equippable_item, food, inventory_preset2item, perk_rpg_param_override, pickable_item, rpg_param, shop_type2item, skill, social_c"
2173,True Hardcore Maintenance (PTF),B,2299,1403 - Historical Rebalance,A,same rows,35,7,"armor 20, pickable_item 8, rpg_param 2, buff 2, inventory_preset2item 2, ointment_item 1","armor, buff, inventory_preset2item, ointment_item, perk_rpg_param_override, pickable_item, rpg_param",no,"Weapons, armour and durability",Multi-system overhaul,
2045,Polearms Unleashed Rebalanced Lite Edition PTF,B,2299,1403 - Historical Rebalance,A,same rows,33,6,"weapon 12, melee_weapon 11, pickable_item 10","combat_action_attack, melee_weapon, pickable_item, shop_type2item, skill, weapon",no,"Economy, loot and item stats",Multi-system overhaul,
2210,True Hardcore Alchemy (PTF),A,2299,1403 - Historical Rebalance,A,same rows,33,4,"food 24, buff 8, rpg_param 1","buff, food, pickable_item, rpg_param",no,"Alchemy, food and survival",Multi-system overhaul,
1260,RPG Tweaks,C,1334,Fast Learning Henry,C,same rows + whole-table replacement,33,1,rpg_param 33,rpg_param,yes,"Perks, skills and XP","Perks, skills and XP",1260 replaces rpg_param; 1334 replaces rpg_param
1660,Double Brew Yield,C,2299,1403 - Historical Rebalance,A,same rows,33,1,recipe 33,recipe,no,"Alchemy, food and survival",Multi-system overhaul,
1558,Karnages_KCD_Essential_Fixes 2.0,B,1572,Increased Experience Gains,C,same rows,32,1,rpg_param 32,rpg_param,no,Multi-system overhaul,"Perks, skills and XP",
1563,Karnages_Polearm_Restoration 2.0,A,2124,Half-looted Rebalance,A,same rows + whole-table replacement,31,10,"weapon 12, shop_type2item 10, melee_weapon 8, skill 1","combat_action_attack, combat_action_perfect_block, combat_action_sync_attack, melee_weapon, perk, shop_type2item, skill, weapon, weapon2weapon_preset, weapon_class",no,Combat mechanics and AI,Multi-system overhaul,2124 replaces shop_type2item
2219,True Hardcore Crime (PTF),A,2299,1403 - Historical Rebalance,A,same rows,31,5,"buff 15, perk 13, food 2, rpg_param 1","buff, food, perk, pickable_item, rpg_param",no,"Economy, loot and item stats",Multi-system overhaul,
1112,Combat Overhaul,B,2179,True Hardcore Combat (PTF),B,same rows,31,2,"rpg_param 29, perk_rpg_param_override 2","perk_rpg_param_override, rpg_param",yes,Combat mechanics and AI,Combat mechanics and AI,
1384,Modified Combat Overhaul - Directional Combat and smarter AI,B,2179,True Hardcore Combat (PTF),B,same rows,29,3,"rpg_param 17, buff 7, perk_rpg_param_override 5","buff, perk_rpg_param_override, rpg_param",yes,Combat mechanics and AI,Combat mechanics and AI,
2124,Half-looted Rebalance,A,2210,True Hardcore Alchemy (PTF),A,same rows,28,5,"food 23, buff 3, pickable_item 1, rpg_param 1","buff, divisible_item, food, pickable_item, rpg_param",no,Multi-system overhaul,"Alchemy, food and survival",
1260,RPG Tweaks,C,1572,Increased Experience Gains,C,same rows + whole-table replacement,28,1,rpg_param 28,rpg_param,yes,"Perks, skills and XP","Perks, skills and XP",1260 replaces rpg_param
85,Perkaholic,B,2299,1403 - Historical Rebalance,A,same rows + whole-table replacement,27,3,"buff 21, skill 4, perk 2","buff, perk, skill",no,"Perks, skills and XP",Multi-system overhaul,"85 replaces buff, perk, skill"
2049,Simple Ragdoll Physics,A,2179,True Hardcore Combat (PTF),B,same rows,27,2,"ammo 14, pickable_item 13","ammo, pickable_item",yes,Combat mechanics and AI,Combat mechanics and AI,
1558,Karnages_KCD_Essential_Fixes 2.0,B,2299,1403 - Historical Rebalance,A,same rows,26,2,"rpg_param 24, perk_rpg_param_override 2","perk_rpg_param_override, rpg_param",yes,Multi-system overhaul,Multi-system overhaul,
2035,Ordinance an Archery Overhaul,B,2124,Half-looted Rebalance,A,same rows,25,8,"ammo 11, pickable_item 6, missile_weapon 4, weapon 4","ammo, equippable_item, item, missile_weapon, pickable_item, player_item, weapon, weapon_class",no,"Economy, loot and item stats",Multi-system overhaul,
2035,Ordinance an Archery Overhaul,B,2179,True Hardcore Combat (PTF),B,same rows,25,2,"pickable_item 13, ammo 12","ammo, pickable_item",no,"Economy, loot and item stats",Combat mechanics and AI,
651,Better Combat and Immersion Compilation,A,2011,Chefs Kiss,B,same rows,24,3,food 24,"buff, food, pickable_item",no,Multi-system overhaul,"Alchemy, food and survival",
883,KingdomCome Rebalancing,A,1839,Realistic Horses,A,same rows + whole-table replacement,24,3,"equippable_item 19, buff 4, rpg_param 1","buff, equippable_item, rpg_param",no,Multi-system overhaul,"Weapons, armour and durability","883 replaces buff, equippable_item, rpg_param"
2011,Chefs Kiss,B,2210,True Hardcore Alchemy (PTF),A,same rows,24,3,"food 23, pickable_item 1","buff, food, pickable_item",yes,"Alchemy, food and survival","Alchemy, food and survival",
1558,Karnages_KCD_Essential_Fixes 2.0,B,2124,Half-looted Rebalance,A,same rows,24,2,"rpg_param 18, perk_rpg_param_override 6","perk_rpg_param_override, rpg_param",yes,Multi-system overhaul,Multi-system overhaul,
651,Better Combat and Immersion Compilation,A,2345,Food and Drinks rebalance,B,same rows + whole-table replacement,24,1,food 24,food,no,Multi-system overhaul,"Alchemy, food and survival",2345 replaces food
1564,Karnages_Rebalanced_Bows 2.0,C,2124,Half-looted Rebalance,A,same rows,23,2,"missile_weapon 12, rpg_param 11","missile_weapon, rpg_param",no,"Archery: bows, arrows, aiming",Multi-system overhaul,
1563,Karnages_Polearm_Restoration 2.0,A,2299,1403 - Historical Rebalance,A,same rows,22,8,"weapon 14, melee_weapon 8","combat_action_attack, combat_action_sync_attack, melee_weapon, perk, shop_type2item, skill, weapon, weapon2weapon_preset",no,Combat mechanics and AI,Multi-system overhaul,
2124,Half-looted Rebalance,A,2173,True Hardcore Maintenance (PTF),B,same rows,22,6,"armor 20, buff 1, rpg_param 1","armor, buff, inventory_preset2item, perk_rpg_param_override, pickable_item, rpg_param",no,Multi-system overhaul,"Weapons, armour and durability",
1926,Potion no Satiety and ADD Heal plus Energy,C,2011,Chefs Kiss,B,same rows,22,1,food 22,food,yes,"Alchemy, food and survival","Alchemy, food and survival",
1926,Potion no Satiety and ADD Heal plus Energy,C,2124,Half-looted Rebalance,A,same rows,22,1,food 22,food,no,"Alchemy, food and survival",Multi-system overhaul,
651,Better Combat and Immersion Compilation,A,1558,Karnages_KCD_Essential_Fixes 2.0,B,same rows,21,2,"rpg_param 15, perk_rpg_param_override 6","perk_rpg_param_override, rpg_param",yes,Multi-system overhaul,Multi-system overhaul,
1260,RPG Tweaks,C,2124,Half-looted Rebalance,A,same rows + whole-table replacement,21,2,"rpg_param 13, perk_rpg_param_override 8","perk_rpg_param_override, rpg_param",no,"Perks, skills and XP",Multi-system overhaul,"1260 replaces perk_rpg_param_override, rpg_param"
1260,RPG Tweaks,C,2299,1403 - Historical Rebalance,A,same rows + whole-table replacement,21,2,"rpg_param 19, perk_rpg_param_override 2","perk_rpg_param_override, rpg_param",no,"Perks, skills and XP",Multi-system overhaul,"1260 replaces perk_rpg_param_override, rpg_param"
1558,Karnages_KCD_Essential_Fixes 2.0,B,2179,True Hardcore Combat (PTF),B,same rows,21,2,"rpg_param 15, perk_rpg_param_override 6","perk_rpg_param_override, rpg_param",no,Multi-system overhaul,Combat mechanics and AI,
1926,Potion no Satiety and ADD Heal plus Energy,C,2299,1403 - Historical Rebalance,A,same rows,21,1,food 21,food,no,"Alchemy, food and survival",Multi-system overhaul,
1839,Realistic Horses,A,2124,Half-looted Rebalance,A,same rows,20,4,equippable_item 20,"buff, equippable_item, rpg_param, soul",no,"Weapons, armour and durability",Multi-system overhaul,
651,Better Combat and Immersion Compilation,A,1839,Realistic Horses,A,same rows,20,3,"equippable_item 15, buff 4, rpg_param 1","buff, equippable_item, rpg_param",no,Multi-system overhaul,"Weapons, armour and durability",
1419,Immersive Archery,C,1678,Better Archery,C,same rows,20,2,"ammo 14, rpg_param 6","ammo, rpg_param",yes,"Archery: bows, arrows, aiming","Archery: bows, arrows, aiming",
1545,Saddles Have Durability,C,2124,Half-looted Rebalance,A,same rows,20,1,armor 20,armor,no,"Weapons, armour and durability",Multi-system overhaul,
1545,Saddles Have Durability,C,2173,True Hardcore Maintenance (PTF),B,same rows,20,1,armor 20,armor,yes,"Weapons, armour and durability","Weapons, armour and durability",
1545,Saddles Have Durability,C,2299,1403 - Historical Rebalance,A,same rows,20,1,armor 20,armor,no,"Weapons, armour and durability",Multi-system overhaul,
1545,Saddles Have Durability,C,2340,MatthusTweaks - Equipment and Progression Overhaul (PTF),A,same rows,20,1,armor 20,armor,no,"Weapons, armour and durability","Economy, loot and item stats",
1926,Potion no Satiety and ADD Heal plus Energy,C,2210,True Hardcore Alchemy (PTF),A,same rows,20,1,food 20,food,yes,"Alchemy, food and survival","Alchemy, food and survival",
1070,Better Combat,C,2179,True Hardcore Combat (PTF),B,same rows,19,2,"rpg_param 15, perk_rpg_param_override 4","perk_rpg_param_override, rpg_param",no,"Perks, skills and XP",Combat mechanics and AI,
1564,Karnages_Rebalanced_Bows 2.0,C,2299,1403 - Historical Rebalance,A,same rows,19,2,missile_weapon 19,"missile_weapon, rpg_param",no,"Archery: bows, arrows, aiming",Multi-system overhaul,
1678,Better Archery,C,2124,Half-looted Rebalance,A,same rows,19,2,"ammo 12, rpg_param 7","ammo, rpg_param",no,"Archery: bows, arrows, aiming",Multi-system overhaul,
1678,Better Archery,C,2179,True Hardcore Combat (PTF),B,same rows,19,2,"ammo 14, rpg_param 5","ammo, rpg_param",no,"Archery: bows, arrows, aiming",Combat mechanics and AI,
1558,Karnages_KCD_Essential_Fixes 2.0,B,1668,Relaxed RPG Params,C,same rows,19,1,rpg_param 19,rpg_param,no,Multi-system overhaul,Combat mechanics and AI,
1926,Potion no Satiety and ADD Heal plus Energy,C,2345,Food and Drinks rebalance,B,same rows + whole-table replacement,19,1,food 19,food,yes,"Alchemy, food and survival","Alchemy, food and survival",2345 replaces food
2210,True Hardcore Alchemy (PTF),A,2345,Food and Drinks rebalance,B,same rows + whole-table replacement,19,1,food 19,food,yes,"Alchemy, food and survival","Alchemy, food and survival",2345 replaces food
2179,True Hardcore Combat (PTF),B,2210,True Hardcore Alchemy (PTF),A,same rows,18,4,"buff 12, food 6","buff, food, pickable_item, rpg_param",no,Combat mechanics and AI,"Alchemy, food and survival",
651,Better Combat and Immersion Compilation,A,1260,RPG Tweaks,C,same rows + whole-table replacement,18,2,"rpg_param 9, perk_rpg_param_override 9","perk_rpg_param_override, rpg_param",no,Multi-system overhaul,"Perks, skills and XP","1260 replaces perk_rpg_param_override, rpg_param"
1419,Immersive Archery,C,2124,Half-looted Rebalance,A,same rows,18,2,"ammo 12, rpg_param 6","ammo, rpg_param",no,"Archery: bows, arrows, aiming",Multi-system overhaul,
1419,Immersive Archery,C,2179,True Hardcore Combat (PTF),B,same rows,18,2,"ammo 14, rpg_param 4","ammo, rpg_param",no,"Archery: bows, arrows, aiming",Combat mechanics and AI,
85,Perkaholic,B,2210,True Hardcore Alchemy (PTF),A,same rows + whole-table replacement,17,1,buff 17,buff,no,"Perks, skills and XP","Alchemy, food and survival",85 replaces buff
651,Better Combat and Immersion Compilation,A,1560,Karnages_Durability_Redux,A,same rows,17,1,armor 17,armor,no,Multi-system overhaul,"Weapons, armour and durability",
1260,RPG Tweaks,C,1668,Relaxed RPG Params,C,same rows + whole-table replacement,17,1,rpg_param 17,rpg_param,no,"Perks, skills and XP",Combat mechanics and AI,1260 replaces rpg_param
1914,Weightless Herbs,C,2299,1403 - Historical Rebalance,A,same rows,17,1,pickable_item 17,pickable_item,no,"Economy, loot and item stats",Multi-system overhaul,
651,Better Combat and Immersion Compilation,A,1070,Better Combat,C,same rows,15,2,"rpg_param 11, perk_rpg_param_override 4","perk_rpg_param_override, rpg_param",no,Multi-system overhaul,"Perks, skills and XP",
1260,RPG Tweaks,C,2179,True Hardcore Combat (PTF),B,same rows + whole-table replacement,15,2,"rpg_param 10, perk_rpg_param_override 5","perk_rpg_param_override, rpg_param",no,"Perks, skills and XP",Combat mechanics and AI,"1260 replaces perk_rpg_param_override, rpg_param"
1914,Weightless Herbs,C,2340,MatthusTweaks - Equipment and Progression Overhaul (PTF),A,same rows,15,1,pickable_item 15,pickable_item,yes,"Economy, loot and item stats","Economy, loot and item stats",
1384,Modified Combat Overhaul - Directional Combat and smarter AI,B,2299,1403 - Historical Rebalance,A,same rows,14,3,"rpg_param 6, buff 6, perk_rpg_param_override 2","buff, perk_rpg_param_override, rpg_param",no,Combat mechanics and AI,Multi-system overhaul,
2208,Medieval Poisons - True Hardcore Compatibility Patch (PTF),A,2210,True Hardcore Alchemy (PTF),A,same rows,14,3,"buff 9, food 4, rpg_param 1","buff, food, rpg_param",yes,"Alchemy, food and survival","Alchemy, food and survival",
1070,Better Combat,C,1384,Modified Combat Overhaul - Directional Combat and smarter AI,B,same rows,14,2,"rpg_param 10, perk_rpg_param_override 4","perk_rpg_param_override, rpg_param",no,"Perks, skills and XP",Combat mechanics and AI,
1070,Better Combat,C,2124,Half-looted Rebalance,A,same rows,14,2,"rpg_param 11, perk_rpg_param_override 3","perk_rpg_param_override, rpg_param",no,"Perks, skills and XP",Multi-system overhaul,
1112,Combat Overhaul,B,1558,Karnages_KCD_Essential_Fixes 2.0,B,same rows,14,2,"rpg_param 12, perk_rpg_param_override 2","perk_rpg_param_override, rpg_param",no,Combat mechanics and AI,Multi-system overhaul,
1384,Modified Combat Overhaul - Directional Combat and smarter AI,B,1558,Karnages_KCD_Essential_Fixes 2.0,B,same rows,14,2,"rpg_param 9, perk_rpg_param_override 5","perk_rpg_param_override, rpg_param",no,Combat mechanics and AI,Multi-system overhaul,
1419,Immersive Archery,C,2299,1403 - Historical Rebalance,A,same rows,14,2,ammo 14,"ammo, rpg_param",no,"Archery: bows, arrows, aiming",Multi-system overhaul,
1678,Better Archery,C,2299,1403 - Historical Rebalance,A,same rows,14,2,ammo 14,"ammo, rpg_param",no,"Archery: bows, arrows, aiming",Multi-system overhaul,
1376,Archery mod - Faster arrows (for real),C,1419,Immersive Archery,C,same rows,14,1,ammo 14,ammo,yes,"Archery: bows, arrows, aiming","Archery: bows, arrows, aiming",
1376,Archery mod - Faster arrows (for real),C,1678,Better Archery,C,same rows,14,1,ammo 14,ammo,yes,"Archery: bows, arrows, aiming","Archery: bows, arrows, aiming",
1376,Archery mod - Faster arrows (for real),C,2049,Simple Ragdoll Physics,A,same rows,14,1,ammo 14,ammo,no,"Archery: bows, arrows, aiming",Combat mechanics and AI,
1376,Archery mod - Faster arrows (for real),C,2179,True Hardcore Combat (PTF),B,same rows,14,1,ammo 14,ammo,no,"Archery: bows, arrows, aiming",Combat mechanics and AI,
1376,Archery mod - Faster arrows (for real),C,2299,1403 - Historical Rebalance,A,same rows,14,1,ammo 14,ammo,no,"Archery: bows, arrows, aiming",Multi-system overhaul,
1419,Immersive Archery,C,2049,Simple Ragdoll Physics,A,same rows,14,1,ammo 14,ammo,no,"Archery: bows, arrows, aiming",Combat mechanics and AI,
1560,Karnages_Durability_Redux,A,1563,Karnages_Polearm_Restoration 2.0,A,same rows,14,1,weapon 14,weapon,no,"Weapons, armour and durability",Combat mechanics and AI,
1678,Better Archery,C,2049,Simple Ragdoll Physics,A,same rows,14,1,ammo 14,ammo,no,"Archery: bows, arrows, aiming",Combat mechanics and AI,
651,Better Combat and Immersion Compilation,A,2188,True Hardcore Economy (PTF),A,same rows,13,7,"buff 6, perk_rpg_param_override 3, rpg_param 3, food 1","buff, food, inventory_preset2item, perk_rpg_param_override, pickable_item, rpg_param, shop_type2item",no,Multi-system overhaul,"Economy, loot and item stats",
1736,Rogue Life,A,2219,True Hardcore Crime (PTF),A,same rows,13,5,"reputation_change 9, buff 4","buff, perk, perk2perk_exclusivity, perk_buff, reputation_change",no,"Perks, skills and XP","Economy, loot and item stats",
651,Better Combat and Immersion Compilation,A,1563,Karnages_Polearm_Restoration 2.0,A,same rows,13,3,"shop_type2item 12, skill 1","combat_action_perfect_block, shop_type2item, skill",no,Multi-system overhaul,Combat mechanics and AI,
1070,Better Combat,C,1558,Karnages_KCD_Essential_Fixes 2.0,B,same rows,13,2,"rpg_param 9, perk_rpg_param_override 4","perk_rpg_param_override, rpg_param",no,"Perks, skills and XP",Multi-system overhaul,
1334,Fast Learning Henry,C,2299,1403 - Historical Rebalance,A,same rows + whole-table replacement,13,1,rpg_param 13,rpg_param,no,"Perks, skills and XP",Multi-system overhaul,1334 replaces rpg_param
1560,Karnages_Durability_Redux,A,2035,Ordinance an Archery Overhaul,B,same rows,13,1,weapon 13,weapon,no,"Weapons, armour and durability","Economy, loot and item stats",
1560,Karnages_Durability_Redux,A,2049,Simple Ragdoll Physics,A,same rows,13,1,weapon 13,weapon,no,"Weapons, armour and durability",Combat mechanics and AI,
85,Perkaholic,B,2179,True Hardcore Combat (PTF),B,same rows + whole-table replacement,12,2,buff 12,"buff, perk2perk_exclusivity",no,"Perks, skills and XP",Combat mechanics and AI,"85 replaces buff, perk2perk_exclusivity"
1070,Better Combat,C,1260,RPG Tweaks,C,same rows + whole-table replacement,12,2,"rpg_param 8, perk_rpg_param_override 4","perk_rpg_param_override, rpg_param",yes,"Perks, skills and XP","Perks, skills and XP","1260 replaces perk_rpg_param_override, rpg_param"
883,KingdomCome Rebalancing,A,1914,Weightless Herbs,C,same rows + whole-table replacement,12,1,pickable_item 12,pickable_item,no,Multi-system overhaul,"Economy, loot and item stats",883 replaces pickable_item
1376,Archery mod - Faster arrows (for real),C,1565,Karnages_Arrow_Balance 2.0,C,same rows,12,1,ammo 12,ammo,yes,"Archery: bows, arrows, aiming","Archery: bows, arrows, aiming",
1376,Archery mod - Faster arrows (for real),C,2035,Ordinance an Archery Overhaul,B,same rows,12,1,ammo 12,ammo,no,"Archery: bows, arrows, aiming","Economy, loot and item stats",
1376,Archery mod - Faster arrows (for real),C,2124,Half-looted Rebalance,A,same rows,12,1,ammo 12,ammo,no,"Archery: bows, arrows, aiming",Multi-system overhaul,
1419,Immersive Archery,C,1565,Karnages_Arrow_Balance 2.0,C,same rows,12,1,ammo 12,ammo,yes,"Archery: bows, arrows, aiming","Archery: bows, arrows, aiming",
1419,Immersive Archery,C,2035,Ordinance an Archery Overhaul,B,same rows,12,1,ammo 12,ammo,no,"Archery: bows, arrows, aiming","Economy, loot and item stats",
1560,Karnages_Durability_Redux,A,2045,Polearms Unleashed Rebalanced Lite Edition PTF,B,same rows,12,1,weapon 12,weapon,no,"Weapons, armour and durability","Economy, loot and item stats",
1565,Karnages_Arrow_Balance 2.0,C,1678,Better Archery,C,same rows,12,1,ammo 12,ammo,yes,"Archery: bows, arrows, aiming","Archery: bows, arrows, aiming",
1565,Karnages_Arrow_Balance 2.0,C,2049,Simple Ragdoll Physics,A,same rows,12,1,ammo 12,ammo,no,"Archery: bows, arrows, aiming",Combat mechanics and AI,
1565,Karnages_Arrow_Balance 2.0,C,2179,True Hardcore Combat (PTF),B,same rows,12,1,ammo 12,ammo,no,"Archery: bows, arrows, aiming",Combat mechanics and AI,
1565,Karnages_Arrow_Balance 2.0,C,2299,1403 - Historical Rebalance,A,same rows,12,1,ammo 12,ammo,no,"Archery: bows, arrows, aiming",Multi-system overhaul,
1678,Better Archery,C,2035,Ordinance an Archery Overhaul,B,same rows,12,1,ammo 12,ammo,no,"Archery: bows, arrows, aiming","Economy, loot and item stats",
651,Better Combat and Immersion Compilation,A,2045,Polearms Unleashed Rebalanced Lite Edition PTF,B,same rows,11,5,"shop_type2item 10, skill 1","combat_action_perfect_block, equippable_item, pickable_item, shop_type2item, skill",no,Multi-system overhaul,"Economy, loot and item stats",
2179,True Hardcore Combat (PTF),B,2294,Faster Combat - Directional Master Strikes - Better Group Fights,A,same rows,11,3,"rpg_param 10, perk_rpg_param_override 1","buff, perk_rpg_param_override, rpg_param",yes,Combat mechanics and AI,Combat mechanics and AI,
1070,Better Combat,C,2299,1403 - Historical Rebalance,A,same rows,11,2,"rpg_param 9, perk_rpg_param_override 2","perk_rpg_param_override, rpg_param",no,"Perks, skills and XP",Multi-system overhaul,
651,Better Combat and Immersion Compilation,A,1483,TSM Slower Food Spoil,B,same rows,11,1,food 11,food,no,Multi-system overhaul,"Alchemy, food and survival",
651,Better Combat and Immersion Compilation,A,1639,Alternate Food Spoil (2X),B,same rows,11,1,food 11,food,no,Multi-system overhaul,"Alchemy, food and survival",
804,Loose (An Archery Mod),C,1564,Karnages_Rebalanced_Bows 2.0,C,same rows + whole-table replacement,11,1,rpg_param 11,rpg_param,yes,"Archery: bows, arrows, aiming","Archery: bows, arrows, aiming",804 replaces rpg_param
804,Loose (An Archery Mod),C,2124,Half-looted Rebalance,A,same rows + whole-table replacement,11,1,rpg_param 11,rpg_param,no,"Archery: bows, arrows, aiming",Multi-system overhaul,804 replaces rpg_param
1565,Karnages_Arrow_Balance 2.0,C,2035,Ordinance an Archery Overhaul,B,same rows,11,1,ammo 11,ammo,no,"Archery: bows, arrows, aiming","Economy, loot and item stats",
1565,Karnages_Arrow_Balance 2.0,C,2124,Half-looted Rebalance,A,same rows,11,1,ammo 11,ammo,no,"Archery: bows, arrows, aiming",Multi-system overhaul,
1572,Increased Experience Gains,C,2299,1403 - Historical Rebalance,A,same rows,11,1,rpg_param 11,rpg_param,no,"Perks, skills and XP",Multi-system overhaul,
651,Better Combat and Immersion Compilation,A,2219,True Hardcore Crime (PTF),A,same rows,10,4,buff 10,"buff, food, pickable_item, rpg_param",no,Multi-system overhaul,"Economy, loot and item stats",
651,Better Combat and Immersion Compilation,A,2208,Medieval Poisons - True Hardcore Compatibility Patch (PTF),A,same rows,10,3,"buff 9, food 1","buff, food, rpg_param",no,Multi-system overhaul,"Alchemy, food and survival",
1070,Better Combat,C,1112,Combat Overhaul,B,same rows,10,2,"rpg_param 5, perk_rpg_param_override 5","perk_rpg_param_override, rpg_param",no,"Perks, skills and XP",Combat mechanics and AI,
1112,Combat Overhaul,B,1260,RPG Tweaks,C,same rows + whole-table replacement,10,2,"rpg_param 8, perk_rpg_param_override 2","perk_rpg_param_override, rpg_param",no,Combat mechanics and AI,"Perks, skills and XP","1260 replaces perk_rpg_param_override, rpg_param"
1260,RPG Tweaks,C,1384,Modified Combat Overhaul - Directional Combat and smarter AI,B,same rows + whole-table replacement,10,2,"rpg_param 5, perk_rpg_param_override 5","perk_rpg_param_override, rpg_param",no,"Perks, skills and XP",Combat mechanics and AI,"1260 replaces perk_rpg_param_override, rpg_param"
802,Archery for 1.9,C,804,Loose (An Archery Mod),C,same rows + whole-table replacement,10,1,rpg_param 10,rpg_param,yes,"Archery: bows, arrows, aiming","Archery: bows, arrows, aiming",802 replaces rpg_param; 804 replaces rpg_param
802,Archery for 1.9,C,1564,Karnages_Rebalanced_Bows 2.0,C,same rows + whole-table replacement,10,1,rpg_param 10,rpg_param,yes,"Archery: bows, arrows, aiming","Archery: bows, arrows, aiming",802 replaces rpg_param
802,Archery for 1.9,C,2124,Half-looted Rebalance,A,same rows + whole-table replacement,10,1,rpg_param 10,rpg_param,no,"Archery: bows, arrows, aiming",Multi-system overhaul,802 replaces rpg_param
1668,Relaxed RPG Params,C,2299,1403 - Historical Rebalance,A,same rows,10,1,rpg_param 10,rpg_param,no,Combat mechanics and AI,Multi-system overhaul,
2188,True Hardcore Economy (PTF),A,2210,True Hardcore Alchemy (PTF),A,same rows,9,4,"buff 6, food 3","buff, food, pickable_item, rpg_param",no,"Economy, loot and item stats","Alchemy, food and survival",
651,Better Combat and Immersion Compilation,A,765,Poison Overhaul,C,same rows,9,2,"buff 8, food 1","buff, food",no,Multi-system overhaul,"Alchemy, food and survival",
765,Poison Overhaul,C,2208,Medieval Poisons - True Hardcore Compatibility Patch (PTF),A,same rows,9,2,"buff 8, food 1","buff, food",yes,"Alchemy, food and survival","Alchemy, food and survival",
765,Poison Overhaul,C,2210,True Hardcore Alchemy (PTF),A,same rows,9,2,"buff 8, food 1","buff, food",yes,"Alchemy, food and survival","Alchemy, food and survival",
804,Loose (An Archery Mod),C,2179,True Hardcore Combat (PTF),B,same rows + whole-table replacement,9,1,rpg_param 9,rpg_param,no,"Archery: bows, arrows, aiming",Combat mechanics and AI,804 replaces rpg_param
1266,Stronger drinks - PTF Edition,C,2011,Chefs Kiss,B,same rows,9,1,food 9,food,yes,"Alchemy, food and survival","Alchemy, food and survival",
1266,Stronger drinks - PTF Edition,C,2124,Half-looted Rebalance,A,same rows,9,1,food 9,food,no,"Alchemy, food and survival",Multi-system overhaul,
1266,Stronger drinks - PTF Edition,C,2299,1403 - Historical Rebalance,A,same rows,9,1,food 9,food,no,"Alchemy, food and survival",Multi-system overhaul,
1266,Stronger drinks - PTF Edition,C,2345,Food and Drinks rebalance,B,same rows + whole-table replacement,9,1,food 9,food,yes,"Alchemy, food and survival","Alchemy, food and survival",2345 replaces food
1564,Karnages_Rebalanced_Bows 2.0,C,2179,True Hardcore Combat (PTF),B,same rows,9,1,rpg_param 9,rpg_param,no,"Archery: bows, arrows, aiming",Combat mechanics and AI,
1668,Relaxed RPG Params,C,2179,True Hardcore Combat (PTF),B,same rows,9,1,rpg_param 9,rpg_param,yes,Combat mechanics and AI,Combat mechanics and AI,
1883,Better Pickpocket - FIXED,C,2219,True Hardcore Crime (PTF),A,same rows,9,1,rpg_param 9,rpg_param,no,"Crime, stealth and reputation","Economy, loot and item stats",
651,Better Combat and Immersion Compilation,A,2294,Faster Combat - Directional Master Strikes - Better Group Fights,A,same rows,8,4,"rpg_param 7, perk_rpg_param_override 1","buff, combat_action_perfect_block, perk_rpg_param_override, rpg_param",no,Multi-system overhaul,Combat mechanics and AI,
1380,Black Items Fix,B,2299,1403 - Historical Rebalance,A,same rows,8,4,"player_item 5, shop_type2item 3","armor, pickable_item, player_item, shop_type2item",no,"Economy, loot and item stats",Multi-system overhaul,
1842,Realistic Repairs,C,2173,True Hardcore Maintenance (PTF),B,same rows,8,3,"rpg_param 3, perk_rpg_param_override 3, skill2item_category 2","perk_rpg_param_override, rpg_param, skill2item_category",no,"Perks, skills and XP","Weapons, armour and durability",
1842,Realistic Repairs,C,2340,MatthusTweaks - Equipment and Progression Overhaul (PTF),A,same rows,8,3,"rpg_param 3, perk_rpg_param_override 3, skill2item_category 2","perk_rpg_param_override, rpg_param, skill2item_category",no,"Perks, skills and XP","Economy, loot and item stats",
651,Better Combat and Immersion Compilation,A,1266,Stronger drinks - PTF Edition,C,same rows,8,1,food 8,food,no,Multi-system overhaul,"Alchemy, food and survival",
802,Archery for 1.9,C,2179,True Hardcore Combat (PTF),B,same rows + whole-table replacement,8,1,rpg_param 8,rpg_param,no,"Archery: bows, arrows, aiming",Combat mechanics and AI,802 replaces rpg_param
1243,Easier Enemies PTF (Dumber Enemies),C,1558,Karnages_KCD_Essential_Fixes 2.0,B,same rows,8,1,rpg_param 8,rpg_param,no,Combat mechanics and AI,Multi-system overhaul,
1243,Easier Enemies PTF (Dumber Enemies),C,2299,1403 - Historical Rebalance,A,same rows,8,1,rpg_param 8,rpg_param,no,Combat mechanics and AI,Multi-system overhaul,
1668,Relaxed RPG Params,C,2124,Half-looted Rebalance,A,same rows,8,1,rpg_param 8,rpg_param,no,Combat mechanics and AI,Multi-system overhaul,
2021,Repair Kits - Balanced and Scaled PTF,C,2299,1403 - Historical Rebalance,A,same rows,8,1,ointment_item 8,ointment_item,no,"Alchemy, food and survival",Multi-system overhaul,
2124,Half-looted Rebalance,A,2219,True Hardcore Crime (PTF),A,same rows,7,6,"buff 5, food 2","buff, food, perk, perk_buff, pickable_item, rpg_param",no,Multi-system overhaul,"Economy, loot and item stats",
85,Perkaholic,B,2219,True Hardcore Crime (PTF),A,same rows + whole-table replacement,7,4,buff 7,"buff, perk, perk2perk_exclusivity, perk_buff",no,"Perks, skills and XP","Economy, loot and item stats","85 replaces buff, perk, perk2perk_exclusivity, perk_buff"
1384,Modified Combat Overhaul - Directional Combat and smarter AI,B,2294,Faster Combat - Directional Master Strikes - Better Group Fights,A,same rows,7,4,"rpg_param 6, perk_rpg_param_override 1","buff, combat_action_perfect_block, perk_rpg_param_override, rpg_param",yes,Combat mechanics and AI,Combat mechanics and AI,
2045,Polearms Unleashed Rebalanced Lite Edition PTF,B,2294,Faster Combat - Directional Master Strikes - Better Group Fights,A,same rows,7,4,"combat_action_attack 6, weapon_class 1","combat_action_attack, combat_action_perfect_block, combat_action_sync_pb_hit, weapon_class",no,"Economy, loot and item stats",Combat mechanics and AI,
1112,Combat Overhaul,B,2299,1403 - Historical Rebalance,A,same rows,7,3,"rpg_param 6, perk_rpg_param_override 1","perk_rpg_param_override, rpg_param, soul",no,Combat mechanics and AI,Multi-system overhaul,
883,KingdomCome Rebalancing,A,1558,Karnages_KCD_Essential_Fixes 2.0,B,same rows + whole-table replacement,7,2,rpg_param 7,"perk_rpg_param_override, rpg_param",yes,Multi-system overhaul,Multi-system overhaul,"883 replaces document_required_skill, perk_rpg_param_override, rpg_param"
651,Better Combat and Immersion Compilation,A,1243,Easier Enemies PTF (Dumber Enemies),C,same rows,7,1,rpg_param 7,rpg_param,no,Multi-system overhaul,Combat mechanics and AI,
651,Better Combat and Immersion Compilation,A,1668,Relaxed RPG Params,C,same rows,7,1,rpg_param 7,rpg_param,no,Multi-system overhaul,Combat mechanics and AI,
804,Loose (An Archery Mod),C,1678,Better Archery,C,same rows + whole-table replacement,7,1,rpg_param 7,rpg_param,yes,"Archery: bows, arrows, aiming","Archery: bows, arrows, aiming",804 replaces rpg_param
1070,Better Combat,C,1243,Easier Enemies PTF (Dumber Enemies),C,same rows,7,1,rpg_param 7,rpg_param,no,"Perks, skills and XP",Combat mechanics and AI,
1243,Easier Enemies PTF (Dumber Enemies),C,1260,RPG Tweaks,C,same rows + whole-table replacement,7,1,rpg_param 7,rpg_param,no,Combat mechanics and AI,"Perks, skills and XP",1260 replaces rpg_param
1243,Easier Enemies PTF (Dumber Enemies),C,2179,True Hardcore Combat (PTF),B,same rows,7,1,rpg_param 7,rpg_param,yes,Combat mechanics and AI,Combat mechanics and AI,
1564,Karnages_Rebalanced_Bows 2.0,C,1678,Better Archery,C,same rows,7,1,rpg_param 7,rpg_param,yes,"Archery: bows, arrows, aiming","Archery: bows, arrows, aiming",
1563,Karnages_Polearm_Restoration 2.0,A,2294,Faster Combat - Directional Master Strikes - Better Group Fights,A,same rows,6,6,combat_action_attack 6,"combat_action_attack, combat_action_perfect_block, combat_action_sync_attack, combat_action_sync_pb_hit, combat_combo, weapon_class",yes,Combat mechanics and AI,Combat mechanics and AI,
883,KingdomCome Rebalancing,A,2179,True Hardcore Combat (PTF),B,same rows + whole-table replacement,6,5,"rpg_param 3, soul_archetype 3","buff, perk_rpg_param_override, pickable_item, rpg_param, soul_archetype",no,Multi-system overhaul,Combat mechanics and AI,"883 replaces ammo, buff, food, morale_change, perk2perk_exclusivity, perk_rpg_param_override, pickable_item, rpg_movement_type, rpg_param, social_class, soul_archetype"
85,Perkaholic,B,2124,Half-looted Rebalance,A,same rows + whole-table replacement,6,4,"buff 5, skill 1","buff, perk, perk_buff, skill",no,"Perks, skills and XP",Multi-system overhaul,"85 replaces buff, perk, perk_buff, skill"
2210,True Hardcore Alchemy (PTF),A,2219,True Hardcore Crime (PTF),A,same rows,6,4,"buff 4, food 2","buff, food, pickable_item, rpg_param",no,"Alchemy, food and survival","Economy, loot and item stats",
765,Poison Overhaul,C,2299,1403 - Historical Rebalance,A,same rows,6,3,"food 3, buff 3","buff, food, perk",no,"Alchemy, food and survival",Multi-system overhaul,
1112,Combat Overhaul,B,2294,Faster Combat - Directional Master Strikes - Better Group Fights,A,same rows,6,3,rpg_param 6,"combat_action_perfect_block, perk_rpg_param_override, rpg_param",yes,Combat mechanics and AI,Combat mechanics and AI,
2011,Chefs Kiss,B,2179,True Hardcore Combat (PTF),B,same rows,6,3,food 6,"buff, food, pickable_item",no,"Alchemy, food and survival",Combat mechanics and AI,
1558,Karnages_KCD_Essential_Fixes 2.0,B,2173,True Hardcore Maintenance (PTF),B,same rows,6,2,"rpg_param 3, perk_rpg_param_override 3","perk_rpg_param_override, rpg_param",no,Multi-system overhaul,"Weapons, armour and durability",
1558,Karnages_KCD_Essential_Fixes 2.0,B,2340,MatthusTweaks - Equipment and Progression Overhaul (PTF),A,same rows,6,2,"rpg_param 3, perk_rpg_param_override 3","perk_rpg_param_override, rpg_param",no,Multi-system overhaul,"Economy, loot and item stats",
651,Better Combat and Immersion Compilation,A,1926,Potion no Satiety and ADD Heal plus Energy,C,same rows,6,1,food 6,food,no,Multi-system overhaul,"Alchemy, food and survival",
802,Archery for 1.9,C,1419,Immersive Archery,C,same rows + whole-table replacement,6,1,rpg_param 6,rpg_param,yes,"Archery: bows, arrows, aiming","Archery: bows, arrows, aiming",802 replaces rpg_param
802,Archery for 1.9,C,1678,Better Archery,C,same rows + whole-table replacement,6,1,rpg_param 6,rpg_param,yes,"Archery: bows, arrows, aiming","Archery: bows, arrows, aiming",802 replaces rpg_param
804,Loose (An Archery Mod),C,1419,Immersive Archery,C,same rows + whole-table replacement,6,1,rpg_param 6,rpg_param,yes,"Archery: bows, arrows, aiming","Archery: bows, arrows, aiming",804 replaces rpg_param
1105,Service Prices,B,2188,True Hardcore Economy (PTF),A,same rows,6,1,sequence 6,sequence,no,"NPCs, quests and world content","Economy, loot and item stats",
1243,Easier Enemies PTF (Dumber Enemies),C,1384,Modified Combat Overhaul - Directional Combat and smarter AI,B,same rows,6,1,rpg_param 6,rpg_param,yes,Combat mechanics and AI,Combat mechanics and AI,
1243,Easier Enemies PTF (Dumber Enemies),C,2124,Half-looted Rebalance,A,same rows,6,1,rpg_param 6,rpg_param,no,Combat mechanics and AI,Multi-system overhaul,
1334,Fast Learning Henry,C,2124,Half-looted Rebalance,A,same rows + whole-table replacement,6,1,rpg_param 6,rpg_param,no,"Perks, skills and XP",Multi-system overhaul,1334 replaces rpg_param
1419,Immersive Archery,C,1564,Karnages_Rebalanced_Bows 2.0,C,same rows,6,1,rpg_param 6,rpg_param,yes,"Archery: bows, arrows, aiming","Archery: bows, arrows, aiming",
1926,Potion no Satiety and ADD Heal plus Energy,C,2179,True Hardcore Combat (PTF),B,same rows,6,1,food 6,food,no,"Alchemy, food and survival",Combat mechanics and AI,
2179,True Hardcore Combat (PTF),B,2345,Food and Drinks rebalance,B,same rows + whole-table replacement,6,1,food 6,food,no,Combat mechanics and AI,"Alchemy, food and survival",2345 replaces food
2208,Medieval Poisons - True Hardcore Compatibility Patch (PTF),A,2299,1403 - Historical Rebalance,A,same rows,5,4,"food 3, buff 2","buff, food, inventory2item, rpg_param",no,"Alchemy, food and survival",Multi-system overhaul,
1009,Perkaholic - PTF updated (1.9.4-1.9.8),B,2299,1403 - Historical Rebalance,A,same rows,5,3,"buff 4, perk 1","buff, perk, skill",no,"Perks, skills and XP",Multi-system overhaul,
883,KingdomCome Rebalancing,A,1260,RPG Tweaks,C,same rows + whole-table replacement,5,2,rpg_param 5,"perk_rpg_param_override, rpg_param",no,Multi-system overhaul,"Perks, skills and XP","883 replaces perk_rpg_param_override, rpg_param; 1260 replaces perk_rpg_param_override, rpg_param"
1260,RPG Tweaks,C,2188,True Hardcore Economy (PTF),A,same rows + whole-table replacement,5,2,"perk_rpg_param_override 4, rpg_param 1","perk_rpg_param_override, rpg_param",no,"Perks, skills and XP","Economy, loot and item stats","1260 replaces perk_rpg_param_override, rpg_param"
1558,Karnages_KCD_Essential_Fixes 2.0,B,2188,True Hardcore Economy (PTF),A,same rows,5,2,"rpg_param 3, perk_rpg_param_override 2","perk_rpg_param_override, rpg_param",no,Multi-system overhaul,"Economy, loot and item stats",
1558,Karnages_KCD_Essential_Fixes 2.0,B,2294,Faster Combat - Directional Master Strikes - Better Group Fights,A,same rows,5,2,"rpg_param 4, perk_rpg_param_override 1","perk_rpg_param_override, rpg_param",no,Multi-system overhaul,Combat mechanics and AI,
480,Bed Comfort Restored,C,1424,Better Sleep Fixed,C,same rows + whole-table replacement,5,1,sleeping_spot_type 5,sleeping_spot_type,yes,"Alchemy, food and survival","Alchemy, food and survival",480 replaces sleeping_spot_type; 1424 replaces sleeping_spot_type
1070,Better Combat,C,1668,Relaxed RPG Params,C,same rows,5,1,rpg_param 5,rpg_param,no,"Perks, skills and XP",Combat mechanics and AI,
1334,Fast Learning Henry,C,1668,Relaxed RPG Params,C,same rows + whole-table replacement,5,1,rpg_param 5,rpg_param,no,"Perks, skills and XP",Combat mechanics and AI,1334 replaces rpg_param
765,Poison Overhaul,C,2124,Half-looted Rebalance,A,same rows,4,4,"food 3, buff 1","buff, food, perk, perk_buff",no,"Alchemy, food and survival",Multi-system overhaul,
2124,Half-looted Rebalance,A,2208,Medieval Poisons - True Hardcore Compatibility Patch (PTF),A,same rows,4,4,food 4,"buff, food, inventory2item, rpg_param",no,Multi-system overhaul,"Alchemy, food and survival",
1292,Ultimate Repair Kit 2.0,C,1842,Realistic Repairs,C,same rows,4,3,"skill2item_category 2, rpg_param 1, perk_rpg_param_override 1","perk_rpg_param_override, rpg_param, skill2item_category",yes,"Perks, skills and XP","Perks, skills and XP",
1292,Ultimate Repair Kit 2.0,C,2173,True Hardcore Maintenance (PTF),B,same rows,4,3,"skill2item_category 2, rpg_param 1, perk_rpg_param_override 1","perk_rpg_param_override, rpg_param, skill2item_category",no,"Perks, skills and XP","Weapons, armour and durability",
1292,Ultimate Repair Kit 2.0,C,2340,MatthusTweaks - Equipment and Progression Overhaul (PTF),A,same rows,4,3,"skill2item_category 2, rpg_param 1, perk_rpg_param_override 1","perk_rpg_param_override, rpg_param, skill2item_category",no,"Perks, skills and XP","Economy, loot and item stats",
1736,Rogue Life,A,2299,1403 - Historical Rebalance,A,same rows,4,3,"buff 3, perk 1","buff, perk, sequence",no,"Perks, skills and XP",Multi-system overhaul,
1839,Realistic Horses,A,2299,1403 - Historical Rebalance,A,same rows,4,3,buff 4,"buff, rpg_param, soul",no,"Weapons, armour and durability",Multi-system overhaul,
1070,Better Combat,C,2294,Faster Combat - Directional Master Strikes - Better Group Fights,A,same rows,4,2,"rpg_param 3, perk_rpg_param_override 1","perk_rpg_param_override, rpg_param",no,"Perks, skills and XP",Combat mechanics and AI,
1260,RPG Tweaks,C,2173,True Hardcore Maintenance (PTF),B,same rows + whole-table replacement,4,2,"rpg_param 2, perk_rpg_param_override 2","perk_rpg_param_override, rpg_param",no,"Perks, skills and XP","Weapons, armour and durability","1260 replaces perk_rpg_param_override, rpg_param"
1260,RPG Tweaks,C,2294,Faster Combat - Directional Master Strikes - Better Group Fights,A,same rows + whole-table replacement,4,2,"rpg_param 3, perk_rpg_param_override 1","perk_rpg_param_override, rpg_param",no,"Perks, skills and XP",Combat mechanics and AI,"1260 replaces perk_rpg_param_override, rpg_param"
1260,RPG Tweaks,C,2340,MatthusTweaks - Equipment and Progression Overhaul (PTF),A,same rows + whole-table replacement,4,2,"rpg_param 2, perk_rpg_param_override 2","perk_rpg_param_override, rpg_param",no,"Perks, skills and XP","Economy, loot and item stats","1260 replaces perk_rpg_param_override, rpg_param"
1558,Karnages_KCD_Essential_Fixes 2.0,B,1842,Realistic Repairs,C,same rows,4,2,"rpg_param 2, perk_rpg_param_override 2","perk_rpg_param_override, rpg_param",no,Multi-system overhaul,"Perks, skills and XP",
85,Perkaholic,B,1384,Modified Combat Overhaul - Directional Combat and smarter AI,B,same rows + whole-table replacement,4,1,buff 4,buff,no,"Perks, skills and XP",Combat mechanics and AI,85 replaces buff
883,KingdomCome Rebalancing,A,1334,Fast Learning Henry,C,same rows + whole-table replacement,4,1,rpg_param 4,rpg_param,no,Multi-system overhaul,"Perks, skills and XP",883 replaces rpg_param; 1334 replaces rpg_param
1105,Service Prices,B,2299,1403 - Historical Rebalance,A,same rows,4,1,sequence 4,sequence,no,"NPCs, quests and world content",Multi-system overhaul,
1112,Combat Overhaul,B,1243,Easier Enemies PTF (Dumber Enemies),C,same rows,4,1,rpg_param 4,rpg_param,yes,Combat mechanics and AI,Combat mechanics and AI,
1112,Combat Overhaul,B,1668,Relaxed RPG Params,C,same rows,4,1,rpg_param 4,rpg_param,yes,Combat mechanics and AI,Combat mechanics and AI,
1260,RPG Tweaks,C,2219,True Hardcore Crime (PTF),A,same rows + whole-table replacement,4,1,rpg_param 4,rpg_param,no,"Perks, skills and XP","Economy, loot and item stats",1260 replaces rpg_param
1564,Karnages_Rebalanced_Bows 2.0,C,2035,Ordinance an Archery Overhaul,B,same rows,4,1,missile_weapon 4,missile_weapon,no,"Archery: bows, arrows, aiming","Economy, loot and item stats",
1564,Karnages_Rebalanced_Bows 2.0,C,2049,Simple Ragdoll Physics,A,same rows,4,1,missile_weapon 4,missile_weapon,no,"Archery: bows, arrows, aiming",Combat mechanics and AI,
1572,Increased Experience Gains,C,2124,Half-looted Rebalance,A,same rows,4,1,rpg_param 4,rpg_param,no,"Perks, skills and XP",Multi-system overhaul,
1062,SIM Camping Mini ML 1.5.1.1,B,2124,Half-looted Rebalance,A,same rows + whole-table replacement,3,8,shop_type2item 3,"buff, food, item, perk, perk_buff, pickable_item, player_item, shop_type2item",no,"Economy, loot and item stats",Multi-system overhaul,2124 replaces shop_type2item
2011,Chefs Kiss,B,2188,True Hardcore Economy (PTF),A,same rows,3,3,food 3,"buff, food, pickable_item",no,"Alchemy, food and survival","Economy, loot and item stats",
651,Better Combat and Immersion Compilation,A,1009,Perkaholic - PTF updated (1.9.4-1.9.8),B,same rows,3,2,"buff 2, skill 1","buff, skill",no,Multi-system overhaul,"Perks, skills and XP",
2011,Chefs Kiss,B,2208,Medieval Poisons - True Hardcore Compatibility Patch (PTF),A,same rows,3,2,food 3,"buff, food",yes,"Alchemy, food and survival","Alchemy, food and survival",
85,Perkaholic,B,2188,True Hardcore Economy (PTF),A,same rows + whole-table replacement,3,1,buff 3,buff,no,"Perks, skills and XP","Economy, loot and item stats",85 replaces buff
651,Better Combat and Immersion Compilation,A,1736,Rogue Life,A,same rows,3,1,buff 3,buff,no,Multi-system overhaul,"Perks, skills and XP",
802,Archery for 1.9,C,1100,Faster archery - PTF Edition,C,same rows + whole-table replacement,3,1,rpg_param 3,rpg_param,yes,"Archery: bows, arrows, aiming","Archery: bows, arrows, aiming",802 replaces rpg_param
802,Archery for 1.9,C,1668,Relaxed RPG Params,C,same rows + whole-table replacement,3,1,rpg_param 3,rpg_param,no,"Archery: bows, arrows, aiming",Combat mechanics and AI,802 replaces rpg_param
804,Loose (An Archery Mod),C,1100,Faster archery - PTF Edition,C,same rows + whole-table replacement,3,1,rpg_param 3,rpg_param,yes,"Archery: bows, arrows, aiming","Archery: bows, arrows, aiming",804 replaces rpg_param
804,Loose (An Archery Mod),C,1668,Relaxed RPG Params,C,same rows + whole-table replacement,3,1,rpg_param 3,rpg_param,no,"Archery: bows, arrows, aiming",Combat mechanics and AI,804 replaces rpg_param
883,KingdomCome Rebalancing,A,1572,Increased Experience Gains,C,same rows + whole-table replacement,3,1,rpg_param 3,rpg_param,no,Multi-system overhaul,"Perks, skills and XP",883 replaces rpg_param
883,KingdomCome Rebalancing,A,1668,Relaxed RPG Params,C,same rows + whole-table replacement,3,1,rpg_param 3,rpg_param,no,Multi-system overhaul,Combat mechanics and AI,883 replaces rpg_param
1100,Faster archery - PTF Edition,C,1419,Immersive Archery,C,same rows,3,1,rpg_param 3,rpg_param,yes,"Archery: bows, arrows, aiming","Archery: bows, arrows, aiming",
1100,Faster archery - PTF Edition,C,1564,Karnages_Rebalanced_Bows 2.0,C,same rows,3,1,rpg_param 3,rpg_param,yes,"Archery: bows, arrows, aiming","Archery: bows, arrows, aiming",
1100,Faster archery - PTF Edition,C,1678,Better Archery,C,same rows,3,1,rpg_param 3,rpg_param,yes,"Archery: bows, arrows, aiming","Archery: bows, arrows, aiming",
1100,Faster archery - PTF Edition,C,2124,Half-looted Rebalance,A,same rows,3,1,rpg_param 3,rpg_param,no,"Archery: bows, arrows, aiming",Multi-system overhaul,
1243,Easier Enemies PTF (Dumber Enemies),C,1668,Relaxed RPG Params,C,same rows,3,1,rpg_param 3,rpg_param,yes,Combat mechanics and AI,Combat mechanics and AI,
1384,Modified Combat Overhaul - Directional Combat and smarter AI,B,1668,Relaxed RPG Params,C,same rows,3,1,rpg_param 3,rpg_param,yes,Combat mechanics and AI,Combat mechanics and AI,
1419,Immersive Archery,C,1668,Relaxed RPG Params,C,same rows,3,1,rpg_param 3,rpg_param,no,"Archery: bows, arrows, aiming",Combat mechanics and AI,
1558,Karnages_KCD_Essential_Fixes 2.0,B,2219,True Hardcore Crime (PTF),A,same rows,3,1,rpg_param 3,rpg_param,no,Multi-system overhaul,"Economy, loot and item stats",
1564,Karnages_Rebalanced_Bows 2.0,C,1668,Relaxed RPG Params,C,same rows,3,1,rpg_param 3,rpg_param,no,"Archery: bows, arrows, aiming",Combat mechanics and AI,
1572,Increased Experience Gains,C,1668,Relaxed RPG Params,C,same rows,3,1,rpg_param 3,rpg_param,no,"Perks, skills and XP",Combat mechanics and AI,
1668,Relaxed RPG Params,C,1678,Better Archery,C,same rows,3,1,rpg_param 3,rpg_param,no,Combat mechanics and AI,"Archery: bows, arrows, aiming",
1668,Relaxed RPG Params,C,2173,True Hardcore Maintenance (PTF),B,same rows,3,1,rpg_param 3,rpg_param,no,Combat mechanics and AI,"Weapons, armour and durability",
1668,Relaxed RPG Params,C,2294,Faster Combat - Directional Master Strikes - Better Group Fights,A,same rows,3,1,rpg_param 3,rpg_param,yes,Combat mechanics and AI,Combat mechanics and AI,
1668,Relaxed RPG Params,C,2340,MatthusTweaks - Equipment and Progression Overhaul (PTF),A,same rows,3,1,rpg_param 3,rpg_param,no,Combat mechanics and AI,"Economy, loot and item stats",
1926,Potion no Satiety and ADD Heal plus Energy,C,2188,True Hardcore Economy (PTF),A,same rows,3,1,food 3,food,no,"Alchemy, food and survival","Economy, loot and item stats",
2188,True Hardcore Economy (PTF),A,2345,Food and Drinks rebalance,B,same rows + whole-table replacement,3,1,food 3,food,no,"Economy, loot and item stats","Alchemy, food and survival",2345 replaces food
2208,Medieval Poisons - True Hardcore Compatibility Patch (PTF),A,2345,Food and Drinks rebalance,B,same rows + whole-table replacement,3,1,food 3,food,yes,"Alchemy, food and survival","Alchemy, food and survival",2345 replaces food
651,Better Combat and Immersion Compilation,A,2340,MatthusTweaks - Equipment and Progression Overhaul (PTF),A,same rows,2,6,armor 2,"armor, inventory_preset2item, perk_rpg_param_override, pickable_item, rpg_param, shop_type2item",no,Multi-system overhaul,"Economy, loot and item stats",
2173,True Hardcore Maintenance (PTF),B,2188,True Hardcore Economy (PTF),A,same rows,2,5,"rpg_param 1, perk_rpg_param_override 1","buff, inventory_preset2item, perk_rpg_param_override, pickable_item, rpg_param",no,"Weapons, armour and durability","Economy, loot and item stats",
1009,Perkaholic - PTF updated (1.9.4-1.9.8),B,2124,Half-looted Rebalance,A,same rows,2,4,"skill 1, buff 1","buff, perk, perk_buff, skill",no,"Perks, skills and XP",Multi-system overhaul,
1736,Rogue Life,A,2124,Half-looted Rebalance,A,same rows,2,3,buff 2,"buff, perk, perk_buff",no,"Perks, skills and XP",Multi-system overhaul,
1864,Cheap Savior Schnapps - PTF,C,2124,Half-looted Rebalance,A,same rows + whole-table replacement,2,3,"food 1, shop_type2item 1","food, pickable_item, shop_type2item",no,"Economy, loot and item stats",Multi-system overhaul,2124 replaces shop_type2item
1864,Cheap Savior Schnapps - PTF,C,2299,1403 - Historical Rebalance,A,same rows,2,3,"pickable_item 1, shop_type2item 1","food, pickable_item, shop_type2item",no,"Economy, loot and item stats",Multi-system overhaul,
2011,Chefs Kiss,B,2219,True Hardcore Crime (PTF),A,same rows,2,3,food 2,"buff, food, pickable_item",no,"Alchemy, food and survival","Economy, loot and item stats",
390,Stay Clean Longer - Get Dirty Gradually,C,651,Better Combat and Immersion Compilation,A,same rows,2,2,"rpg_param 1, perk_rpg_param_override 1","perk_rpg_param_override, rpg_param",no,"Alchemy, food and survival",Multi-system overhaul,
390,Stay Clean Longer - Get Dirty Gradually,C,1260,RPG Tweaks,C,same rows + whole-table replacement,2,2,"rpg_param 1, perk_rpg_param_override 1","perk_rpg_param_override, rpg_param",no,"Alchemy, food and survival","Perks, skills and XP","1260 replaces perk_rpg_param_override, rpg_param"
765,Poison Overhaul,C,2011,Chefs Kiss,B,same rows,2,2,food 2,"buff, food",yes,"Alchemy, food and survival","Alchemy, food and survival",
770,Perkaholic updated,B,2299,1403 - Historical Rebalance,A,same rows + whole-table replacement,2,2,"buff 1, perk 1","buff, perk",no,"Perks, skills and XP",Multi-system overhaul,"770 replaces buff, perk"
1009,Perkaholic - PTF updated (1.9.4-1.9.8),B,2179,True Hardcore Combat (PTF),B,same rows,2,2,buff 2,"buff, perk2perk_exclusivity",no,"Perks, skills and XP",Combat mechanics and AI,
1260,RPG Tweaks,C,1292,Ultimate Repair Kit 2.0,C,same rows + whole-table replacement,2,2,"rpg_param 1, perk_rpg_param_override 1","perk_rpg_param_override, rpg_param",yes,"Perks, skills and XP","Perks, skills and XP","1260 replaces perk_rpg_param_override, rpg_param"
1260,RPG Tweaks,C,1842,Realistic Repairs,C,same rows + whole-table replacement,2,2,"rpg_param 1, perk_rpg_param_override 1","perk_rpg_param_override, rpg_param",yes,"Perks, skills and XP","Perks, skills and XP","1260 replaces perk_rpg_param_override, rpg_param"
1292,Ultimate Repair Kit 2.0,C,1558,Karnages_KCD_Essential_Fixes 2.0,B,same rows,2,2,"rpg_param 1, perk_rpg_param_override 1","perk_rpg_param_override, rpg_param",no,"Perks, skills and XP",Multi-system overhaul,
1842,Realistic Repairs,C,2188,True Hardcore Economy (PTF),A,same rows,2,2,"rpg_param 1, perk_rpg_param_override 1","perk_rpg_param_override, rpg_param",no,"Perks, skills and XP","Economy, loot and item stats",
1864,Cheap Savior Schnapps - PTF,C,2011,Chefs Kiss,B,same rows,2,2,"food 1, pickable_item 1","food, pickable_item",no,"Economy, loot and item stats","Alchemy, food and survival",
651,Better Combat and Immersion Compilation,A,1236,Easy Combat PTF (easy parry and master strike),C,same rows,2,1,rpg_param 2,rpg_param,no,Multi-system overhaul,Combat mechanics and AI,
651,Better Combat and Immersion Compilation,A,1426,Energy and Hunger Patch for Timescale Mods (PTF),C,same rows,2,1,rpg_param 2,rpg_param,no,Multi-system overhaul,"Alchemy, food and survival",
765,Poison Overhaul,C,2345,Food and Drinks rebalance,B,same rows + whole-table replacement,2,1,food 2,food,yes,"Alchemy, food and survival","Alchemy, food and survival",2345 replaces food
804,Loose (An Archery Mod),C,1260,RPG Tweaks,C,same rows + whole-table replacement,2,1,rpg_param 2,rpg_param,no,"Archery: bows, arrows, aiming","Perks, skills and XP",804 replaces rpg_param; 1260 replaces rpg_param
804,Loose (An Archery Mod),C,1334,Fast Learning Henry,C,same rows + whole-table replacement,2,1,rpg_param 2,rpg_param,no,"Archery: bows, arrows, aiming","Perks, skills and XP",804 replaces rpg_param; 1334 replaces rpg_param
804,Loose (An Archery Mod),C,1558,Karnages_KCD_Essential_Fixes 2.0,B,same rows + whole-table replacement,2,1,rpg_param 2,rpg_param,no,"Archery: bows, arrows, aiming",Multi-system overhaul,804 replaces rpg_param
1070,Better Combat,C,1236,Easy Combat PTF (easy parry and master strike),C,same rows,2,1,rpg_param 2,rpg_param,no,"Perks, skills and XP",Combat mechanics and AI,
1084,Overpowered Bows - PTF Edition,C,1564,Karnages_Rebalanced_Bows 2.0,C,same rows,2,1,missile_weapon 2,missile_weapon,yes,"Archery: bows, arrows, aiming","Archery: bows, arrows, aiming",
1084,Overpowered Bows - PTF Edition,C,2299,1403 - Historical Rebalance,A,same rows,2,1,missile_weapon 2,missile_weapon,no,"Archery: bows, arrows, aiming",Multi-system overhaul,
1100,Faster archery - PTF Edition,C,1668,Relaxed RPG Params,C,same rows,2,1,rpg_param 2,rpg_param,no,"Archery: bows, arrows, aiming",Combat mechanics and AI,
1100,Faster archery - PTF Edition,C,2179,True Hardcore Combat (PTF),B,same rows,2,1,rpg_param 2,rpg_param,no,"Archery: bows, arrows, aiming",Combat mechanics and AI,
1236,Easy Combat PTF (easy parry and master strike),C,1260,RPG Tweaks,C,same rows + whole-table replacement,2,1,rpg_param 2,rpg_param,no,Combat mechanics and AI,"Perks, skills and XP",1260 replaces rpg_param
1236,Easy Combat PTF (easy parry and master strike),C,1558,Karnages_KCD_Essential_Fixes 2.0,B,same rows,2,1,rpg_param 2,rpg_param,no,Combat mechanics and AI,Multi-system overhaul,
1236,Easy Combat PTF (easy parry and master strike),C,1668,Relaxed RPG Params,C,same rows,2,1,rpg_param 2,rpg_param,yes,Combat mechanics and AI,Combat mechanics and AI,
1236,Easy Combat PTF (easy parry and master strike),C,2124,Half-looted Rebalance,A,same rows,2,1,rpg_param 2,rpg_param,no,Combat mechanics and AI,Multi-system overhaul,
1236,Easy Combat PTF (easy parry and master strike),C,2179,True Hardcore Combat (PTF),B,same rows,2,1,rpg_param 2,rpg_param,yes,Combat mechanics and AI,Combat mechanics and AI,
1236,Easy Combat PTF (easy parry and master strike),C,2299,1403 - Historical Rebalance,A,same rows,2,1,rpg_param 2,rpg_param,no,Combat mechanics and AI,Multi-system overhaul,
1243,Easier Enemies PTF (Dumber Enemies),C,2294,Faster Combat - Directional Master Strikes - Better Group Fights,A,same rows,2,1,rpg_param 2,rpg_param,yes,Combat mechanics and AI,Combat mechanics and AI,
1260,RPG Tweaks,C,1564,Karnages_Rebalanced_Bows 2.0,C,same rows + whole-table replacement,2,1,rpg_param 2,rpg_param,no,"Perks, skills and XP","Archery: bows, arrows, aiming",1260 replaces rpg_param
1260,RPG Tweaks,C,1678,Better Archery,C,same rows + whole-table replacement,2,1,rpg_param 2,rpg_param,no,"Perks, skills and XP","Archery: bows, arrows, aiming",1260 replaces rpg_param
1334,Fast Learning Henry,C,1564,Karnages_Rebalanced_Bows 2.0,C,same rows + whole-table replacement,2,1,rpg_param 2,rpg_param,no,"Perks, skills and XP","Archery: bows, arrows, aiming",1334 replaces rpg_param
1334,Fast Learning Henry,C,1678,Better Archery,C,same rows + whole-table replacement,2,1,rpg_param 2,rpg_param,no,"Perks, skills and XP","Archery: bows, arrows, aiming",1334 replaces rpg_param
1334,Fast Learning Henry,C,1883,Better Pickpocket - FIXED,C,same rows + whole-table replacement,2,1,rpg_param 2,rpg_param,no,"Perks, skills and XP","Crime, stealth and reputation",1334 replaces rpg_param
1334,Fast Learning Henry,C,2179,True Hardcore Combat (PTF),B,same rows + whole-table replacement,2,1,rpg_param 2,rpg_param,no,"Perks, skills and XP",Combat mechanics and AI,1334 replaces rpg_param
1334,Fast Learning Henry,C,2219,True Hardcore Crime (PTF),A,same rows + whole-table replacement,2,1,rpg_param 2,rpg_param,no,"Perks, skills and XP","Economy, loot and item stats",1334 replaces rpg_param
1426,Energy and Hunger Patch for Timescale Mods (PTF),C,2124,Half-looted Rebalance,A,same rows,2,1,rpg_param 2,rpg_param,no,"Alchemy, food and survival",Multi-system overhaul,
1558,Karnages_KCD_Essential_Fixes 2.0,B,1564,Karnages_Rebalanced_Bows 2.0,C,same rows,2,1,rpg_param 2,rpg_param,no,Multi-system overhaul,"Archery: bows, arrows, aiming",
1558,Karnages_KCD_Essential_Fixes 2.0,B,1678,Better Archery,C,same rows,2,1,rpg_param 2,rpg_param,no,Multi-system overhaul,"Archery: bows, arrows, aiming",
1558,Karnages_KCD_Essential_Fixes 2.0,B,1883,Better Pickpocket - FIXED,C,same rows,2,1,rpg_param 2,rpg_param,no,Multi-system overhaul,"Crime, stealth and reputation",
1668,Relaxed RPG Params,C,1842,Realistic Repairs,C,same rows,2,1,rpg_param 2,rpg_param,no,Combat mechanics and AI,"Perks, skills and XP",
1693,Ravens beak and Spiked warhammer icon swap,D,2124,Half-looted Rebalance,A,same rows,2,1,player_item 2,player_item,no,"Economy, loot and item stats",Multi-system overhaul,
1693,Ravens beak and Spiked warhammer icon swap,D,2299,1403 - Historical Rebalance,A,same rows,2,1,player_item 2,player_item,no,"Economy, loot and item stats",Multi-system overhaul,
1736,Rogue Life,A,2210,True Hardcore Alchemy (PTF),A,same rows,2,1,buff 2,buff,no,"Perks, skills and XP","Alchemy, food and survival",
1883,Better Pickpocket - FIXED,C,2299,1403 - Historical Rebalance,A,same rows,2,1,rpg_param 2,rpg_param,no,"Crime, stealth and reputation",Multi-system overhaul,
1926,Potion no Satiety and ADD Heal plus Energy,C,2208,Medieval Poisons - True Hardcore Compatibility Patch (PTF),A,same rows,2,1,food 2,food,yes,"Alchemy, food and survival","Alchemy, food and survival",
1926,Potion no Satiety and ADD Heal plus Energy,C,2219,True Hardcore Crime (PTF),A,same rows,2,1,food 2,food,no,"Alchemy, food and survival","Economy, loot and item stats",
2021,Repair Kits - Balanced and Scaled PTF,C,2340,MatthusTweaks - Equipment and Progression Overhaul (PTF),A,same rows,2,1,ointment_item 2,ointment_item,no,"Alchemy, food and survival","Economy, loot and item stats",
2219,True Hardcore Crime (PTF),A,2345,Food and Drinks rebalance,B,same rows + whole-table replacement,2,1,food 2,food,no,"Economy, loot and item stats","Alchemy, food and survival",2345 replaces food
883,KingdomCome Rebalancing,A,2173,True Hardcore Maintenance (PTF),B,same rows + whole-table replacement,1,6,rpg_param 1,"armor, buff, inventory_preset2item, perk_rpg_param_override, pickable_item, rpg_param",no,Multi-system overhaul,"Weapons, armour and durability","883 replaces armor, buff, inventory_preset2item, ointment_item, perk_rpg_param_override, pickable_item, rpg_param, skill2item_category"
1380,Black Items Fix,B,2124,Half-looted Rebalance,A,same rows + whole-table replacement,1,6,shop_type2item 1,"armor, equippable_item, item, pickable_item, player_item, shop_type2item",no,"Economy, loot and item stats",Multi-system overhaul,2124 replaces shop_type2item
2188,True Hardcore Economy (PTF),A,2219,True Hardcore Crime (PTF),A,same rows,1,5,buff 1,"buff, food, pickable_item, reputation_change, rpg_param",yes,"Economy, loot and item stats","Economy, loot and item stats",
85,Perkaholic,B,1736,Rogue Life,A,same rows + whole-table replacement,1,4,buff 1,"buff, perk, perk2perk_exclusivity, perk_buff",yes,"Perks, skills and XP","Perks, skills and XP","85 replaces buff, perk, perk2perk_exclusivity, perk_buff"
1563,Karnages_Polearm_Restoration 2.0,A,2340,MatthusTweaks - Equipment and Progression Overhaul (PTF),A,same rows,1,4,melee_weapon 1,"melee_weapon, shop_type2item, weapon, weapon2weapon_preset",no,Combat mechanics and AI,"Economy, loot and item stats",
2173,True Hardcore Maintenance (PTF),B,2179,True Hardcore Combat (PTF),B,same rows,1,4,buff 1,"buff, perk_rpg_param_override, pickable_item, rpg_param",no,"Weapons, armour and durability",Combat mechanics and AI,
85,Perkaholic,B,765,Poison Overhaul,C,same rows + whole-table replacement,1,3,buff 1,"buff, perk, perk_buff",no,"Perks, skills and XP","Alchemy, food and survival","85 replaces buff, perk, perk_buff"
765,Poison Overhaul,C,1009,Perkaholic - PTF updated (1.9.4-1.9.8),B,same rows,1,3,buff 1,"buff, perk, perk_buff",no,"Alchemy, food and survival","Perks, skills and XP",
883,KingdomCome Rebalancing,A,1384,Modified Combat Overhaul - Directional Combat and smarter AI,B,same rows + whole-table replacement,1,3,rpg_param 1,"buff, perk_rpg_param_override, rpg_param",no,Multi-system overhaul,Combat mechanics and AI,"883 replaces buff, combat_action_perfect_block, perk_rpg_param_override, rpg_param"
883,KingdomCome Rebalancing,A,2294,Faster Combat - Directional Master Strikes - Better Group Fights,A,same rows + whole-table replacement,1,3,rpg_param 1,"buff, perk_rpg_param_override, rpg_param",no,Multi-system overhaul,Combat mechanics and AI,"883 replaces buff, combat_action_attack, combat_action_perfect_block, combat_action_sync_attack, combat_action_sync_pb_hit, combat_combo, combat_combo_step, perk_rpg_param_override, rpg_param, weapon_"
1990,Veteran Hunting,C,2299,1403 - Historical Rebalance,A,same rows,1,3,buff 1,"buff, perk, soul",no,"NPCs, quests and world content",Multi-system overhaul,
85,Perkaholic,B,1563,Karnages_Polearm_Restoration 2.0,A,same rows + whole-table replacement,1,2,skill 1,"perk, skill",no,"Perks, skills and XP",Combat mechanics and AI,"85 replaces perk, skill"
390,Stay Clean Longer - Get Dirty Gradually,C,883,KingdomCome Rebalancing,A,same rows + whole-table replacement,1,2,rpg_param 1,"perk_rpg_param_override, rpg_param",no,"Alchemy, food and survival",Multi-system overhaul,"883 replaces perk_rpg_param_override, rpg_param"
390,Stay Clean Longer - Get Dirty Gradually,C,1558,Karnages_KCD_Essential_Fixes 2.0,B,same rows,1,2,rpg_param 1,"perk_rpg_param_override, rpg_param",no,"Alchemy, food and survival",Multi-system overhaul,
765,Poison Overhaul,C,2179,True Hardcore Combat (PTF),B,same rows,1,2,buff 1,"buff, food",no,"Alchemy, food and survival",Combat mechanics and AI,
883,KingdomCome Rebalancing,A,1070,Better Combat,C,same rows + whole-table replacement,1,2,rpg_param 1,"perk_rpg_param_override, rpg_param",no,Multi-system overhaul,"Perks, skills and XP","883 replaces perk_rpg_param_override, rpg_param"
883,KingdomCome Rebalancing,A,1112,Combat Overhaul,B,same rows + whole-table replacement,1,2,rpg_param 1,"perk_rpg_param_override, rpg_param",no,Multi-system overhaul,Combat mechanics and AI,"883 replaces combat_action_perfect_block, combat_attack_type, perk_rpg_param_override, rpg_param"
883,KingdomCome Rebalancing,A,1842,Realistic Repairs,C,same rows + whole-table replacement,1,2,rpg_param 1,"perk_rpg_param_override, rpg_param",no,Multi-system overhaul,"Perks, skills and XP","883 replaces perk_rpg_param_override, rpg_param, skill2item_category"
1009,Perkaholic - PTF updated (1.9.4-1.9.8),B,1563,Karnages_Polearm_Restoration 2.0,A,same rows,1,2,skill 1,"perk, skill",no,"Perks, skills and XP",Combat mechanics and AI,
1148,Combo and Weapon rebalance,A,1563,Karnages_Polearm_Restoration 2.0,A,same rows,1,2,melee_weapon 1,"combat_sync_action_hit, melee_weapon",yes,Combat mechanics and AI,Combat mechanics and AI,
1292,Ultimate Repair Kit 2.0,C,2299,1403 - Historical Rebalance,A,same rows,1,2,rpg_param 1,"perk_rpg_param_override, rpg_param",no,"Perks, skills and XP",Multi-system overhaul,
1736,Rogue Life,A,2179,True Hardcore Combat (PTF),B,same rows,1,2,buff 1,"buff, perk2perk_exclusivity",no,"Perks, skills and XP",Combat mechanics and AI,
1842,Realistic Repairs,C,2299,1403 - Historical Rebalance,A,same rows,1,2,rpg_param 1,"perk_rpg_param_override, rpg_param",no,"Perks, skills and XP",Multi-system overhaul,
1864,Cheap Savior Schnapps - PTF,C,2340,MatthusTweaks - Equipment and Progression Overhaul (PTF),A,same rows,1,2,pickable_item 1,"pickable_item, shop_type2item",yes,"Economy, loot and item stats","Economy, loot and item stats",
85,Perkaholic,B,2045,Polearms Unleashed Rebalanced Lite Edition PTF,B,same rows + whole-table replacement,1,1,skill 1,skill,no,"Perks, skills and XP","Economy, loot and item stats",85 replaces skill
85,Perkaholic,B,2208,Medieval Poisons - True Hardcore Compatibility Patch (PTF),A,same rows + whole-table replacement,1,1,buff 1,buff,no,"Perks, skills and XP","Alchemy, food and survival",85 replaces buff
284,No Mo' Slow Mo - Configurable Perfect Block Slow Motion and AI Master Strike frequency,C,651,Better Combat and Immersion Compilation,A,same rows,1,1,rpg_param 1,rpg_param,no,Combat mechanics and AI,Multi-system overhaul,
284,No Mo' Slow Mo - Configurable Perfect Block Slow Motion and AI Master Strike frequency,C,1070,Better Combat,C,same rows,1,1,rpg_param 1,rpg_param,no,Combat mechanics and AI,"Perks, skills and XP",
284,No Mo' Slow Mo - Configurable Perfect Block Slow Motion and AI Master Strike frequency,C,1243,Easier Enemies PTF (Dumber Enemies),C,same rows,1,1,rpg_param 1,rpg_param,yes,Combat mechanics and AI,Combat mechanics and AI,
284,No Mo' Slow Mo - Configurable Perfect Block Slow Motion and AI Master Strike frequency,C,1260,RPG Tweaks,C,same rows + whole-table replacement,1,1,rpg_param 1,rpg_param,no,Combat mechanics and AI,"Perks, skills and XP",1260 replaces rpg_param
284,No Mo' Slow Mo - Configurable Perfect Block Slow Motion and AI Master Strike frequency,C,1384,Modified Combat Overhaul - Directional Combat and smarter AI,B,same rows,1,1,rpg_param 1,rpg_param,yes,Combat mechanics and AI,Combat mechanics and AI,
284,No Mo' Slow Mo - Configurable Perfect Block Slow Motion and AI Master Strike frequency,C,1558,Karnages_KCD_Essential_Fixes 2.0,B,same rows,1,1,rpg_param 1,rpg_param,no,Combat mechanics and AI,Multi-system overhaul,
284,No Mo' Slow Mo - Configurable Perfect Block Slow Motion and AI Master Strike frequency,C,1668,Relaxed RPG Params,C,same rows,1,1,rpg_param 1,rpg_param,yes,Combat mechanics and AI,Combat mechanics and AI,
284,No Mo' Slow Mo - Configurable Perfect Block Slow Motion and AI Master Strike frequency,C,2124,Half-looted Rebalance,A,same rows,1,1,rpg_param 1,rpg_param,no,Combat mechanics and AI,Multi-system overhaul,
284,No Mo' Slow Mo - Configurable Perfect Block Slow Motion and AI Master Strike frequency,C,2179,True Hardcore Combat (PTF),B,same rows,1,1,rpg_param 1,rpg_param,yes,Combat mechanics and AI,Combat mechanics and AI,
284,No Mo' Slow Mo - Configurable Perfect Block Slow Motion and AI Master Strike frequency,C,2294,Faster Combat - Directional Master Strikes - Better Group Fights,A,same rows,1,1,rpg_param 1,rpg_param,yes,Combat mechanics and AI,Combat mechanics and AI,
284,No Mo' Slow Mo - Configurable Perfect Block Slow Motion and AI Master Strike frequency,C,2299,1403 - Historical Rebalance,A,same rows,1,1,rpg_param 1,rpg_param,no,Combat mechanics and AI,Multi-system overhaul,
390,Stay Clean Longer - Get Dirty Gradually,C,1668,Relaxed RPG Params,C,same rows,1,1,rpg_param 1,rpg_param,no,"Alchemy, food and survival",Combat mechanics and AI,
651,Better Combat and Immersion Compilation,A,1334,Fast Learning Henry,C,same rows + whole-table replacement,1,1,rpg_param 1,rpg_param,no,Multi-system overhaul,"Perks, skills and XP",1334 replaces rpg_param
651,Better Combat and Immersion Compilation,A,1578,Weighed Groschen - PTF Version,C,same rows,1,1,pickable_item 1,pickable_item,no,Multi-system overhaul,"Economy, loot and item stats",
651,Better Combat and Immersion Compilation,A,1860,Train More Carry More - PTF,C,same rows,1,1,rpg_param 1,rpg_param,no,Multi-system overhaul,"Economy, loot and item stats",
651,Better Combat and Immersion Compilation,A,1862,Faster Inury Regeneration - PTF,C,same rows,1,1,perk_rpg_param_override 1,perk_rpg_param_override,no,Multi-system overhaul,"Perks, skills and XP",
802,Archery for 1.9,C,1260,RPG Tweaks,C,same rows + whole-table replacement,1,1,rpg_param 1,rpg_param,no,"Archery: bows, arrows, aiming","Perks, skills and XP",802 replaces rpg_param; 1260 replaces rpg_param
802,Archery for 1.9,C,1334,Fast Learning Henry,C,same rows + whole-table replacement,1,1,rpg_param 1,rpg_param,no,"Archery: bows, arrows, aiming","Perks, skills and XP",802 replaces rpg_param; 1334 replaces rpg_param
802,Archery for 1.9,C,1558,Karnages_KCD_Essential_Fixes 2.0,B,same rows + whole-table replacement,1,1,rpg_param 1,rpg_param,no,"Archery: bows, arrows, aiming",Multi-system overhaul,802 replaces rpg_param
883,KingdomCome Rebalancing,A,1243,Easier Enemies PTF (Dumber Enemies),C,same rows + whole-table replacement,1,1,rpg_param 1,rpg_param,no,Multi-system overhaul,Combat mechanics and AI,883 replaces rpg_param
883,KingdomCome Rebalancing,A,1860,Train More Carry More - PTF,C,same rows + whole-table replacement,1,1,rpg_param 1,rpg_param,no,Multi-system overhaul,"Economy, loot and item stats",883 replaces rpg_param
1009,Perkaholic - PTF updated (1.9.4-1.9.8),B,1384,Modified Combat Overhaul - Directional Combat and smarter AI,B,same rows,1,1,buff 1,buff,no,"Perks, skills and XP",Combat mechanics and AI,
1009,Perkaholic - PTF updated (1.9.4-1.9.8),B,2045,Polearms Unleashed Rebalanced Lite Edition PTF,B,same rows,1,1,skill 1,skill,no,"Perks, skills and XP","Economy, loot and item stats",
1084,Overpowered Bows - PTF Edition,C,2124,Half-looted Rebalance,A,same rows,1,1,missile_weapon 1,missile_weapon,no,"Archery: bows, arrows, aiming",Multi-system overhaul,
1112,Combat Overhaul,B,1236,Easy Combat PTF (easy parry and master strike),C,same rows,1,1,rpg_param 1,rpg_param,yes,Combat mechanics and AI,Combat mechanics and AI,
1112,Combat Overhaul,B,1334,Fast Learning Henry,C,same rows + whole-table replacement,1,1,rpg_param 1,rpg_param,no,Combat mechanics and AI,"Perks, skills and XP",1334 replaces rpg_param
1236,Easy Combat PTF (easy parry and master strike),C,2294,Faster Combat - Directional Master Strikes - Better Group Fights,A,same rows,1,1,rpg_param 1,rpg_param,yes,Combat mechanics and AI,Combat mechanics and AI,
1260,RPG Tweaks,C,1419,Immersive Archery,C,same rows + whole-table replacement,1,1,rpg_param 1,rpg_param,no,"Perks, skills and XP","Archery: bows, arrows, aiming",1260 replaces rpg_param
1260,RPG Tweaks,C,1863,Dirty And Charismatic - PTF,C,same rows + whole-table replacement,1,1,perk_rpg_param_override 1,perk_rpg_param_override,yes,"Perks, skills and XP","Perks, skills and XP",1260 replaces perk_rpg_param_override
1260,RPG Tweaks,C,1883,Better Pickpocket - FIXED,C,same rows + whole-table replacement,1,1,rpg_param 1,rpg_param,no,"Perks, skills and XP","Crime, stealth and reputation",1260 replaces rpg_param
1260,RPG Tweaks,C,1938,My Herb Picking Radius,C,same rows + whole-table replacement,1,1,rpg_param 1,rpg_param,no,"Perks, skills and XP","Alchemy, food and survival",1260 replaces rpg_param
1260,RPG Tweaks,C,1950,Skill Books Take Time,C,same rows + whole-table replacement,1,1,rpg_param 1,rpg_param,no,"Perks, skills and XP","NPCs, quests and world content",1260 replaces rpg_param
1260,RPG Tweaks,C,2210,True Hardcore Alchemy (PTF),A,same rows + whole-table replacement,1,1,rpg_param 1,rpg_param,no,"Perks, skills and XP","Alchemy, food and survival",1260 replaces rpg_param
1266,Stronger drinks - PTF Edition,C,1926,Potion no Satiety and ADD Heal plus Energy,C,same rows,1,1,food 1,food,yes,"Alchemy, food and survival","Alchemy, food and survival",
1266,Stronger drinks - PTF Edition,C,2210,True Hardcore Alchemy (PTF),A,same rows,1,1,food 1,food,yes,"Alchemy, food and survival","Alchemy, food and survival",
1292,Ultimate Repair Kit 2.0,C,1668,Relaxed RPG Params,C,same rows,1,1,rpg_param 1,rpg_param,no,"Perks, skills and XP",Combat mechanics and AI,
1334,Fast Learning Henry,C,1384,Modified Combat Overhaul - Directional Combat and smarter AI,B,same rows + whole-table replacement,1,1,rpg_param 1,rpg_param,no,"Perks, skills and XP",Combat mechanics and AI,1334 replaces rpg_param
1334,Fast Learning Henry,C,1419,Immersive Archery,C,same rows + whole-table replacement,1,1,rpg_param 1,rpg_param,no,"Perks, skills and XP","Archery: bows, arrows, aiming",1334 replaces rpg_param
1334,Fast Learning Henry,C,1950,Skill Books Take Time,C,same rows + whole-table replacement,1,1,rpg_param 1,rpg_param,no,"Perks, skills and XP","NPCs, quests and world content",1334 replaces rpg_param
1419,Immersive Archery,C,1558,Karnages_KCD_Essential_Fixes 2.0,B,same rows,1,1,rpg_param 1,rpg_param,no,"Archery: bows, arrows, aiming",Multi-system overhaul,
1425,Saving Soles (PTF),C,1558,Karnages_KCD_Essential_Fixes 2.0,B,same rows,1,1,rpg_param 1,rpg_param,no,"Weapons, armour and durability",Multi-system overhaul,
1425,Saving Soles (PTF),C,1668,Relaxed RPG Params,C,same rows,1,1,rpg_param 1,rpg_param,no,"Weapons, armour and durability",Combat mechanics and AI,
1558,Karnages_KCD_Essential_Fixes 2.0,B,1862,Faster Inury Regeneration - PTF,C,same rows,1,1,perk_rpg_param_override 1,perk_rpg_param_override,no,Multi-system overhaul,"Perks, skills and XP",
1558,Karnages_KCD_Essential_Fixes 2.0,B,1863,Dirty And Charismatic - PTF,C,same rows,1,1,perk_rpg_param_override 1,perk_rpg_param_override,no,Multi-system overhaul,"Perks, skills and XP",
1558,Karnages_KCD_Essential_Fixes 2.0,B,1938,My Herb Picking Radius,C,same rows,1,1,rpg_param 1,rpg_param,no,Multi-system overhaul,"Alchemy, food and survival",
1558,Karnages_KCD_Essential_Fixes 2.0,B,1950,Skill Books Take Time,C,same rows,1,1,rpg_param 1,rpg_param,no,Multi-system overhaul,"NPCs, quests and world content",
1558,Karnages_KCD_Essential_Fixes 2.0,B,2210,True Hardcore Alchemy (PTF),A,same rows,1,1,rpg_param 1,rpg_param,no,Multi-system overhaul,"Alchemy, food and survival",
1559,Karnages_Weapons_Damage_Balance 2.0,C,1563,Karnages_Polearm_Restoration 2.0,A,same rows,1,1,melee_weapon 1,melee_weapon,no,"Weapons, armour and durability",Combat mechanics and AI,
1560,Karnages_Durability_Redux,A,1893,Bianca's Ring PTF,C,same rows,1,1,armor 1,armor,yes,"Weapons, armour and durability","Weapons, armour and durability",
1572,Increased Experience Gains,C,1883,Better Pickpocket - FIXED,C,same rows,1,1,rpg_param 1,rpg_param,no,"Perks, skills and XP","Crime, stealth and reputation",
1572,Increased Experience Gains,C,1950,Skill Books Take Time,C,same rows,1,1,rpg_param 1,rpg_param,no,"Perks, skills and XP","NPCs, quests and world content",
1578,Weighed Groschen - PTF Version,C,2299,1403 - Historical Rebalance,A,same rows,1,1,pickable_item 1,pickable_item,no,"Economy, loot and item stats",Multi-system overhaul,
1839,Realistic Horses,A,1860,Train More Carry More - PTF,C,same rows,1,1,rpg_param 1,rpg_param,no,"Weapons, armour and durability","Economy, loot and item stats",
1853,Richer Merchants (PTF),C,2124,Half-looted Rebalance,A,same rows + whole-table replacement,1,1,shop_type2item 1,shop_type2item,no,"Economy, loot and item stats",Multi-system overhaul,2124 replaces shop_type2item
1853,Richer Merchants (PTF),C,2165,Merchants Richer,C,same rows,1,1,shop_type2item 1,shop_type2item,yes,"Economy, loot and item stats","Economy, loot and item stats",
1853,Richer Merchants (PTF),C,2188,True Hardcore Economy (PTF),A,same rows,1,1,shop_type2item 1,shop_type2item,yes,"Economy, loot and item stats","Economy, loot and item stats",
1853,Richer Merchants (PTF),C,2299,1403 - Historical Rebalance,A,same rows,1,1,shop_type2item 1,shop_type2item,no,"Economy, loot and item stats",Multi-system overhaul,
1863,Dirty And Charismatic - PTF,C,2188,True Hardcore Economy (PTF),A,same rows,1,1,perk_rpg_param_override 1,perk_rpg_param_override,no,"Perks, skills and XP","Economy, loot and item stats",
1864,Cheap Savior Schnapps - PTF,C,1926,Potion no Satiety and ADD Heal plus Energy,C,same rows,1,1,food 1,food,no,"Economy, loot and item stats","Alchemy, food and survival",
1893,Bianca's Ring PTF,C,2299,1403 - Historical Rebalance,A,same rows,1,1,armor 1,armor,no,"Weapons, armour and durability",Multi-system overhaul,
1938,My Herb Picking Radius,C,2210,True Hardcore Alchemy (PTF),A,same rows,1,1,rpg_param 1,rpg_param,yes,"Alchemy, food and survival","Alchemy, food and survival",
1938,My Herb Picking Radius,C,2299,1403 - Historical Rebalance,A,same rows,1,1,rpg_param 1,rpg_param,no,"Alchemy, food and survival",Multi-system overhaul,
2021,Repair Kits - Balanced and Scaled PTF,C,2173,True Hardcore Maintenance (PTF),B,same rows,1,1,ointment_item 1,ointment_item,no,"Alchemy, food and survival","Weapons, armour and durability",
2124,Half-looted Rebalance,A,2165,Merchants Richer,C,same rows + whole-table replacement,1,1,shop_type2item 1,shop_type2item,no,Multi-system overhaul,"Economy, loot and item stats",2124 replaces shop_type2item
2165,Merchants Richer,C,2188,True Hardcore Economy (PTF),A,same rows,1,1,shop_type2item 1,shop_type2item,yes,"Economy, loot and item stats","Economy, loot and item stats",
2165,Merchants Richer,C,2299,1403 - Historical Rebalance,A,same rows,1,1,shop_type2item 1,shop_type2item,no,"Economy, loot and item stats",Multi-system overhaul,
1062,SIM Camping Mini ML 1.5.1.1,B,2299,1403 - Historical Rebalance,A,same table only,0,7,,"buff, food, ointment_item, perk, pickable_item, player_item, shop_type2item",no,"Economy, loot and item stats",Multi-system overhaul,
651,Better Combat and Immersion Compilation,A,2173,True Hardcore Maintenance (PTF),B,same table only,0,6,,"armor, buff, inventory_preset2item, perk_rpg_param_override, pickable_item, rpg_param",no,Multi-system overhaul,"Weapons, armour and durability",
2124,Half-looted Rebalance,A,2209,Poisonous Enemies - True Hardcore Compatibility Patch (PTF),B,whole-table replacement,0,6,,"armor, armor_type, buff, pickable_item, player_item, shop_type2item",no,Multi-system overhaul,"Economy, loot and item stats",2124 replaces shop_type2item
1062,SIM Camping Mini ML 1.5.1.1,B,2219,True Hardcore Crime (PTF),A,same table only,0,5,,"buff, food, perk, perk_buff, pickable_item",yes,"Economy, loot and item stats","Economy, loot and item stats",
2179,True Hardcore Combat (PTF),B,2188,True Hardcore Economy (PTF),A,same table only,0,5,,"buff, food, perk_rpg_param_override, pickable_item, rpg_param",no,Combat mechanics and AI,"Economy, loot and item stats",
2179,True Hardcore Combat (PTF),B,2219,True Hardcore Crime (PTF),A,same table only,0,5,,"buff, food, perk2perk_exclusivity, pickable_item, rpg_param",no,Combat mechanics and AI,"Economy, loot and item stats",
2209,Poisonous Enemies - True Hardcore Compatibility Patch (PTF),B,2299,1403 - Historical Rebalance,A,same table only,0,5,,"armor, buff, pickable_item, player_item, shop_type2item",no,"Economy, loot and item stats",Multi-system overhaul,
651,Better Combat and Immersion Compilation,A,1062,SIM Camping Mini ML 1.5.1.1,B,same table only,0,4,,"buff, food, pickable_item, shop_type2item",no,Multi-system overhaul,"Economy, loot and item stats",
651,Better Combat and Immersion Compilation,A,1380,Black Items Fix,B,same table only,0,4,,"armor, equippable_item, pickable_item, shop_type2item",no,Multi-system overhaul,"Economy, loot and item stats",
651,Better Combat and Immersion Compilation,A,2209,Poisonous Enemies - True Hardcore Compatibility Patch (PTF),B,same table only,0,4,,"armor, buff, pickable_item, shop_type2item",no,Multi-system overhaul,"Economy, loot and item stats",
765,Poison Overhaul,C,1062,SIM Camping Mini ML 1.5.1.1,B,same table only,0,4,,"buff, food, perk, perk_buff",no,"Alchemy, food and survival","Economy, loot and item stats",
765,Poison Overhaul,C,2219,True Hardcore Crime (PTF),A,same table only,0,4,,"buff, food, perk, perk_buff",no,"Alchemy, food and survival","Economy, loot and item stats",
883,KingdomCome Rebalancing,A,2045,Polearms Unleashed Rebalanced Lite Edition PTF,B,whole-table replacement,0,4,,"equippable_item, melee_weapon, pickable_item, weapon",no,Multi-system overhaul,"Economy, loot and item stats","883 replaces combat_action_attack, combat_action_guard_movement, combat_action_perfect_block, combat_action_pose_modifier, combat_action_sync_pb_hit, equippable_item, melee_weapon, pickable_item, shop"
883,KingdomCome Rebalancing,A,2219,True Hardcore Crime (PTF),A,whole-table replacement,0,4,,"buff, perk, pickable_item, rpg_param",no,Multi-system overhaul,"Economy, loot and item stats","883 replaces buff, food, perk, perk2perk_exclusivity, perk_buff, pickable_item, reputation_change, rpg_param"
1009,Perkaholic - PTF updated (1.9.4-1.9.8),B,1736,Rogue Life,A,same table only,0,4,,"buff, perk, perk2perk_exclusivity, perk_buff",yes,"Perks, skills and XP","Perks, skills and XP",
1009,Perkaholic - PTF updated (1.9.4-1.9.8),B,2219,True Hardcore Crime (PTF),A,same table only,0,4,,"buff, perk, perk2perk_exclusivity, perk_buff",no,"Perks, skills and XP","Economy, loot and item stats",
1062,SIM Camping Mini ML 1.5.1.1,B,1195,Get Water,C,same table only,0,4,,"item, pickable_item, player_item, questible_item",yes,"Economy, loot and item stats","Economy, loot and item stats",
1062,SIM Camping Mini ML 1.5.1.1,B,1380,Black Items Fix,B,same table only,0,4,,"item, pickable_item, player_item, shop_type2item",yes,"Economy, loot and item stats","Economy, loot and item stats",
1062,SIM Camping Mini ML 1.5.1.1,B,2011,Chefs Kiss,B,same table only,0,4,,"buff, food, item, pickable_item",no,"Economy, loot and item stats","Alchemy, food and survival",
1062,SIM Camping Mini ML 1.5.1.1,B,2188,True Hardcore Economy (PTF),A,same table only,0,4,,"buff, food, pickable_item, shop_type2item",yes,"Economy, loot and item stats","Economy, loot and item stats",
1062,SIM Camping Mini ML 1.5.1.1,B,2209,Poisonous Enemies - True Hardcore Compatibility Patch (PTF),B,same table only,0,4,,"buff, pickable_item, player_item, shop_type2item",yes,"Economy, loot and item stats","Economy, loot and item stats",
1375,No Aim Spread (Bow sway disabler),C,2124,Half-looted Rebalance,A,whole-table replacement,0,4,,"buff, perk, perk_buff, soul2perk",no,"Perks, skills and XP",Multi-system overhaul,2124 replaces soul2perk
1380,Black Items Fix,B,2035,Ordinance an Archery Overhaul,B,same table only,0,4,,"equippable_item, item, pickable_item, player_item",yes,"Economy, loot and item stats","Economy, loot and item stats",
1380,Black Items Fix,B,2209,Poisonous Enemies - True Hardcore Compatibility Patch (PTF),B,same table only,0,4,,"armor, pickable_item, player_item, shop_type2item",yes,"Economy, loot and item stats","Economy, loot and item stats",
1563,Karnages_Polearm_Restoration 2.0,A,2049,Simple Ragdoll Physics,A,same table only,0,4,,"combat_action_attack, combat_action_sync_attack, weapon, weapon_class",yes,Combat mechanics and AI,Combat mechanics and AI,
1990,Veteran Hunting,C,2124,Half-looted Rebalance,A,same table only,0,4,,"buff, perk, perk_buff, soul",no,"NPCs, quests and world content",Multi-system overhaul,
2035,Ordinance an Archery Overhaul,B,2045,Polearms Unleashed Rebalanced Lite Edition PTF,B,same table only,0,4,,"equippable_item, pickable_item, weapon, weapon_class",yes,"Economy, loot and item stats","Economy, loot and item stats",
2045,Polearms Unleashed Rebalanced Lite Edition PTF,B,2049,Simple Ragdoll Physics,A,same table only,0,4,,"combat_action_attack, pickable_item, weapon, weapon_class",no,"Economy, loot and item stats",Combat mechanics and AI,
2045,Polearms Unleashed Rebalanced Lite Edition PTF,B,2340,MatthusTweaks - Equipment and Progression Overhaul (PTF),A,same table only,0,4,,"melee_weapon, pickable_item, shop_type2item, weapon",yes,"Economy, loot and item stats","Economy, loot and item stats",
2188,True Hardcore Economy (PTF),A,2208,Medieval Poisons - True Hardcore Compatibility Patch (PTF),A,same table only,0,4,,"buff, food, inventory2item, rpg_param",no,"Economy, loot and item stats","Alchemy, food and survival",
85,Perkaholic,B,1062,SIM Camping Mini ML 1.5.1.1,B,whole-table replacement,0,3,,"buff, perk, perk_buff",no,"Perks, skills and XP","Economy, loot and item stats","85 replaces buff, perk, perk_buff"
85,Perkaholic,B,1375,No Aim Spread (Bow sway disabler),C,whole-table replacement,0,3,,"buff, perk, perk_buff",yes,"Perks, skills and XP","Perks, skills and XP","85 replaces buff, perk, perk_buff"
85,Perkaholic,B,1990,Veteran Hunting,C,whole-table replacement,0,3,,"buff, perk, perk_buff",no,"Perks, skills and XP","NPCs, quests and world content","85 replaces buff, perk, perk_buff"
651,Better Combat and Immersion Compilation,A,1864,Cheap Savior Schnapps - PTF,C,same table only,0,3,,"food, pickable_item, shop_type2item",no,Multi-system overhaul,"Economy, loot and item stats",
765,Poison Overhaul,C,770,Perkaholic updated,B,whole-table replacement,0,3,,"buff, perk, perk_buff",no,"Alchemy, food and survival","Perks, skills and XP","770 replaces buff, perk, perk_buff"
765,Poison Overhaul,C,1375,No Aim Spread (Bow sway disabler),C,same table only,0,3,,"buff, perk, perk_buff",no,"Alchemy, food and survival","Perks, skills and XP",
765,Poison Overhaul,C,1736,Rogue Life,A,same table only,0,3,,"buff, perk, perk_buff",no,"Alchemy, food and survival","Perks, skills and XP",
765,Poison Overhaul,C,1990,Veteran Hunting,C,same table only,0,3,,"buff, perk, perk_buff",no,"Alchemy, food and survival","NPCs, quests and world content",
770,Perkaholic updated,B,1062,SIM Camping Mini ML 1.5.1.1,B,whole-table replacement,0,3,,"buff, perk, perk_buff",no,"Perks, skills and XP","Economy, loot and item stats","770 replaces buff, perk, perk_buff"
770,Perkaholic updated,B,1375,No Aim Spread (Bow sway disabler),C,whole-table replacement,0,3,,"buff, perk, perk_buff",yes,"Perks, skills and XP","Perks, skills and XP","770 replaces buff, perk, perk_buff"
770,Perkaholic updated,B,1736,Rogue Life,A,whole-table replacement,0,3,,"buff, perk, perk_buff",yes,"Perks, skills and XP","Perks, skills and XP","770 replaces buff, perk, perk2perk_exclusivity, perk_buff"
770,Perkaholic updated,B,1990,Veteran Hunting,C,whole-table replacement,0,3,,"buff, perk, perk_buff",no,"Perks, skills and XP","NPCs, quests and world content","770 replaces buff, perk, perk_buff"
770,Perkaholic updated,B,2124,Half-looted Rebalance,A,whole-table replacement,0,3,,"buff, perk, perk_buff",no,"Perks, skills and XP",Multi-system overhaul,"770 replaces buff, perk, perk_buff"
770,Perkaholic updated,B,2219,True Hardcore Crime (PTF),A,whole-table replacement,0,3,,"buff, perk, perk_buff",no,"Perks, skills and XP","Economy, loot and item stats","770 replaces buff, perk, perk2perk_exclusivity, perk_buff"
883,KingdomCome Rebalancing,A,1062,SIM Camping Mini ML 1.5.1.1,B,whole-table replacement,0,3,,"buff, perk, pickable_item",no,Multi-system overhaul,"Economy, loot and item stats","883 replaces buff, food, item, ointment_item, perk, perk_buff, pickable_item, player_item, questible_item, shop_type2item, sleeping_spot_type"
883,KingdomCome Rebalancing,A,1380,Black Items Fix,B,whole-table replacement,0,3,,"armor, equippable_item, pickable_item",no,Multi-system overhaul,"Economy, loot and item stats","883 replaces armor, clothing, clothing_raycast, equippable_item, item, pickable_item, player_item, shop_type2item"
883,KingdomCome Rebalancing,A,1563,Karnages_Polearm_Restoration 2.0,A,whole-table replacement,0,3,,"melee_weapon, perk, weapon",no,Multi-system overhaul,Combat mechanics and AI,"883 replaces combat_action_attack, combat_action_guard_movement, combat_action_perfect_block, combat_action_pose_modifier, combat_action_sync_attack, combat_action_sync_hit, combat_action_sync_pb_hit,"
883,KingdomCome Rebalancing,A,2035,Ordinance an Archery Overhaul,B,whole-table replacement,0,3,,"equippable_item, pickable_item, weapon",no,Multi-system overhaul,"Economy, loot and item stats","883 replaces ammo, equippable_item, item, missile_weapon, pickable_item, player_item, weapon, weapon_class"
883,KingdomCome Rebalancing,A,2209,Poisonous Enemies - True Hardcore Compatibility Patch (PTF),B,whole-table replacement,0,3,,"armor, buff, pickable_item",no,Multi-system overhaul,"Economy, loot and item stats","883 replaces armor, armor_type, buff, pickable_item, player_item, shop_type2item"
883,KingdomCome Rebalancing,A,2210,True Hardcore Alchemy (PTF),A,whole-table replacement,0,3,,"buff, pickable_item, rpg_param",no,Multi-system overhaul,"Alchemy, food and survival","883 replaces buff, divisible_item, food, pickable_item, rpg_param"
1009,Perkaholic - PTF updated (1.9.4-1.9.8),B,1062,SIM Camping Mini ML 1.5.1.1,B,same table only,0,3,,"buff, perk, perk_buff",no,"Perks, skills and XP","Economy, loot and item stats",
1009,Perkaholic - PTF updated (1.9.4-1.9.8),B,1375,No Aim Spread (Bow sway disabler),C,same table only,0,3,,"buff, perk, perk_buff",yes,"Perks, skills and XP","Perks, skills and XP",
1009,Perkaholic - PTF updated (1.9.4-1.9.8),B,1990,Veteran Hunting,C,same table only,0,3,,"buff, perk, perk_buff",no,"Perks, skills and XP","NPCs, quests and world content",
1062,SIM Camping Mini ML 1.5.1.1,B,1375,No Aim Spread (Bow sway disabler),C,same table only,0,3,,"buff, perk, perk_buff",no,"Economy, loot and item stats","Perks, skills and XP",
1062,SIM Camping Mini ML 1.5.1.1,B,1736,Rogue Life,A,same table only,0,3,,"buff, perk, perk_buff",no,"Economy, loot and item stats","Perks, skills and XP",
1062,SIM Camping Mini ML 1.5.1.1,B,1864,Cheap Savior Schnapps - PTF,C,same table only,0,3,,"food, pickable_item, shop_type2item",yes,"Economy, loot and item stats","Economy, loot and item stats",
1062,SIM Camping Mini ML 1.5.1.1,B,1990,Veteran Hunting,C,same table only,0,3,,"buff, perk, perk_buff",no,"Economy, loot and item stats","NPCs, quests and world content",
1062,SIM Camping Mini ML 1.5.1.1,B,2035,Ordinance an Archery Overhaul,B,same table only,0,3,,"item, pickable_item, player_item",yes,"Economy, loot and item stats","Economy, loot and item stats",
1062,SIM Camping Mini ML 1.5.1.1,B,2173,True Hardcore Maintenance (PTF),B,same table only,0,3,,"buff, ointment_item, pickable_item",no,"Economy, loot and item stats","Weapons, armour and durability",
1062,SIM Camping Mini ML 1.5.1.1,B,2179,True Hardcore Combat (PTF),B,same table only,0,3,,"buff, food, pickable_item",no,"Economy, loot and item stats",Combat mechanics and AI,
1062,SIM Camping Mini ML 1.5.1.1,B,2210,True Hardcore Alchemy (PTF),A,same table only,0,3,,"buff, food, pickable_item",no,"Economy, loot and item stats","Alchemy, food and survival",
1062,SIM Camping Mini ML 1.5.1.1,B,2340,MatthusTweaks - Equipment and Progression Overhaul (PTF),A,same table only,0,3,,"ointment_item, pickable_item, shop_type2item",yes,"Economy, loot and item stats","Economy, loot and item stats",
1195,Get Water,C,1380,Black Items Fix,B,same table only,0,3,,"item, pickable_item, player_item",yes,"Economy, loot and item stats","Economy, loot and item stats",
1195,Get Water,C,2035,Ordinance an Archery Overhaul,B,same table only,0,3,,"item, pickable_item, player_item",yes,"Economy, loot and item stats","Economy, loot and item stats",
1195,Get Water,C,2124,Half-looted Rebalance,A,same table only,0,3,,"item, pickable_item, player_item",no,"Economy, loot and item stats",Multi-system overhaul,
1375,No Aim Spread (Bow sway disabler),C,1736,Rogue Life,A,same table only,0,3,,"buff, perk, perk_buff",yes,"Perks, skills and XP","Perks, skills and XP",
1375,No Aim Spread (Bow sway disabler),C,1990,Veteran Hunting,C,same table only,0,3,,"buff, perk, perk_buff",no,"Perks, skills and XP","NPCs, quests and world content",
1375,No Aim Spread (Bow sway disabler),C,2219,True Hardcore Crime (PTF),A,same table only,0,3,,"buff, perk, perk_buff",no,"Perks, skills and XP","Economy, loot and item stats",
1380,Black Items Fix,B,2045,Polearms Unleashed Rebalanced Lite Edition PTF,B,same table only,0,3,,"equippable_item, pickable_item, shop_type2item",yes,"Economy, loot and item stats","Economy, loot and item stats",
1380,Black Items Fix,B,2340,MatthusTweaks - Equipment and Progression Overhaul (PTF),A,same table only,0,3,,"armor, pickable_item, shop_type2item",yes,"Economy, loot and item stats","Economy, loot and item stats",
1384,Modified Combat Overhaul - Directional Combat and smarter AI,B,2173,True Hardcore Maintenance (PTF),B,same table only,0,3,,"buff, perk_rpg_param_override, rpg_param",no,Combat mechanics and AI,"Weapons, armour and durability",
1384,Modified Combat Overhaul - Directional Combat and smarter AI,B,2188,True Hardcore Economy (PTF),A,same table only,0,3,,"buff, perk_rpg_param_override, rpg_param",no,Combat mechanics and AI,"Economy, loot and item stats",
1736,Rogue Life,A,1990,Veteran Hunting,C,same table only,0,3,,"buff, perk, perk_buff",no,"Perks, skills and XP","NPCs, quests and world content",
1736,Rogue Life,A,2188,True Hardcore Economy (PTF),A,same table only,0,3,,"buff, reputation_change, sequence",no,"Perks, skills and XP","Economy, loot and item stats",
1864,Cheap Savior Schnapps - PTF,C,2188,True Hardcore Economy (PTF),A,same table only,0,3,,"food, pickable_item, shop_type2item",yes,"Economy, loot and item stats","Economy, loot and item stats",
1990,Veteran Hunting,C,2219,True Hardcore Crime (PTF),A,same table only,0,3,,"buff, perk, perk_buff",no,"NPCs, quests and world content","Economy, loot and item stats",
2173,True Hardcore Maintenance (PTF),B,2209,Poisonous Enemies - True Hardcore Compatibility Patch (PTF),B,same table only,0,3,,"armor, buff, pickable_item",no,"Weapons, armour and durability","Economy, loot and item stats",
2173,True Hardcore Maintenance (PTF),B,2210,True Hardcore Alchemy (PTF),A,same table only,0,3,,"buff, pickable_item, rpg_param",no,"Weapons, armour and durability","Alchemy, food and survival",
2173,True Hardcore Maintenance (PTF),B,2219,True Hardcore Crime (PTF),A,same table only,0,3,,"buff, pickable_item, rpg_param",no,"Weapons, armour and durability","Economy, loot and item stats",
2173,True Hardcore Maintenance (PTF),B,2294,Faster Combat - Directional Master Strikes - Better Group Fights,A,same table only,0,3,,"buff, perk_rpg_param_override, rpg_param",no,"Weapons, armour and durability",Combat mechanics and AI,
2179,True Hardcore Combat (PTF),B,2208,Medieval Poisons - True Hardcore Compatibility Patch (PTF),A,same table only,0,3,,"buff, food, rpg_param",no,Combat mechanics and AI,"Alchemy, food and survival",
2179,True Hardcore Combat (PTF),B,2340,MatthusTweaks - Equipment and Progression Overhaul (PTF),A,same table only,0,3,,"perk_rpg_param_override, pickable_item, rpg_param",no,Combat mechanics and AI,"Economy, loot and item stats",
2188,True Hardcore Economy (PTF),A,2209,Poisonous Enemies - True Hardcore Compatibility Patch (PTF),B,same table only,0,3,,"buff, pickable_item, shop_type2item",yes,"Economy, loot and item stats","Economy, loot and item stats",
2188,True Hardcore Economy (PTF),A,2294,Faster Combat - Directional Master Strikes - Better Group Fights,A,same table only,0,3,,"buff, perk_rpg_param_override, rpg_param",no,"Economy, loot and item stats",Combat mechanics and AI,
2208,Medieval Poisons - True Hardcore Compatibility Patch (PTF),A,2219,True Hardcore Crime (PTF),A,same table only,0,3,,"buff, food, rpg_param",no,"Alchemy, food and survival","Economy, loot and item stats",
2209,Poisonous Enemies - True Hardcore Compatibility Patch (PTF),B,2340,MatthusTweaks - Equipment and Progression Overhaul (PTF),A,same table only,0,3,,"armor, pickable_item, shop_type2item",yes,"Economy, loot and item stats","Economy, loot and item stats",
85,Perkaholic,B,883,KingdomCome Rebalancing,A,whole-table replacement,0,2,,"buff, perk",no,"Perks, skills and XP",Multi-system overhaul,"85 replaces buff, perk; 883 replaces buff, perk, perk2perk_exclusivity, perk_buff, perk_buff_override, skill"
85,Perkaholic,B,2338,Horse Collision Mod,A,whole-table replacement,0,2,,"buff, perk",yes,"Perks, skills and XP","Perks, skills and XP","85 replaces buff, perk"
390,Stay Clean Longer - Get Dirty Gradually,C,1070,Better Combat,C,same table only,0,2,,"perk_rpg_param_override, rpg_param",no,"Alchemy, food and survival","Perks, skills and XP",
390,Stay Clean Longer - Get Dirty Gradually,C,1112,Combat Overhaul,B,same table only,0,2,,"perk_rpg_param_override, rpg_param",no,"Alchemy, food and survival",Combat mechanics and AI,
390,Stay Clean Longer - Get Dirty Gradually,C,1292,Ultimate Repair Kit 2.0,C,same table only,0,2,,"perk_rpg_param_override, rpg_param",no,"Alchemy, food and survival","Perks, skills and XP",
390,Stay Clean Longer - Get Dirty Gradually,C,1384,Modified Combat Overhaul - Directional Combat and smarter AI,B,same table only,0,2,,"perk_rpg_param_override, rpg_param",no,"Alchemy, food and survival",Combat mechanics and AI,
390,Stay Clean Longer - Get Dirty Gradually,C,1842,Realistic Repairs,C,same table only,0,2,,"perk_rpg_param_override, rpg_param",no,"Alchemy, food and survival","Perks, skills and XP",
390,Stay Clean Longer - Get Dirty Gradually,C,2124,Half-looted Rebalance,A,same table only,0,2,,"perk_rpg_param_override, rpg_param",no,"Alchemy, food and survival",Multi-system overhaul,
390,Stay Clean Longer - Get Dirty Gradually,C,2173,True Hardcore Maintenance (PTF),B,same table only,0,2,,"perk_rpg_param_override, rpg_param",no,"Alchemy, food and survival","Weapons, armour and durability",
390,Stay Clean Longer - Get Dirty Gradually,C,2179,True Hardcore Combat (PTF),B,same table only,0,2,,"perk_rpg_param_override, rpg_param",no,"Alchemy, food and survival",Combat mechanics and AI,
390,Stay Clean Longer - Get Dirty Gradually,C,2188,True Hardcore Economy (PTF),A,same table only,0,2,,"perk_rpg_param_override, rpg_param",no,"Alchemy, food and survival","Economy, loot and item stats",
390,Stay Clean Longer - Get Dirty Gradually,C,2294,Faster Combat - Directional Master Strikes - Better Group Fights,A,same table only,0,2,,"perk_rpg_param_override, rpg_param",no,"Alchemy, food and survival",Combat mechanics and AI,
390,Stay Clean Longer - Get Dirty Gradually,C,2299,1403 - Historical Rebalance,A,same table only,0,2,,"perk_rpg_param_override, rpg_param",no,"Alchemy, food and survival",Multi-system overhaul,
390,Stay Clean Longer - Get Dirty Gradually,C,2340,MatthusTweaks - Equipment and Progression Overhaul (PTF),A,same table only,0,2,,"perk_rpg_param_override, rpg_param",no,"Alchemy, food and survival","Economy, loot and item stats",
651,Better Combat and Immersion Compilation,A,1292,Ultimate Repair Kit 2.0,C,same table only,0,2,,"perk_rpg_param_override, rpg_param",no,Multi-system overhaul,"Perks, skills and XP",
651,Better Combat and Immersion Compilation,A,1842,Realistic Repairs,C,same table only,0,2,,"perk_rpg_param_override, rpg_param",no,Multi-system overhaul,"Perks, skills and XP",
651,Better Combat and Immersion Compilation,A,1893,Bianca's Ring PTF,C,same table only,0,2,,"armor, equippable_item",no,Multi-system overhaul,"Weapons, armour and durability",
651,Better Combat and Immersion Compilation,A,2035,Ordinance an Archery Overhaul,B,same table only,0,2,,"equippable_item, pickable_item",no,Multi-system overhaul,"Economy, loot and item stats",
765,Poison Overhaul,C,883,KingdomCome Rebalancing,A,whole-table replacement,0,2,,"buff, perk",no,"Alchemy, food and survival",Multi-system overhaul,"883 replaces buff, food, perk, perk_buff"
765,Poison Overhaul,C,2188,True Hardcore Economy (PTF),A,same table only,0,2,,"buff, food",no,"Alchemy, food and survival","Economy, loot and item stats",
765,Poison Overhaul,C,2338,Horse Collision Mod,A,same table only,0,2,,"buff, perk",no,"Alchemy, food and survival","Perks, skills and XP",
770,Perkaholic updated,B,883,KingdomCome Rebalancing,A,whole-table replacement,0,2,,"buff, perk",no,"Perks, skills and XP",Multi-system overhaul,"770 replaces buff, perk; 883 replaces buff, perk, perk_buff, perk_buff_override"
770,Perkaholic updated,B,2338,Horse Collision Mod,A,whole-table replacement,0,2,,"buff, perk",yes,"Perks, skills and XP","Perks, skills and XP","770 replaces buff, perk"
883,KingdomCome Rebalancing,A,1009,Perkaholic - PTF updated (1.9.4-1.9.8),B,whole-table replacement,0,2,,"buff, perk",no,Multi-system overhaul,"Perks, skills and XP","883 replaces buff, perk, perk2perk_exclusivity, perk_buff, perk_buff_override, skill"
883,KingdomCome Rebalancing,A,1292,Ultimate Repair Kit 2.0,C,whole-table replacement,0,2,,"perk_rpg_param_override, rpg_param",no,Multi-system overhaul,"Perks, skills and XP","883 replaces perk_rpg_param_override, rpg_param, skill2item_category"
883,KingdomCome Rebalancing,A,1375,No Aim Spread (Bow sway disabler),C,whole-table replacement,0,2,,"buff, perk",no,Multi-system overhaul,"Perks, skills and XP","883 replaces buff, game_mode, perk, perk_buff, soul2perk"
883,KingdomCome Rebalancing,A,1736,Rogue Life,A,whole-table replacement,0,2,,"buff, perk",no,Multi-system overhaul,"Perks, skills and XP","883 replaces buff, buff_class, perk, perk2perk_exclusivity, perk_buff, reputation_change"
883,KingdomCome Rebalancing,A,1893,Bianca's Ring PTF,C,whole-table replacement,0,2,,"armor, equippable_item",no,Multi-system overhaul,"Weapons, armour and durability","883 replaces armor, equippable_item"
883,KingdomCome Rebalancing,A,1990,Veteran Hunting,C,whole-table replacement,0,2,,"buff, perk",no,Multi-system overhaul,"NPCs, quests and world content","883 replaces buff, perk, perk_buff"
883,KingdomCome Rebalancing,A,2011,Chefs Kiss,B,whole-table replacement,0,2,,"buff, pickable_item",no,Multi-system overhaul,"Alchemy, food and survival","883 replaces buff, buff_class, consumable_item, food, item, pickable_item, potion"
883,KingdomCome Rebalancing,A,2049,Simple Ragdoll Physics,A,whole-table replacement,0,2,,"pickable_item, weapon",no,Multi-system overhaul,Combat mechanics and AI,"883 replaces ammo, anim_fragment, combat_action_attack, combat_action_fragment_id_mapping, combat_action_sync_attack, hit_reaction, hit_reaction_type, missile_weapon, pickable_item, weapon, weapon_cla"
883,KingdomCome Rebalancing,A,2208,Medieval Poisons - True Hardcore Compatibility Patch (PTF),A,whole-table replacement,0,2,,"buff, rpg_param",no,Multi-system overhaul,"Alchemy, food and survival","883 replaces buff, document, document_required_skill, food, inventory2item, rpg_param"
883,KingdomCome Rebalancing,A,2338,Horse Collision Mod,A,whole-table replacement,0,2,,"buff, perk",no,Multi-system overhaul,"Perks, skills and XP","883 replaces buff, perk, perk_soul_ability, soul_ability"
1009,Perkaholic - PTF updated (1.9.4-1.9.8),B,2338,Horse Collision Mod,A,same table only,0,2,,"buff, perk",yes,"Perks, skills and XP","Perks, skills and XP",
1062,SIM Camping Mini ML 1.5.1.1,B,1563,Karnages_Polearm_Restoration 2.0,A,same table only,0,2,,"perk, shop_type2item",no,"Economy, loot and item stats",Combat mechanics and AI,
1062,SIM Camping Mini ML 1.5.1.1,B,2045,Polearms Unleashed Rebalanced Lite Edition PTF,B,same table only,0,2,,"pickable_item, shop_type2item",yes,"Economy, loot and item stats","Economy, loot and item stats",
1062,SIM Camping Mini ML 1.5.1.1,B,2208,Medieval Poisons - True Hardcore Compatibility Patch (PTF),A,same table only,0,2,,"buff, food",no,"Economy, loot and item stats","Alchemy, food and survival",
1062,SIM Camping Mini ML 1.5.1.1,B,2338,Horse Collision Mod,A,same table only,0,2,,"buff, perk",no,"Economy, loot and item stats","Perks, skills and XP",
1070,Better Combat,C,1292,Ultimate Repair Kit 2.0,C,same table only,0,2,,"perk_rpg_param_override, rpg_param",yes,"Perks, skills and XP","Perks, skills and XP",
1070,Better Combat,C,1842,Realistic Repairs,C,same table only,0,2,,"perk_rpg_param_override, rpg_param",yes,"Perks, skills and XP","Perks, skills and XP",
1070,Better Combat,C,2173,True Hardcore Maintenance (PTF),B,same table only,0,2,,"perk_rpg_param_override, rpg_param",no,"Perks, skills and XP","Weapons, armour and durability",
1070,Better Combat,C,2188,True Hardcore Economy (PTF),A,same table only,0,2,,"perk_rpg_param_override, rpg_param",no,"Perks, skills and XP","Economy, loot and item stats",
1070,Better Combat,C,2340,MatthusTweaks - Equipment and Progression Overhaul (PTF),A,same table only,0,2,,"perk_rpg_param_override, rpg_param",no,"Perks, skills and XP","Economy, loot and item stats",
1112,Combat Overhaul,B,1292,Ultimate Repair Kit 2.0,C,same table only,0,2,,"perk_rpg_param_override, rpg_param",no,Combat mechanics and AI,"Perks, skills and XP",
1112,Combat Overhaul,B,1839,Realistic Horses,A,same table only,0,2,,"rpg_param, soul",no,Combat mechanics and AI,"Weapons, armour and durability",
1112,Combat Overhaul,B,1842,Realistic Repairs,C,same table only,0,2,,"perk_rpg_param_override, rpg_param",no,Combat mechanics and AI,"Perks, skills and XP",
1112,Combat Overhaul,B,2173,True Hardcore Maintenance (PTF),B,same table only,0,2,,"perk_rpg_param_override, rpg_param",no,Combat mechanics and AI,"Weapons, armour and durability",
1112,Combat Overhaul,B,2188,True Hardcore Economy (PTF),A,same table only,0,2,,"perk_rpg_param_override, rpg_param",no,Combat mechanics and AI,"Economy, loot and item stats",
1112,Combat Overhaul,B,2340,MatthusTweaks - Equipment and Progression Overhaul (PTF),A,same table only,0,2,,"perk_rpg_param_override, rpg_param",no,Combat mechanics and AI,"Economy, loot and item stats",
1195,Get Water,C,2011,Chefs Kiss,B,same table only,0,2,,"item, pickable_item",no,"Economy, loot and item stats","Alchemy, food and survival",
1195,Get Water,C,2209,Poisonous Enemies - True Hardcore Compatibility Patch (PTF),B,same table only,0,2,,"pickable_item, player_item",yes,"Economy, loot and item stats","Economy, loot and item stats",
1195,Get Water,C,2299,1403 - Historical Rebalance,A,same table only,0,2,,"pickable_item, player_item",no,"Economy, loot and item stats",Multi-system overhaul,
1292,Ultimate Repair Kit 2.0,C,1384,Modified Combat Overhaul - Directional Combat and smarter AI,B,same table only,0,2,,"perk_rpg_param_override, rpg_param",no,"Perks, skills and XP",Combat mechanics and AI,
1292,Ultimate Repair Kit 2.0,C,2124,Half-looted Rebalance,A,same table only,0,2,,"perk_rpg_param_override, rpg_param",no,"Perks, skills and XP",Multi-system overhaul,
1292,Ultimate Repair Kit 2.0,C,2179,True Hardcore Combat (PTF),B,same table only,0,2,,"perk_rpg_param_override, rpg_param",no,"Perks, skills and XP",Combat mechanics and AI,
1292,Ultimate Repair Kit 2.0,C,2188,True Hardcore Economy (PTF),A,same table only,0,2,,"perk_rpg_param_override, rpg_param",no,"Perks, skills and XP","Economy, loot and item stats",
1292,Ultimate Repair Kit 2.0,C,2294,Faster Combat - Directional Master Strikes - Better Group Fights,A,same table only,0,2,,"perk_rpg_param_override, rpg_param",no,"Perks, skills and XP",Combat mechanics and AI,
1375,No Aim Spread (Bow sway disabler),C,1629,Exclusive Master Strikes - Make Them Reasonable,A,whole-table replacement,0,2,,"perk, soul2perk",no,"Perks, skills and XP","NPC perks, skills and archetypes",1629 replaces soul2perk
1375,No Aim Spread (Bow sway disabler),C,2299,1403 - Historical Rebalance,A,same table only,0,2,,"buff, perk",no,"Perks, skills and XP",Multi-system overhaul,
1375,No Aim Spread (Bow sway disabler),C,2338,Horse Collision Mod,A,same table only,0,2,,"buff, perk",yes,"Perks, skills and XP","Perks, skills and XP",
1380,Black Items Fix,B,1864,Cheap Savior Schnapps - PTF,C,same table only,0,2,,"pickable_item, shop_type2item",yes,"Economy, loot and item stats","Economy, loot and item stats",
1380,Black Items Fix,B,1893,Bianca's Ring PTF,C,same table only,0,2,,"armor, equippable_item",no,"Economy, loot and item stats","Weapons, armour and durability",
1380,Black Items Fix,B,2011,Chefs Kiss,B,same table only,0,2,,"item, pickable_item",no,"Economy, loot and item stats","Alchemy, food and survival",
1380,Black Items Fix,B,2173,True Hardcore Maintenance (PTF),B,same table only,0,2,,"armor, pickable_item",no,"Economy, loot and item stats","Weapons, armour and durability",
1380,Black Items Fix,B,2188,True Hardcore Economy (PTF),A,same table only,0,2,,"pickable_item, shop_type2item",yes,"Economy, loot and item stats","Economy, loot and item stats",
1384,Modified Combat Overhaul - Directional Combat and smarter AI,B,1839,Realistic Horses,A,same table only,0,2,,"buff, rpg_param",no,Combat mechanics and AI,"Weapons, armour and durability",
1384,Modified Combat Overhaul - Directional Combat and smarter AI,B,1842,Realistic Repairs,C,same table only,0,2,,"perk_rpg_param_override, rpg_param",no,Combat mechanics and AI,"Perks, skills and XP",
1384,Modified Combat Overhaul - Directional Combat and smarter AI,B,2208,Medieval Poisons - True Hardcore Compatibility Patch (PTF),A,same table only,0,2,,"buff, rpg_param",no,Combat mechanics and AI,"Alchemy, food and survival",
1384,Modified Combat Overhaul - Directional Combat and smarter AI,B,2210,True Hardcore Alchemy (PTF),A,same table only,0,2,,"buff, rpg_param",no,Combat mechanics and AI,"Alchemy, food and survival",
1384,Modified Combat Overhaul - Directional Combat and smarter AI,B,2219,True Hardcore Crime (PTF),A,same table only,0,2,,"buff, rpg_param",no,Combat mechanics and AI,"Economy, loot and item stats",
1384,Modified Combat Overhaul - Directional Combat and smarter AI,B,2340,MatthusTweaks - Equipment and Progression Overhaul (PTF),A,same table only,0,2,,"perk_rpg_param_override, rpg_param",no,Combat mechanics and AI,"Economy, loot and item stats",
1558,Karnages_KCD_Essential_Fixes 2.0,B,2208,Medieval Poisons - True Hardcore Compatibility Patch (PTF),A,same table only,0,2,,"document_required_skill, rpg_param",no,Multi-system overhaul,"Alchemy, food and survival",
1563,Karnages_Polearm_Restoration 2.0,A,2035,Ordinance an Archery Overhaul,B,same table only,0,2,,"weapon, weapon_class",no,Combat mechanics and AI,"Economy, loot and item stats",
1629,Exclusive Master Strikes - Make Them Reasonable,A,2124,Half-looted Rebalance,A,whole-table replacement,0,2,,"perk, soul2perk",no,"NPC perks, skills and archetypes",Multi-system overhaul,1629 replaces soul2perk; 2124 replaces soul2perk
1730,Drink Sound Effects,C,2011,Chefs Kiss,B,same table only,0,2,,"item, potion",yes,"Alchemy, food and survival","Alchemy, food and survival",
1736,Rogue Life,A,2011,Chefs Kiss,B,same table only,0,2,,"buff, buff_class",no,"Perks, skills and XP","Alchemy, food and survival",
1736,Rogue Life,A,2338,Horse Collision Mod,A,same table only,0,2,,"buff, perk",yes,"Perks, skills and XP","Perks, skills and XP",
1782,No more clipping elbows for Andrew,C,2299,1403 - Historical Rebalance,A,same table only,0,2,,"armor2clothing_preset, soul",no,"Weapons, armour and durability",Multi-system overhaul,
1839,Realistic Horses,A,1990,Veteran Hunting,C,same table only,0,2,,"buff, soul",no,"Weapons, armour and durability","NPCs, quests and world content",
1839,Realistic Horses,A,2173,True Hardcore Maintenance (PTF),B,same table only,0,2,,"buff, rpg_param",yes,"Weapons, armour and durability","Weapons, armour and durability",
1839,Realistic Horses,A,2179,True Hardcore Combat (PTF),B,same table only,0,2,,"buff, rpg_param",no,"Weapons, armour and durability",Combat mechanics and AI,
1839,Realistic Horses,A,2188,True Hardcore Economy (PTF),A,same table only,0,2,,"buff, rpg_param",no,"Weapons, armour and durability","Economy, loot and item stats",
1839,Realistic Horses,A,2208,Medieval Poisons - True Hardcore Compatibility Patch (PTF),A,same table only,0,2,,"buff, rpg_param",no,"Weapons, armour and durability","Alchemy, food and survival",
1839,Realistic Horses,A,2210,True Hardcore Alchemy (PTF),A,same table only,0,2,,"buff, rpg_param",no,"Weapons, armour and durability","Alchemy, food and survival",
1839,Realistic Horses,A,2219,True Hardcore Crime (PTF),A,same table only,0,2,,"buff, rpg_param",no,"Weapons, armour and durability","Economy, loot and item stats",
1839,Realistic Horses,A,2294,Faster Combat - Directional Master Strikes - Better Group Fights,A,same table only,0,2,,"buff, rpg_param",no,"Weapons, armour and durability",Combat mechanics and AI,
1842,Realistic Repairs,C,2124,Half-looted Rebalance,A,same table only,0,2,,"perk_rpg_param_override, rpg_param",no,"Perks, skills and XP",Multi-system overhaul,
1842,Realistic Repairs,C,2179,True Hardcore Combat (PTF),B,same table only,0,2,,"perk_rpg_param_override, rpg_param",no,"Perks, skills and XP",Combat mechanics and AI,
1842,Realistic Repairs,C,2294,Faster Combat - Directional Master Strikes - Better Group Fights,A,same table only,0,2,,"perk_rpg_param_override, rpg_param",no,"Perks, skills and XP",Combat mechanics and AI,
1864,Cheap Savior Schnapps - PTF,C,2045,Polearms Unleashed Rebalanced Lite Edition PTF,B,same table only,0,2,,"pickable_item, shop_type2item",yes,"Economy, loot and item stats","Economy, loot and item stats",
1864,Cheap Savior Schnapps - PTF,C,2179,True Hardcore Combat (PTF),B,same table only,0,2,,"food, pickable_item",no,"Economy, loot and item stats",Combat mechanics and AI,
1864,Cheap Savior Schnapps - PTF,C,2209,Poisonous Enemies - True Hardcore Compatibility Patch (PTF),B,same table only,0,2,,"pickable_item, shop_type2item",yes,"Economy, loot and item stats","Economy, loot and item stats",
1864,Cheap Savior Schnapps - PTF,C,2210,True Hardcore Alchemy (PTF),A,same table only,0,2,,"food, pickable_item",no,"Economy, loot and item stats","Alchemy, food and survival",
1864,Cheap Savior Schnapps - PTF,C,2219,True Hardcore Crime (PTF),A,same table only,0,2,,"food, pickable_item",yes,"Economy, loot and item stats","Economy, loot and item stats",
1893,Bianca's Ring PTF,C,2124,Half-looted Rebalance,A,same table only,0,2,,"armor, equippable_item",no,"Weapons, armour and durability",Multi-system overhaul,
1950,Skill Books Take Time,C,2208,Medieval Poisons - True Hardcore Compatibility Patch (PTF),A,same table only,0,2,,"document, rpg_param",no,"NPCs, quests and world content","Alchemy, food and survival",
1990,Veteran Hunting,C,2338,Horse Collision Mod,A,same table only,0,2,,"buff, perk",no,"NPCs, quests and world content","Perks, skills and XP",
2011,Chefs Kiss,B,2035,Ordinance an Archery Overhaul,B,same table only,0,2,,"item, pickable_item",no,"Alchemy, food and survival","Economy, loot and item stats",
2011,Chefs Kiss,B,2173,True Hardcore Maintenance (PTF),B,same table only,0,2,,"buff, pickable_item",no,"Alchemy, food and survival","Weapons, armour and durability",
2011,Chefs Kiss,B,2209,Poisonous Enemies - True Hardcore Compatibility Patch (PTF),B,same table only,0,2,,"buff, pickable_item",no,"Alchemy, food and survival","Economy, loot and item stats",
2035,Ordinance an Archery Overhaul,B,2209,Poisonous Enemies - True Hardcore Compatibility Patch (PTF),B,same table only,0,2,,"pickable_item, player_item",yes,"Economy, loot and item stats","Economy, loot and item stats",
2035,Ordinance an Archery Overhaul,B,2340,MatthusTweaks - Equipment and Progression Overhaul (PTF),A,same table only,0,2,,"pickable_item, weapon",yes,"Economy, loot and item stats","Economy, loot and item stats",
2045,Polearms Unleashed Rebalanced Lite Edition PTF,B,2188,True Hardcore Economy (PTF),A,same table only,0,2,,"pickable_item, shop_type2item",yes,"Economy, loot and item stats","Economy, loot and item stats",
2045,Polearms Unleashed Rebalanced Lite Edition PTF,B,2209,Poisonous Enemies - True Hardcore Compatibility Patch (PTF),B,same table only,0,2,,"pickable_item, shop_type2item",yes,"Economy, loot and item stats","Economy, loot and item stats",
2049,Simple Ragdoll Physics,A,2340,MatthusTweaks - Equipment and Progression Overhaul (PTF),A,same table only,0,2,,"pickable_item, weapon",no,Combat mechanics and AI,"Economy, loot and item stats",
2124,Half-looted Rebalance,A,2338,Horse Collision Mod,A,same table only,0,2,,"buff, perk",no,Multi-system overhaul,"Perks, skills and XP",
2173,True Hardcore Maintenance (PTF),B,2208,Medieval Poisons - True Hardcore Compatibility Patch (PTF),A,same table only,0,2,,"buff, rpg_param",no,"Weapons, armour and durability","Alchemy, food and survival",
2179,True Hardcore Combat (PTF),B,2209,Poisonous Enemies - True Hardcore Compatibility Patch (PTF),B,same table only,0,2,,"buff, pickable_item",no,Combat mechanics and AI,"Economy, loot and item stats",
2208,Medieval Poisons - True Hardcore Compatibility Patch (PTF),A,2294,Faster Combat - Directional Master Strikes - Better Group Fights,A,same table only,0,2,,"buff, rpg_param",no,"Alchemy, food and survival",Combat mechanics and AI,
2209,Poisonous Enemies - True Hardcore Compatibility Patch (PTF),B,2210,True Hardcore Alchemy (PTF),A,same table only,0,2,,"buff, pickable_item",no,"Economy, loot and item stats","Alchemy, food and survival",
2209,Poisonous Enemies - True Hardcore Compatibility Patch (PTF),B,2219,True Hardcore Crime (PTF),A,same table only,0,2,,"buff, pickable_item",yes,"Economy, loot and item stats","Economy, loot and item stats",
2210,True Hardcore Alchemy (PTF),A,2294,Faster Combat - Directional Master Strikes - Better Group Fights,A,same table only,0,2,,"buff, rpg_param",no,"Alchemy, food and survival",Combat mechanics and AI,
2210,True Hardcore Alchemy (PTF),A,2340,MatthusTweaks - Equipment and Progression Overhaul (PTF),A,same table only,0,2,,"pickable_item, rpg_param",no,"Alchemy, food and survival","Economy, loot and item stats",
2219,True Hardcore Crime (PTF),A,2294,Faster Combat - Directional Master Strikes - Better Group Fights,A,same table only,0,2,,"buff, rpg_param",no,"Economy, loot and item stats",Combat mechanics and AI,
2219,True Hardcore Crime (PTF),A,2338,Horse Collision Mod,A,same table only,0,2,,"buff, perk",no,"Economy, loot and item stats","Perks, skills and XP",
2219,True Hardcore Crime (PTF),A,2340,MatthusTweaks - Equipment and Progression Overhaul (PTF),A,same table only,0,2,,"pickable_item, rpg_param",yes,"Economy, loot and item stats","Economy, loot and item stats",
2294,Faster Combat - Directional Master Strikes - Better Group Fights,A,2340,MatthusTweaks - Equipment and Progression Overhaul (PTF),A,same table only,0,2,,"perk_rpg_param_override, rpg_param",no,Combat mechanics and AI,"Economy, loot and item stats",
2299,1403 - Historical Rebalance,A,2338,Horse Collision Mod,A,same table only,0,2,,"buff, perk",no,Multi-system overhaul,"Perks, skills and XP",
85,Perkaholic,B,1569,Karnages_Shield_Restoration,D,whole-table replacement,0,1,,skill,yes,"Perks, skills and XP","Perks, skills and XP",85 replaces skill
85,Perkaholic,B,1629,Exclusive Master Strikes - Make Them Reasonable,A,whole-table replacement,0,1,,perk,no,"Perks, skills and XP","NPC perks, skills and archetypes",85 replaces perk
85,Perkaholic,B,1765,Restore Riposte,C,whole-table replacement,0,1,,perk,yes,"Perks, skills and XP","Perks, skills and XP",85 replaces perk
85,Perkaholic,B,1839,Realistic Horses,A,whole-table replacement,0,1,,buff,no,"Perks, skills and XP","Weapons, armour and durability",85 replaces buff
85,Perkaholic,B,2011,Chefs Kiss,B,whole-table replacement,0,1,,buff,no,"Perks, skills and XP","Alchemy, food and survival",85 replaces buff
85,Perkaholic,B,2173,True Hardcore Maintenance (PTF),B,whole-table replacement,0,1,,buff,no,"Perks, skills and XP","Weapons, armour and durability",85 replaces buff
85,Perkaholic,B,2209,Poisonous Enemies - True Hardcore Compatibility Patch (PTF),B,whole-table replacement,0,1,,buff,no,"Perks, skills and XP","Economy, loot and item stats",85 replaces buff
85,Perkaholic,B,2294,Faster Combat - Directional Master Strikes - Better Group Fights,A,whole-table replacement,0,1,,buff,no,"Perks, skills and XP",Combat mechanics and AI,85 replaces buff
284,No Mo' Slow Mo - Configurable Perfect Block Slow Motion and AI Master Strike frequency,C,390,Stay Clean Longer - Get Dirty Gradually,C,same table only,0,1,,rpg_param,no,Combat mechanics and AI,"Alchemy, food and survival",
284,No Mo' Slow Mo - Configurable Perfect Block Slow Motion and AI Master Strike frequency,C,802,Archery for 1.9,C,whole-table replacement,0,1,,rpg_param,no,Combat mechanics and AI,"Archery: bows, arrows, aiming",802 replaces rpg_param
284,No Mo' Slow Mo - Configurable Perfect Block Slow Motion and AI Master Strike frequency,C,804,Loose (An Archery Mod),C,whole-table replacement,0,1,,rpg_param,no,Combat mechanics and AI,"Archery: bows, arrows, aiming",804 replaces rpg_param
284,No Mo' Slow Mo - Configurable Perfect Block Slow Motion and AI Master Strike frequency,C,883,KingdomCome Rebalancing,A,whole-table replacement,0,1,,rpg_param,no,Combat mechanics and AI,Multi-system overhaul,883 replaces rpg_param
284,No Mo' Slow Mo - Configurable Perfect Block Slow Motion and AI Master Strike frequency,C,1100,Faster archery - PTF Edition,C,same table only,0,1,,rpg_param,no,Combat mechanics and AI,"Archery: bows, arrows, aiming",
284,No Mo' Slow Mo - Configurable Perfect Block Slow Motion and AI Master Strike frequency,C,1112,Combat Overhaul,B,same table only,0,1,,rpg_param,yes,Combat mechanics and AI,Combat mechanics and AI,
284,No Mo' Slow Mo - Configurable Perfect Block Slow Motion and AI Master Strike frequency,C,1236,Easy Combat PTF (easy parry and master strike),C,same table only,0,1,,rpg_param,yes,Combat mechanics and AI,Combat mechanics and AI,
284,No Mo' Slow Mo - Configurable Perfect Block Slow Motion and AI Master Strike frequency,C,1292,Ultimate Repair Kit 2.0,C,same table only,0,1,,rpg_param,no,Combat mechanics and AI,"Perks, skills and XP",
284,No Mo' Slow Mo - Configurable Perfect Block Slow Motion and AI Master Strike frequency,C,1334,Fast Learning Henry,C,whole-table replacement,0,1,,rpg_param,no,Combat mechanics and AI,"Perks, skills and XP",1334 replaces rpg_param
284,No Mo' Slow Mo - Configurable Perfect Block Slow Motion and AI Master Strike frequency,C,1419,Immersive Archery,C,same table only,0,1,,rpg_param,no,Combat mechanics and AI,"Archery: bows, arrows, aiming",
284,No Mo' Slow Mo - Configurable Perfect Block Slow Motion and AI Master Strike frequency,C,1425,Saving Soles (PTF),C,same table only,0,1,,rpg_param,no,Combat mechanics and AI,"Weapons, armour and durability",
284,No Mo' Slow Mo - Configurable Perfect Block Slow Motion and AI Master Strike frequency,C,1426,Energy and Hunger Patch for Timescale Mods (PTF),C,same table only,0,1,,rpg_param,no,Combat mechanics and AI,"Alchemy, food and survival",
284,No Mo' Slow Mo - Configurable Perfect Block Slow Motion and AI Master Strike frequency,C,1564,Karnages_Rebalanced_Bows 2.0,C,same table only,0,1,,rpg_param,no,Combat mechanics and AI,"Archery: bows, arrows, aiming",
284,No Mo' Slow Mo - Configurable Perfect Block Slow Motion and AI Master Strike frequency,C,1572,Increased Experience Gains,C,same table only,0,1,,rpg_param,no,Combat mechanics and AI,"Perks, skills and XP",
284,No Mo' Slow Mo - Configurable Perfect Block Slow Motion and AI Master Strike frequency,C,1678,Better Archery,C,same table only,0,1,,rpg_param,no,Combat mechanics and AI,"Archery: bows, arrows, aiming",
284,No Mo' Slow Mo - Configurable Perfect Block Slow Motion and AI Master Strike frequency,C,1839,Realistic Horses,A,same table only,0,1,,rpg_param,no,Combat mechanics and AI,"Weapons, armour and durability",
284,No Mo' Slow Mo - Configurable Perfect Block Slow Motion and AI Master Strike frequency,C,1842,Realistic Repairs,C,same table only,0,1,,rpg_param,no,Combat mechanics and AI,"Perks, skills and XP",
284,No Mo' Slow Mo - Configurable Perfect Block Slow Motion and AI Master Strike frequency,C,1860,Train More Carry More - PTF,C,same table only,0,1,,rpg_param,no,Combat mechanics and AI,"Economy, loot and item stats",
284,No Mo' Slow Mo - Configurable Perfect Block Slow Motion and AI Master Strike frequency,C,1883,Better Pickpocket - FIXED,C,same table only,0,1,,rpg_param,no,Combat mechanics and AI,"Crime, stealth and reputation",
284,No Mo' Slow Mo - Configurable Perfect Block Slow Motion and AI Master Strike frequency,C,1938,My Herb Picking Radius,C,same table only,0,1,,rpg_param,no,Combat mechanics and AI,"Alchemy, food and survival",
284,No Mo' Slow Mo - Configurable Perfect Block Slow Motion and AI Master Strike frequency,C,1950,Skill Books Take Time,C,same table only,0,1,,rpg_param,no,Combat mechanics and AI,"NPCs, quests and world content",
284,No Mo' Slow Mo - Configurable Perfect Block Slow Motion and AI Master Strike frequency,C,2173,True Hardcore Maintenance (PTF),B,same table only,0,1,,rpg_param,no,Combat mechanics and AI,"Weapons, armour and durability",
284,No Mo' Slow Mo - Configurable Perfect Block Slow Motion and AI Master Strike frequency,C,2188,True Hardcore Economy (PTF),A,same table only,0,1,,rpg_param,no,Combat mechanics and AI,"Economy, loot and item stats",
284,No Mo' Slow Mo - Configurable Perfect Block Slow Motion and AI Master Strike frequency,C,2208,Medieval Poisons - True Hardcore Compatibility Patch (PTF),A,same table only,0,1,,rpg_param,no,Combat mechanics and AI,"Alchemy, food and survival",
284,No Mo' Slow Mo - Configurable Perfect Block Slow Motion and AI Master Strike frequency,C,2210,True Hardcore Alchemy (PTF),A,same table only,0,1,,rpg_param,no,Combat mechanics and AI,"Alchemy, food and survival",
284,No Mo' Slow Mo - Configurable Perfect Block Slow Motion and AI Master Strike frequency,C,2219,True Hardcore Crime (PTF),A,same table only,0,1,,rpg_param,no,Combat mechanics and AI,"Economy, loot and item stats",
284,No Mo' Slow Mo - Configurable Perfect Block Slow Motion and AI Master Strike frequency,C,2340,MatthusTweaks - Equipment and Progression Overhaul (PTF),A,same table only,0,1,,rpg_param,no,Combat mechanics and AI,"Economy, loot and item stats",
390,Stay Clean Longer - Get Dirty Gradually,C,802,Archery for 1.9,C,whole-table replacement,0,1,,rpg_param,no,"Alchemy, food and survival","Archery: bows, arrows, aiming",802 replaces rpg_param
390,Stay Clean Longer - Get Dirty Gradually,C,804,Loose (An Archery Mod),C,whole-table replacement,0,1,,rpg_param,no,"Alchemy, food and survival","Archery: bows, arrows, aiming",804 replaces rpg_param
390,Stay Clean Longer - Get Dirty Gradually,C,1100,Faster archery - PTF Edition,C,same table only,0,1,,rpg_param,no,"Alchemy, food and survival","Archery: bows, arrows, aiming",
390,Stay Clean Longer - Get Dirty Gradually,C,1236,Easy Combat PTF (easy parry and master strike),C,same table only,0,1,,rpg_param,no,"Alchemy, food and survival",Combat mechanics and AI,
390,Stay Clean Longer - Get Dirty Gradually,C,1243,Easier Enemies PTF (Dumber Enemies),C,same table only,0,1,,rpg_param,no,"Alchemy, food and survival",Combat mechanics and AI,
390,Stay Clean Longer - Get Dirty Gradually,C,1334,Fast Learning Henry,C,whole-table replacement,0,1,,rpg_param,no,"Alchemy, food and survival","Perks, skills and XP",1334 replaces rpg_param
390,Stay Clean Longer - Get Dirty Gradually,C,1419,Immersive Archery,C,same table only,0,1,,rpg_param,no,"Alchemy, food and survival","Archery: bows, arrows, aiming",
390,Stay Clean Longer - Get Dirty Gradually,C,1425,Saving Soles (PTF),C,same table only,0,1,,rpg_param,no,"Alchemy, food and survival","Weapons, armour and durability",
390,Stay Clean Longer - Get Dirty Gradually,C,1426,Energy and Hunger Patch for Timescale Mods (PTF),C,same table only,0,1,,rpg_param,yes,"Alchemy, food and survival","Alchemy, food and survival",
390,Stay Clean Longer - Get Dirty Gradually,C,1564,Karnages_Rebalanced_Bows 2.0,C,same table only,0,1,,rpg_param,no,"Alchemy, food and survival","Archery: bows, arrows, aiming",
390,Stay Clean Longer - Get Dirty Gradually,C,1572,Increased Experience Gains,C,same table only,0,1,,rpg_param,no,"Alchemy, food and survival","Perks, skills and XP",
390,Stay Clean Longer - Get Dirty Gradually,C,1678,Better Archery,C,same table only,0,1,,rpg_param,no,"Alchemy, food and survival","Archery: bows, arrows, aiming",
390,Stay Clean Longer - Get Dirty Gradually,C,1839,Realistic Horses,A,same table only,0,1,,rpg_param,no,"Alchemy, food and survival","Weapons, armour and durability",
390,Stay Clean Longer - Get Dirty Gradually,C,1860,Train More Carry More - PTF,C,same table only,0,1,,rpg_param,no,"Alchemy, food and survival","Economy, loot and item stats",
390,Stay Clean Longer - Get Dirty Gradually,C,1862,Faster Inury Regeneration - PTF,C,same table only,0,1,,perk_rpg_param_override,no,"Alchemy, food and survival","Perks, skills and XP",
390,Stay Clean Longer - Get Dirty Gradually,C,1863,Dirty And Charismatic - PTF,C,same table only,0,1,,perk_rpg_param_override,no,"Alchemy, food and survival","Perks, skills and XP",
390,Stay Clean Longer - Get Dirty Gradually,C,1883,Better Pickpocket - FIXED,C,same table only,0,1,,rpg_param,no,"Alchemy, food and survival","Crime, stealth and reputation",
390,Stay Clean Longer - Get Dirty Gradually,C,1938,My Herb Picking Radius,C,same table only,0,1,,rpg_param,yes,"Alchemy, food and survival","Alchemy, food and survival",
390,Stay Clean Longer - Get Dirty Gradually,C,1950,Skill Books Take Time,C,same table only,0,1,,rpg_param,no,"Alchemy, food and survival","NPCs, quests and world content",
390,Stay Clean Longer - Get Dirty Gradually,C,2208,Medieval Poisons - True Hardcore Compatibility Patch (PTF),A,same table only,0,1,,rpg_param,yes,"Alchemy, food and survival","Alchemy, food and survival",
390,Stay Clean Longer - Get Dirty Gradually,C,2210,True Hardcore Alchemy (PTF),A,same table only,0,1,,rpg_param,yes,"Alchemy, food and survival","Alchemy, food and survival",
390,Stay Clean Longer - Get Dirty Gradually,C,2219,True Hardcore Crime (PTF),A,same table only,0,1,,rpg_param,no,"Alchemy, food and survival","Economy, loot and item stats",
480,Bed Comfort Restored,C,1062,SIM Camping Mini ML 1.5.1.1,B,whole-table replacement,0,1,,sleeping_spot_type,no,"Alchemy, food and survival","Economy, loot and item stats",480 replaces sleeping_spot_type; 1062 replaces sleeping_spot_type
651,Better Combat and Immersion Compilation,A,770,Perkaholic updated,B,whole-table replacement,0,1,,buff,no,Multi-system overhaul,"Perks, skills and XP",770 replaces buff
651,Better Combat and Immersion Compilation,A,802,Archery for 1.9,C,whole-table replacement,0,1,,rpg_param,no,Multi-system overhaul,"Archery: bows, arrows, aiming",802 replaces rpg_param
651,Better Combat and Immersion Compilation,A,804,Loose (An Archery Mod),C,whole-table replacement,0,1,,rpg_param,no,Multi-system overhaul,"Archery: bows, arrows, aiming",804 replaces rpg_param
651,Better Combat and Immersion Compilation,A,1100,Faster archery - PTF Edition,C,same table only,0,1,,rpg_param,no,Multi-system overhaul,"Archery: bows, arrows, aiming",
651,Better Combat and Immersion Compilation,A,1195,Get Water,C,same table only,0,1,,pickable_item,no,Multi-system overhaul,"Economy, loot and item stats",
651,Better Combat and Immersion Compilation,A,1375,No Aim Spread (Bow sway disabler),C,same table only,0,1,,buff,no,Multi-system overhaul,"Perks, skills and XP",
651,Better Combat and Immersion Compilation,A,1419,Immersive Archery,C,same table only,0,1,,rpg_param,no,Multi-system overhaul,"Archery: bows, arrows, aiming",
651,Better Combat and Immersion Compilation,A,1425,Saving Soles (PTF),C,same table only,0,1,,rpg_param,no,Multi-system overhaul,"Weapons, armour and durability",
651,Better Combat and Immersion Compilation,A,1545,Saddles Have Durability,C,same table only,0,1,,armor,no,Multi-system overhaul,"Weapons, armour and durability",
651,Better Combat and Immersion Compilation,A,1564,Karnages_Rebalanced_Bows 2.0,C,same table only,0,1,,rpg_param,no,Multi-system overhaul,"Archery: bows, arrows, aiming",
651,Better Combat and Immersion Compilation,A,1569,Karnages_Shield_Restoration,D,same table only,0,1,,skill,no,Multi-system overhaul,"Perks, skills and XP",
651,Better Combat and Immersion Compilation,A,1572,Increased Experience Gains,C,same table only,0,1,,rpg_param,no,Multi-system overhaul,"Perks, skills and XP",
651,Better Combat and Immersion Compilation,A,1678,Better Archery,C,same table only,0,1,,rpg_param,no,Multi-system overhaul,"Archery: bows, arrows, aiming",
651,Better Combat and Immersion Compilation,A,1853,Richer Merchants (PTF),C,same table only,0,1,,shop_type2item,no,Multi-system overhaul,"Economy, loot and item stats",
651,Better Combat and Immersion Compilation,A,1863,Dirty And Charismatic - PTF,C,same table only,0,1,,perk_rpg_param_override,no,Multi-system overhaul,"Perks, skills and XP",
651,Better Combat and Immersion Compilation,A,1883,Better Pickpocket - FIXED,C,same table only,0,1,,rpg_param,no,Multi-system overhaul,"Crime, stealth and reputation",
651,Better Combat and Immersion Compilation,A,1914,Weightless Herbs,C,same table only,0,1,,pickable_item,no,Multi-system overhaul,"Economy, loot and item stats",
651,Better Combat and Immersion Compilation,A,1938,My Herb Picking Radius,C,same table only,0,1,,rpg_param,no,Multi-system overhaul,"Alchemy, food and survival",
651,Better Combat and Immersion Compilation,A,1950,Skill Books Take Time,C,same table only,0,1,,rpg_param,no,Multi-system overhaul,"NPCs, quests and world content",
651,Better Combat and Immersion Compilation,A,1990,Veteran Hunting,C,same table only,0,1,,buff,no,Multi-system overhaul,"NPCs, quests and world content",
651,Better Combat and Immersion Compilation,A,2049,Simple Ragdoll Physics,A,same table only,0,1,,pickable_item,no,Multi-system overhaul,Combat mechanics and AI,
651,Better Combat and Immersion Compilation,A,2165,Merchants Richer,C,same table only,0,1,,shop_type2item,no,Multi-system overhaul,"Economy, loot and item stats",
651,Better Combat and Immersion Compilation,A,2338,Horse Collision Mod,A,same table only,0,1,,buff,no,Multi-system overhaul,"Perks, skills and XP",
765,Poison Overhaul,C,1266,Stronger drinks - PTF Edition,C,same table only,0,1,,food,yes,"Alchemy, food and survival","Alchemy, food and survival",
765,Poison Overhaul,C,1384,Modified Combat Overhaul - Directional Combat and smarter AI,B,same table only,0,1,,buff,no,"Alchemy, food and survival",Combat mechanics and AI,
765,Poison Overhaul,C,1483,TSM Slower Food Spoil,B,same table only,0,1,,food,yes,"Alchemy, food and survival","Alchemy, food and survival",
765,Poison Overhaul,C,1563,Karnages_Polearm_Restoration 2.0,A,same table only,0,1,,perk,no,"Alchemy, food and survival",Combat mechanics and AI,
765,Poison Overhaul,C,1629,Exclusive Master Strikes - Make Them Reasonable,A,same table only,0,1,,perk,no,"Alchemy, food and survival","NPC perks, skills and archetypes",
765,Poison Overhaul,C,1639,Alternate Food Spoil (2X),B,same table only,0,1,,food,yes,"Alchemy, food and survival","Alchemy, food and survival",
765,Poison Overhaul,C,1765,Restore Riposte,C,same table only,0,1,,perk,no,"Alchemy, food and survival","Perks, skills and XP",
765,Poison Overhaul,C,1839,Realistic Horses,A,same table only,0,1,,buff,no,"Alchemy, food and survival","Weapons, armour and durability",
765,Poison Overhaul,C,1864,Cheap Savior Schnapps - PTF,C,same table only,0,1,,food,no,"Alchemy, food and survival","Economy, loot and item stats",
765,Poison Overhaul,C,1926,Potion no Satiety and ADD Heal plus Energy,C,same table only,0,1,,food,yes,"Alchemy, food and survival","Alchemy, food and survival",
765,Poison Overhaul,C,2173,True Hardcore Maintenance (PTF),B,same table only,0,1,,buff,no,"Alchemy, food and survival","Weapons, armour and durability",
765,Poison Overhaul,C,2209,Poisonous Enemies - True Hardcore Compatibility Patch (PTF),B,same table only,0,1,,buff,no,"Alchemy, food and survival","Economy, loot and item stats",
765,Poison Overhaul,C,2294,Faster Combat - Directional Master Strikes - Better Group Fights,A,same table only,0,1,,buff,no,"Alchemy, food and survival",Combat mechanics and AI,
770,Perkaholic updated,B,1384,Modified Combat Overhaul - Directional Combat and smarter AI,B,whole-table replacement,0,1,,buff,no,"Perks, skills and XP",Combat mechanics and AI,770 replaces buff
770,Perkaholic updated,B,1563,Karnages_Polearm_Restoration 2.0,A,whole-table replacement,0,1,,perk,no,"Perks, skills and XP",Combat mechanics and AI,770 replaces perk
770,Perkaholic updated,B,1629,Exclusive Master Strikes - Make Them Reasonable,A,whole-table replacement,0,1,,perk,no,"Perks, skills and XP","NPC perks, skills and archetypes",770 replaces perk
770,Perkaholic updated,B,1765,Restore Riposte,C,whole-table replacement,0,1,,perk,yes,"Perks, skills and XP","Perks, skills and XP",770 replaces perk
770,Perkaholic updated,B,1839,Realistic Horses,A,whole-table replacement,0,1,,buff,no,"Perks, skills and XP","Weapons, armour and durability",770 replaces buff
770,Perkaholic updated,B,2011,Chefs Kiss,B,whole-table replacement,0,1,,buff,no,"Perks, skills and XP","Alchemy, food and survival",770 replaces buff
770,Perkaholic updated,B,2173,True Hardcore Maintenance (PTF),B,whole-table replacement,0,1,,buff,no,"Perks, skills and XP","Weapons, armour and durability",770 replaces buff
770,Perkaholic updated,B,2179,True Hardcore Combat (PTF),B,whole-table replacement,0,1,,buff,no,"Perks, skills and XP",Combat mechanics and AI,"770 replaces buff, perk2perk_exclusivity"
770,Perkaholic updated,B,2188,True Hardcore Economy (PTF),A,whole-table replacement,0,1,,buff,no,"Perks, skills and XP","Economy, loot and item stats",770 replaces buff
770,Perkaholic updated,B,2208,Medieval Poisons - True Hardcore Compatibility Patch (PTF),A,whole-table replacement,0,1,,buff,no,"Perks, skills and XP","Alchemy, food and survival",770 replaces buff
770,Perkaholic updated,B,2209,Poisonous Enemies - True Hardcore Compatibility Patch (PTF),B,whole-table replacement,0,1,,buff,no,"Perks, skills and XP","Economy, loot and item stats",770 replaces buff
770,Perkaholic updated,B,2210,True Hardcore Alchemy (PTF),A,whole-table replacement,0,1,,buff,no,"Perks, skills and XP","Alchemy, food and survival",770 replaces buff
770,Perkaholic updated,B,2294,Faster Combat - Directional Master Strikes - Better Group Fights,A,whole-table replacement,0,1,,buff,no,"Perks, skills and XP",Combat mechanics and AI,770 replaces buff
802,Archery for 1.9,C,883,KingdomCome Rebalancing,A,whole-table replacement,0,1,,rpg_param,no,"Archery: bows, arrows, aiming",Multi-system overhaul,802 replaces rpg_param; 883 replaces rpg_param
802,Archery for 1.9,C,1070,Better Combat,C,whole-table replacement,0,1,,rpg_param,no,"Archery: bows, arrows, aiming","Perks, skills and XP",802 replaces rpg_param
802,Archery for 1.9,C,1112,Combat Overhaul,B,whole-table replacement,0,1,,rpg_param,no,"Archery: bows, arrows, aiming",Combat mechanics and AI,802 replaces rpg_param
802,Archery for 1.9,C,1236,Easy Combat PTF (easy parry and master strike),C,whole-table replacement,0,1,,rpg_param,no,"Archery: bows, arrows, aiming",Combat mechanics and AI,802 replaces rpg_param
802,Archery for 1.9,C,1243,Easier Enemies PTF (Dumber Enemies),C,whole-table replacement,0,1,,rpg_param,no,"Archery: bows, arrows, aiming",Combat mechanics and AI,802 replaces rpg_param
802,Archery for 1.9,C,1292,Ultimate Repair Kit 2.0,C,whole-table replacement,0,1,,rpg_param,no,"Archery: bows, arrows, aiming","Perks, skills and XP",802 replaces rpg_param
802,Archery for 1.9,C,1384,Modified Combat Overhaul - Directional Combat and smarter AI,B,whole-table replacement,0,1,,rpg_param,no,"Archery: bows, arrows, aiming",Combat mechanics and AI,802 replaces rpg_param
802,Archery for 1.9,C,1425,Saving Soles (PTF),C,whole-table replacement,0,1,,rpg_param,no,"Archery: bows, arrows, aiming","Weapons, armour and durability",802 replaces rpg_param
802,Archery for 1.9,C,1426,Energy and Hunger Patch for Timescale Mods (PTF),C,whole-table replacement,0,1,,rpg_param,no,"Archery: bows, arrows, aiming","Alchemy, food and survival",802 replaces rpg_param
802,Archery for 1.9,C,1572,Increased Experience Gains,C,whole-table replacement,0,1,,rpg_param,no,"Archery: bows, arrows, aiming","Perks, skills and XP",802 replaces rpg_param
802,Archery for 1.9,C,1839,Realistic Horses,A,whole-table replacement,0,1,,rpg_param,no,"Archery: bows, arrows, aiming","Weapons, armour and durability",802 replaces rpg_param
802,Archery for 1.9,C,1842,Realistic Repairs,C,whole-table replacement,0,1,,rpg_param,no,"Archery: bows, arrows, aiming","Perks, skills and XP",802 replaces rpg_param
802,Archery for 1.9,C,1860,Train More Carry More - PTF,C,whole-table replacement,0,1,,rpg_param,no,"Archery: bows, arrows, aiming","Economy, loot and item stats",802 replaces rpg_param
802,Archery for 1.9,C,1883,Better Pickpocket - FIXED,C,whole-table replacement,0,1,,rpg_param,no,"Archery: bows, arrows, aiming","Crime, stealth and reputation",802 replaces rpg_param
802,Archery for 1.9,C,1938,My Herb Picking Radius,C,whole-table replacement,0,1,,rpg_param,no,"Archery: bows, arrows, aiming","Alchemy, food and survival",802 replaces rpg_param
802,Archery for 1.9,C,1950,Skill Books Take Time,C,whole-table replacement,0,1,,rpg_param,no,"Archery: bows, arrows, aiming","NPCs, quests and world content",802 replaces rpg_param
802,Archery for 1.9,C,2173,True Hardcore Maintenance (PTF),B,whole-table replacement,0,1,,rpg_param,no,"Archery: bows, arrows, aiming","Weapons, armour and durability",802 replaces rpg_param
802,Archery for 1.9,C,2188,True Hardcore Economy (PTF),A,whole-table replacement,0,1,,rpg_param,no,"Archery: bows, arrows, aiming","Economy, loot and item stats",802 replaces rpg_param
802,Archery for 1.9,C,2208,Medieval Poisons - True Hardcore Compatibility Patch (PTF),A,whole-table replacement,0,1,,rpg_param,no,"Archery: bows, arrows, aiming","Alchemy, food and survival",802 replaces rpg_param
802,Archery for 1.9,C,2210,True Hardcore Alchemy (PTF),A,whole-table replacement,0,1,,rpg_param,no,"Archery: bows, arrows, aiming","Alchemy, food and survival",802 replaces rpg_param
802,Archery for 1.9,C,2219,True Hardcore Crime (PTF),A,whole-table replacement,0,1,,rpg_param,no,"Archery: bows, arrows, aiming","Economy, loot and item stats",802 replaces rpg_param
802,Archery for 1.9,C,2294,Faster Combat - Directional Master Strikes - Better Group Fights,A,whole-table replacement,0,1,,rpg_param,no,"Archery: bows, arrows, aiming",Combat mechanics and AI,802 replaces rpg_param
802,Archery for 1.9,C,2299,1403 - Historical Rebalance,A,whole-table replacement,0,1,,rpg_param,no,"Archery: bows, arrows, aiming",Multi-system overhaul,802 replaces rpg_param
802,Archery for 1.9,C,2340,MatthusTweaks - Equipment and Progression Overhaul (PTF),A,whole-table replacement,0,1,,rpg_param,no,"Archery: bows, arrows, aiming","Economy, loot and item stats",802 replaces rpg_param
804,Loose (An Archery Mod),C,883,KingdomCome Rebalancing,A,whole-table replacement,0,1,,rpg_param,no,"Archery: bows, arrows, aiming",Multi-system overhaul,804 replaces rpg_param; 883 replaces rpg_param
804,Loose (An Archery Mod),C,1070,Better Combat,C,whole-table replacement,0,1,,rpg_param,no,"Archery: bows, arrows, aiming","Perks, skills and XP",804 replaces rpg_param
804,Loose (An Archery Mod),C,1112,Combat Overhaul,B,whole-table replacement,0,1,,rpg_param,no,"Archery: bows, arrows, aiming",Combat mechanics and AI,804 replaces rpg_param
804,Loose (An Archery Mod),C,1236,Easy Combat PTF (easy parry and master strike),C,whole-table replacement,0,1,,rpg_param,no,"Archery: bows, arrows, aiming",Combat mechanics and AI,804 replaces rpg_param
804,Loose (An Archery Mod),C,1243,Easier Enemies PTF (Dumber Enemies),C,whole-table replacement,0,1,,rpg_param,no,"Archery: bows, arrows, aiming",Combat mechanics and AI,804 replaces rpg_param
804,Loose (An Archery Mod),C,1292,Ultimate Repair Kit 2.0,C,whole-table replacement,0,1,,rpg_param,no,"Archery: bows, arrows, aiming","Perks, skills and XP",804 replaces rpg_param
804,Loose (An Archery Mod),C,1384,Modified Combat Overhaul - Directional Combat and smarter AI,B,whole-table replacement,0,1,,rpg_param,no,"Archery: bows, arrows, aiming",Combat mechanics and AI,804 replaces rpg_param
804,Loose (An Archery Mod),C,1425,Saving Soles (PTF),C,whole-table replacement,0,1,,rpg_param,no,"Archery: bows, arrows, aiming","Weapons, armour and durability",804 replaces rpg_param
804,Loose (An Archery Mod),C,1426,Energy and Hunger Patch for Timescale Mods (PTF),C,whole-table replacement,0,1,,rpg_param,no,"Archery: bows, arrows, aiming","Alchemy, food and survival",804 replaces rpg_param
804,Loose (An Archery Mod),C,1572,Increased Experience Gains,C,whole-table replacement,0,1,,rpg_param,no,"Archery: bows, arrows, aiming","Perks, skills and XP",804 replaces rpg_param
804,Loose (An Archery Mod),C,1839,Realistic Horses,A,whole-table replacement,0,1,,rpg_param,no,"Archery: bows, arrows, aiming","Weapons, armour and durability",804 replaces rpg_param
804,Loose (An Archery Mod),C,1842,Realistic Repairs,C,whole-table replacement,0,1,,rpg_param,no,"Archery: bows, arrows, aiming","Perks, skills and XP",804 replaces rpg_param
804,Loose (An Archery Mod),C,1860,Train More Carry More - PTF,C,whole-table replacement,0,1,,rpg_param,no,"Archery: bows, arrows, aiming","Economy, loot and item stats",804 replaces rpg_param
804,Loose (An Archery Mod),C,1883,Better Pickpocket - FIXED,C,whole-table replacement,0,1,,rpg_param,no,"Archery: bows, arrows, aiming","Crime, stealth and reputation",804 replaces rpg_param
804,Loose (An Archery Mod),C,1938,My Herb Picking Radius,C,whole-table replacement,0,1,,rpg_param,no,"Archery: bows, arrows, aiming","Alchemy, food and survival",804 replaces rpg_param
804,Loose (An Archery Mod),C,1950,Skill Books Take Time,C,whole-table replacement,0,1,,rpg_param,no,"Archery: bows, arrows, aiming","NPCs, quests and world content",804 replaces rpg_param
804,Loose (An Archery Mod),C,2173,True Hardcore Maintenance (PTF),B,whole-table replacement,0,1,,rpg_param,no,"Archery: bows, arrows, aiming","Weapons, armour and durability",804 replaces rpg_param
804,Loose (An Archery Mod),C,2188,True Hardcore Economy (PTF),A,whole-table replacement,0,1,,rpg_param,no,"Archery: bows, arrows, aiming","Economy, loot and item stats",804 replaces rpg_param
804,Loose (An Archery Mod),C,2208,Medieval Poisons - True Hardcore Compatibility Patch (PTF),A,whole-table replacement,0,1,,rpg_param,no,"Archery: bows, arrows, aiming","Alchemy, food and survival",804 replaces rpg_param
804,Loose (An Archery Mod),C,2210,True Hardcore Alchemy (PTF),A,whole-table replacement,0,1,,rpg_param,no,"Archery: bows, arrows, aiming","Alchemy, food and survival",804 replaces rpg_param
804,Loose (An Archery Mod),C,2219,True Hardcore Crime (PTF),A,whole-table replacement,0,1,,rpg_param,no,"Archery: bows, arrows, aiming","Economy, loot and item stats",804 replaces rpg_param
804,Loose (An Archery Mod),C,2294,Faster Combat - Directional Master Strikes - Better Group Fights,A,whole-table replacement,0,1,,rpg_param,no,"Archery: bows, arrows, aiming",Combat mechanics and AI,804 replaces rpg_param
804,Loose (An Archery Mod),C,2299,1403 - Historical Rebalance,A,whole-table replacement,0,1,,rpg_param,no,"Archery: bows, arrows, aiming",Multi-system overhaul,804 replaces rpg_param
804,Loose (An Archery Mod),C,2340,MatthusTweaks - Equipment and Progression Overhaul (PTF),A,whole-table replacement,0,1,,rpg_param,no,"Archery: bows, arrows, aiming","Economy, loot and item stats",804 replaces rpg_param
883,KingdomCome Rebalancing,A,1100,Faster archery - PTF Edition,C,whole-table replacement,0,1,,rpg_param,no,Multi-system overhaul,"Archery: bows, arrows, aiming",883 replaces rpg_param
883,KingdomCome Rebalancing,A,1195,Get Water,C,whole-table replacement,0,1,,pickable_item,no,Multi-system overhaul,"Economy, loot and item stats","883 replaces item, pickable_item, player_item, questible_item"
883,KingdomCome Rebalancing,A,1236,Easy Combat PTF (easy parry and master strike),C,whole-table replacement,0,1,,rpg_param,no,Multi-system overhaul,Combat mechanics and AI,883 replaces rpg_param
883,KingdomCome Rebalancing,A,1419,Immersive Archery,C,whole-table replacement,0,1,,rpg_param,no,Multi-system overhaul,"Archery: bows, arrows, aiming","883 replaces ammo, rpg_param"
883,KingdomCome Rebalancing,A,1425,Saving Soles (PTF),C,whole-table replacement,0,1,,rpg_param,no,Multi-system overhaul,"Weapons, armour and durability",883 replaces rpg_param
883,KingdomCome Rebalancing,A,1426,Energy and Hunger Patch for Timescale Mods (PTF),C,whole-table replacement,0,1,,rpg_param,no,Multi-system overhaul,"Alchemy, food and survival",883 replaces rpg_param
883,KingdomCome Rebalancing,A,1545,Saddles Have Durability,C,whole-table replacement,0,1,,armor,no,Multi-system overhaul,"Weapons, armour and durability",883 replaces armor
883,KingdomCome Rebalancing,A,1564,Karnages_Rebalanced_Bows 2.0,C,whole-table replacement,0,1,,rpg_param,no,Multi-system overhaul,"Archery: bows, arrows, aiming","883 replaces missile_weapon, rpg_param"
883,KingdomCome Rebalancing,A,1578,Weighed Groschen - PTF Version,C,whole-table replacement,0,1,,pickable_item,no,Multi-system overhaul,"Economy, loot and item stats",883 replaces pickable_item
883,KingdomCome Rebalancing,A,1629,Exclusive Master Strikes - Make Them Reasonable,A,whole-table replacement,0,1,,perk,no,Multi-system overhaul,"NPC perks, skills and archetypes","883 replaces perk, soul2perk"
883,KingdomCome Rebalancing,A,1678,Better Archery,C,whole-table replacement,0,1,,rpg_param,no,Multi-system overhaul,"Archery: bows, arrows, aiming","883 replaces ammo, rpg_param"
883,KingdomCome Rebalancing,A,1765,Restore Riposte,C,whole-table replacement,0,1,,perk,no,Multi-system overhaul,"Perks, skills and XP",883 replaces perk
883,KingdomCome Rebalancing,A,1862,Faster Inury Regeneration - PTF,C,whole-table replacement,0,1,,perk_rpg_param_override,no,Multi-system overhaul,"Perks, skills and XP",883 replaces perk_rpg_param_override
883,KingdomCome Rebalancing,A,1863,Dirty And Charismatic - PTF,C,whole-table replacement,0,1,,perk_rpg_param_override,no,Multi-system overhaul,"Perks, skills and XP",883 replaces perk_rpg_param_override
883,KingdomCome Rebalancing,A,1864,Cheap Savior Schnapps - PTF,C,whole-table replacement,0,1,,pickable_item,no,Multi-system overhaul,"Economy, loot and item stats","883 replaces food, pickable_item, shop_type2item"
883,KingdomCome Rebalancing,A,1883,Better Pickpocket - FIXED,C,whole-table replacement,0,1,,rpg_param,no,Multi-system overhaul,"Crime, stealth and reputation",883 replaces rpg_param
883,KingdomCome Rebalancing,A,1938,My Herb Picking Radius,C,whole-table replacement,0,1,,rpg_param,no,Multi-system overhaul,"Alchemy, food and survival",883 replaces rpg_param
883,KingdomCome Rebalancing,A,1950,Skill Books Take Time,C,whole-table replacement,0,1,,rpg_param,no,Multi-system overhaul,"NPCs, quests and world content","883 replaces document, rpg_param"
1009,Perkaholic - PTF updated (1.9.4-1.9.8),B,1569,Karnages_Shield_Restoration,D,same table only,0,1,,skill,yes,"Perks, skills and XP","Perks, skills and XP",
1009,Perkaholic - PTF updated (1.9.4-1.9.8),B,1629,Exclusive Master Strikes - Make Them Reasonable,A,same table only,0,1,,perk,no,"Perks, skills and XP","NPC perks, skills and archetypes",
1009,Perkaholic - PTF updated (1.9.4-1.9.8),B,1765,Restore Riposte,C,same table only,0,1,,perk,yes,"Perks, skills and XP","Perks, skills and XP",
1009,Perkaholic - PTF updated (1.9.4-1.9.8),B,1839,Realistic Horses,A,same table only,0,1,,buff,no,"Perks, skills and XP","Weapons, armour and durability",
1009,Perkaholic - PTF updated (1.9.4-1.9.8),B,2011,Chefs Kiss,B,same table only,0,1,,buff,no,"Perks, skills and XP","Alchemy, food and survival",
1009,Perkaholic - PTF updated (1.9.4-1.9.8),B,2173,True Hardcore Maintenance (PTF),B,same table only,0,1,,buff,no,"Perks, skills and XP","Weapons, armour and durability",
1009,Perkaholic - PTF updated (1.9.4-1.9.8),B,2188,True Hardcore Economy (PTF),A,same table only,0,1,,buff,no,"Perks, skills and XP","Economy, loot and item stats",
1009,Perkaholic - PTF updated (1.9.4-1.9.8),B,2208,Medieval Poisons - True Hardcore Compatibility Patch (PTF),A,same table only,0,1,,buff,no,"Perks, skills and XP","Alchemy, food and survival",
1009,Perkaholic - PTF updated (1.9.4-1.9.8),B,2209,Poisonous Enemies - True Hardcore Compatibility Patch (PTF),B,same table only,0,1,,buff,no,"Perks, skills and XP","Economy, loot and item stats",
1009,Perkaholic - PTF updated (1.9.4-1.9.8),B,2210,True Hardcore Alchemy (PTF),A,same table only,0,1,,buff,no,"Perks, skills and XP","Alchemy, food and survival",
1009,Perkaholic - PTF updated (1.9.4-1.9.8),B,2294,Faster Combat - Directional Master Strikes - Better Group Fights,A,same table only,0,1,,buff,no,"Perks, skills and XP",Combat mechanics and AI,
1062,SIM Camping Mini ML 1.5.1.1,B,1266,Stronger drinks - PTF Edition,C,same table only,0,1,,food,no,"Economy, loot and item stats","Alchemy, food and survival",
1062,SIM Camping Mini ML 1.5.1.1,B,1384,Modified Combat Overhaul - Directional Combat and smarter AI,B,same table only,0,1,,buff,no,"Economy, loot and item stats",Combat mechanics and AI,
1062,SIM Camping Mini ML 1.5.1.1,B,1424,Better Sleep Fixed,C,whole-table replacement,0,1,,sleeping_spot_type,no,"Economy, loot and item stats","Alchemy, food and survival",1062 replaces sleeping_spot_type; 1424 replaces sleeping_spot_type
1062,SIM Camping Mini ML 1.5.1.1,B,1483,TSM Slower Food Spoil,B,same table only,0,1,,food,no,"Economy, loot and item stats","Alchemy, food and survival",
1062,SIM Camping Mini ML 1.5.1.1,B,1578,Weighed Groschen - PTF Version,C,same table only,0,1,,pickable_item,yes,"Economy, loot and item stats","Economy, loot and item stats",
1062,SIM Camping Mini ML 1.5.1.1,B,1629,Exclusive Master Strikes - Make Them Reasonable,A,same table only,0,1,,perk,no,"Economy, loot and item stats","NPC perks, skills and archetypes",
1062,SIM Camping Mini ML 1.5.1.1,B,1639,Alternate Food Spoil (2X),B,same table only,0,1,,food,no,"Economy, loot and item stats","Alchemy, food and survival",
1062,SIM Camping Mini ML 1.5.1.1,B,1693,Ravens beak and Spiked warhammer icon swap,D,same table only,0,1,,player_item,yes,"Economy, loot and item stats","Economy, loot and item stats",
1062,SIM Camping Mini ML 1.5.1.1,B,1730,Drink Sound Effects,C,same table only,0,1,,item,no,"Economy, loot and item stats","Alchemy, food and survival",
1062,SIM Camping Mini ML 1.5.1.1,B,1765,Restore Riposte,C,same table only,0,1,,perk,no,"Economy, loot and item stats","Perks, skills and XP",
1062,SIM Camping Mini ML 1.5.1.1,B,1839,Realistic Horses,A,same table only,0,1,,buff,no,"Economy, loot and item stats","Weapons, armour and durability",
1062,SIM Camping Mini ML 1.5.1.1,B,1853,Richer Merchants (PTF),C,same table only,0,1,,shop_type2item,yes,"Economy, loot and item stats","Economy, loot and item stats",
1062,SIM Camping Mini ML 1.5.1.1,B,1914,Weightless Herbs,C,same table only,0,1,,pickable_item,yes,"Economy, loot and item stats","Economy, loot and item stats",
1062,SIM Camping Mini ML 1.5.1.1,B,1926,Potion no Satiety and ADD Heal plus Energy,C,same table only,0,1,,food,no,"Economy, loot and item stats","Alchemy, food and survival",
1062,SIM Camping Mini ML 1.5.1.1,B,2021,Repair Kits - Balanced and Scaled PTF,C,same table only,0,1,,ointment_item,no,"Economy, loot and item stats","Alchemy, food and survival",
1062,SIM Camping Mini ML 1.5.1.1,B,2049,Simple Ragdoll Physics,A,same table only,0,1,,pickable_item,no,"Economy, loot and item stats",Combat mechanics and AI,
1062,SIM Camping Mini ML 1.5.1.1,B,2165,Merchants Richer,C,same table only,0,1,,shop_type2item,yes,"Economy, loot and item stats","Economy, loot and item stats",
1062,SIM Camping Mini ML 1.5.1.1,B,2294,Faster Combat - Directional Master Strikes - Better Group Fights,A,same table only,0,1,,buff,no,"Economy, loot and item stats",Combat mechanics and AI,
1062,SIM Camping Mini ML 1.5.1.1,B,2345,Food and Drinks rebalance,B,whole-table replacement,0,1,,food,no,"Economy, loot and item stats","Alchemy, food and survival",2345 replaces food
1070,Better Combat,C,1100,Faster archery - PTF Edition,C,same table only,0,1,,rpg_param,no,"Perks, skills and XP","Archery: bows, arrows, aiming",
1070,Better Combat,C,1334,Fast Learning Henry,C,whole-table replacement,0,1,,rpg_param,yes,"Perks, skills and XP","Perks, skills and XP",1334 replaces rpg_param
1070,Better Combat,C,1419,Immersive Archery,C,same table only,0,1,,rpg_param,no,"Perks, skills and XP","Archery: bows, arrows, aiming",
1070,Better Combat,C,1425,Saving Soles (PTF),C,same table only,0,1,,rpg_param,no,"Perks, skills and XP","Weapons, armour and durability",
1070,Better Combat,C,1426,Energy and Hunger Patch for Timescale Mods (PTF),C,same table only,0,1,,rpg_param,no,"Perks, skills and XP","Alchemy, food and survival",
1070,Better Combat,C,1564,Karnages_Rebalanced_Bows 2.0,C,same table only,0,1,,rpg_param,no,"Perks, skills and XP","Archery: bows, arrows, aiming",
1070,Better Combat,C,1572,Increased Experience Gains,C,same table only,0,1,,rpg_param,yes,"Perks, skills and XP","Perks, skills and XP",
1070,Better Combat,C,1678,Better Archery,C,same table only,0,1,,rpg_param,no,"Perks, skills and XP","Archery: bows, arrows, aiming",
1070,Better Combat,C,1839,Realistic Horses,A,same table only,0,1,,rpg_param,no,"Perks, skills and XP","Weapons, armour and durability",
1070,Better Combat,C,1860,Train More Carry More - PTF,C,same table only,0,1,,rpg_param,no,"Perks, skills and XP","Economy, loot and item stats",
1070,Better Combat,C,1862,Faster Inury Regeneration - PTF,C,same table only,0,1,,perk_rpg_param_override,yes,"Perks, skills and XP","Perks, skills and XP",
1070,Better Combat,C,1863,Dirty And Charismatic - PTF,C,same table only,0,1,,perk_rpg_param_override,yes,"Perks, skills and XP","Perks, skills and XP",
1070,Better Combat,C,1883,Better Pickpocket - FIXED,C,same table only,0,1,,rpg_param,no,"Perks, skills and XP","Crime, stealth and reputation",
1070,Better Combat,C,1938,My Herb Picking Radius,C,same table only,0,1,,rpg_param,no,"Perks, skills and XP","Alchemy, food and survival",
1070,Better Combat,C,1950,Skill Books Take Time,C,same table only,0,1,,rpg_param,no,"Perks, skills and XP","NPCs, quests and world content",
1070,Better Combat,C,2208,Medieval Poisons - True Hardcore Compatibility Patch (PTF),A,same table only,0,1,,rpg_param,no,"Perks, skills and XP","Alchemy, food and survival",
1070,Better Combat,C,2210,True Hardcore Alchemy (PTF),A,same table only,0,1,,rpg_param,no,"Perks, skills and XP","Alchemy, food and survival",
1070,Better Combat,C,2219,True Hardcore Crime (PTF),A,same table only,0,1,,rpg_param,no,"Perks, skills and XP","Economy, loot and item stats",
1084,Overpowered Bows - PTF Edition,C,2035,Ordinance an Archery Overhaul,B,same table only,0,1,,missile_weapon,no,"Archery: bows, arrows, aiming","Economy, loot and item stats",
1084,Overpowered Bows - PTF Edition,C,2049,Simple Ragdoll Physics,A,same table only,0,1,,missile_weapon,no,"Archery: bows, arrows, aiming",Combat mechanics and AI,
1100,Faster archery - PTF Edition,C,1112,Combat Overhaul,B,same table only,0,1,,rpg_param,no,"Archery: bows, arrows, aiming",Combat mechanics and AI,
1100,Faster archery - PTF Edition,C,1236,Easy Combat PTF (easy parry and master strike),C,same table only,0,1,,rpg_param,no,"Archery: bows, arrows, aiming",Combat mechanics and AI,
1100,Faster archery - PTF Edition,C,1243,Easier Enemies PTF (Dumber Enemies),C,same table only,0,1,,rpg_param,no,"Archery: bows, arrows, aiming",Combat mechanics and AI,
1100,Faster archery - PTF Edition,C,1260,RPG Tweaks,C,whole-table replacement,0,1,,rpg_param,no,"Archery: bows, arrows, aiming","Perks, skills and XP",1260 replaces rpg_param
1100,Faster archery - PTF Edition,C,1292,Ultimate Repair Kit 2.0,C,same table only,0,1,,rpg_param,no,"Archery: bows, arrows, aiming","Perks, skills and XP",
1100,Faster archery - PTF Edition,C,1334,Fast Learning Henry,C,whole-table replacement,0,1,,rpg_param,no,"Archery: bows, arrows, aiming","Perks, skills and XP",1334 replaces rpg_param
1100,Faster archery - PTF Edition,C,1384,Modified Combat Overhaul - Directional Combat and smarter AI,B,same table only,0,1,,rpg_param,no,"Archery: bows, arrows, aiming",Combat mechanics and AI,
1100,Faster archery - PTF Edition,C,1425,Saving Soles (PTF),C,same table only,0,1,,rpg_param,no,"Archery: bows, arrows, aiming","Weapons, armour and durability",
1100,Faster archery - PTF Edition,C,1426,Energy and Hunger Patch for Timescale Mods (PTF),C,same table only,0,1,,rpg_param,no,"Archery: bows, arrows, aiming","Alchemy, food and survival",
1100,Faster archery - PTF Edition,C,1558,Karnages_KCD_Essential_Fixes 2.0,B,same table only,0,1,,rpg_param,no,"Archery: bows, arrows, aiming",Multi-system overhaul,
1100,Faster archery - PTF Edition,C,1572,Increased Experience Gains,C,same table only,0,1,,rpg_param,no,"Archery: bows, arrows, aiming","Perks, skills and XP",
1100,Faster archery - PTF Edition,C,1839,Realistic Horses,A,same table only,0,1,,rpg_param,no,"Archery: bows, arrows, aiming","Weapons, armour and durability",
1100,Faster archery - PTF Edition,C,1842,Realistic Repairs,C,same table only,0,1,,rpg_param,no,"Archery: bows, arrows, aiming","Perks, skills and XP",
1100,Faster archery - PTF Edition,C,1860,Train More Carry More - PTF,C,same table only,0,1,,rpg_param,no,"Archery: bows, arrows, aiming","Economy, loot and item stats",
1100,Faster archery - PTF Edition,C,1883,Better Pickpocket - FIXED,C,same table only,0,1,,rpg_param,no,"Archery: bows, arrows, aiming","Crime, stealth and reputation",
1100,Faster archery - PTF Edition,C,1938,My Herb Picking Radius,C,same table only,0,1,,rpg_param,no,"Archery: bows, arrows, aiming","Alchemy, food and survival",
1100,Faster archery - PTF Edition,C,1950,Skill Books Take Time,C,same table only,0,1,,rpg_param,no,"Archery: bows, arrows, aiming","NPCs, quests and world content",
1100,Faster archery - PTF Edition,C,2173,True Hardcore Maintenance (PTF),B,same table only,0,1,,rpg_param,no,"Archery: bows, arrows, aiming","Weapons, armour and durability",
1100,Faster archery - PTF Edition,C,2188,True Hardcore Economy (PTF),A,same table only,0,1,,rpg_param,no,"Archery: bows, arrows, aiming","Economy, loot and item stats",
1100,Faster archery - PTF Edition,C,2208,Medieval Poisons - True Hardcore Compatibility Patch (PTF),A,same table only,0,1,,rpg_param,no,"Archery: bows, arrows, aiming","Alchemy, food and survival",
1100,Faster archery - PTF Edition,C,2210,True Hardcore Alchemy (PTF),A,same table only,0,1,,rpg_param,no,"Archery: bows, arrows, aiming","Alchemy, food and survival",
1100,Faster archery - PTF Edition,C,2219,True Hardcore Crime (PTF),A,same table only,0,1,,rpg_param,no,"Archery: bows, arrows, aiming","Economy, loot and item stats",
1100,Faster archery - PTF Edition,C,2294,Faster Combat - Directional Master Strikes - Better Group Fights,A,same table only,0,1,,rpg_param,no,"Archery: bows, arrows, aiming",Combat mechanics and AI,
1100,Faster archery - PTF Edition,C,2299,1403 - Historical Rebalance,A,same table only,0,1,,rpg_param,no,"Archery: bows, arrows, aiming",Multi-system overhaul,
1100,Faster archery - PTF Edition,C,2340,MatthusTweaks - Equipment and Progression Overhaul (PTF),A,same table only,0,1,,rpg_param,no,"Archery: bows, arrows, aiming","Economy, loot and item stats",
1105,Service Prices,B,1736,Rogue Life,A,same table only,0,1,,sequence,no,"NPCs, quests and world content","Perks, skills and XP",
1112,Combat Overhaul,B,1419,Immersive Archery,C,same table only,0,1,,rpg_param,no,Combat mechanics and AI,"Archery: bows, arrows, aiming",
1112,Combat Overhaul,B,1425,Saving Soles (PTF),C,same table only,0,1,,rpg_param,no,Combat mechanics and AI,"Weapons, armour and durability",
1112,Combat Overhaul,B,1426,Energy and Hunger Patch for Timescale Mods (PTF),C,same table only,0,1,,rpg_param,no,Combat mechanics and AI,"Alchemy, food and survival",
1112,Combat Overhaul,B,1563,Karnages_Polearm_Restoration 2.0,A,same table only,0,1,,combat_action_perfect_block,yes,Combat mechanics and AI,Combat mechanics and AI,
1112,Combat Overhaul,B,1564,Karnages_Rebalanced_Bows 2.0,C,same table only,0,1,,rpg_param,no,Combat mechanics and AI,"Archery: bows, arrows, aiming",
1112,Combat Overhaul,B,1572,Increased Experience Gains,C,same table only,0,1,,rpg_param,no,Combat mechanics and AI,"Perks, skills and XP",
1112,Combat Overhaul,B,1678,Better Archery,C,same table only,0,1,,rpg_param,no,Combat mechanics and AI,"Archery: bows, arrows, aiming",
1112,Combat Overhaul,B,1782,No more clipping elbows for Andrew,C,same table only,0,1,,soul,no,Combat mechanics and AI,"Weapons, armour and durability",
1112,Combat Overhaul,B,1860,Train More Carry More - PTF,C,same table only,0,1,,rpg_param,no,Combat mechanics and AI,"Economy, loot and item stats",
1112,Combat Overhaul,B,1862,Faster Inury Regeneration - PTF,C,same table only,0,1,,perk_rpg_param_override,no,Combat mechanics and AI,"Perks, skills and XP",
1112,Combat Overhaul,B,1863,Dirty And Charismatic - PTF,C,same table only,0,1,,perk_rpg_param_override,no,Combat mechanics and AI,"Perks, skills and XP",
1112,Combat Overhaul,B,1883,Better Pickpocket - FIXED,C,same table only,0,1,,rpg_param,no,Combat mechanics and AI,"Crime, stealth and reputation",
1112,Combat Overhaul,B,1938,My Herb Picking Radius,C,same table only,0,1,,rpg_param,no,Combat mechanics and AI,"Alchemy, food and survival",
1112,Combat Overhaul,B,1950,Skill Books Take Time,C,same table only,0,1,,rpg_param,no,Combat mechanics and AI,"NPCs, quests and world content",
1112,Combat Overhaul,B,1990,Veteran Hunting,C,same table only,0,1,,soul,no,Combat mechanics and AI,"NPCs, quests and world content",
1112,Combat Overhaul,B,2045,Polearms Unleashed Rebalanced Lite Edition PTF,B,same table only,0,1,,combat_action_perfect_block,no,Combat mechanics and AI,"Economy, loot and item stats",
1112,Combat Overhaul,B,2208,Medieval Poisons - True Hardcore Compatibility Patch (PTF),A,same table only,0,1,,rpg_param,no,Combat mechanics and AI,"Alchemy, food and survival",
1112,Combat Overhaul,B,2210,True Hardcore Alchemy (PTF),A,same table only,0,1,,rpg_param,no,Combat mechanics and AI,"Alchemy, food and survival",
1112,Combat Overhaul,B,2219,True Hardcore Crime (PTF),A,same table only,0,1,,rpg_param,no,Combat mechanics and AI,"Economy, loot and item stats",
1112,Combat Overhaul,B,2343,Ultimate Horse Caparison Fix,B,same table only,0,1,,soul,no,Combat mechanics and AI,"NPCs, quests and world content",
1148,Combo and Weapon rebalance,A,2045,Polearms Unleashed Rebalanced Lite Edition PTF,B,same table only,0,1,,melee_weapon,no,Combat mechanics and AI,"Economy, loot and item stats",
1195,Get Water,C,1578,Weighed Groschen - PTF Version,C,same table only,0,1,,pickable_item,yes,"Economy, loot and item stats","Economy, loot and item stats",
1195,Get Water,C,1693,Ravens beak and Spiked warhammer icon swap,D,same table only,0,1,,player_item,yes,"Economy, loot and item stats","Economy, loot and item stats",
1195,Get Water,C,1730,Drink Sound Effects,C,same table only,0,1,,item,no,"Economy, loot and item stats","Alchemy, food and survival",
1195,Get Water,C,1864,Cheap Savior Schnapps - PTF,C,same table only,0,1,,pickable_item,yes,"Economy, loot and item stats","Economy, loot and item stats",
1195,Get Water,C,1914,Weightless Herbs,C,same table only,0,1,,pickable_item,yes,"Economy, loot and item stats","Economy, loot and item stats",
1195,Get Water,C,2045,Polearms Unleashed Rebalanced Lite Edition PTF,B,same table only,0,1,,pickable_item,yes,"Economy, loot and item stats","Economy, loot and item stats",
1195,Get Water,C,2049,Simple Ragdoll Physics,A,same table only,0,1,,pickable_item,no,"Economy, loot and item stats",Combat mechanics and AI,
1195,Get Water,C,2173,True Hardcore Maintenance (PTF),B,same table only,0,1,,pickable_item,no,"Economy, loot and item stats","Weapons, armour and durability",
1195,Get Water,C,2179,True Hardcore Combat (PTF),B,same table only,0,1,,pickable_item,no,"Economy, loot and item stats",Combat mechanics and AI,
1195,Get Water,C,2188,True Hardcore Economy (PTF),A,same table only,0,1,,pickable_item,yes,"Economy, loot and item stats","Economy, loot and item stats",
1195,Get Water,C,2210,True Hardcore Alchemy (PTF),A,same table only,0,1,,pickable_item,no,"Economy, loot and item stats","Alchemy, food and survival",
1195,Get Water,C,2219,True Hardcore Crime (PTF),A,same table only,0,1,,pickable_item,yes,"Economy, loot and item stats","Economy, loot and item stats",
1195,Get Water,C,2340,MatthusTweaks - Equipment and Progression Overhaul (PTF),A,same table only,0,1,,pickable_item,yes,"Economy, loot and item stats","Economy, loot and item stats",
1236,Easy Combat PTF (easy parry and master strike),C,1243,Easier Enemies PTF (Dumber Enemies),C,same table only,0,1,,rpg_param,yes,Combat mechanics and AI,Combat mechanics and AI,
1236,Easy Combat PTF (easy parry and master strike),C,1292,Ultimate Repair Kit 2.0,C,same table only,0,1,,rpg_param,no,Combat mechanics and AI,"Perks, skills and XP",
1236,Easy Combat PTF (easy parry and master strike),C,1334,Fast Learning Henry,C,whole-table replacement,0,1,,rpg_param,no,Combat mechanics and AI,"Perks, skills and XP",1334 replaces rpg_param
1236,Easy Combat PTF (easy parry and master strike),C,1384,Modified Combat Overhaul - Directional Combat and smarter AI,B,same table only,0,1,,rpg_param,yes,Combat mechanics and AI,Combat mechanics and AI,
1236,Easy Combat PTF (easy parry and master strike),C,1419,Immersive Archery,C,same table only,0,1,,rpg_param,no,Combat mechanics and AI,"Archery: bows, arrows, aiming",
1236,Easy Combat PTF (easy parry and master strike),C,1425,Saving Soles (PTF),C,same table only,0,1,,rpg_param,no,Combat mechanics and AI,"Weapons, armour and durability",
1236,Easy Combat PTF (easy parry and master strike),C,1426,Energy and Hunger Patch for Timescale Mods (PTF),C,same table only,0,1,,rpg_param,no,Combat mechanics and AI,"Alchemy, food and survival",
1236,Easy Combat PTF (easy parry and master strike),C,1564,Karnages_Rebalanced_Bows 2.0,C,same table only,0,1,,rpg_param,no,Combat mechanics and AI,"Archery: bows, arrows, aiming",
1236,Easy Combat PTF (easy parry and master strike),C,1572,Increased Experience Gains,C,same table only,0,1,,rpg_param,no,Combat mechanics and AI,"Perks, skills and XP",
1236,Easy Combat PTF (easy parry and master strike),C,1678,Better Archery,C,same table only,0,1,,rpg_param,no,Combat mechanics and AI,"Archery: bows, arrows, aiming",
1236,Easy Combat PTF (easy parry and master strike),C,1839,Realistic Horses,A,same table only,0,1,,rpg_param,no,Combat mechanics and AI,"Weapons, armour and durability",
1236,Easy Combat PTF (easy parry and master strike),C,1842,Realistic Repairs,C,same table only,0,1,,rpg_param,no,Combat mechanics and AI,"Perks, skills and XP",
1236,Easy Combat PTF (easy parry and master strike),C,1860,Train More Carry More - PTF,C,same table only,0,1,,rpg_param,no,Combat mechanics and AI,"Economy, loot and item stats",
1236,Easy Combat PTF (easy parry and master strike),C,1883,Better Pickpocket - FIXED,C,same table only,0,1,,rpg_param,no,Combat mechanics and AI,"Crime, stealth and reputation",
1236,Easy Combat PTF (easy parry and master strike),C,1938,My Herb Picking Radius,C,same table only,0,1,,rpg_param,no,Combat mechanics and AI,"Alchemy, food and survival",
1236,Easy Combat PTF (easy parry and master strike),C,1950,Skill Books Take Time,C,same table only,0,1,,rpg_param,no,Combat mechanics and AI,"NPCs, quests and world content",
1236,Easy Combat PTF (easy parry and master strike),C,2173,True Hardcore Maintenance (PTF),B,same table only,0,1,,rpg_param,no,Combat mechanics and AI,"Weapons, armour and durability",
1236,Easy Combat PTF (easy parry and master strike),C,2188,True Hardcore Economy (PTF),A,same table only,0,1,,rpg_param,no,Combat mechanics and AI,"Economy, loot and item stats",
1236,Easy Combat PTF (easy parry and master strike),C,2208,Medieval Poisons - True Hardcore Compatibility Patch (PTF),A,same table only,0,1,,rpg_param,no,Combat mechanics and AI,"Alchemy, food and survival",
1236,Easy Combat PTF (easy parry and master strike),C,2210,True Hardcore Alchemy (PTF),A,same table only,0,1,,rpg_param,no,Combat mechanics and AI,"Alchemy, food and survival",
1236,Easy Combat PTF (easy parry and master strike),C,2219,True Hardcore Crime (PTF),A,same table only,0,1,,rpg_param,no,Combat mechanics and AI,"Economy, loot and item stats",
1236,Easy Combat PTF (easy parry and master strike),C,2340,MatthusTweaks - Equipment and Progression Overhaul (PTF),A,same table only,0,1,,rpg_param,no,Combat mechanics and AI,"Economy, loot and item stats",
1243,Easier Enemies PTF (Dumber Enemies),C,1292,Ultimate Repair Kit 2.0,C,same table only,0,1,,rpg_param,no,Combat mechanics and AI,"Perks, skills and XP",
1243,Easier Enemies PTF (Dumber Enemies),C,1334,Fast Learning Henry,C,whole-table replacement,0,1,,rpg_param,no,Combat mechanics and AI,"Perks, skills and XP",1334 replaces rpg_param
1243,Easier Enemies PTF (Dumber Enemies),C,1419,Immersive Archery,C,same table only,0,1,,rpg_param,no,Combat mechanics and AI,"Archery: bows, arrows, aiming",
1243,Easier Enemies PTF (Dumber Enemies),C,1425,Saving Soles (PTF),C,same table only,0,1,,rpg_param,no,Combat mechanics and AI,"Weapons, armour and durability",
1243,Easier Enemies PTF (Dumber Enemies),C,1426,Energy and Hunger Patch for Timescale Mods (PTF),C,same table only,0,1,,rpg_param,no,Combat mechanics and AI,"Alchemy, food and survival",
1243,Easier Enemies PTF (Dumber Enemies),C,1564,Karnages_Rebalanced_Bows 2.0,C,same table only,0,1,,rpg_param,no,Combat mechanics and AI,"Archery: bows, arrows, aiming",
1243,Easier Enemies PTF (Dumber Enemies),C,1572,Increased Experience Gains,C,same table only,0,1,,rpg_param,no,Combat mechanics and AI,"Perks, skills and XP",
1243,Easier Enemies PTF (Dumber Enemies),C,1678,Better Archery,C,same table only,0,1,,rpg_param,no,Combat mechanics and AI,"Archery: bows, arrows, aiming",
1243,Easier Enemies PTF (Dumber Enemies),C,1839,Realistic Horses,A,same table only,0,1,,rpg_param,no,Combat mechanics and AI,"Weapons, armour and durability",
1243,Easier Enemies PTF (Dumber Enemies),C,1842,Realistic Repairs,C,same table only,0,1,,rpg_param,no,Combat mechanics and AI,"Perks, skills and XP",
1243,Easier Enemies PTF (Dumber Enemies),C,1860,Train More Carry More - PTF,C,same table only,0,1,,rpg_param,no,Combat mechanics and AI,"Economy, loot and item stats",
1243,Easier Enemies PTF (Dumber Enemies),C,1883,Better Pickpocket - FIXED,C,same table only,0,1,,rpg_param,no,Combat mechanics and AI,"Crime, stealth and reputation",
1243,Easier Enemies PTF (Dumber Enemies),C,1938,My Herb Picking Radius,C,same table only,0,1,,rpg_param,no,Combat mechanics and AI,"Alchemy, food and survival",
1243,Easier Enemies PTF (Dumber Enemies),C,1950,Skill Books Take Time,C,same table only,0,1,,rpg_param,no,Combat mechanics and AI,"NPCs, quests and world content",
1243,Easier Enemies PTF (Dumber Enemies),C,2173,True Hardcore Maintenance (PTF),B,same table only,0,1,,rpg_param,no,Combat mechanics and AI,"Weapons, armour and durability",
1243,Easier Enemies PTF (Dumber Enemies),C,2188,True Hardcore Economy (PTF),A,same table only,0,1,,rpg_param,no,Combat mechanics and AI,"Economy, loot and item stats",
1243,Easier Enemies PTF (Dumber Enemies),C,2208,Medieval Poisons - True Hardcore Compatibility Patch (PTF),A,same table only,0,1,,rpg_param,no,Combat mechanics and AI,"Alchemy, food and survival",
1243,Easier Enemies PTF (Dumber Enemies),C,2210,True Hardcore Alchemy (PTF),A,same table only,0,1,,rpg_param,no,Combat mechanics and AI,"Alchemy, food and survival",
1243,Easier Enemies PTF (Dumber Enemies),C,2219,True Hardcore Crime (PTF),A,same table only,0,1,,rpg_param,no,Combat mechanics and AI,"Economy, loot and item stats",
1243,Easier Enemies PTF (Dumber Enemies),C,2340,MatthusTweaks - Equipment and Progression Overhaul (PTF),A,same table only,0,1,,rpg_param,no,Combat mechanics and AI,"Economy, loot and item stats",
1260,RPG Tweaks,C,1425,Saving Soles (PTF),C,whole-table replacement,0,1,,rpg_param,no,"Perks, skills and XP","Weapons, armour and durability",1260 replaces rpg_param
1260,RPG Tweaks,C,1426,Energy and Hunger Patch for Timescale Mods (PTF),C,whole-table replacement,0,1,,rpg_param,no,"Perks, skills and XP","Alchemy, food and survival",1260 replaces rpg_param
1260,RPG Tweaks,C,1839,Realistic Horses,A,whole-table replacement,0,1,,rpg_param,no,"Perks, skills and XP","Weapons, armour and durability",1260 replaces rpg_param
1260,RPG Tweaks,C,1860,Train More Carry More - PTF,C,whole-table replacement,0,1,,rpg_param,no,"Perks, skills and XP","Economy, loot and item stats",1260 replaces rpg_param
1260,RPG Tweaks,C,1862,Faster Inury Regeneration - PTF,C,whole-table replacement,0,1,,perk_rpg_param_override,yes,"Perks, skills and XP","Perks, skills and XP",1260 replaces perk_rpg_param_override
1260,RPG Tweaks,C,2208,Medieval Poisons - True Hardcore Compatibility Patch (PTF),A,whole-table replacement,0,1,,rpg_param,no,"Perks, skills and XP","Alchemy, food and survival",1260 replaces rpg_param
1266,Stronger drinks - PTF Edition,C,1483,TSM Slower Food Spoil,B,same table only,0,1,,food,yes,"Alchemy, food and survival","Alchemy, food and survival",
1266,Stronger drinks - PTF Edition,C,1639,Alternate Food Spoil (2X),B,same table only,0,1,,food,yes,"Alchemy, food and survival","Alchemy, food and survival",
1266,Stronger drinks - PTF Edition,C,1864,Cheap Savior Schnapps - PTF,C,same table only,0,1,,food,no,"Alchemy, food and survival","Economy, loot and item stats",
1266,Stronger drinks - PTF Edition,C,2179,True Hardcore Combat (PTF),B,same table only,0,1,,food,no,"Alchemy, food and survival",Combat mechanics and AI,
1266,Stronger drinks - PTF Edition,C,2188,True Hardcore Economy (PTF),A,same table only,0,1,,food,no,"Alchemy, food and survival","Economy, loot and item stats",
1266,Stronger drinks - PTF Edition,C,2208,Medieval Poisons - True Hardcore Compatibility Patch (PTF),A,same table only,0,1,,food,yes,"Alchemy, food and survival","Alchemy, food and survival",
1266,Stronger drinks - PTF Edition,C,2219,True Hardcore Crime (PTF),A,same table only,0,1,,food,no,"Alchemy, food and survival","Economy, loot and item stats",
1292,Ultimate Repair Kit 2.0,C,1334,Fast Learning Henry,C,whole-table replacement,0,1,,rpg_param,yes,"Perks, skills and XP","Perks, skills and XP",1334 replaces rpg_param
1292,Ultimate Repair Kit 2.0,C,1419,Immersive Archery,C,same table only,0,1,,rpg_param,no,"Perks, skills and XP","Archery: bows, arrows, aiming",
1292,Ultimate Repair Kit 2.0,C,1425,Saving Soles (PTF),C,same table only,0,1,,rpg_param,no,"Perks, skills and XP","Weapons, armour and durability",
1292,Ultimate Repair Kit 2.0,C,1426,Energy and Hunger Patch for Timescale Mods (PTF),C,same table only,0,1,,rpg_param,no,"Perks, skills and XP","Alchemy, food and survival",
1292,Ultimate Repair Kit 2.0,C,1564,Karnages_Rebalanced_Bows 2.0,C,same table only,0,1,,rpg_param,no,"Perks, skills and XP","Archery: bows, arrows, aiming",
1292,Ultimate Repair Kit 2.0,C,1572,Increased Experience Gains,C,same table only,0,1,,rpg_param,yes,"Perks, skills and XP","Perks, skills and XP",
1292,Ultimate Repair Kit 2.0,C,1678,Better Archery,C,same table only,0,1,,rpg_param,no,"Perks, skills and XP","Archery: bows, arrows, aiming",
1292,Ultimate Repair Kit 2.0,C,1839,Realistic Horses,A,same table only,0,1,,rpg_param,no,"Perks, skills and XP","Weapons, armour and durability",
1292,Ultimate Repair Kit 2.0,C,1860,Train More Carry More - PTF,C,same table only,0,1,,rpg_param,no,"Perks, skills and XP","Economy, loot and item stats",
1292,Ultimate Repair Kit 2.0,C,1862,Faster Inury Regeneration - PTF,C,same table only,0,1,,perk_rpg_param_override,yes,"Perks, skills and XP","Perks, skills and XP",
1292,Ultimate Repair Kit 2.0,C,1863,Dirty And Charismatic - PTF,C,same table only,0,1,,perk_rpg_param_override,yes,"Perks, skills and XP","Perks, skills and XP",
1292,Ultimate Repair Kit 2.0,C,1883,Better Pickpocket - FIXED,C,same table only,0,1,,rpg_param,no,"Perks, skills and XP","Crime, stealth and reputation",
1292,Ultimate Repair Kit 2.0,C,1938,My Herb Picking Radius,C,same table only,0,1,,rpg_param,no,"Perks, skills and XP","Alchemy, food and survival",
1292,Ultimate Repair Kit 2.0,C,1950,Skill Books Take Time,C,same table only,0,1,,rpg_param,no,"Perks, skills and XP","NPCs, quests and world content",
1292,Ultimate Repair Kit 2.0,C,2208,Medieval Poisons - True Hardcore Compatibility Patch (PTF),A,same table only,0,1,,rpg_param,no,"Perks, skills and XP","Alchemy, food and survival",
1292,Ultimate Repair Kit 2.0,C,2210,True Hardcore Alchemy (PTF),A,same table only,0,1,,rpg_param,no,"Perks, skills and XP","Alchemy, food and survival",
1292,Ultimate Repair Kit 2.0,C,2219,True Hardcore Crime (PTF),A,same table only,0,1,,rpg_param,no,"Perks, skills and XP","Economy, loot and item stats",
1334,Fast Learning Henry,C,1425,Saving Soles (PTF),C,whole-table replacement,0,1,,rpg_param,no,"Perks, skills and XP","Weapons, armour and durability",1334 replaces rpg_param
1334,Fast Learning Henry,C,1426,Energy and Hunger Patch for Timescale Mods (PTF),C,whole-table replacement,0,1,,rpg_param,no,"Perks, skills and XP","Alchemy, food and survival",1334 replaces rpg_param
1334,Fast Learning Henry,C,1839,Realistic Horses,A,whole-table replacement,0,1,,rpg_param,no,"Perks, skills and XP","Weapons, armour and durability",1334 replaces rpg_param
1334,Fast Learning Henry,C,1842,Realistic Repairs,C,whole-table replacement,0,1,,rpg_param,yes,"Perks, skills and XP","Perks, skills and XP",1334 replaces rpg_param
1334,Fast Learning Henry,C,1860,Train More Carry More - PTF,C,whole-table replacement,0,1,,rpg_param,no,"Perks, skills and XP","Economy, loot and item stats",1334 replaces rpg_param
1334,Fast Learning Henry,C,1938,My Herb Picking Radius,C,whole-table replacement,0,1,,rpg_param,no,"Perks, skills and XP","Alchemy, food and survival",1334 replaces rpg_param
1334,Fast Learning Henry,C,2173,True Hardcore Maintenance (PTF),B,whole-table replacement,0,1,,rpg_param,no,"Perks, skills and XP","Weapons, armour and durability",1334 replaces rpg_param
1334,Fast Learning Henry,C,2188,True Hardcore Economy (PTF),A,whole-table replacement,0,1,,rpg_param,no,"Perks, skills and XP","Economy, loot and item stats",1334 replaces rpg_param
1334,Fast Learning Henry,C,2208,Medieval Poisons - True Hardcore Compatibility Patch (PTF),A,whole-table replacement,0,1,,rpg_param,no,"Perks, skills and XP","Alchemy, food and survival",1334 replaces rpg_param
1334,Fast Learning Henry,C,2210,True Hardcore Alchemy (PTF),A,whole-table replacement,0,1,,rpg_param,no,"Perks, skills and XP","Alchemy, food and survival",1334 replaces rpg_param
1334,Fast Learning Henry,C,2294,Faster Combat - Directional Master Strikes - Better Group Fights,A,whole-table replacement,0,1,,rpg_param,no,"Perks, skills and XP",Combat mechanics and AI,1334 replaces rpg_param
1334,Fast Learning Henry,C,2340,MatthusTweaks - Equipment and Progression Overhaul (PTF),A,whole-table replacement,0,1,,rpg_param,no,"Perks, skills and XP","Economy, loot and item stats",1334 replaces rpg_param
1375,No Aim Spread (Bow sway disabler),C,1384,Modified Combat Overhaul - Directional Combat and smarter AI,B,same table only,0,1,,buff,no,"Perks, skills and XP",Combat mechanics and AI,
1375,No Aim Spread (Bow sway disabler),C,1563,Karnages_Polearm_Restoration 2.0,A,same table only,0,1,,perk,no,"Perks, skills and XP",Combat mechanics and AI,
1375,No Aim Spread (Bow sway disabler),C,1765,Restore Riposte,C,same table only,0,1,,perk,yes,"Perks, skills and XP","Perks, skills and XP",
1375,No Aim Spread (Bow sway disabler),C,1839,Realistic Horses,A,same table only,0,1,,buff,no,"Perks, skills and XP","Weapons, armour and durability",
1375,No Aim Spread (Bow sway disabler),C,2011,Chefs Kiss,B,same table only,0,1,,buff,no,"Perks, skills and XP","Alchemy, food and survival",
1375,No Aim Spread (Bow sway disabler),C,2173,True Hardcore Maintenance (PTF),B,same table only,0,1,,buff,no,"Perks, skills and XP","Weapons, armour and durability",
1375,No Aim Spread (Bow sway disabler),C,2179,True Hardcore Combat (PTF),B,same table only,0,1,,buff,no,"Perks, skills and XP",Combat mechanics and AI,
1375,No Aim Spread (Bow sway disabler),C,2188,True Hardcore Economy (PTF),A,same table only,0,1,,buff,no,"Perks, skills and XP","Economy, loot and item stats",
1375,No Aim Spread (Bow sway disabler),C,2208,Medieval Poisons - True Hardcore Compatibility Patch (PTF),A,same table only,0,1,,buff,no,"Perks, skills and XP","Alchemy, food and survival",
1375,No Aim Spread (Bow sway disabler),C,2209,Poisonous Enemies - True Hardcore Compatibility Patch (PTF),B,same table only,0,1,,buff,no,"Perks, skills and XP","Economy, loot and item stats",
1375,No Aim Spread (Bow sway disabler),C,2210,True Hardcore Alchemy (PTF),A,same table only,0,1,,buff,no,"Perks, skills and XP","Alchemy, food and survival",
1375,No Aim Spread (Bow sway disabler),C,2294,Faster Combat - Directional Master Strikes - Better Group Fights,A,same table only,0,1,,buff,no,"Perks, skills and XP",Combat mechanics and AI,
1380,Black Items Fix,B,1545,Saddles Have Durability,C,same table only,0,1,,armor,no,"Economy, loot and item stats","Weapons, armour and durability",
1380,Black Items Fix,B,1560,Karnages_Durability_Redux,A,same table only,0,1,,armor,no,"Economy, loot and item stats","Weapons, armour and durability",
1380,Black Items Fix,B,1563,Karnages_Polearm_Restoration 2.0,A,same table only,0,1,,shop_type2item,no,"Economy, loot and item stats",Combat mechanics and AI,
1380,Black Items Fix,B,1578,Weighed Groschen - PTF Version,C,same table only,0,1,,pickable_item,yes,"Economy, loot and item stats","Economy, loot and item stats",
1380,Black Items Fix,B,1693,Ravens beak and Spiked warhammer icon swap,D,same table only,0,1,,player_item,yes,"Economy, loot and item stats","Economy, loot and item stats",
1380,Black Items Fix,B,1730,Drink Sound Effects,C,same table only,0,1,,item,no,"Economy, loot and item stats","Alchemy, food and survival",
1380,Black Items Fix,B,1839,Realistic Horses,A,same table only,0,1,,equippable_item,no,"Economy, loot and item stats","Weapons, armour and durability",
1380,Black Items Fix,B,1853,Richer Merchants (PTF),C,same table only,0,1,,shop_type2item,yes,"Economy, loot and item stats","Economy, loot and item stats",
1380,Black Items Fix,B,1914,Weightless Herbs,C,same table only,0,1,,pickable_item,yes,"Economy, loot and item stats","Economy, loot and item stats",
1380,Black Items Fix,B,2049,Simple Ragdoll Physics,A,same table only,0,1,,pickable_item,no,"Economy, loot and item stats",Combat mechanics and AI,
1380,Black Items Fix,B,2165,Merchants Richer,C,same table only,0,1,,shop_type2item,yes,"Economy, loot and item stats","Economy, loot and item stats",
1380,Black Items Fix,B,2179,True Hardcore Combat (PTF),B,same table only,0,1,,pickable_item,no,"Economy, loot and item stats",Combat mechanics and AI,
1380,Black Items Fix,B,2210,True Hardcore Alchemy (PTF),A,same table only,0,1,,pickable_item,no,"Economy, loot and item stats","Alchemy, food and survival",
1380,Black Items Fix,B,2219,True Hardcore Crime (PTF),A,same table only,0,1,,pickable_item,yes,"Economy, loot and item stats","Economy, loot and item stats",
1384,Modified Combat Overhaul - Directional Combat and smarter AI,B,1419,Immersive Archery,C,same table only,0,1,,rpg_param,no,Combat mechanics and AI,"Archery: bows, arrows, aiming",
1384,Modified Combat Overhaul - Directional Combat and smarter AI,B,1425,Saving Soles (PTF),C,same table only,0,1,,rpg_param,no,Combat mechanics and AI,"Weapons, armour and durability",
1384,Modified Combat Overhaul - Directional Combat and smarter AI,B,1426,Energy and Hunger Patch for Timescale Mods (PTF),C,same table only,0,1,,rpg_param,no,Combat mechanics and AI,"Alchemy, food and survival",
1384,Modified Combat Overhaul - Directional Combat and smarter AI,B,1563,Karnages_Polearm_Restoration 2.0,A,same table only,0,1,,combat_action_perfect_block,yes,Combat mechanics and AI,Combat mechanics and AI,
1384,Modified Combat Overhaul - Directional Combat and smarter AI,B,1564,Karnages_Rebalanced_Bows 2.0,C,same table only,0,1,,rpg_param,no,Combat mechanics and AI,"Archery: bows, arrows, aiming",
1384,Modified Combat Overhaul - Directional Combat and smarter AI,B,1572,Increased Experience Gains,C,same table only,0,1,,rpg_param,no,Combat mechanics and AI,"Perks, skills and XP",
1384,Modified Combat Overhaul - Directional Combat and smarter AI,B,1678,Better Archery,C,same table only,0,1,,rpg_param,no,Combat mechanics and AI,"Archery: bows, arrows, aiming",
1384,Modified Combat Overhaul - Directional Combat and smarter AI,B,1736,Rogue Life,A,same table only,0,1,,buff,no,Combat mechanics and AI,"Perks, skills and XP",
1384,Modified Combat Overhaul - Directional Combat and smarter AI,B,1860,Train More Carry More - PTF,C,same table only,0,1,,rpg_param,no,Combat mechanics and AI,"Economy, loot and item stats",
1384,Modified Combat Overhaul - Directional Combat and smarter AI,B,1862,Faster Inury Regeneration - PTF,C,same table only,0,1,,perk_rpg_param_override,no,Combat mechanics and AI,"Perks, skills and XP",
1384,Modified Combat Overhaul - Directional Combat and smarter AI,B,1863,Dirty And Charismatic - PTF,C,same table only,0,1,,perk_rpg_param_override,no,Combat mechanics and AI,"Perks, skills and XP",
1384,Modified Combat Overhaul - Directional Combat and smarter AI,B,1883,Better Pickpocket - FIXED,C,same table only,0,1,,rpg_param,no,Combat mechanics and AI,"Crime, stealth and reputation",
1384,Modified Combat Overhaul - Directional Combat and smarter AI,B,1938,My Herb Picking Radius,C,same table only,0,1,,rpg_param,no,Combat mechanics and AI,"Alchemy, food and survival",
1384,Modified Combat Overhaul - Directional Combat and smarter AI,B,1950,Skill Books Take Time,C,same table only,0,1,,rpg_param,no,Combat mechanics and AI,"NPCs, quests and world content",
1384,Modified Combat Overhaul - Directional Combat and smarter AI,B,1990,Veteran Hunting,C,same table only,0,1,,buff,no,Combat mechanics and AI,"NPCs, quests and world content",
1384,Modified Combat Overhaul - Directional Combat and smarter AI,B,2011,Chefs Kiss,B,same table only,0,1,,buff,no,Combat mechanics and AI,"Alchemy, food and survival",
1384,Modified Combat Overhaul - Directional Combat and smarter AI,B,2045,Polearms Unleashed Rebalanced Lite Edition PTF,B,same table only,0,1,,combat_action_perfect_block,no,Combat mechanics and AI,"Economy, loot and item stats",
1384,Modified Combat Overhaul - Directional Combat and smarter AI,B,2209,Poisonous Enemies - True Hardcore Compatibility Patch (PTF),B,same table only,0,1,,buff,no,Combat mechanics and AI,"Economy, loot and item stats",
1384,Modified Combat Overhaul - Directional Combat and smarter AI,B,2338,Horse Collision Mod,A,same table only,0,1,,buff,no,Combat mechanics and AI,"Perks, skills and XP",
1419,Immersive Archery,C,1425,Saving Soles (PTF),C,same table only,0,1,,rpg_param,no,"Archery: bows, arrows, aiming","Weapons, armour and durability",
1419,Immersive Archery,C,1426,Energy and Hunger Patch for Timescale Mods (PTF),C,same table only,0,1,,rpg_param,no,"Archery: bows, arrows, aiming","Alchemy, food and survival",
1419,Immersive Archery,C,1572,Increased Experience Gains,C,same table only,0,1,,rpg_param,no,"Archery: bows, arrows, aiming","Perks, skills and XP",
1419,Immersive Archery,C,1839,Realistic Horses,A,same table only,0,1,,rpg_param,no,"Archery: bows, arrows, aiming","Weapons, armour and durability",
1419,Immersive Archery,C,1842,Realistic Repairs,C,same table only,0,1,,rpg_param,no,"Archery: bows, arrows, aiming","Perks, skills and XP",
1419,Immersive Archery,C,1860,Train More Carry More - PTF,C,same table only,0,1,,rpg_param,no,"Archery: bows, arrows, aiming","Economy, loot and item stats",
1419,Immersive Archery,C,1883,Better Pickpocket - FIXED,C,same table only,0,1,,rpg_param,no,"Archery: bows, arrows, aiming","Crime, stealth and reputation",
1419,Immersive Archery,C,1938,My Herb Picking Radius,C,same table only,0,1,,rpg_param,no,"Archery: bows, arrows, aiming","Alchemy, food and survival",
1419,Immersive Archery,C,1950,Skill Books Take Time,C,same table only,0,1,,rpg_param,no,"Archery: bows, arrows, aiming","NPCs, quests and world content",
1419,Immersive Archery,C,2173,True Hardcore Maintenance (PTF),B,same table only,0,1,,rpg_param,no,"Archery: bows, arrows, aiming","Weapons, armour and durability",
1419,Immersive Archery,C,2188,True Hardcore Economy (PTF),A,same table only,0,1,,rpg_param,no,"Archery: bows, arrows, aiming","Economy, loot and item stats",
1419,Immersive Archery,C,2208,Medieval Poisons - True Hardcore Compatibility Patch (PTF),A,same table only,0,1,,rpg_param,no,"Archery: bows, arrows, aiming","Alchemy, food and survival",
1419,Immersive Archery,C,2210,True Hardcore Alchemy (PTF),A,same table only,0,1,,rpg_param,no,"Archery: bows, arrows, aiming","Alchemy, food and survival",
1419,Immersive Archery,C,2219,True Hardcore Crime (PTF),A,same table only,0,1,,rpg_param,no,"Archery: bows, arrows, aiming","Economy, loot and item stats",
1419,Immersive Archery,C,2294,Faster Combat - Directional Master Strikes - Better Group Fights,A,same table only,0,1,,rpg_param,no,"Archery: bows, arrows, aiming",Combat mechanics and AI,
1419,Immersive Archery,C,2340,MatthusTweaks - Equipment and Progression Overhaul (PTF),A,same table only,0,1,,rpg_param,no,"Archery: bows, arrows, aiming","Economy, loot and item stats",
1425,Saving Soles (PTF),C,1426,Energy and Hunger Patch for Timescale Mods (PTF),C,same table only,0,1,,rpg_param,no,"Weapons, armour and durability","Alchemy, food and survival",
1425,Saving Soles (PTF),C,1564,Karnages_Rebalanced_Bows 2.0,C,same table only,0,1,,rpg_param,no,"Weapons, armour and durability","Archery: bows, arrows, aiming",
1425,Saving Soles (PTF),C,1572,Increased Experience Gains,C,same table only,0,1,,rpg_param,no,"Weapons, armour and durability","Perks, skills and XP",
1425,Saving Soles (PTF),C,1678,Better Archery,C,same table only,0,1,,rpg_param,no,"Weapons, armour and durability","Archery: bows, arrows, aiming",
1425,Saving Soles (PTF),C,1839,Realistic Horses,A,same table only,0,1,,rpg_param,yes,"Weapons, armour and durability","Weapons, armour and durability",
1425,Saving Soles (PTF),C,1842,Realistic Repairs,C,same table only,0,1,,rpg_param,no,"Weapons, armour and durability","Perks, skills and XP",
1425,Saving Soles (PTF),C,1860,Train More Carry More - PTF,C,same table only,0,1,,rpg_param,no,"Weapons, armour and durability","Economy, loot and item stats",
1425,Saving Soles (PTF),C,1883,Better Pickpocket - FIXED,C,same table only,0,1,,rpg_param,no,"Weapons, armour and durability","Crime, stealth and reputation",
1425,Saving Soles (PTF),C,1938,My Herb Picking Radius,C,same table only,0,1,,rpg_param,no,"Weapons, armour and durability","Alchemy, food and survival",
1425,Saving Soles (PTF),C,1950,Skill Books Take Time,C,same table only,0,1,,rpg_param,no,"Weapons, armour and durability","NPCs, quests and world content",
1425,Saving Soles (PTF),C,2124,Half-looted Rebalance,A,same table only,0,1,,rpg_param,no,"Weapons, armour and durability",Multi-system overhaul,
1425,Saving Soles (PTF),C,2173,True Hardcore Maintenance (PTF),B,same table only,0,1,,rpg_param,yes,"Weapons, armour and durability","Weapons, armour and durability",
1425,Saving Soles (PTF),C,2179,True Hardcore Combat (PTF),B,same table only,0,1,,rpg_param,no,"Weapons, armour and durability",Combat mechanics and AI,
1425,Saving Soles (PTF),C,2188,True Hardcore Economy (PTF),A,same table only,0,1,,rpg_param,no,"Weapons, armour and durability","Economy, loot and item stats",
1425,Saving Soles (PTF),C,2208,Medieval Poisons - True Hardcore Compatibility Patch (PTF),A,same table only,0,1,,rpg_param,no,"Weapons, armour and durability","Alchemy, food and survival",
1425,Saving Soles (PTF),C,2210,True Hardcore Alchemy (PTF),A,same table only,0,1,,rpg_param,no,"Weapons, armour and durability","Alchemy, food and survival",
1425,Saving Soles (PTF),C,2219,True Hardcore Crime (PTF),A,same table only,0,1,,rpg_param,no,"Weapons, armour and durability","Economy, loot and item stats",
1425,Saving Soles (PTF),C,2294,Faster Combat - Directional Master Strikes - Better Group Fights,A,same table only,0,1,,rpg_param,no,"Weapons, armour and durability",Combat mechanics and AI,
1425,Saving Soles (PTF),C,2299,1403 - Historical Rebalance,A,same table only,0,1,,rpg_param,no,"Weapons, armour and durability",Multi-system overhaul,
1425,Saving Soles (PTF),C,2340,MatthusTweaks - Equipment and Progression Overhaul (PTF),A,same table only,0,1,,rpg_param,no,"Weapons, armour and durability","Economy, loot and item stats",
1426,Energy and Hunger Patch for Timescale Mods (PTF),C,1558,Karnages_KCD_Essential_Fixes 2.0,B,same table only,0,1,,rpg_param,no,"Alchemy, food and survival",Multi-system overhaul,
1426,Energy and Hunger Patch for Timescale Mods (PTF),C,1564,Karnages_Rebalanced_Bows 2.0,C,same table only,0,1,,rpg_param,no,"Alchemy, food and survival","Archery: bows, arrows, aiming",
1426,Energy and Hunger Patch for Timescale Mods (PTF),C,1572,Increased Experience Gains,C,same table only,0,1,,rpg_param,no,"Alchemy, food and survival","Perks, skills and XP",
1426,Energy and Hunger Patch for Timescale Mods (PTF),C,1668,Relaxed RPG Params,C,same table only,0,1,,rpg_param,no,"Alchemy, food and survival",Combat mechanics and AI,
1426,Energy and Hunger Patch for Timescale Mods (PTF),C,1678,Better Archery,C,same table only,0,1,,rpg_param,no,"Alchemy, food and survival","Archery: bows, arrows, aiming",
1426,Energy and Hunger Patch for Timescale Mods (PTF),C,1839,Realistic Horses,A,same table only,0,1,,rpg_param,no,"Alchemy, food and survival","Weapons, armour and durability",
1426,Energy and Hunger Patch for Timescale Mods (PTF),C,1842,Realistic Repairs,C,same table only,0,1,,rpg_param,no,"Alchemy, food and survival","Perks, skills and XP",
1426,Energy and Hunger Patch for Timescale Mods (PTF),C,1860,Train More Carry More - PTF,C,same table only,0,1,,rpg_param,no,"Alchemy, food and survival","Economy, loot and item stats",
1426,Energy and Hunger Patch for Timescale Mods (PTF),C,1883,Better Pickpocket - FIXED,C,same table only,0,1,,rpg_param,no,"Alchemy, food and survival","Crime, stealth and reputation",
1426,Energy and Hunger Patch for Timescale Mods (PTF),C,1938,My Herb Picking Radius,C,same table only,0,1,,rpg_param,yes,"Alchemy, food and survival","Alchemy, food and survival",
1426,Energy and Hunger Patch for Timescale Mods (PTF),C,1950,Skill Books Take Time,C,same table only,0,1,,rpg_param,no,"Alchemy, food and survival","NPCs, quests and world content",
1426,Energy and Hunger Patch for Timescale Mods (PTF),C,2173,True Hardcore Maintenance (PTF),B,same table only,0,1,,rpg_param,no,"Alchemy, food and survival","Weapons, armour and durability",
1426,Energy and Hunger Patch for Timescale Mods (PTF),C,2179,True Hardcore Combat (PTF),B,same table only,0,1,,rpg_param,no,"Alchemy, food and survival",Combat mechanics and AI,
1426,Energy and Hunger Patch for Timescale Mods (PTF),C,2188,True Hardcore Economy (PTF),A,same table only,0,1,,rpg_param,no,"Alchemy, food and survival","Economy, loot and item stats",
1426,Energy and Hunger Patch for Timescale Mods (PTF),C,2208,Medieval Poisons - True Hardcore Compatibility Patch (PTF),A,same table only,0,1,,rpg_param,yes,"Alchemy, food and survival","Alchemy, food and survival",
1426,Energy and Hunger Patch for Timescale Mods (PTF),C,2210,True Hardcore Alchemy (PTF),A,same table only,0,1,,rpg_param,yes,"Alchemy, food and survival","Alchemy, food and survival",
1426,Energy and Hunger Patch for Timescale Mods (PTF),C,2219,True Hardcore Crime (PTF),A,same table only,0,1,,rpg_param,no,"Alchemy, food and survival","Economy, loot and item stats",
1426,Energy and Hunger Patch for Timescale Mods (PTF),C,2294,Faster Combat - Directional Master Strikes - Better Group Fights,A,same table only,0,1,,rpg_param,no,"Alchemy, food and survival",Combat mechanics and AI,
1426,Energy and Hunger Patch for Timescale Mods (PTF),C,2299,1403 - Historical Rebalance,A,same table only,0,1,,rpg_param,no,"Alchemy, food and survival",Multi-system overhaul,
1426,Energy and Hunger Patch for Timescale Mods (PTF),C,2340,MatthusTweaks - Equipment and Progression Overhaul (PTF),A,same table only,0,1,,rpg_param,no,"Alchemy, food and survival","Economy, loot and item stats",
1483,TSM Slower Food Spoil,B,1864,Cheap Savior Schnapps - PTF,C,same table only,0,1,,food,no,"Alchemy, food and survival","Economy, loot and item stats",
1483,TSM Slower Food Spoil,B,1926,Potion no Satiety and ADD Heal plus Energy,C,same table only,0,1,,food,yes,"Alchemy, food and survival","Alchemy, food and survival",
1483,TSM Slower Food Spoil,B,2179,True Hardcore Combat (PTF),B,same table only,0,1,,food,no,"Alchemy, food and survival",Combat mechanics and AI,
1483,TSM Slower Food Spoil,B,2188,True Hardcore Economy (PTF),A,same table only,0,1,,food,no,"Alchemy, food and survival","Economy, loot and item stats",
1483,TSM Slower Food Spoil,B,2208,Medieval Poisons - True Hardcore Compatibility Patch (PTF),A,same table only,0,1,,food,yes,"Alchemy, food and survival","Alchemy, food and survival",
1483,TSM Slower Food Spoil,B,2210,True Hardcore Alchemy (PTF),A,same table only,0,1,,food,yes,"Alchemy, food and survival","Alchemy, food and survival",
1483,TSM Slower Food Spoil,B,2219,True Hardcore Crime (PTF),A,same table only,0,1,,food,no,"Alchemy, food and survival","Economy, loot and item stats",
1545,Saddles Have Durability,C,1560,Karnages_Durability_Redux,A,same table only,0,1,,armor,yes,"Weapons, armour and durability","Weapons, armour and durability",
1545,Saddles Have Durability,C,1893,Bianca's Ring PTF,C,same table only,0,1,,armor,yes,"Weapons, armour and durability","Weapons, armour and durability",
1545,Saddles Have Durability,C,2209,Poisonous Enemies - True Hardcore Compatibility Patch (PTF),B,same table only,0,1,,armor,no,"Weapons, armour and durability","Economy, loot and item stats",
1558,Karnages_KCD_Essential_Fixes 2.0,B,1839,Realistic Horses,A,same table only,0,1,,rpg_param,no,Multi-system overhaul,"Weapons, armour and durability",
1558,Karnages_KCD_Essential_Fixes 2.0,B,1860,Train More Carry More - PTF,C,same table only,0,1,,rpg_param,no,Multi-system overhaul,"Economy, loot and item stats",
1559,Karnages_Weapons_Damage_Balance 2.0,C,2045,Polearms Unleashed Rebalanced Lite Edition PTF,B,same table only,0,1,,melee_weapon,no,"Weapons, armour and durability","Economy, loot and item stats",
1560,Karnages_Durability_Redux,A,2173,True Hardcore Maintenance (PTF),B,same table only,0,1,,armor,yes,"Weapons, armour and durability","Weapons, armour and durability",
1560,Karnages_Durability_Redux,A,2209,Poisonous Enemies - True Hardcore Compatibility Patch (PTF),B,same table only,0,1,,armor,no,"Weapons, armour and durability","Economy, loot and item stats",
1563,Karnages_Polearm_Restoration 2.0,A,1569,Karnages_Shield_Restoration,D,same table only,0,1,,skill,no,Combat mechanics and AI,"Perks, skills and XP",
1563,Karnages_Polearm_Restoration 2.0,A,1629,Exclusive Master Strikes - Make Them Reasonable,A,same table only,0,1,,perk,no,Combat mechanics and AI,"NPC perks, skills and archetypes",
1563,Karnages_Polearm_Restoration 2.0,A,1736,Rogue Life,A,same table only,0,1,,perk,no,Combat mechanics and AI,"Perks, skills and XP",
1563,Karnages_Polearm_Restoration 2.0,A,1765,Restore Riposte,C,same table only,0,1,,perk,no,Combat mechanics and AI,"Perks, skills and XP",
1563,Karnages_Polearm_Restoration 2.0,A,1853,Richer Merchants (PTF),C,same table only,0,1,,shop_type2item,no,Combat mechanics and AI,"Economy, loot and item stats",
1563,Karnages_Polearm_Restoration 2.0,A,1864,Cheap Savior Schnapps - PTF,C,same table only,0,1,,shop_type2item,no,Combat mechanics and AI,"Economy, loot and item stats",
1563,Karnages_Polearm_Restoration 2.0,A,1990,Veteran Hunting,C,same table only,0,1,,perk,no,Combat mechanics and AI,"NPCs, quests and world content",
1563,Karnages_Polearm_Restoration 2.0,A,2165,Merchants Richer,C,same table only,0,1,,shop_type2item,no,Combat mechanics and AI,"Economy, loot and item stats",
1563,Karnages_Polearm_Restoration 2.0,A,2188,True Hardcore Economy (PTF),A,same table only,0,1,,shop_type2item,no,Combat mechanics and AI,"Economy, loot and item stats",
1563,Karnages_Polearm_Restoration 2.0,A,2209,Poisonous Enemies - True Hardcore Compatibility Patch (PTF),B,same table only,0,1,,shop_type2item,no,Combat mechanics and AI,"Economy, loot and item stats",
1563,Karnages_Polearm_Restoration 2.0,A,2219,True Hardcore Crime (PTF),A,same table only,0,1,,perk,no,Combat mechanics and AI,"Economy, loot and item stats",
1563,Karnages_Polearm_Restoration 2.0,A,2338,Horse Collision Mod,A,same table only,0,1,,perk,no,Combat mechanics and AI,"Perks, skills and XP",
1564,Karnages_Rebalanced_Bows 2.0,C,1572,Increased Experience Gains,C,same table only,0,1,,rpg_param,no,"Archery: bows, arrows, aiming","Perks, skills and XP",
1564,Karnages_Rebalanced_Bows 2.0,C,1839,Realistic Horses,A,same table only,0,1,,rpg_param,no,"Archery: bows, arrows, aiming","Weapons, armour and durability",
1564,Karnages_Rebalanced_Bows 2.0,C,1842,Realistic Repairs,C,same table only,0,1,,rpg_param,no,"Archery: bows, arrows, aiming","Perks, skills and XP",
1564,Karnages_Rebalanced_Bows 2.0,C,1860,Train More Carry More - PTF,C,same table only,0,1,,rpg_param,no,"Archery: bows, arrows, aiming","Economy, loot and item stats",
1564,Karnages_Rebalanced_Bows 2.0,C,1883,Better Pickpocket - FIXED,C,same table only,0,1,,rpg_param,no,"Archery: bows, arrows, aiming","Crime, stealth and reputation",
1564,Karnages_Rebalanced_Bows 2.0,C,1938,My Herb Picking Radius,C,same table only,0,1,,rpg_param,no,"Archery: bows, arrows, aiming","Alchemy, food and survival",
1564,Karnages_Rebalanced_Bows 2.0,C,1950,Skill Books Take Time,C,same table only,0,1,,rpg_param,no,"Archery: bows, arrows, aiming","NPCs, quests and world content",
1564,Karnages_Rebalanced_Bows 2.0,C,2173,True Hardcore Maintenance (PTF),B,same table only,0,1,,rpg_param,no,"Archery: bows, arrows, aiming","Weapons, armour and durability",
1564,Karnages_Rebalanced_Bows 2.0,C,2188,True Hardcore Economy (PTF),A,same table only,0,1,,rpg_param,no,"Archery: bows, arrows, aiming","Economy, loot and item stats",
1564,Karnages_Rebalanced_Bows 2.0,C,2208,Medieval Poisons - True Hardcore Compatibility Patch (PTF),A,same table only,0,1,,rpg_param,no,"Archery: bows, arrows, aiming","Alchemy, food and survival",
1564,Karnages_Rebalanced_Bows 2.0,C,2210,True Hardcore Alchemy (PTF),A,same table only,0,1,,rpg_param,no,"Archery: bows, arrows, aiming","Alchemy, food and survival",
1564,Karnages_Rebalanced_Bows 2.0,C,2219,True Hardcore Crime (PTF),A,same table only,0,1,,rpg_param,no,"Archery: bows, arrows, aiming","Economy, loot and item stats",
1564,Karnages_Rebalanced_Bows 2.0,C,2294,Faster Combat - Directional Master Strikes - Better Group Fights,A,same table only,0,1,,rpg_param,no,"Archery: bows, arrows, aiming",Combat mechanics and AI,
1564,Karnages_Rebalanced_Bows 2.0,C,2340,MatthusTweaks - Equipment and Progression Overhaul (PTF),A,same table only,0,1,,rpg_param,no,"Archery: bows, arrows, aiming","Economy, loot and item stats",
1569,Karnages_Shield_Restoration,D,2045,Polearms Unleashed Rebalanced Lite Edition PTF,B,same table only,0,1,,skill,no,"Perks, skills and XP","Economy, loot and item stats",
1569,Karnages_Shield_Restoration,D,2124,Half-looted Rebalance,A,same table only,0,1,,skill,no,"Perks, skills and XP",Multi-system overhaul,
1569,Karnages_Shield_Restoration,D,2299,1403 - Historical Rebalance,A,same table only,0,1,,skill,no,"Perks, skills and XP",Multi-system overhaul,
1572,Increased Experience Gains,C,1678,Better Archery,C,same table only,0,1,,rpg_param,no,"Perks, skills and XP","Archery: bows, arrows, aiming",
1572,Increased Experience Gains,C,1839,Realistic Horses,A,same table only,0,1,,rpg_param,no,"Perks, skills and XP","Weapons, armour and durability",
1572,Increased Experience Gains,C,1842,Realistic Repairs,C,same table only,0,1,,rpg_param,yes,"Perks, skills and XP","Perks, skills and XP",
1572,Increased Experience Gains,C,1860,Train More Carry More - PTF,C,same table only,0,1,,rpg_param,no,"Perks, skills and XP","Economy, loot and item stats",
1572,Increased Experience Gains,C,1938,My Herb Picking Radius,C,same table only,0,1,,rpg_param,no,"Perks, skills and XP","Alchemy, food and survival",
1572,Increased Experience Gains,C,2173,True Hardcore Maintenance (PTF),B,same table only,0,1,,rpg_param,no,"Perks, skills and XP","Weapons, armour and durability",
1572,Increased Experience Gains,C,2179,True Hardcore Combat (PTF),B,same table only,0,1,,rpg_param,no,"Perks, skills and XP",Combat mechanics and AI,
1572,Increased Experience Gains,C,2188,True Hardcore Economy (PTF),A,same table only,0,1,,rpg_param,no,"Perks, skills and XP","Economy, loot and item stats",
1572,Increased Experience Gains,C,2208,Medieval Poisons - True Hardcore Compatibility Patch (PTF),A,same table only,0,1,,rpg_param,no,"Perks, skills and XP","Alchemy, food and survival",
1572,Increased Experience Gains,C,2210,True Hardcore Alchemy (PTF),A,same table only,0,1,,rpg_param,no,"Perks, skills and XP","Alchemy, food and survival",
1572,Increased Experience Gains,C,2219,True Hardcore Crime (PTF),A,same table only,0,1,,rpg_param,no,"Perks, skills and XP","Economy, loot and item stats",
1572,Increased Experience Gains,C,2294,Faster Combat - Directional Master Strikes - Better Group Fights,A,same table only,0,1,,rpg_param,no,"Perks, skills and XP",Combat mechanics and AI,
1572,Increased Experience Gains,C,2340,MatthusTweaks - Equipment and Progression Overhaul (PTF),A,same table only,0,1,,rpg_param,no,"Perks, skills and XP","Economy, loot and item stats",
1578,Weighed Groschen - PTF Version,C,1864,Cheap Savior Schnapps - PTF,C,same table only,0,1,,pickable_item,yes,"Economy, loot and item stats","Economy, loot and item stats",
1578,Weighed Groschen - PTF Version,C,1914,Weightless Herbs,C,same table only,0,1,,pickable_item,yes,"Economy, loot and item stats","Economy, loot and item stats",
1578,Weighed Groschen - PTF Version,C,2011,Chefs Kiss,B,same table only,0,1,,pickable_item,no,"Economy, loot and item stats","Alchemy, food and survival",
1578,Weighed Groschen - PTF Version,C,2035,Ordinance an Archery Overhaul,B,same table only,0,1,,pickable_item,yes,"Economy, loot and item stats","Economy, loot and item stats",
1578,Weighed Groschen - PTF Version,C,2045,Polearms Unleashed Rebalanced Lite Edition PTF,B,same table only,0,1,,pickable_item,yes,"Economy, loot and item stats","Economy, loot and item stats",
1578,Weighed Groschen - PTF Version,C,2049,Simple Ragdoll Physics,A,same table only,0,1,,pickable_item,no,"Economy, loot and item stats",Combat mechanics and AI,
1578,Weighed Groschen - PTF Version,C,2124,Half-looted Rebalance,A,same table only,0,1,,pickable_item,no,"Economy, loot and item stats",Multi-system overhaul,
1578,Weighed Groschen - PTF Version,C,2173,True Hardcore Maintenance (PTF),B,same table only,0,1,,pickable_item,no,"Economy, loot and item stats","Weapons, armour and durability",
1578,Weighed Groschen - PTF Version,C,2179,True Hardcore Combat (PTF),B,same table only,0,1,,pickable_item,no,"Economy, loot and item stats",Combat mechanics and AI,
1578,Weighed Groschen - PTF Version,C,2188,True Hardcore Economy (PTF),A,same table only,0,1,,pickable_item,yes,"Economy, loot and item stats","Economy, loot and item stats",
1578,Weighed Groschen - PTF Version,C,2209,Poisonous Enemies - True Hardcore Compatibility Patch (PTF),B,same table only,0,1,,pickable_item,yes,"Economy, loot and item stats","Economy, loot and item stats",
1578,Weighed Groschen - PTF Version,C,2210,True Hardcore Alchemy (PTF),A,same table only,0,1,,pickable_item,no,"Economy, loot and item stats","Alchemy, food and survival",
1578,Weighed Groschen - PTF Version,C,2219,True Hardcore Crime (PTF),A,same table only,0,1,,pickable_item,yes,"Economy, loot and item stats","Economy, loot and item stats",
1578,Weighed Groschen - PTF Version,C,2340,MatthusTweaks - Equipment and Progression Overhaul (PTF),A,same table only,0,1,,pickable_item,yes,"Economy, loot and item stats","Economy, loot and item stats",
1629,Exclusive Master Strikes - Make Them Reasonable,A,1736,Rogue Life,A,same table only,0,1,,perk,no,"NPC perks, skills and archetypes","Perks, skills and XP",
1629,Exclusive Master Strikes - Make Them Reasonable,A,1765,Restore Riposte,C,same table only,0,1,,perk,no,"NPC perks, skills and archetypes","Perks, skills and XP",
1629,Exclusive Master Strikes - Make Them Reasonable,A,1990,Veteran Hunting,C,same table only,0,1,,perk,no,"NPC perks, skills and archetypes","NPCs, quests and world content",
1629,Exclusive Master Strikes - Make Them Reasonable,A,2219,True Hardcore Crime (PTF),A,same table only,0,1,,perk,no,"NPC perks, skills and archetypes","Economy, loot and item stats",
1629,Exclusive Master Strikes - Make Them Reasonable,A,2299,1403 - Historical Rebalance,A,same table only,0,1,,perk,no,"NPC perks, skills and archetypes",Multi-system overhaul,
1629,Exclusive Master Strikes - Make Them Reasonable,A,2338,Horse Collision Mod,A,same table only,0,1,,perk,no,"NPC perks, skills and archetypes","Perks, skills and XP",
1639,Alternate Food Spoil (2X),B,1864,Cheap Savior Schnapps - PTF,C,same table only,0,1,,food,no,"Alchemy, food and survival","Economy, loot and item stats",
1639,Alternate Food Spoil (2X),B,1926,Potion no Satiety and ADD Heal plus Energy,C,same table only,0,1,,food,yes,"Alchemy, food and survival","Alchemy, food and survival",
1639,Alternate Food Spoil (2X),B,2179,True Hardcore Combat (PTF),B,same table only,0,1,,food,no,"Alchemy, food and survival",Combat mechanics and AI,
1639,Alternate Food Spoil (2X),B,2188,True Hardcore Economy (PTF),A,same table only,0,1,,food,no,"Alchemy, food and survival","Economy, loot and item stats",
1639,Alternate Food Spoil (2X),B,2208,Medieval Poisons - True Hardcore Compatibility Patch (PTF),A,same table only,0,1,,food,yes,"Alchemy, food and survival","Alchemy, food and survival",
1639,Alternate Food Spoil (2X),B,2210,True Hardcore Alchemy (PTF),A,same table only,0,1,,food,yes,"Alchemy, food and survival","Alchemy, food and survival",
1639,Alternate Food Spoil (2X),B,2219,True Hardcore Crime (PTF),A,same table only,0,1,,food,no,"Alchemy, food and survival","Economy, loot and item stats",
1668,Relaxed RPG Params,C,1839,Realistic Horses,A,same table only,0,1,,rpg_param,no,Combat mechanics and AI,"Weapons, armour and durability",
1668,Relaxed RPG Params,C,1860,Train More Carry More - PTF,C,same table only,0,1,,rpg_param,no,Combat mechanics and AI,"Economy, loot and item stats",
1668,Relaxed RPG Params,C,1883,Better Pickpocket - FIXED,C,same table only,0,1,,rpg_param,no,Combat mechanics and AI,"Crime, stealth and reputation",
1668,Relaxed RPG Params,C,1938,My Herb Picking Radius,C,same table only,0,1,,rpg_param,no,Combat mechanics and AI,"Alchemy, food and survival",
1668,Relaxed RPG Params,C,1950,Skill Books Take Time,C,same table only,0,1,,rpg_param,no,Combat mechanics and AI,"NPCs, quests and world content",
1668,Relaxed RPG Params,C,2188,True Hardcore Economy (PTF),A,same table only,0,1,,rpg_param,no,Combat mechanics and AI,"Economy, loot and item stats",
1668,Relaxed RPG Params,C,2208,Medieval Poisons - True Hardcore Compatibility Patch (PTF),A,same table only,0,1,,rpg_param,no,Combat mechanics and AI,"Alchemy, food and survival",
1668,Relaxed RPG Params,C,2210,True Hardcore Alchemy (PTF),A,same table only,0,1,,rpg_param,no,Combat mechanics and AI,"Alchemy, food and survival",
1668,Relaxed RPG Params,C,2219,True Hardcore Crime (PTF),A,same table only,0,1,,rpg_param,no,Combat mechanics and AI,"Economy, loot and item stats",
1678,Better Archery,C,1839,Realistic Horses,A,same table only,0,1,,rpg_param,no,"Archery: bows, arrows, aiming","Weapons, armour and durability",
1678,Better Archery,C,1842,Realistic Repairs,C,same table only,0,1,,rpg_param,no,"Archery: bows, arrows, aiming","Perks, skills and XP",
1678,Better Archery,C,1860,Train More Carry More - PTF,C,same table only,0,1,,rpg_param,no,"Archery: bows, arrows, aiming","Economy, loot and item stats",
1678,Better Archery,C,1883,Better Pickpocket - FIXED,C,same table only,0,1,,rpg_param,no,"Archery: bows, arrows, aiming","Crime, stealth and reputation",
1678,Better Archery,C,1938,My Herb Picking Radius,C,same table only,0,1,,rpg_param,no,"Archery: bows, arrows, aiming","Alchemy, food and survival",
1678,Better Archery,C,1950,Skill Books Take Time,C,same table only,0,1,,rpg_param,no,"Archery: bows, arrows, aiming","NPCs, quests and world content",
1678,Better Archery,C,2173,True Hardcore Maintenance (PTF),B,same table only,0,1,,rpg_param,no,"Archery: bows, arrows, aiming","Weapons, armour and durability",
1678,Better Archery,C,2188,True Hardcore Economy (PTF),A,same table only,0,1,,rpg_param,no,"Archery: bows, arrows, aiming","Economy, loot and item stats",
1678,Better Archery,C,2208,Medieval Poisons - True Hardcore Compatibility Patch (PTF),A,same table only,0,1,,rpg_param,no,"Archery: bows, arrows, aiming","Alchemy, food and survival",
1678,Better Archery,C,2210,True Hardcore Alchemy (PTF),A,same table only,0,1,,rpg_param,no,"Archery: bows, arrows, aiming","Alchemy, food and survival",
1678,Better Archery,C,2219,True Hardcore Crime (PTF),A,same table only,0,1,,rpg_param,no,"Archery: bows, arrows, aiming","Economy, loot and item stats",
1678,Better Archery,C,2294,Faster Combat - Directional Master Strikes - Better Group Fights,A,same table only,0,1,,rpg_param,no,"Archery: bows, arrows, aiming",Combat mechanics and AI,
1678,Better Archery,C,2340,MatthusTweaks - Equipment and Progression Overhaul (PTF),A,same table only,0,1,,rpg_param,no,"Archery: bows, arrows, aiming","Economy, loot and item stats",
1693,Ravens beak and Spiked warhammer icon swap,D,2035,Ordinance an Archery Overhaul,B,same table only,0,1,,player_item,yes,"Economy, loot and item stats","Economy, loot and item stats",
1693,Ravens beak and Spiked warhammer icon swap,D,2209,Poisonous Enemies - True Hardcore Compatibility Patch (PTF),B,same table only,0,1,,player_item,yes,"Economy, loot and item stats","Economy, loot and item stats",
1730,Drink Sound Effects,C,2035,Ordinance an Archery Overhaul,B,same table only,0,1,,item,no,"Alchemy, food and survival","Economy, loot and item stats",
1730,Drink Sound Effects,C,2124,Half-looted Rebalance,A,same table only,0,1,,item,no,"Alchemy, food and survival",Multi-system overhaul,
1736,Rogue Life,A,1765,Restore Riposte,C,same table only,0,1,,perk,yes,"Perks, skills and XP","Perks, skills and XP",
1736,Rogue Life,A,1839,Realistic Horses,A,same table only,0,1,,buff,no,"Perks, skills and XP","Weapons, armour and durability",
1736,Rogue Life,A,2173,True Hardcore Maintenance (PTF),B,same table only,0,1,,buff,no,"Perks, skills and XP","Weapons, armour and durability",
1736,Rogue Life,A,2208,Medieval Poisons - True Hardcore Compatibility Patch (PTF),A,same table only,0,1,,buff,no,"Perks, skills and XP","Alchemy, food and survival",
1736,Rogue Life,A,2209,Poisonous Enemies - True Hardcore Compatibility Patch (PTF),B,same table only,0,1,,buff,no,"Perks, skills and XP","Economy, loot and item stats",
1736,Rogue Life,A,2294,Faster Combat - Directional Master Strikes - Better Group Fights,A,same table only,0,1,,buff,no,"Perks, skills and XP",Combat mechanics and AI,
1765,Restore Riposte,C,1990,Veteran Hunting,C,same table only,0,1,,perk,no,"Perks, skills and XP","NPCs, quests and world content",
1765,Restore Riposte,C,2124,Half-looted Rebalance,A,same table only,0,1,,perk,no,"Perks, skills and XP",Multi-system overhaul,
1765,Restore Riposte,C,2219,True Hardcore Crime (PTF),A,same table only,0,1,,perk,no,"Perks, skills and XP","Economy, loot and item stats",
1765,Restore Riposte,C,2299,1403 - Historical Rebalance,A,same table only,0,1,,perk,no,"Perks, skills and XP",Multi-system overhaul,
1765,Restore Riposte,C,2338,Horse Collision Mod,A,same table only,0,1,,perk,yes,"Perks, skills and XP","Perks, skills and XP",
1782,No more clipping elbows for Andrew,C,1839,Realistic Horses,A,same table only,0,1,,soul,yes,"Weapons, armour and durability","Weapons, armour and durability",
1782,No more clipping elbows for Andrew,C,1990,Veteran Hunting,C,same table only,0,1,,soul,no,"Weapons, armour and durability","NPCs, quests and world content",
1782,No more clipping elbows for Andrew,C,2124,Half-looted Rebalance,A,same table only,0,1,,soul,no,"Weapons, armour and durability",Multi-system overhaul,
1782,No more clipping elbows for Andrew,C,2343,Ultimate Horse Caparison Fix,B,same table only,0,1,,soul,no,"Weapons, armour and durability","NPCs, quests and world content",
1839,Realistic Horses,A,1842,Realistic Repairs,C,same table only,0,1,,rpg_param,no,"Weapons, armour and durability","Perks, skills and XP",
1839,Realistic Horses,A,1883,Better Pickpocket - FIXED,C,same table only,0,1,,rpg_param,no,"Weapons, armour and durability","Crime, stealth and reputation",
1839,Realistic Horses,A,1893,Bianca's Ring PTF,C,same table only,0,1,,equippable_item,yes,"Weapons, armour and durability","Weapons, armour and durability",
1839,Realistic Horses,A,1938,My Herb Picking Radius,C,same table only,0,1,,rpg_param,no,"Weapons, armour and durability","Alchemy, food and survival",
1839,Realistic Horses,A,1950,Skill Books Take Time,C,same table only,0,1,,rpg_param,no,"Weapons, armour and durability","NPCs, quests and world content",
1839,Realistic Horses,A,2011,Chefs Kiss,B,same table only,0,1,,buff,no,"Weapons, armour and durability","Alchemy, food and survival",
1839,Realistic Horses,A,2035,Ordinance an Archery Overhaul,B,same table only,0,1,,equippable_item,no,"Weapons, armour and durability","Economy, loot and item stats",
1839,Realistic Horses,A,2045,Polearms Unleashed Rebalanced Lite Edition PTF,B,same table only,0,1,,equippable_item,no,"Weapons, armour and durability","Economy, loot and item stats",
1839,Realistic Horses,A,2209,Poisonous Enemies - True Hardcore Compatibility Patch (PTF),B,same table only,0,1,,buff,no,"Weapons, armour and durability","Economy, loot and item stats",
1839,Realistic Horses,A,2338,Horse Collision Mod,A,same table only,0,1,,buff,no,"Weapons, armour and durability","Perks, skills and XP",
1839,Realistic Horses,A,2340,MatthusTweaks - Equipment and Progression Overhaul (PTF),A,same table only,0,1,,rpg_param,no,"Weapons, armour and durability","Economy, loot and item stats",
1839,Realistic Horses,A,2343,Ultimate Horse Caparison Fix,B,same table only,0,1,,soul,no,"Weapons, armour and durability","NPCs, quests and world content",
1842,Realistic Repairs,C,1860,Train More Carry More - PTF,C,same table only,0,1,,rpg_param,no,"Perks, skills and XP","Economy, loot and item stats",
1842,Realistic Repairs,C,1862,Faster Inury Regeneration - PTF,C,same table only,0,1,,perk_rpg_param_override,yes,"Perks, skills and XP","Perks, skills and XP",
1842,Realistic Repairs,C,1863,Dirty And Charismatic - PTF,C,same table only,0,1,,perk_rpg_param_override,yes,"Perks, skills and XP","Perks, skills and XP",
1842,Realistic Repairs,C,1883,Better Pickpocket - FIXED,C,same table only,0,1,,rpg_param,no,"Perks, skills and XP","Crime, stealth and reputation",
1842,Realistic Repairs,C,1938,My Herb Picking Radius,C,same table only,0,1,,rpg_param,no,"Perks, skills and XP","Alchemy, food and survival",
1842,Realistic Repairs,C,1950,Skill Books Take Time,C,same table only,0,1,,rpg_param,no,"Perks, skills and XP","NPCs, quests and world content",
1842,Realistic Repairs,C,2208,Medieval Poisons - True Hardcore Compatibility Patch (PTF),A,same table only,0,1,,rpg_param,no,"Perks, skills and XP","Alchemy, food and survival",
1842,Realistic Repairs,C,2210,True Hardcore Alchemy (PTF),A,same table only,0,1,,rpg_param,no,"Perks, skills and XP","Alchemy, food and survival",
1842,Realistic Repairs,C,2219,True Hardcore Crime (PTF),A,same table only,0,1,,rpg_param,no,"Perks, skills and XP","Economy, loot and item stats",
1853,Richer Merchants (PTF),C,1864,Cheap Savior Schnapps - PTF,C,same table only,0,1,,shop_type2item,yes,"Economy, loot and item stats","Economy, loot and item stats",
1853,Richer Merchants (PTF),C,2045,Polearms Unleashed Rebalanced Lite Edition PTF,B,same table only,0,1,,shop_type2item,yes,"Economy, loot and item stats","Economy, loot and item stats",
1853,Richer Merchants (PTF),C,2209,Poisonous Enemies - True Hardcore Compatibility Patch (PTF),B,same table only,0,1,,shop_type2item,yes,"Economy, loot and item stats","Economy, loot and item stats",
1853,Richer Merchants (PTF),C,2340,MatthusTweaks - Equipment and Progression Overhaul (PTF),A,same table only,0,1,,shop_type2item,yes,"Economy, loot and item stats","Economy, loot and item stats",
1860,Train More Carry More - PTF,C,1883,Better Pickpocket - FIXED,C,same table only,0,1,,rpg_param,no,"Economy, loot and item stats","Crime, stealth and reputation",
1860,Train More Carry More - PTF,C,1938,My Herb Picking Radius,C,same table only,0,1,,rpg_param,no,"Economy, loot and item stats","Alchemy, food and survival",
1860,Train More Carry More - PTF,C,1950,Skill Books Take Time,C,same table only,0,1,,rpg_param,no,"Economy, loot and item stats","NPCs, quests and world content",
1860,Train More Carry More - PTF,C,2124,Half-looted Rebalance,A,same table only,0,1,,rpg_param,no,"Economy, loot and item stats",Multi-system overhaul,
1860,Train More Carry More - PTF,C,2173,True Hardcore Maintenance (PTF),B,same table only,0,1,,rpg_param,no,"Economy, loot and item stats","Weapons, armour and durability",
1860,Train More Carry More - PTF,C,2179,True Hardcore Combat (PTF),B,same table only,0,1,,rpg_param,no,"Economy, loot and item stats",Combat mechanics and AI,
1860,Train More Carry More - PTF,C,2188,True Hardcore Economy (PTF),A,same table only,0,1,,rpg_param,yes,"Economy, loot and item stats","Economy, loot and item stats",
1860,Train More Carry More - PTF,C,2208,Medieval Poisons - True Hardcore Compatibility Patch (PTF),A,same table only,0,1,,rpg_param,no,"Economy, loot and item stats","Alchemy, food and survival",
1860,Train More Carry More - PTF,C,2210,True Hardcore Alchemy (PTF),A,same table only,0,1,,rpg_param,no,"Economy, loot and item stats","Alchemy, food and survival",
1860,Train More Carry More - PTF,C,2219,True Hardcore Crime (PTF),A,same table only,0,1,,rpg_param,yes,"Economy, loot and item stats","Economy, loot and item stats",
1860,Train More Carry More - PTF,C,2294,Faster Combat - Directional Master Strikes - Better Group Fights,A,same table only,0,1,,rpg_param,no,"Economy, loot and item stats",Combat mechanics and AI,
1860,Train More Carry More - PTF,C,2299,1403 - Historical Rebalance,A,same table only,0,1,,rpg_param,no,"Economy, loot and item stats",Multi-system overhaul,
1860,Train More Carry More - PTF,C,2340,MatthusTweaks - Equipment and Progression Overhaul (PTF),A,same table only,0,1,,rpg_param,yes,"Economy, loot and item stats","Economy, loot and item stats",
1862,Faster Inury Regeneration - PTF,C,1863,Dirty And Charismatic - PTF,C,same table only,0,1,,perk_rpg_param_override,yes,"Perks, skills and XP","Perks, skills and XP",
1862,Faster Inury Regeneration - PTF,C,2124,Half-looted Rebalance,A,same table only,0,1,,perk_rpg_param_override,no,"Perks, skills and XP",Multi-system overhaul,
1862,Faster Inury Regeneration - PTF,C,2173,True Hardcore Maintenance (PTF),B,same table only,0,1,,perk_rpg_param_override,no,"Perks, skills and XP","Weapons, armour and durability",
1862,Faster Inury Regeneration - PTF,C,2179,True Hardcore Combat (PTF),B,same table only,0,1,,perk_rpg_param_override,no,"Perks, skills and XP",Combat mechanics and AI,
1862,Faster Inury Regeneration - PTF,C,2188,True Hardcore Economy (PTF),A,same table only,0,1,,perk_rpg_param_override,no,"Perks, skills and XP","Economy, loot and item stats",
1862,Faster Inury Regeneration - PTF,C,2294,Faster Combat - Directional Master Strikes - Better Group Fights,A,same table only,0,1,,perk_rpg_param_override,no,"Perks, skills and XP",Combat mechanics and AI,
1862,Faster Inury Regeneration - PTF,C,2299,1403 - Historical Rebalance,A,same table only,0,1,,perk_rpg_param_override,no,"Perks, skills and XP",Multi-system overhaul,
1862,Faster Inury Regeneration - PTF,C,2340,MatthusTweaks - Equipment and Progression Overhaul (PTF),A,same table only,0,1,,perk_rpg_param_override,no,"Perks, skills and XP","Economy, loot and item stats",
1863,Dirty And Charismatic - PTF,C,2124,Half-looted Rebalance,A,same table only,0,1,,perk_rpg_param_override,no,"Perks, skills and XP",Multi-system overhaul,
1863,Dirty And Charismatic - PTF,C,2173,True Hardcore Maintenance (PTF),B,same table only,0,1,,perk_rpg_param_override,no,"Perks, skills and XP","Weapons, armour and durability",
1863,Dirty And Charismatic - PTF,C,2179,True Hardcore Combat (PTF),B,same table only,0,1,,perk_rpg_param_override,no,"Perks, skills and XP",Combat mechanics and AI,
1863,Dirty And Charismatic - PTF,C,2294,Faster Combat - Directional Master Strikes - Better Group Fights,A,same table only,0,1,,perk_rpg_param_override,no,"Perks, skills and XP",Combat mechanics and AI,
1863,Dirty And Charismatic - PTF,C,2299,1403 - Historical Rebalance,A,same table only,0,1,,perk_rpg_param_override,no,"Perks, skills and XP",Multi-system overhaul,
1863,Dirty And Charismatic - PTF,C,2340,MatthusTweaks - Equipment and Progression Overhaul (PTF),A,same table only,0,1,,perk_rpg_param_override,no,"Perks, skills and XP","Economy, loot and item stats",
1864,Cheap Savior Schnapps - PTF,C,1914,Weightless Herbs,C,same table only,0,1,,pickable_item,yes,"Economy, loot and item stats","Economy, loot and item stats",
1864,Cheap Savior Schnapps - PTF,C,2035,Ordinance an Archery Overhaul,B,same table only,0,1,,pickable_item,yes,"Economy, loot and item stats","Economy, loot and item stats",
1864,Cheap Savior Schnapps - PTF,C,2049,Simple Ragdoll Physics,A,same table only,0,1,,pickable_item,no,"Economy, loot and item stats",Combat mechanics and AI,
1864,Cheap Savior Schnapps - PTF,C,2165,Merchants Richer,C,same table only,0,1,,shop_type2item,yes,"Economy, loot and item stats","Economy, loot and item stats",
1864,Cheap Savior Schnapps - PTF,C,2173,True Hardcore Maintenance (PTF),B,same table only,0,1,,pickable_item,no,"Economy, loot and item stats","Weapons, armour and durability",
1864,Cheap Savior Schnapps - PTF,C,2208,Medieval Poisons - True Hardcore Compatibility Patch (PTF),A,same table only,0,1,,food,no,"Economy, loot and item stats","Alchemy, food and survival",
1864,Cheap Savior Schnapps - PTF,C,2345,Food and Drinks rebalance,B,whole-table replacement,0,1,,food,no,"Economy, loot and item stats","Alchemy, food and survival",2345 replaces food
1883,Better Pickpocket - FIXED,C,1938,My Herb Picking Radius,C,same table only,0,1,,rpg_param,no,"Crime, stealth and reputation","Alchemy, food and survival",
1883,Better Pickpocket - FIXED,C,1950,Skill Books Take Time,C,same table only,0,1,,rpg_param,no,"Crime, stealth and reputation","NPCs, quests and world content",
1883,Better Pickpocket - FIXED,C,2124,Half-looted Rebalance,A,same table only,0,1,,rpg_param,no,"Crime, stealth and reputation",Multi-system overhaul,
1883,Better Pickpocket - FIXED,C,2173,True Hardcore Maintenance (PTF),B,same table only,0,1,,rpg_param,no,"Crime, stealth and reputation","Weapons, armour and durability",
1883,Better Pickpocket - FIXED,C,2179,True Hardcore Combat (PTF),B,same table only,0,1,,rpg_param,no,"Crime, stealth and reputation",Combat mechanics and AI,
1883,Better Pickpocket - FIXED,C,2188,True Hardcore Economy (PTF),A,same table only,0,1,,rpg_param,no,"Crime, stealth and reputation","Economy, loot and item stats",
1883,Better Pickpocket - FIXED,C,2208,Medieval Poisons - True Hardcore Compatibility Patch (PTF),A,same table only,0,1,,rpg_param,no,"Crime, stealth and reputation","Alchemy, food and survival",
1883,Better Pickpocket - FIXED,C,2210,True Hardcore Alchemy (PTF),A,same table only,0,1,,rpg_param,no,"Crime, stealth and reputation","Alchemy, food and survival",
1883,Better Pickpocket - FIXED,C,2294,Faster Combat - Directional Master Strikes - Better Group Fights,A,same table only,0,1,,rpg_param,no,"Crime, stealth and reputation",Combat mechanics and AI,
1883,Better Pickpocket - FIXED,C,2340,MatthusTweaks - Equipment and Progression Overhaul (PTF),A,same table only,0,1,,rpg_param,no,"Crime, stealth and reputation","Economy, loot and item stats",
1893,Bianca's Ring PTF,C,2035,Ordinance an Archery Overhaul,B,same table only,0,1,,equippable_item,no,"Weapons, armour and durability","Economy, loot and item stats",
1893,Bianca's Ring PTF,C,2045,Polearms Unleashed Rebalanced Lite Edition PTF,B,same table only,0,1,,equippable_item,no,"Weapons, armour and durability","Economy, loot and item stats",
1893,Bianca's Ring PTF,C,2173,True Hardcore Maintenance (PTF),B,same table only,0,1,,armor,yes,"Weapons, armour and durability","Weapons, armour and durability",
1893,Bianca's Ring PTF,C,2209,Poisonous Enemies - True Hardcore Compatibility Patch (PTF),B,same table only,0,1,,armor,no,"Weapons, armour and durability","Economy, loot and item stats",
1893,Bianca's Ring PTF,C,2340,MatthusTweaks - Equipment and Progression Overhaul (PTF),A,same table only,0,1,,armor,no,"Weapons, armour and durability","Economy, loot and item stats",
1914,Weightless Herbs,C,2011,Chefs Kiss,B,same table only,0,1,,pickable_item,no,"Economy, loot and item stats","Alchemy, food and survival",
1914,Weightless Herbs,C,2035,Ordinance an Archery Overhaul,B,same table only,0,1,,pickable_item,yes,"Economy, loot and item stats","Economy, loot and item stats",
1914,Weightless Herbs,C,2045,Polearms Unleashed Rebalanced Lite Edition PTF,B,same table only,0,1,,pickable_item,yes,"Economy, loot and item stats","Economy, loot and item stats",
1914,Weightless Herbs,C,2049,Simple Ragdoll Physics,A,same table only,0,1,,pickable_item,no,"Economy, loot and item stats",Combat mechanics and AI,
1914,Weightless Herbs,C,2124,Half-looted Rebalance,A,same table only,0,1,,pickable_item,no,"Economy, loot and item stats",Multi-system overhaul,
1914,Weightless Herbs,C,2173,True Hardcore Maintenance (PTF),B,same table only,0,1,,pickable_item,no,"Economy, loot and item stats","Weapons, armour and durability",
1914,Weightless Herbs,C,2179,True Hardcore Combat (PTF),B,same table only,0,1,,pickable_item,no,"Economy, loot and item stats",Combat mechanics and AI,
1914,Weightless Herbs,C,2188,True Hardcore Economy (PTF),A,same table only,0,1,,pickable_item,yes,"Economy, loot and item stats","Economy, loot and item stats",
1914,Weightless Herbs,C,2209,Poisonous Enemies - True Hardcore Compatibility Patch (PTF),B,same table only,0,1,,pickable_item,yes,"Economy, loot and item stats","Economy, loot and item stats",
1914,Weightless Herbs,C,2210,True Hardcore Alchemy (PTF),A,same table only,0,1,,pickable_item,no,"Economy, loot and item stats","Alchemy, food and survival",
1914,Weightless Herbs,C,2219,True Hardcore Crime (PTF),A,same table only,0,1,,pickable_item,yes,"Economy, loot and item stats","Economy, loot and item stats",
1938,My Herb Picking Radius,C,1950,Skill Books Take Time,C,same table only,0,1,,rpg_param,no,"Alchemy, food and survival","NPCs, quests and world content",
1938,My Herb Picking Radius,C,2124,Half-looted Rebalance,A,same table only,0,1,,rpg_param,no,"Alchemy, food and survival",Multi-system overhaul,
1938,My Herb Picking Radius,C,2173,True Hardcore Maintenance (PTF),B,same table only,0,1,,rpg_param,no,"Alchemy, food and survival","Weapons, armour and durability",
1938,My Herb Picking Radius,C,2179,True Hardcore Combat (PTF),B,same table only,0,1,,rpg_param,no,"Alchemy, food and survival",Combat mechanics and AI,
1938,My Herb Picking Radius,C,2188,True Hardcore Economy (PTF),A,same table only,0,1,,rpg_param,no,"Alchemy, food and survival","Economy, loot and item stats",
1938,My Herb Picking Radius,C,2208,Medieval Poisons - True Hardcore Compatibility Patch (PTF),A,same table only,0,1,,rpg_param,yes,"Alchemy, food and survival","Alchemy, food and survival",
1938,My Herb Picking Radius,C,2219,True Hardcore Crime (PTF),A,same table only,0,1,,rpg_param,no,"Alchemy, food and survival","Economy, loot and item stats",
1938,My Herb Picking Radius,C,2294,Faster Combat - Directional Master Strikes - Better Group Fights,A,same table only,0,1,,rpg_param,no,"Alchemy, food and survival",Combat mechanics and AI,
1938,My Herb Picking Radius,C,2340,MatthusTweaks - Equipment and Progression Overhaul (PTF),A,same table only,0,1,,rpg_param,no,"Alchemy, food and survival","Economy, loot and item stats",
1950,Skill Books Take Time,C,2124,Half-looted Rebalance,A,same table only,0,1,,rpg_param,no,"NPCs, quests and world content",Multi-system overhaul,
1950,Skill Books Take Time,C,2173,True Hardcore Maintenance (PTF),B,same table only,0,1,,rpg_param,no,"NPCs, quests and world content","Weapons, armour and durability",
1950,Skill Books Take Time,C,2179,True Hardcore Combat (PTF),B,same table only,0,1,,rpg_param,no,"NPCs, quests and world content",Combat mechanics and AI,
1950,Skill Books Take Time,C,2188,True Hardcore Economy (PTF),A,same table only,0,1,,rpg_param,no,"NPCs, quests and world content","Economy, loot and item stats",
1950,Skill Books Take Time,C,2210,True Hardcore Alchemy (PTF),A,same table only,0,1,,rpg_param,no,"NPCs, quests and world content","Alchemy, food and survival",
1950,Skill Books Take Time,C,2219,True Hardcore Crime (PTF),A,same table only,0,1,,rpg_param,no,"NPCs, quests and world content","Economy, loot and item stats",
1950,Skill Books Take Time,C,2294,Faster Combat - Directional Master Strikes - Better Group Fights,A,same table only,0,1,,rpg_param,no,"NPCs, quests and world content",Combat mechanics and AI,
1950,Skill Books Take Time,C,2299,1403 - Historical Rebalance,A,same table only,0,1,,rpg_param,no,"NPCs, quests and world content",Multi-system overhaul,
1950,Skill Books Take Time,C,2340,MatthusTweaks - Equipment and Progression Overhaul (PTF),A,same table only,0,1,,rpg_param,no,"NPCs, quests and world content","Economy, loot and item stats",
1990,Veteran Hunting,C,2011,Chefs Kiss,B,same table only,0,1,,buff,no,"NPCs, quests and world content","Alchemy, food and survival",
1990,Veteran Hunting,C,2173,True Hardcore Maintenance (PTF),B,same table only,0,1,,buff,no,"NPCs, quests and world content","Weapons, armour and durability",
1990,Veteran Hunting,C,2179,True Hardcore Combat (PTF),B,same table only,0,1,,buff,no,"NPCs, quests and world content",Combat mechanics and AI,
1990,Veteran Hunting,C,2188,True Hardcore Economy (PTF),A,same table only,0,1,,buff,no,"NPCs, quests and world content","Economy, loot and item stats",
1990,Veteran Hunting,C,2208,Medieval Poisons - True Hardcore Compatibility Patch (PTF),A,same table only,0,1,,buff,no,"NPCs, quests and world content","Alchemy, food and survival",
1990,Veteran Hunting,C,2209,Poisonous Enemies - True Hardcore Compatibility Patch (PTF),B,same table only,0,1,,buff,no,"NPCs, quests and world content","Economy, loot and item stats",
1990,Veteran Hunting,C,2210,True Hardcore Alchemy (PTF),A,same table only,0,1,,buff,no,"NPCs, quests and world content","Alchemy, food and survival",
1990,Veteran Hunting,C,2294,Faster Combat - Directional Master Strikes - Better Group Fights,A,same table only,0,1,,buff,no,"NPCs, quests and world content",Combat mechanics and AI,
1990,Veteran Hunting,C,2343,Ultimate Horse Caparison Fix,B,same table only,0,1,,soul,yes,"NPCs, quests and world content","NPCs, quests and world content",
2011,Chefs Kiss,B,2045,Polearms Unleashed Rebalanced Lite Edition PTF,B,same table only,0,1,,pickable_item,no,"Alchemy, food and survival","Economy, loot and item stats",
2011,Chefs Kiss,B,2049,Simple Ragdoll Physics,A,same table only,0,1,,pickable_item,no,"Alchemy, food and survival",Combat mechanics and AI,
2011,Chefs Kiss,B,2294,Faster Combat - Directional Master Strikes - Better Group Fights,A,same table only,0,1,,buff,no,"Alchemy, food and survival",Combat mechanics and AI,
2011,Chefs Kiss,B,2338,Horse Collision Mod,A,same table only,0,1,,buff,no,"Alchemy, food and survival","Perks, skills and XP",
2035,Ordinance an Archery Overhaul,B,2173,True Hardcore Maintenance (PTF),B,same table only,0,1,,pickable_item,no,"Economy, loot and item stats","Weapons, armour and durability",
2035,Ordinance an Archery Overhaul,B,2188,True Hardcore Economy (PTF),A,same table only,0,1,,pickable_item,yes,"Economy, loot and item stats","Economy, loot and item stats",
2035,Ordinance an Archery Overhaul,B,2210,True Hardcore Alchemy (PTF),A,same table only,0,1,,pickable_item,no,"Economy, loot and item stats","Alchemy, food and survival",
2035,Ordinance an Archery Overhaul,B,2219,True Hardcore Crime (PTF),A,same table only,0,1,,pickable_item,yes,"Economy, loot and item stats","Economy, loot and item stats",
2035,Ordinance an Archery Overhaul,B,2294,Faster Combat - Directional Master Strikes - Better Group Fights,A,same table only,0,1,,weapon_class,no,"Economy, loot and item stats",Combat mechanics and AI,
2045,Polearms Unleashed Rebalanced Lite Edition PTF,B,2165,Merchants Richer,C,same table only,0,1,,shop_type2item,yes,"Economy, loot and item stats","Economy, loot and item stats",
2045,Polearms Unleashed Rebalanced Lite Edition PTF,B,2173,True Hardcore Maintenance (PTF),B,same table only,0,1,,pickable_item,no,"Economy, loot and item stats","Weapons, armour and durability",
2045,Polearms Unleashed Rebalanced Lite Edition PTF,B,2179,True Hardcore Combat (PTF),B,same table only,0,1,,pickable_item,no,"Economy, loot and item stats",Combat mechanics and AI,
2045,Polearms Unleashed Rebalanced Lite Edition PTF,B,2210,True Hardcore Alchemy (PTF),A,same table only,0,1,,pickable_item,no,"Economy, loot and item stats","Alchemy, food and survival",
2045,Polearms Unleashed Rebalanced Lite Edition PTF,B,2219,True Hardcore Crime (PTF),A,same table only,0,1,,pickable_item,yes,"Economy, loot and item stats","Economy, loot and item stats",
2049,Simple Ragdoll Physics,A,2173,True Hardcore Maintenance (PTF),B,same table only,0,1,,pickable_item,no,Combat mechanics and AI,"Weapons, armour and durability",
2049,Simple Ragdoll Physics,A,2188,True Hardcore Economy (PTF),A,same table only,0,1,,pickable_item,no,Combat mechanics and AI,"Economy, loot and item stats",
2049,Simple Ragdoll Physics,A,2209,Poisonous Enemies - True Hardcore Compatibility Patch (PTF),B,same table only,0,1,,pickable_item,no,Combat mechanics and AI,"Economy, loot and item stats",
2049,Simple Ragdoll Physics,A,2210,True Hardcore Alchemy (PTF),A,same table only,0,1,,pickable_item,no,Combat mechanics and AI,"Alchemy, food and survival",
2049,Simple Ragdoll Physics,A,2219,True Hardcore Crime (PTF),A,same table only,0,1,,pickable_item,no,Combat mechanics and AI,"Economy, loot and item stats",
2124,Half-looted Rebalance,A,2343,Ultimate Horse Caparison Fix,B,same table only,0,1,,soul,no,Multi-system overhaul,"NPCs, quests and world content",
2165,Merchants Richer,C,2209,Poisonous Enemies - True Hardcore Compatibility Patch (PTF),B,same table only,0,1,,shop_type2item,yes,"Economy, loot and item stats","Economy, loot and item stats",
2165,Merchants Richer,C,2340,MatthusTweaks - Equipment and Progression Overhaul (PTF),A,same table only,0,1,,shop_type2item,yes,"Economy, loot and item stats","Economy, loot and item stats",
2173,True Hardcore Maintenance (PTF),B,2338,Horse Collision Mod,A,same table only,0,1,,buff,no,"Weapons, armour and durability","Perks, skills and XP",
2179,True Hardcore Combat (PTF),B,2338,Horse Collision Mod,A,same table only,0,1,,buff,no,Combat mechanics and AI,"Perks, skills and XP",
2188,True Hardcore Economy (PTF),A,2338,Horse Collision Mod,A,same table only,0,1,,buff,no,"Economy, loot and item stats","Perks, skills and XP",
2208,Medieval Poisons - True Hardcore Compatibility Patch (PTF),A,2209,Poisonous Enemies - True Hardcore Compatibility Patch (PTF),B,same table only,0,1,,buff,no,"Alchemy, food and survival","Economy, loot and item stats",
2208,Medieval Poisons - True Hardcore Compatibility Patch (PTF),A,2338,Horse Collision Mod,A,same table only,0,1,,buff,no,"Alchemy, food and survival","Perks, skills and XP",
2208,Medieval Poisons - True Hardcore Compatibility Patch (PTF),A,2340,MatthusTweaks - Equipment and Progression Overhaul (PTF),A,same table only,0,1,,rpg_param,no,"Alchemy, food and survival","Economy, loot and item stats",
2209,Poisonous Enemies - True Hardcore Compatibility Patch (PTF),B,2294,Faster Combat - Directional Master Strikes - Better Group Fights,A,same table only,0,1,,buff,no,"Economy, loot and item stats",Combat mechanics and AI,
2209,Poisonous Enemies - True Hardcore Compatibility Patch (PTF),B,2338,Horse Collision Mod,A,same table only,0,1,,buff,no,"Economy, loot and item stats","Perks, skills and XP",
2210,True Hardcore Alchemy (PTF),A,2338,Horse Collision Mod,A,same table only,0,1,,buff,no,"Alchemy, food and survival","Perks, skills and XP",
2294,Faster Combat - Directional Master Strikes - Better Group Fights,A,2338,Horse Collision Mod,A,same table only,0,1,,buff,no,Combat mechanics and AI,"Perks, skills and XP",
2299,1403 - Historical Rebalance,A,2343,Ultimate Horse Caparison Fix,B,same table only,0,1,,soul,no,Multi-system overhaul,"NPCs, quests and world content",
