id,url,name,name_source,scope,in_mods_to_verify,times_in_verify_list,in_tested_1.9.6_list,in_vivaldi_tabs,in_history_screenshots,in_workspace,author_label,category,ptf,triage,author_or_series,versions,install,krs_area,fix_type,fix_status,check_1.9.8,check_source,observation,list_review_note,nexus_status,nexus_summary,review_coverage
83,https://www.nexusmods.com/kingdomcomedeliverance/mods/83,More Responsive Targeting,Nexus API,workspace/installed only,,,,,,installed in the test game via Vortex (Mods/MoreResponsiveTargeting831041),,,,unsorted (no category yet),,,,,,,,,,,published,Loosens up the targeting system and makes it easier to move around in a fight and engage multiple opponents at once.,no text in the review files
84,https://www.nexusmods.com/kingdomcomedeliverance/mods/84,Archery - Realistic Arrow Flight,Nexus API,workspace/installed only,,,,,,Archery/Near Perfect Arrows.-84-69-69.zip,,,,unsorted (no category yet),,,,,,,,,,,published,This is a revision of PcFreaky99's Faster Arrows.  I'd like to thank him for his work and saving me the time to find the files myself.I have used his mod and re-calibrated the numbers so that the arrow flight is a bit more realistic.   It's,no text in the review files
85,https://www.nexusmods.com/kingdomcomedeliverance/mods/85,Perkaholic,Nexus API,workspace/installed only,,,,,,Perks/Perkaholic 1.05-85-1-05.zip,,,,unsorted (no category yet),,,,,,,,,,,published,"Adds additional perks to existing perk lists as well as adding perks to the Bow, Polearm and Unarmed skills.",no text in the review files
106,https://www.nexusmods.com/kingdomcomedeliverance/mods/106,Cheat,Nexus API,workspace/installed only,,,,,,Etc/cheat-106-1-58-1732985419.zip,,,,unsorted (no category yet),,,,,,,,,,,published,"Adds console commands to spawn/teleport/kill NPCs, unlimited F5 quicksave, auto run console commands on game start, manipulate money, buffs, items, perks, skills, stats, stolen items, time, weather, wanted level, merchants, recipes, access",no text in the review files
129,https://www.nexusmods.com/kingdomcomedeliverance/mods/129,Equal Horse Caparisons,Nexus API,in the author's lists,yes,1,,,yes,,,Horses,,"gameplay: no KRS area flagged, still check tables",,,,,,,,,,low ID (2018-era upload?): verify it still works on 1.9.6+,published,"Players can change the colour/style of the padded quilt blanket armour (Caparison) on their horse without worry of stat changes, choice by colour/style not by stats!",title list only
266,https://www.nexusmods.com/kingdomcomedeliverance/mods/266,All Referenced Strings In Kingdom Come Deliverance,Nexus API,workspace/installed only,,,,,,Etc/All Referenced Strings-266-1-0.7z,,,,unsorted (no category yet),,,,,,,,,,,published,"This contains console commands, as well as other things. Search for ""wh_"" to find Warhorse commands.",no text in the review files
284,https://www.nexusmods.com/kingdomcomedeliverance/mods/284,No Mo' Slow Mo - Configurable Perfect Block Slow Motion and AI Master Strike frequency,Nexus API,in the author's lists,,,yes,,,,no mo slo mo,,,unsorted (no category yet),,,,,,not a defect,,,Behaviour preference.,,published,"This mod adds a console command to configure the length of the Perfect Block slow-motion effect, including disabling it completely. Also includes optional mods to disable the slow motion sound effect, and control AI Master Strike frequency",described in review
311,https://www.nexusmods.com/kingdomcomedeliverance/mods/311,O' Hungry Henry,Nexus API,workspace/installed only,,,,,,Player/5.5-6 Nourishment and 4 Energy lost per hour-311-1-0 | Player/5.5-6 Nourishment and 4 Energy lost per hour-311-1-0.7z,,,,unsorted (no category yet),,,,,,,,,,,published,"More realistic needs pertaining to eating and sleeping. Increased Hunger and Fatigue requiring you to very carefully chose what to eat and you will have to keep an eye on your tiredness. Also changes energy gained from sleeping per hour,",no text in the review files
326,https://www.nexusmods.com/kingdomcomedeliverance/mods/326,Knox's Labelled Items (XML),Nexus API,workspace/installed only,,,,,,Etc/Knox's Labelled Items (XML)-326-1-0-2.zip,,,,unsorted (no category yet),,,,,,,,,,,published,Knox's Labelled Items is a mod resource which aims to make adjusting equipment (all weapons and armour/clothing) variables much easier by including each item's in-game name in commented XML.,no text in the review files
366,https://www.nexusmods.com/kingdomcomedeliverance/mods/366,First-person Herb Picking,Nexus API,new: Vivaldi tabs or screenshots only,,,,,yes,,,Alchemy / food / survival,,"gameplay: no KRS area flagged, still check tables",,,,,,,,,,game tables: check overlap with KRS PTF rows and same-category mods; low ID (2018-era upload?): verify it still works on 1.9.6+,published,Forces the game to stay in first-person-view when picking herbs.,title list only
390,https://www.nexusmods.com/kingdomcomedeliverance/mods/390,Stay Clean Longer - Get Dirty Gradually,Nexus API,workspace/installed only,,,,,,Installed to be verified/MGs Stay Clean Longer - Get Dirty Gradually 1.6-390-1-6-1707663382 | installed in the test game via Vortex (Mods/MGsStayCleanLongerGetDirtyGradually16390161707663382),,,,unsorted (no category yet),,,,,,,,,,,published,"This is a simple mod to keep your clothes clean for a longer distance.They will get dirty gradually and you need to wash them, but not as often as in the base game.",no text in the review files
480,https://www.nexusmods.com/kingdomcomedeliverance/mods/480,Bed Comfort Restored,Nexus API,workspace/installed only,,,,,,Items/Bed Comfort Restored-480-1-0,,,,unsorted (no category yet),,,,,,,,,,,published,Brings back the Comfort value of beds that have been nerfed by Patch 1.3Compatible with Patch 1.4.1,no text in the review files
483,https://www.nexusmods.com/kingdomcomedeliverance/mods/483,Hoods and Scarfs UP (dynamic),Nexus API,workspace/installed only,,,,,,Items/Dynamic Hoods and Scarfs up and down-483-1-9-1590343806 | Items/Dynamic Hoods and Scarfs up and down-483-1-9-1590343806.zip,,,,unsorted (no category yet),,,,,,,,,,,published,This mod simply makes 37 hoods and 7 scarfs to be warn up and down (hoods and scarfs are dynamic),no text in the review files
491,https://www.nexusmods.com/kingdomcomedeliverance/mods/491,Loot Info - Container is empty or I already opened-looted it,Nexus API,in the author's lists,yes,1,,,yes,,,Crime / stealth / loot,,gameplay: overlap check needed (Localization paks),,,,Localization paks (KRS ships 4 languages),,,,,,low ID (2018-era upload?): verify it still works on 1.9.6+,published,"Displays in the Loot/Open/Steal button whether the content is empty or has already been opened. / Zeigt beim Plündern/Öffnen/Stehlen-Button an, ob der Inhalt leer ist oder ob schon geöffnet wurde.Compatible with DLC ""From The Ashes"".",title list only
554,https://www.nexusmods.com/kingdomcomedeliverance/mods/554,Parameters Plus,Nexus API,workspace/installed only,,,,,,Etc/Parameters Plus-554-1-5-1562283931 | Etc/Parameters Plus-554-1-5-1562283931.zip,,,,unsorted (no category yet),,,,,,,,,,,published,"Great resource for anyone interested in modding KCD. Featuring some 420+ gameplay parameters not readily available in the file provided by Warhorse to tweak, this resource will allow for additional fine tuning of many gameplay systems for",no text in the review files
591,https://www.nexusmods.com/kingdomcomedeliverance/mods/591,Bushes- Collision Remover,Nexus API,in the author's lists,yes,1,,,yes,,,World / weather / visuals,,"world or weather: large content, outside the PTF scope",JovianStone (original),,,,Bug fix,likely still needed (unconfirmed),Still applicable. Its 26 models are byte-identical in every game pak up to 1.9.8 (no patch changed them); official notes do not mention bush collision. 2331 is the rebuilt version; prefer it. Collision itself was not inspected.,measured on the 1.9.8 install + official notes,Invisible collision on bushes; last update 2018-08. Superseded by 2331.,fix type: Bug fix; low ID (2018-era upload?): verify it still works on 1.9.6+,published,Removes those annoying collision boxes on all bushes,described in review
651,https://www.nexusmods.com/kingdomcomedeliverance/mods/651,Better Combat and Immersion Compilation,Nexus API,in the author's lists,yes,1,,,yes,,,Combat / AI,,gameplay: overlap check needed (Combat / riposte),,,,Stay clean,,,,,Large bundle.,game tables: check overlap with KRS PTF rows and same-category mods; low ID (2018-era upload?): verify it still works on 1.9.6+,published,A compilation of mods that aim to improve combat and immersion in KC:D,described in review
667,https://www.nexusmods.com/kingdomcomedeliverance/mods/667,Naked Armor Fix,Nexus API,found while checking (outside the lists),,,,,,,,,,unsorted (no category yet),,,,,,,,,Related to the 1577 body-material issue.,,published,"Fix the player naked armor, so you are not overpowered anymore in Stealth missions.",described in review
708,https://www.nexusmods.com/kingdomcomedeliverance/mods/708,Viking Set,Nexus API,in the author's lists,,,yes,,,,Viking Set,,,unsorted (no category yet),,,,,,,,,,,published,"This adds a Viking set, containing Axe, Sword, Shield and Helmet.",no text in the review files
726,https://www.nexusmods.com/kingdomcomedeliverance/mods/726,Early Bird NPC Schedules,Nexus API,workspace/installed only,,,,,,installed in the test game via Vortex (Mods/EarlyBirdNPCrescheduler7262101640796373),,,,unsorted (no category yet),,,,,,,,,,,published,"Changes NPC schedules so they start their days earlier and waste less daylight. NPC activities that start in the morning now start earlier, while afternoon and evening activities are only slightly altered. Monk schedules are not altered for",no text in the review files
754,https://www.nexusmods.com/kingdomcomedeliverance/mods/754,Painted Lords of Leipa Hounskull,Nexus API,in the author's lists,,,yes,,,,Painted Lords of Leipa Hounskull,,,unsorted (no category yet),,,LEG,,,,,,Legacy install: .pak copied into Data and Data\_fastload. Suggest a Mods-folder package.,,published,This mod turns this otherwise standard looking hounskull into a medieval state of the art!,described in review
762,https://www.nexusmods.com/kingdomcomedeliverance/mods/762,Queen of Sheba's sword,Nexus API,in the author's lists,,,yes,,,,Queen of Sheba's sword,,,unsorted (no category yet),,,,,,,,,,,published,Playable version of the Queen of Sheba's sword,no text in the review files
765,https://www.nexusmods.com/kingdomcomedeliverance/mods/765,Poison Overhaul,Nexus API,in the author's lists,,,yes,,,,poison overhaul,,,unsorted (no category yet),,,,perk table,,,,,In the tested list; touches perks per the review; potions area.,,published,"Previously called ""Alchemical Warfare"". A simple mod that buff/fix some potions and adds a new perk, making poisons more useful, and in some cases, actually work. Heavily inspired by ProBane from darkavatar7.",described in review
770,https://www.nexusmods.com/kingdomcomedeliverance/mods/770,Perkaholic updated,Nexus API,in the author's lists,,,yes,,,,perkaholic updated,,,unsorted (no category yet),,,,perk table,,,,,In the tested 1.9.6 list. Separate id from 1009.,,published,"Adds additional perks to existing perk lists as well as adding perks to the Bow, Polearm and Unarmed skills. Updated for 1.9.* (All credits for the mod creation to Xylosi, I just updated the mod to work with 1.9)",described in review
771,https://www.nexusmods.com/kingdomcomedeliverance/mods/771,Hoods Over Helmats Removed Clipping Helmets On NPC'S,Nexus API,workspace/installed only,,,,,,Installed to be verified/Hoods Over Helmets Remove Kettle Helmets NPC-771-1-1-1562422310 | Items/Hoods Over Helmets Remove Kettle Helmets NPC-771-1-1-1562422310 | Items/Hoods Over Helmets Remove Kettle Helmets NPC-771-1-1-1562422310.7z,,,,unsorted (no category yet),,,,,,,,,,,published,ALL Hood over helmets work that I listed and Scarfs I Added for Henry and Theresa.Of Course I Did Not Add The Hood/Scarf You Like But if I did not add it it did not work.Read the read me.,no text in the review files
791,https://www.nexusmods.com/kingdomcomedeliverance/mods/791,ALL Hoods Up (With Correct Meshes),Nexus API,workspace/installed only,,,,,,Items/All Hoods Up-791-1-1-1562185697.7zip,,,,unsorted (no category yet),,,,,,,,,,,published,Puts all of the hoods up in Kingdom Come Deliverance,no text in the review files
795,https://www.nexusmods.com/kingdomcomedeliverance/mods/795,Midnight Armor Set (v1.9 Compatible),Nexus API,in the author's lists,,,yes,,,,Midnight Armor Set,,,unsorted (no category yet),,,,,,,,,,,published,"Updated Midnight Armor Set (Without the extras some other mods add to it; A Silent Assassin adds a lot of random stuff, Toxic Green Armor adds new armor that is cool but some of the textures replace existing armor (Bernard's Cuirass) to",no text in the review files
796,https://www.nexusmods.com/kingdomcomedeliverance/mods/796,Miller Guild Items,Nexus API,in the author's lists,,,yes,,,,Miller Guild Items,,,unsorted (no category yet),,,,,,bundled fix,,,Includes a horse item fix.,,published,Adds a new stealth armor set.  Each item has a unique buff.  The items are obtained by doing the Thick as Thieves quests from the Miller guild.1.9 compatible.  Now with bonus horse item fix,described in review
797,https://www.nexusmods.com/kingdomcomedeliverance/mods/797,Inventoried,Nexus API,in the author's lists,,,yes,,,,sorting mod,,,unsorted (no category yet),,,,Localization,,,,,Renames text: per-language upkeep.,,published,"This mod sorts 100% of all in-game items in your inventory by adding (Tags), and painstakingly renaming every single item for maximum utility and readability. // Expanding upon the original item categories, the result is a clean yet",described in review
800,https://www.nexusmods.com/kingdomcomedeliverance/mods/800,Volumetric Fog Shadows,Nexus API,new: Vivaldi tabs or screenshots only,,,,yes,,Installed to be verified/VolumetricFogShadows-800-1-1-1563786542 | installed in the test game via Vortex (Mods/VolumetricFogShadows800111563786542),,Graphics config (cfg),,visual only: user.cfg values (hardware-specific),,1.9.*,,,,,"Enabled on 1.9.8 (wildcard 1.9.*, measured).","engine log, tests/logs",,cfg values: last-loaded file wins; check against other cfg mods; low ID (2018-era upload?): verify it still works on 1.9.6+,published,"This mod turns on volumetric shadows for fog, making it look better and more realistic.",described in review
802,https://www.nexusmods.com/kingdomcomedeliverance/mods/802,Archery for 1.9,Nexus API,new: Vivaldi tabs or screenshots only,,,,yes,,Archery/Archer for 1.9-802-1-1563644280.7z,,Archery / arrows,,gameplay: overlap check needed (Archery),,,,Archery (KRS alters 1419; requires 1743),,,,,,game tables: check overlap with KRS PTF rows and same-category mods; low ID (2018-era upload?): verify it still works on 1.9.6+,published,"An update of archery variables 'rpg_param,xml' for 1.9",title list only
804,https://www.nexusmods.com/kingdomcomedeliverance/mods/804,Loose (An Archery Mod),Nexus API,new: Vivaldi tabs or screenshots only,,,,yes,,,,Archery / arrows,,gameplay: overlap check needed (Archery),,,,Archery (KRS alters 1419; requires 1743),,,,,,game tables: check overlap with KRS PTF rows and same-category mods; low ID (2018-era upload?): verify it still works on 1.9.6+,published,A rebalance of KCD’s archery gameplay.,title list only
808,https://www.nexusmods.com/kingdomcomedeliverance/mods/808,Named NPCs,Nexus API,in the author's lists,yes,1,,,yes,,,Quests / lore / content,,content: outside the PTF scope,,,,Localization,,,,,Renames text: per-language upkeep.,low ID (2018-era upload?): verify it still works on 1.9.6+,published,Adds proper names to the NPCs of Kingdom Come Deliverance.,described in review
827,https://www.nexusmods.com/kingdomcomedeliverance/mods/827,All Maps From Kingdom Come Deliverance - Ultra High Resolution,Nexus API,new: Vivaldi tabs or screenshots only,,,,yes,,,,Maps / UI / HUD,,"UI or maps: replaces files, conflicts with other UI mods",,,,,,,,,,UI/.gfx/inventory files: conflicts with other UI mods; low ID (2018-era upload?): verify it still works on 1.9.6+,published,All 16 maps from Kingdom Come: Deliverance. Includes the full global map at 8k and all of the individual towns at 4k resolution. This also includes DLC maps for Pribyslavitz and for Thereza's version of Skalitz.  All maps were extracted,title list only
829,https://www.nexusmods.com/kingdomcomedeliverance/mods/829,Shop Proper,Nexus API,new: Vivaldi tabs or screenshots only,,,,yes,,,,Economy / merchants,,"gameplay: no KRS area flagged, still check tables",,,,,,,,,,game tables: check overlap with KRS PTF rows and same-category mods; low ID (2018-era upload?): verify it still works on 1.9.6+,published,Shop proper with Shop Proper. A trader and shop overhaul mod.,title list only
837,https://www.nexusmods.com/kingdomcomedeliverance/mods/837,Easy Edit,Nexus API,workspace/installed only,,,,,,Etc/EasyEdit-837--1-1567314659.zip,,,,unsorted (no category yet),,,,,,,,,,,published,"Do you find it hard to read xml and edit what your looking for without having to jump back and forth between google and your xml to find item id's, names, buff id's ect ect. I set out to make modding easier for me but considering i'v spent",no text in the review files
840,https://www.nexusmods.com/kingdomcomedeliverance/mods/840,Blood and Iron Encounter System,Nexus API,in the author's lists,,,yes,,,,Blood and Iron Encounter System,,,unsorted (no category yet),,,,,,,,,,,published,The encounter system from Blood and Iron Overhaul as a stand-alone mod.,no text in the review files
844,https://www.nexusmods.com/kingdomcomedeliverance/mods/844,Yet Another (Realistic) Reshade,Nexus API,new: Vivaldi tabs or screenshots only,,,,yes,,,,Reshade / ENB / visual preset,,visual only: preset (no table overlap),,,,,,,,,,"external injector; no data conflict, but only one preset can be active; low ID (2018-era upload?): verify it still works on 1.9.6+",published,"Yet Another Reshade, This is just my preset for Reshade, based on realism, with couple of mods and ingame tweaks for finetuning.No FPS loss!EDIT: I've forgotten to mention, in the readme included in this mod is some more ,(possibly),",title list only
864,https://www.nexusmods.com/kingdomcomedeliverance/mods/864,Official Kingdom Come Deliverance Modding Tools,Nexus API,new: Vivaldi tabs or screenshots only,,,,yes,,,,Tools / reference,,tool or reference (not gameplay),,,,,,,,,,tool or reference; not a gameplay mod; low ID (2018-era upload?): verify it still works on 1.9.6+,published,The official tools for creating mods in Kingdom Come: Deliverance.,title list only
867,https://www.nexusmods.com/kingdomcomedeliverance/mods/867,APEX Realistic Modding Guide tweaks and fixes,Nexus API,new: Vivaldi tabs or screenshots only,,,,yes,,,,Tools / reference,,tool or reference (not gameplay),,,,,,,,,,tool or reference; not a gameplay mod; low ID (2018-era upload?): verify it still works on 1.9.6+,published,I try to explain here everything step by step to let your game look as realistic as possible :D,title list only
879,https://www.nexusmods.com/kingdomcomedeliverance/mods/879,Original clouds KCD no mipmap,Nexus API,new: Vivaldi tabs or screenshots only,,,,yes,,,,World / weather / visuals,,"world or weather: large content, outside the PTF scope",,,,,,,,,,low ID (2018-era upload?): verify it still works on 1.9.6+,published,Improves the quality of clouds in the sky.A drop in performance is not noticed.Clouds with mipmap removed.,title list only
883,https://www.nexusmods.com/kingdomcomedeliverance/mods/883,KingdomCome Rebalancing,Nexus API,new: Vivaldi tabs or screenshots only,,,,yes,,,,Progression / XP / perks,,gameplay: overlap check needed (Combat / riposte),,,,Combat / riposte (KRS alters 1765),,,,,,game tables: check overlap with KRS PTF rows and same-category mods; low ID (2018-era upload?): verify it still works on 1.9.6+,published,"This Mod changes:- Weapons (mostly Swords)- Armor (Weight, Denfenserating, Prices, ...)- Skills/Perks (Lvl up slower, other Levels required to learn perks, changed some Perks)- Changed RPG Params (for harder combat or less player and horse",title list only
891,https://www.nexusmods.com/kingdomcomedeliverance/mods/891,Hand-and-a-Half Sword,Nexus API,in the author's lists,,,yes,,,,Hand-and-a-Half Sword,,,unsorted (no category yet),,,,,,,,,,,published,Adds a new custom 15th century hand-and-a-half sword.,no text in the review files
892,https://www.nexusmods.com/kingdomcomedeliverance/mods/892,Baselard Dagger,Nexus API,in the author's lists,,,yes,,,,Baselard Dagger,,,unsorted (no category yet),,,,,,,,,,,published,Adds a new custom 14th century baselard dagger.,no text in the review files
905,https://www.nexusmods.com/kingdomcomedeliverance/mods/905,Duke's Sword,Nexus API,in the author's lists,,,yes,,,,Duke's Sword,,,unsorted (no category yet),,,,,,,,,,,published,"Adds a new 15th century Type XVIIIa sword with a hollow ground blade and a Type V ""fishtail"" pommel",no text in the review files
913,https://www.nexusmods.com/kingdomcomedeliverance/mods/913,Joyeuse,Nexus API,in the author's lists,,,yes,,,,Joyeuse,,,unsorted (no category yet),,,,,,,,,,,published,"Adds a new sword based on Joyeuse, which was used for the coronations of French kings.",no text in the review files
915,https://www.nexusmods.com/kingdomcomedeliverance/mods/915,Early Type Ottoman Turkish Kilij,Nexus API,in the author's lists,,,yes,,,,Early Type Ottoman Turkish Kilij,,,unsorted (no category yet),,,,,,,,,,,published,A new model of early type Ottoman Turkic saber for people who want to act like Cumans in game :)sword model is taken from 15th century early period types of Ottoman Turkish / Mamluk sabers.guard is steel blade is damascus steel and hilt is,no text in the review files
922,https://www.nexusmods.com/kingdomcomedeliverance/mods/922,Enhanced Hair Textures,Nexus API,new: Vivaldi tabs or screenshots only,,,,yes,,,,World / weather / visuals,,"world or weather: large content, outside the PTF scope",,,,,,,,,,low ID (2018-era upload?): verify it still works on 1.9.6+,published,"No more glowing hair and increase of clarity and contrast to all NPCs hair/beards, also fixes some weird hair colors for now.",title list only
930,https://www.nexusmods.com/kingdomcomedeliverance/mods/930,Photorealistic Beauty,Nexus API,new: Vivaldi tabs or screenshots only,,,,yes,,,,World / weather / visuals,,"world or weather: large content, outside the PTF scope",,,,,,,,,,low ID (2018-era upload?): verify it still works on 1.9.6+,published,"A photorealistic/realistic Reshade preset, made with the idea to recreate the perception of the real world by the eyes more than a camera even though pictures and videos are been used to make comparisions",title list only
942,https://www.nexusmods.com/kingdomcomedeliverance/mods/942,Danish longsword type XVIIIe - Devil's edition,Nexus API,in the author's lists,,,yes,,,,Danish longsword type XVIIIe - Devil's edition,,,unsorted (no category yet),,,,,,,,,,,published,EN - This mod adds a Danish longsword type XVIIIe into the game - Devil's edition. ---CZ - Tento mod přidává do hry Dánský dlouhý meč typu XVIIIe - Ďábelská edice.,no text in the review files
950,https://www.nexusmods.com/kingdomcomedeliverance/mods/950,Henry's Castle at Pribyslavits,Nexus API,new: Vivaldi tabs or screenshots only,,,,yes,,,,World / weather / visuals,,"world or weather: large content, outside the PTF scope",,,,,,,,,,low ID (2018-era upload?): verify it still works on 1.9.6+,published,"Finally, Henry has a castle in Pribyslavits to call home",title list only
955,https://www.nexusmods.com/kingdomcomedeliverance/mods/955,Treasure Maps Of Bohemia,Nexus API,in the author's lists,yes,1,,yes,yes,,,Quests / lore / content,,content: outside the PTF scope,,,,,,,,,,low ID (2018-era upload?): verify it still works on 1.9.6+,published,Treasure Maps Of Bohemia is a hand-drawn retexture of all Treasure Maps and Ancient Maps found in Kingdom Come: Deliverance and all its DLC.,title list only
957,https://www.nexusmods.com/kingdomcomedeliverance/mods/957,Dark Souls Death Screen,Nexus API,new: Vivaldi tabs or screenshots only,,,,yes,,,,Maps / UI / HUD,,"UI or maps: replaces files, conflicts with other UI mods",,,,,,,,,,UI/.gfx/inventory files: conflicts with other UI mods; low ID (2018-era upload?): verify it still works on 1.9.6+,published,Changes KCD death screen (2 possible options) to enhance your experience while you DIE,title list only
958,https://www.nexusmods.com/kingdomcomedeliverance/mods/958,Architect,Nexus API,in the author's lists,,,yes,,,,Architect,,,unsorted (no category yet),,,DEV,,,,,,Needs the game started in dev mode.,,published,Architect - A modification which introduces base-building features and other mechanics to Kingdom Come Deliverance.,described in review
966,https://www.nexusmods.com/kingdomcomedeliverance/mods/966,15th to 16th Century style Ottoman sword,Nexus API,in the author's lists,,,yes,,,,15th to 16th Century style Ottoman sword,,,unsorted (no category yet),,,,,,,,,,,published,A new model of 15th / 16th century  type Ottoman Turkish saber for people who want to act like Cumans in game :),no text in the review files
969,https://www.nexusmods.com/kingdomcomedeliverance/mods/969,Enhanced Eyes,Nexus API,workspace/installed only,,,,,,Etc/Enhanced Eyes 1.1-969-1-1-1585051202.zip,,,,unsorted (no category yet),,,,,,,,,,,published,"Makes eyes more vivid, sharper and natural, together with eyelashes fix to all characters including Henry.",no text in the review files
972,https://www.nexusmods.com/kingdomcomedeliverance/mods/972,Let Me Loot,Nexus API,new: Vivaldi tabs or screenshots only,,,,yes,,,,Crime / stealth / loot,,"gameplay: no KRS area flagged, still check tables",,,,,,,,,,low ID (2018-era upload?): verify it still works on 1.9.6+,published,[OUT OF DATE] Game is on pause while looting. Pick those items with no fear of being stubbed or something.,title list only
975,https://www.nexusmods.com/kingdomcomedeliverance/mods/975,Super Natural Reshade,Nexus API,new: Vivaldi tabs or screenshots only,,,,yes,,,,Reshade / ENB / visual preset,,visual only: preset (no table overlap),,,,,,,,,,"external injector; no data conflict, but only one preset can be active; low ID (2018-era upload?): verify it still works on 1.9.6+",published,"A subtle, lightweight, non over-the-top natural color correction for KCD.",title list only
977,https://www.nexusmods.com/kingdomcomedeliverance/mods/977,Alms for Beggars,Nexus API,new: Vivaldi tabs or screenshots only,,,,yes,,,,Economy / merchants,,"gameplay: no KRS area flagged, still check tables",,,,,,,,,,game tables: check overlap with KRS PTF rows and same-category mods; low ID (2018-era upload?): verify it still works on 1.9.6+,published,"EN:Henry now can give alms to refugees/beggars in Rattay.CZ:Jindra nyní může dávat almužnu žebrákům/uprchlíkům v Ratajích.Lokalizace / Localization:CZE,ENG,FRA,GER,RUS,CHN,PL",title list only
978,https://www.nexusmods.com/kingdomcomedeliverance/mods/978,minimalistic HUD,Nexus API,new: Vivaldi tabs or screenshots only,,,,yes,,,,Maps / UI / HUD,,"UI or maps: replaces files, conflicts with other UI mods",,,,,,,,,,UI/.gfx/inventory files: conflicts with other UI mods; low ID (2018-era upload?): verify it still works on 1.9.6+,published,"Are you annoyed by the huge Vanilla HUD? This mod gives you a ""minimalistic HUD"" that is not as intrusive as the Vanilla one with full control over the HUD elements via keybinds.",title list only
994,https://www.nexusmods.com/kingdomcomedeliverance/mods/994,Depth ReShade,Nexus API,new: Vivaldi tabs or screenshots only,,,,yes,,,,Reshade / ENB / visual preset,,visual only: preset (no table overlap),,,,,,,,,,"external injector; no data conflict, but only one preset can be active; low ID (2018-era upload?): verify it still works on 1.9.6+",published,"Get rid of the flat default look of KCD! Simple, minimal ReShade using two effects for brighter sunlight, deeper shadows, and widened contrast. Low/no performance hit",title list only
1009,https://www.nexusmods.com/kingdomcomedeliverance/mods/1009,Perkaholic - PTF updated (1.9.4-1.9.8),Nexus API,in the author's lists,yes,1,,yes,yes,Installed to be verified/Perkaholic PTF-1009-1-2-3-1714642782 | Perks/Perkaholic PTF-1009-1-2-3-1714642782.7zip,,Progression / XP / perks,PTF,PTF reference; gameplay: overlap check needed (Perk / RPG tables),,1.9.4-1.9.8,PTF,perk table,,,"Already lists 1.9.8. Adds 56 perks incl. Bow, Polearm, Unarmed; fixes Cushion and Art Connoisseur. Translations exist (1027, 1273, 1244).",Nexus page summary via web search (page not opened),Touches perk rows: check against krs_perks rows ec4c5274 / 61e98757. PTF example worth studying.,self-described PTF: same shape as KRS; game tables: check overlap with KRS PTF rows and same-category mods,published,"Adds additional perks to existing perk lists as well as adding perks to the Bow, Polearm and Unarmed skills. 56 in total.",described in review
1040,https://www.nexusmods.com/kingdomcomedeliverance/mods/1040,Disable Combat Slowmotion,Nexus API,found while checking (outside the lists),,,,,,,,,,unsorted (no category yet),,,,,,,,,Adjacent (not in the lists).,,published,Disables the annoying Slowmotion that occurs during combat,described in review
1045,https://www.nexusmods.com/kingdomcomedeliverance/mods/1045,MORE BLOOD,Nexus API,new: Vivaldi tabs or screenshots only,,,,yes,,,,World / weather / visuals,,"world or weather: large content, outside the PTF scope",,,,,,,,,,,published,"More blood particles spawned on hit, making your enemies bleed longer and your hits more satisfying!",title list only
1046,https://www.nexusmods.com/kingdomcomedeliverance/mods/1046,Rudy ENB for KCD,Nexus API,new: Vivaldi tabs or screenshots only,,,,yes,,,,Reshade / ENB / visual preset,,visual only: preset (no table overlap),,,,,,,,,,"external injector; no data conflict, but only one preset can be active",published,My ENB preset for KCD. slightly improves the game's appearance.,title list only
1059,https://www.nexusmods.com/kingdomcomedeliverance/mods/1059,Icon ID Resource,Nexus API,new: Vivaldi tabs or screenshots only,,,,yes,,Etc/Icon ID Resource-1059-1-0-1592792055.rar,,Tools / reference,,tool or reference (not gameplay),,,,,,,,,,tool or reference; not a gameplay mod,published,"A mod resource containing a useful set of images showing all available buff, perk and object icons with corresponding IDs.",title list only
1062,https://www.nexusmods.com/kingdomcomedeliverance/mods/1062,SIM Camping Mini ML 1.5.1.1,Nexus API,in the author's lists,yes,1,,,yes,,,Alchemy / food / survival,,gameplay: overlap check needed (Stay-clean area),,,,Stay-clean area (KRS requires MGsStayClean),,,,,,game tables: check overlap with KRS PTF rows and same-category mods,published,"SIM Camping Mini Multilingual - Ru+En+Fr+De, corrections and ideas are accepted.",title list only
1063,https://www.nexusmods.com/kingdomcomedeliverance/mods/1063,Paper UI,Nexus API,new: Vivaldi tabs or screenshots only,,,,yes,,,,Maps / UI / HUD,,"UI or maps: replaces files, conflicts with other UI mods",,,,,,,,,,UI/.gfx/inventory files: conflicts with other UI mods,published,A paper retexture of the KCD user interface.,title list only
1070,https://www.nexusmods.com/kingdomcomedeliverance/mods/1070,Better Combat,Nexus API,new: Vivaldi tabs or screenshots only,,,,yes,,,,Combat / AI,,gameplay: overlap check needed (Combat / riposte),,,,Combat / riposte (KRS alters 1765),,,,,,game tables: check overlap with KRS PTF rows and same-category mods,published,"The horrendous combat we've all grown to hate where all you had to do was press Q when prompted to Master Strike your way to victory is no more.MANUAL INSTALLATION:Extract the folder 'Zeeb - Better Combat' into ""...\Steam\steamapps\common\",title list only
1074,https://www.nexusmods.com/kingdomcomedeliverance/mods/1074,Realism Enlighted ReShade - lore-friendly realistic Visual Enhancing and Sharpening - big quality boost on lower resolutions,Nexus API,new: Vivaldi tabs or screenshots only,,,,yes,,,,Reshade / ENB / visual preset,,visual only: preset (no table overlap),,,,,,,,,,"external injector; no data conflict, but only one preset can be active",published,"Reshade Preset aiming for overall grahpic enhancing the lil washed out look of the game, while trying to preserve it's tone and realistic colour palette. Adds a nuance of saturation.It really sharpens the game, making it suitable and",title list only
1080,https://www.nexusmods.com/kingdomcomedeliverance/mods/1080,ReformationFX Reshade,Nexus API,new: Vivaldi tabs or screenshots only,,,,yes,,,,Reshade / ENB / visual preset,,visual only: preset (no table overlap),,,,,,,,,,"external injector; no data conflict, but only one preset can be active",published,Brighter and realistic color correction for KCD,title list only
1084,https://www.nexusmods.com/kingdomcomedeliverance/mods/1084,Overpowered Bows - PTF Edition,Nexus API,new: Vivaldi tabs or screenshots only,,,,yes,,,,Archery / arrows,PTF,PTF reference; gameplay: overlap check needed (Archery),,,,Archery (KRS alters 1419; requires 1743),,,,,,self-described PTF: same shape as KRS; game tables: check overlap with KRS PTF rows and same-category mods,published,Increase the power on the Sinew and Hans Capon's bow.,title list only
1088,https://www.nexusmods.com/kingdomcomedeliverance/mods/1088,Polearms Unleashed,Nexus API,in the author's lists,yes,1,,yes,yes,,,Weapons / armor / items,,"gameplay: no KRS area flagged, still check tables",,,,,,,,,,game tables: check overlap with KRS PTF rows and same-category mods,published,"This is the most comprehensive polearm overhaul available right now for KCD. Enables perfect block and feint for polearms, as well as adds combos for polearms. You can also feint other polearm users now.",title list only
1089,https://www.nexusmods.com/kingdomcomedeliverance/mods/1089,Overpowered Swords - PTF Edition,Nexus API,workspace/installed only,,,,,,Archery/op_swords_attack_plus_100_procent-1089-1-0-1598746186,,,,unsorted (no category yet),,,,,,,,,,,published,This mod increased the attack/power value on seven of the ingame swords.,no text in the review files
1090,https://www.nexusmods.com/kingdomcomedeliverance/mods/1090,Colored Arrows,Nexus API,new: Vivaldi tabs or screenshots only,,,,yes,,,,Archery / arrows,,gameplay: overlap check needed (Archery),,,,Archery (KRS alters 1419; requires 1743),,,,,,game tables: check overlap with KRS PTF rows and same-category mods,published,Adds colored stripes to the arrows and colors the feathers to make them easier to see in grass/ground. Optionally with plain feathers.,title list only
1092,https://www.nexusmods.com/kingdomcomedeliverance/mods/1092,Pollax replacer (Axe and Hammer head interchangable),Nexus API,in the author's lists,yes,1,,yes,yes,,,Weapons / armor / items,,"gameplay: no KRS area flagged, still check tables",,,,,,,,,,game tables: check overlap with KRS PTF rows and same-category mods,published,Replaces lucerne hammer with a pollax model. Comes with an optional script that will allow you to swap between the axe and hammer head in game in real time.,title list only
1093,https://www.nexusmods.com/kingdomcomedeliverance/mods/1093,Fishing in Bohemia,Nexus API,in the author's lists,,,yes,,,,Fishing in Bohemia,,,unsorted (no category yet),,,,,,,,,Title only; unverified.,,published,Adds fishing to the lands of Bohemia!,described in review
1100,https://www.nexusmods.com/kingdomcomedeliverance/mods/1100,Faster archery - PTF Edition,Nexus API,new: Vivaldi tabs or screenshots only,,,,yes,,Archery/Faster archery normal-1100-1-0-1600006419.rar,,Archery / arrows,PTF,PTF reference; gameplay: overlap check needed (Archery),,,,Archery (KRS alters 1419; requires 1743),,,,,,self-described PTF: same shape as KRS; game tables: check overlap with KRS PTF rows and same-category mods,published,This mod decrease the charge duration (how fast you can charge a bow). There are three editions.,title list only
1105,https://www.nexusmods.com/kingdomcomedeliverance/mods/1105,Service Prices,Nexus API,in the author's lists,yes,1,,,yes,,,Economy / merchants,,"gameplay: no KRS area flagged, still check tables",,,,,,,,,,game tables: check overlap with KRS PTF rows and same-category mods,published,"Increases the prices for basic services(Bathhouse, Trainers, Beds, Horses)",title list only
1107,https://www.nexusmods.com/kingdomcomedeliverance/mods/1107,Blood and Steel with NO FPS LOSS,Nexus API,new: Vivaldi tabs or screenshots only,,,,yes,,,,World / weather / visuals,,"world or weather: large content, outside the PTF scope",,,,,,,,,,,published,"Gives a better and more realistic look, with nearly NO fps loss",title list only
1110,https://www.nexusmods.com/kingdomcomedeliverance/mods/1110,AI Standalone Library,Nexus API,in the author's lists,yes,1,,,yes,,,Tools / reference,,tool or reference (not gameplay),,,,,,,,,,tool or reference; not a gameplay mod,published,Mod library/resource to use in my mods and in other mods,title list only
1112,https://www.nexusmods.com/kingdomcomedeliverance/mods/1112,Combat Overhaul,Nexus API,new: Vivaldi tabs or screenshots only,,,,yes,,,,Combat / AI,,gameplay: overlap check needed (Combat / riposte),,,,Combat / riposte (KRS alters 1765),,,,,,game tables: check overlap with KRS PTF rows and same-category mods,published,Makes directional combat matter.,title list only
1114,https://www.nexusmods.com/kingdomcomedeliverance/mods/1114,Snow Mod,Nexus API,new: Vivaldi tabs or screenshots only,,,,yes,,,,World / weather / visuals,,"world or weather: large content, outside the PTF scope",,,,,,,,,,,published,This mod replaces several texture files to make the world of Kingdom Come: Deliverance look snowy.,title list only
1131,https://www.nexusmods.com/kingdomcomedeliverance/mods/1131,SPOA SILVER KNIGHT ARMOR for KCD - DELETED,Nexus API,in the author's lists,,,yes,,,,silver armor,,,unsorted (no category yet),,,,,,,,,"The review's search wrongly returned ""Playable Daggers"" for this id (that is 1689); name from the user's label only.",,removed_by_staff,High detailed and one of the most beautiful armor for Kingdom Come: Deliverance.4K textureshand painted patternsscratches textures,described in review
1148,https://www.nexusmods.com/kingdomcomedeliverance/mods/1148,Combo and Weapon rebalance,Nexus API,new: Vivaldi tabs or screenshots only,,,,yes,,,,Combat / AI,,gameplay: overlap check needed (Combat / riposte),,,,Combat / riposte (KRS alters 1765),,,,,,game tables: check overlap with KRS PTF rows and same-category mods,published,"Makes weapons weaker (sans polearms, will have to be done with polearms unleashed) and combos stronger.",title list only
1153,https://www.nexusmods.com/kingdomcomedeliverance/mods/1153,More historically accurate item stats,Nexus API,new: Vivaldi tabs or screenshots only,,,,yes,,Items/mod-1153-1-0-0-1605526312.zip,,Weapons / armor / items,,"gameplay: no KRS area flagged, still check tables",,,,,,,,,,game tables: check overlap with KRS PTF rows and same-category mods,published,"The real transitional armour is way better in terms of defence, including brigandines, plates, chain mails and even gambesons.This mod will manage to enhance the defensive abilities of most types of armour and will have some alternations in",title list only
1182,https://www.nexusmods.com/kingdomcomedeliverance/mods/1182,high resolution Kingdome map with all important locations,Nexus API,new: Vivaldi tabs or screenshots only,,,,yes,,,,Maps / UI / HUD,,"UI or maps: replaces files, conflicts with other UI mods",,,,,,,,,,UI/.gfx/inventory files: conflicts with other UI mods,published,high resolution Kingdome map with all important locations,title list only
1193,https://www.nexusmods.com/kingdomcomedeliverance/mods/1193,Weather Mod,Nexus API,new: Vivaldi tabs or screenshots only,,,,yes,,,,World / weather / visuals,,"world or weather: large content, outside the PTF scope",,,,,,,,,,,published,Play in any weather as long as you want.Slow motion or even God Mode.,title list only
1195,https://www.nexusmods.com/kingdomcomedeliverance/mods/1195,Get Water,Nexus API,new: Vivaldi tabs or screenshots only,,,,yes,,,,Alchemy / food / survival,,"gameplay: no KRS area flagged, still check tables",,,,,,,,,,game tables: check overlap with KRS PTF rows and same-category mods,published,"Adds a water canteen that players can use to get water ingame. Is meant as a complementary Mod for ""Fishing in Bohemia"" by Chrisaton6799 and ""SIM Camping Mini"" by VVL99.",title list only
1196,https://www.nexusmods.com/kingdomcomedeliverance/mods/1196,Better graphics reshade,Nexus API,new: Vivaldi tabs or screenshots only,,,,yes,,,,Reshade / ENB / visual preset,,visual only: preset (no table overlap),,,,,,,,,,"external injector; no data conflict, but only one preset can be active",published,Better graphics reshade is a mod that aims to improve the graphics in the game.,title list only
1197,https://www.nexusmods.com/kingdomcomedeliverance/mods/1197,Proper Cyrillic Fonts,Nexus API,new: Vivaldi tabs or screenshots only,,,,yes,,,,Maps / UI / HUD,,"UI or maps: replaces files, conflicts with other UI mods",,,,,,,,,,UI/.gfx/inventory files: conflicts with other UI mods,published,This mod introduce proper (closer to original) glyphs to cyrillic subset of game fonts.Enjoy the beauty of medieval calligraphy.,title list only
1203,https://www.nexusmods.com/kingdomcomedeliverance/mods/1203,Long Targaryen waffenrock,Nexus API,in the author's lists,,,yes,,,,Long Targaryen waffenrock,,,unsorted (no category yet),,,,,,,,,,,published,Long Targaryen waffenrock for the Kingdom Come Deliverance.,no text in the review files
1205,https://www.nexusmods.com/kingdomcomedeliverance/mods/1205,ETSGF - Easy to see glowing Arrow feathers  - 1.9.6 - Multi-Colored arrow support,Nexus API,new: Vivaldi tabs or screenshots only,,,,yes,,,,Archery / arrows,,gameplay: overlap check needed (Archery),,,,Archery (KRS alters 1419; requires 1743),,,,,,game tables: check overlap with KRS PTF rows and same-category mods,published,"An update of the old but loved ETSGF mod to work with the latest PTF update for KCD (1.9.6). Now has multi-colored arrow versions, thanks to Bluefirevortex!",title list only
1218,https://www.nexusmods.com/kingdomcomedeliverance/mods/1218,Lartigue's Upscale Project 2.0 - Upscaled UI and icons,Nexus API,in the author's lists,yes,1,,,yes,Installed to be verified/LartiguesUpscaleProject2.1-1218-2-1-1734099038,,Maps / UI / HUD,,"UI or maps: replaces files, conflicts with other UI mods",,,,,,,,,,UI/.gfx/inventory files: conflicts with other UI mods,published,Full AI upscale of the game's UI.,title list only
1227,https://www.nexusmods.com/kingdomcomedeliverance/mods/1227,30 FPS Cutscene Fix V3,Nexus API,new: Vivaldi tabs or screenshots only,,,,yes,,installed in the test game via Vortex (Mods/30FPSCutsceneFixV21227201724448782),,Graphics config (cfg),,visual only: user.cfg values (hardware-specific),,,,30 FPS cutscene fix,Bug fix,,,,Adjacent; KRS requires a 30 FPS fix mod. | Page title now reads 'Cutscene Fix V3'; the installed file in the Vortex deployment is 'V2' (file version 2.0 of the same page id) and Requirements.md names V2. Compare the files before switching,fix type: Bug fix; cfg values: last-loaded file wins; check against other cfg mods,published,"V3 Update: Thanks to webspam the mod should now work without spamming the console and automatically set your in game max FPS. V2 Update: Automatically increases FPS, no keybind required anymore!A very basic mod to increase the fps of the in",described in review
1236,https://www.nexusmods.com/kingdomcomedeliverance/mods/1236,Easy Combat PTF (easy parry and master strike),Nexus API,found while checking (outside the lists),,,,,,,,,,unsorted (no category yet),,,,Riposte,,,,,Adjacent (easy parry and master strike): likely touches the same perk area.,,published,Combat made easy :1-Easier Parries and Master Strikes from the player character.,described in review
1243,https://www.nexusmods.com/kingdomcomedeliverance/mods/1243,Easier Enemies PTF (Dumber Enemies),Nexus API,new: Vivaldi tabs or screenshots only,,,,yes,,,,Combat / AI,PTF,PTF reference; gameplay: overlap check needed (Combat / riposte),,,,Combat / riposte (KRS alters 1765),,,,,,self-described PTF: same shape as KRS; game tables: check overlap with KRS PTF rows and same-category mods,published,"This mod makes enemies less aggressive by reducing how often they dodge, parry, attack, and how often they attack in groups.Comes in 4 versions, 0%, 25%, 50%, and 75% easier than vanilla. All of these versions stop npcs from using master",title list only
1256,https://www.nexusmods.com/kingdomcomedeliverance/mods/1256,Horus 2.0 KCD Reshade Preset,Nexus API,new: Vivaldi tabs or screenshots only,,,,yes,,,,Reshade / ENB / visual preset,,visual only: preset (no table overlap),,,,,,,,,,"external injector; no data conflict, but only one preset can be active",published,"Reshade Preset for ""Kingdom Come: Deliverance"" to greatly improve your visual experience.",title list only
1258,https://www.nexusmods.com/kingdomcomedeliverance/mods/1258,vShade for GShade Realistic Graphic Preset,Nexus API,new: Vivaldi tabs or screenshots only,,,,yes,,,,Reshade / ENB / visual preset,,visual only: preset (no table overlap),,,,,,,,,,"external injector; no data conflict, but only one preset can be active",published,You will see KCD like never before.,title list only
1259,https://www.nexusmods.com/kingdomcomedeliverance/mods/1259,Easy Assassination,Nexus API,in the author's lists,,,yes,,,,Easy Assassination,,,unsorted (no category yet),,,,,,not a game fix,,,v1.1 fixed the mod's own manifest warning.,,published,Improve Knock out & Sneak Kill. No more reloading to stealth kill/ knock out!,described in review
1260,https://www.nexusmods.com/kingdomcomedeliverance/mods/1260,RPG Tweaks,Nexus API,in the author's lists,,,yes,,,,rpg tweaks,,,unsorted (no category yet),,,,Stay clean,,,,,Large bundle (suggest splitting into modules); in the tested list.,,published,Various tweaks to make the game more enjoyable,described in review
1266,https://www.nexusmods.com/kingdomcomedeliverance/mods/1266,Stronger drinks - PTF Edition,Nexus API,new: Vivaldi tabs or screenshots only,,,,yes,,,,Alchemy / food / survival,PTF,"PTF reference; gameplay: no KRS area flagged, still check tables",,,,,,,,,,self-described PTF: same shape as KRS; game tables: check overlap with KRS PTF rows and same-category mods,published,This mod increases the alcohol percentage in all drinks by about 50%,title list only
1281,https://www.nexusmods.com/kingdomcomedeliverance/mods/1281,4K Kingdom Come PNG Map with EVERYTHING,Nexus API,new: Vivaldi tabs or screenshots only,,,,yes,,,,Maps / UI / HUD,,"UI or maps: replaces files, conflicts with other UI mods",,,,,,,,,,UI/.gfx/inventory files: conflicts with other UI mods,published,A 4k Resolution map with all discoverable locations.,title list only
1283,https://www.nexusmods.com/kingdomcomedeliverance/mods/1283,KINGDOM CINEMATIC ReShade,Nexus API,new: Vivaldi tabs or screenshots only,,,,yes,,,,Reshade / ENB / visual preset,,visual only: preset (no table overlap),,,,,,,,,,"external injector; no data conflict, but only one preset can be active",published,A Lightweight ReShade preset that gives the game a much brighter and warmer environment as well as sharpness and visual clarity.,title list only
1291,https://www.nexusmods.com/kingdomcomedeliverance/mods/1291,Eye Candy Reshade,Nexus API,new: Vivaldi tabs or screenshots only,,,,yes,,,,Reshade / ENB / visual preset,,visual only: preset (no table overlap),,,,,,,,,,"external injector; no data conflict, but only one preset can be active",published,IntroductionHello and welcome to my first ever Reshade Preset for KCD!I tried to make this as realistic and beautiful as possible without any oversharpening etc.This preset is for Reshade 4.9.1WARNING: I am not responsible for your game,title list only
1292,https://www.nexusmods.com/kingdomcomedeliverance/mods/1292,Ultimate Repair Kit 2.0,Nexus API,new: Vivaldi tabs or screenshots only,,,,yes,,,,Weapons / armor / items,,"gameplay: no KRS area flagged, still check tables",,,,,,,,,,game tables: check overlap with KRS PTF rows and same-category mods,published,"This mod aims to recreate the experience of Ultimate Repair Kit that will actually work with the new version of the game, be compatible with most other mods and hopefully won't break with time. It allows you to use repair kits to repair",title list only
1296,https://www.nexusmods.com/kingdomcomedeliverance/mods/1296,Kingdom Come Enhanced Edition 2.0 - DELETED,Nexus API,found while checking (outside the lists),,,,,,,,,,unsorted (no category yet),,,,,,,,,Adjacent.,,removed,,described in review
1308,https://www.nexusmods.com/kingdomcomedeliverance/mods/1308,Less Income Pribyslavitz,Nexus API,in the author's lists,yes,1,,yes,yes,,,Economy / merchants,,"gameplay: no KRS area flagged, still check tables",,,,,,,,,,game tables: check overlap with KRS PTF rows and same-category mods,published,"This makes changes to periodic expenses and incomes generated by various buildings created in the new settlement, Pribyslavitz (or resulted after Judgements).Useful for slow-paced players who wish to enjoy the atmosphere, habits and",title list only
1309,https://www.nexusmods.com/kingdomcomedeliverance/mods/1309,Less Encounters,Nexus API,in the author's lists,yes,1,,,yes,,,Quests / lore / content,,content: outside the PTF scope,,,,,,,,,Replaces a whole shared file (random_event.xml per the page); lists conflicts.,,published,"This makes changes to the chances of random encounters along roads (contact with various and often hostile NPCs).Useful for slow-paced players who wish to enjoy the atmosphere, habits and landscapes of the game.Vanilla meetings are too",described in review
1311,https://www.nexusmods.com/kingdomcomedeliverance/mods/1311,Knightly Robard and Bernard,Nexus API,in the author's lists,yes,1,,,yes,,,Quests / lore / content,,content: outside the PTF scope,,,,,,,,,,,published,This mod equips the knights Sir Robard and Sir Bernard with appropriate armor.,title list only
1314,https://www.nexusmods.com/kingdomcomedeliverance/mods/1314,Ultimate Ray Tracing KCD Reshade Preset,Nexus API,new: Vivaldi tabs or screenshots only,,,,yes,,,,Reshade / ENB / visual preset,,visual only: preset (no table overlap),,,,,,,,,,"external injector; no data conflict, but only one preset can be active",published,A reshade with Ray Tracing Global Illumination,title list only
1322,https://www.nexusmods.com/kingdomcomedeliverance/mods/1322,Mutt Be Quiet,Nexus API,new: Vivaldi tabs or screenshots only,,,,yes,,,,Animations / audio,,animations or audio: outside table scope,,,,,,,,,,,published,Removes the annoying howling from Mutt,title list only
1323,https://www.nexusmods.com/kingdomcomedeliverance/mods/1323,Skalitz Shield Fix AWL,Nexus API,in the author's lists,yes,1,,yes,yes,,,Weapons / armor / items,,"gameplay: no KRS area flagged, still check tables",Meatbag101,,,,Bug fix,check patch notes,"No evidence of an official fix (1.9.7/1.9.8 notes do not mention it). Last update 2022-01-19, needs A Woman's Lot. Not testable from the workspace; check the Skalitz shield in game.",Nexus page summary via web search (page not opened) + official notes,Blurry Skalitz Shield (A Woman's Lot); last update 2022-01.,fix type: Bug fix; game tables: check overlap with KRS PTF rows and same-category mods,published,Fixed a issue with the Skalitz Shield you get from Theresa after finishing her part in A Woman's Lot.,described in review
1327,https://www.nexusmods.com/kingdomcomedeliverance/mods/1327,Weather Overhaul,Nexus API,in the author's lists,yes,1,,yes,yes,,,World / weather / visuals,,"world or weather: large content, outside the PTF scope",,,,,,not a game fix,,,Replaces a whole shared file; rain-for-days tuning is a design choice. | Verification note (new-mods-lists-review session): the title does not support the earlier claim that it replaces a mission file; confirm against the mod's files,,published,"Personally I wasn't a huge fan of one particular weather type, which made it rain a lot during sunny days, now that type of weather should look more like a rainy day.NOW WITH DLC SUPPORT!",described in review
1330,https://www.nexusmods.com/kingdomcomedeliverance/mods/1330,Noble Sir Hans,Nexus API,in the author's lists,yes,1,yes,,yes,,Noble Sir Hans,Quests / lore / content,,content: outside the PTF scope,,,,,,,,,,,published,Changes Sir Hans' outfit to look more noble,title list only
1332,https://www.nexusmods.com/kingdomcomedeliverance/mods/1332,Less Headbob,Nexus API,in the author's lists,,,yes,yes,,,less headbob,Animations / audio,,animations or audio: outside table scope,,,LUA,,,,,,Replaces vanilla camerashake.lua loose; may take minutes to apply. Suggest a manifest-based override.,,published,This mod makes headbob less annoying,described in review
1334,https://www.nexusmods.com/kingdomcomedeliverance/mods/1334,Fast Learning Henry,Nexus API,new: Vivaldi tabs or screenshots only,,,,yes,,,,Progression / XP / perks,,gameplay: overlap check needed (Perk / RPG tables),,,,Perk / RPG tables (KRS edits a perk row),,,,,Adjacent.,game tables: check overlap with KRS PTF rows and same-category mods,published,I decided to make a quick mod for my save game that changes the xp tables to be around a 5x faster gain and increased the level cap for all skills to 25. Randomly thought of a roleplay save after finishing my hardcore merciful speech save.,described in review
1337,https://www.nexusmods.com/kingdomcomedeliverance/mods/1337,Helmet Vision,Nexus API,in the author's lists,yes,1,yes,,yes,,helm vision better,Weapons / armor / items,,"gameplay: no KRS area flagged, still check tables",,,,,,,,,,game tables: check overlap with KRS PTF rows and same-category mods,published,Improves/Widens your Helmet vision by 20%,title list only
1342,https://www.nexusmods.com/kingdomcomedeliverance/mods/1342,Adjusted Ultra Graphics Config,Nexus API,new: Vivaldi tabs or screenshots only,,,,yes,,,,Graphics config (cfg),,visual only: user.cfg values (hardware-specific),,,,,,,,,,cfg values: last-loaded file wins; check against other cfg mods,published,"A config for better performance using Ultra graphic settings. Improves texture streaming, LODs, lighting, and tweaked shadows for increased FPS.",title list only
1349,https://www.nexusmods.com/kingdomcomedeliverance/mods/1349,Natural Reshade,Nexus API,new: Vivaldi tabs or screenshots only,,,,yes,,,,Reshade / ENB / visual preset,,visual only: preset (no table overlap),,,,,,,,,,"external injector; no data conflict, but only one preset can be active",published,"Uses qUINT_mxao, needs access to depth buffer.",title list only
1355,https://www.nexusmods.com/kingdomcomedeliverance/mods/1355,Better Crime Stealth Plus No Dogs,Nexus API,in the author's lists,,,yes,yes,,,better crime,Crime / stealth / loot,,"gameplay: no KRS area flagged, still check tables",,,,,,,,,,,published,Makes Crime and Stealth a bit more enjoyable and less annoying by toning down the AI detection and Crime reporting in the game.,title list only
1356,https://www.nexusmods.com/kingdomcomedeliverance/mods/1356,Fan Side Quest - Heritage,Nexus API,new: Vivaldi tabs or screenshots only,,,,yes,,,,Maps / UI / HUD,,"UI or maps: replaces files, conflicts with other UI mods",,,,,,,,,,UI/.gfx/inventory files: conflicts with other UI mods,published,This is a fan created Side Quest for Kingdom Come: Deliverance.Quest features English and Czech translations.(Any other localization uses English),title list only
1367,https://www.nexusmods.com/kingdomcomedeliverance/mods/1367,Apostalus User Configs,Nexus API,new: Vivaldi tabs or screenshots only,,,,yes,,,,Graphics config (cfg),,visual only: user.cfg values (hardware-specific),,,,,,,,,,cfg values: last-loaded file wins; check against other cfg mods,published,"Enables Volumetric Fog, volumetric fog shadows, FOV 100, FPS Limit of 255, VSync, texture streaming improvements, etc...",title list only
1373,https://www.nexusmods.com/kingdomcomedeliverance/mods/1373,Custom UI Loading progress,Nexus API,new: Vivaldi tabs or screenshots only,,,,yes,,,,Maps / UI / HUD,,"UI or maps: replaces files, conflicts with other UI mods",,,,,,,,,,UI/.gfx/inventory files: conflicts with other UI mods,published,First mod upload for KCD.More to come.Contains 5 dds graphics to overwrite 5 original dds graphics to alter the loading progress UI element of the game.,title list only
1374,https://www.nexusmods.com/kingdomcomedeliverance/mods/1374,Henry Malone,Nexus API,in the author's lists,,,yes,,,,Henry Malone,,,unsorted (no category yet),,,,,,,,,,,published,Immersion breaking!!!! Henry's face retexture adding Post Malone face tattoos,no text in the review files
1375,https://www.nexusmods.com/kingdomcomedeliverance/mods/1375,No Aim Spread (Bow sway disabler),Nexus API,new: Vivaldi tabs or screenshots only,,,,yes,,,,Archery / arrows,,gameplay: overlap check needed (Archery),,,,Archery (KRS alters 1419; requires 1743),,,,,,game tables: check overlap with KRS PTF rows and same-category mods,published,Disables horizontal bow swaying when aiming. New version doesn't affect NPC accuracy!!,title list only
1376,https://www.nexusmods.com/kingdomcomedeliverance/mods/1376,Archery mod - Faster arrows (for real),Nexus API,new: Vivaldi tabs or screenshots only,,,,yes,,Archery/Archery mod - Faster arrows-1376-1-0-1652475252.zip,,Archery / arrows,,gameplay: overlap check needed (Archery),,,,Archery (KRS alters 1419; requires 1743),,,,,,game tables: check overlap with KRS PTF rows and same-category mods,published,"Makes arrows leave the bow much faster (possibly making them more realistic since the default arrows seem too slow), enabling you to hit moving targets easier etc.",title list only
1380,https://www.nexusmods.com/kingdomcomedeliverance/mods/1380,Black Items Fix,Nexus API,in the author's lists,,,yes,yes,,,Black Items Fix,Weapons / armor / items,,"gameplay: no KRS area flagged, still check tables",,,,,Bug fix,resolve page first,,,Page not resolved by the review. | Black Items Fix: the title is now known (it was unresolved),fix type: Bug fix; game tables: check overlap with KRS PTF rows and same-category mods,published,"fixes items that should be black but are e.g. burgundy,grey etc.renaming items into proper colors + adding standalone versions of their black variant",described in review
1384,https://www.nexusmods.com/kingdomcomedeliverance/mods/1384,Modified Combat Overhaul - Directional Combat and smarter AI,Nexus API,new: Vivaldi tabs or screenshots only,,,,yes,,,,Combat / AI,,gameplay: overlap check needed (Combat / riposte),,,,Combat / riposte (KRS alters 1765),,,,,,game tables: check overlap with KRS PTF rows and same-category mods,published,"Master Strikes now require precise direction matching, Perfect Blocks require side matching, for both the player and the AI. This means you won't ever get hit with a master strike or perfect block unless you mess up, and getting out of bad",title list only
1386,https://www.nexusmods.com/kingdomcomedeliverance/mods/1386,Hoods UP - PTF Standalone,Nexus API,workspace/installed only,,,,,,Items/HoodsUpStandalone - PTF-1386-1-0-1654827508.7zip,,,,unsorted (no category yet),,,,,,,,,,,published,43 hoods/scarfs standalone with hoods UP,no text in the review files
1391,https://www.nexusmods.com/kingdomcomedeliverance/mods/1391,Better Equipped Runt,Nexus API,new: Vivaldi tabs or screenshots only,,,,yes,,,,Quests / lore / content,,content: outside the PTF scope,,,,,,,,,,,published,Runt with more pieces of armor for more realistic look and difficulty,title list only
1394,https://www.nexusmods.com/kingdomcomedeliverance/mods/1394,KDC ReShader,Nexus API,new: Vivaldi tabs or screenshots only,,,,yes,,,,Reshade / ENB / visual preset,,visual only: preset (no table overlap),,,,,,,,,,"external injector; no data conflict, but only one preset can be active",published,ReShader,title list only
1403,https://www.nexusmods.com/kingdomcomedeliverance/mods/1403,Ultra Reshade for Low Settings,Nexus API,new: Vivaldi tabs or screenshots only,,,,yes,,,,Reshade / ENB / visual preset,,visual only: preset (no table overlap),,,,,,,,,,"external injector; no data conflict, but only one preset can be active",published,"Tested in low settings, 1080p, except textures and antialiasing (High). Performance Loss ~10-15%. (i7 3770, GTX 1070). Aims to improve looks without sacrificing too much fps at low settings.",title list only
1410,https://www.nexusmods.com/kingdomcomedeliverance/mods/1410,Better Rain,Nexus API,new: Vivaldi tabs or screenshots only,,,,yes,,,,World / weather / visuals,,"world or weather: large content, outside the PTF scope",,,,,,,,,,,published,"Improves the appearance of rain to be more realistic and in particular makes it less visible, less bright at night",title list only
1414,https://www.nexusmods.com/kingdomcomedeliverance/mods/1414,Real Life Kingdom Come Experience Reshade,Nexus API,new: Vivaldi tabs or screenshots only,,,,yes,,,,Reshade / ENB / visual preset,,visual only: preset (no table overlap),,,,,,,,,,"external injector; no data conflict, but only one preset can be active",published,"I've made a Reshade that adds more detail to the world making them wood effects stand out more as well as the ground, lighting, walls, vehicle textures and dirt marks, and skin. It also adds a bit more darkness to shadowed areas making it",title list only
1416,https://www.nexusmods.com/kingdomcomedeliverance/mods/1416,Toxic Green Armor - PTF Standalone,Nexus API,found while checking (outside the lists),,,,,,,,,,unsorted (no category yet),,,PTF,,,,,,Adjacent.,,published,"Mod adds unique set of black armor (toxic version) + sword, two shields and caparison. PTF standalone , english + czech localization",described in review
1419,https://www.nexusmods.com/kingdomcomedeliverance/mods/1419,Immersive Archery,Nexus API,new: Vivaldi tabs or screenshots only,,,,yes,,Archery/Immersive Archery-1419-1-2-1665671489.zip,,Archery / arrows,,gameplay: overlap check needed (Archery),,,,Archery,,,,,Altered by the suite; permission granted.,game tables: check overlap with KRS PTF rows and same-category mods,published,The draw speed and arrow speed in the game feel way too low so in order to make archery more realistic -ish the draw is faster along with the flight speed of the arrows.,described in review
1423,https://www.nexusmods.com/kingdomcomedeliverance/mods/1423,Hoods and Scarfs UP (PTF - Dynamic - with Correct Meshes),Nexus API,in the author's lists,yes,1,,,yes,,,Weapons / armor / items,PTF,"PTF reference; gameplay: no KRS area flagged, still check tables",,,PTF,,,,,,PTF example worth studying.,self-described PTF: same shape as KRS; game tables: check overlap with KRS PTF rows and same-category mods,published,Combines Ctobias and Hankyspanky69boi's previous mods and updates the files to EDIT things rather than overwrite them under the PTF framework.  This should improve functionality and compatibility,described in review
1424,https://www.nexusmods.com/kingdomcomedeliverance/mods/1424,Better Sleep Fixed,Nexus API,new: Vivaldi tabs or screenshots only,,,,yes,,,,Alchemy / food / survival,,"gameplay: no KRS area flagged, still check tables",,,,,Fix of another mod?,not a game fix (probably),,,Better Sleep Fixed: may fix another mod's sleep change rather than the game; compare with krs_items sleeping spots,fix type: Fix of another mod?; game tables: check overlap with KRS PTF rows and same-category mods,published,"This is a fixed version of BlickMang's Better Sleep mod. As luck would have it they gave us permission to modify, fix and upgrade so long as credit to the original author is provided.",described in review
1425,https://www.nexusmods.com/kingdomcomedeliverance/mods/1425,Saving Soles (PTF),Nexus API,new: Vivaldi tabs or screenshots only,,,,yes,,,,Weapons / armor / items,PTF,"PTF reference; gameplay: no KRS area flagged, still check tables",,,,,,,,,,self-described PTF: same shape as KRS; game tables: check overlap with KRS PTF rows and same-category mods,published,"(PTF) I found myself running around bare foot just to protect the durability of my boots, well with this you wont need to anymore",title list only
1426,https://www.nexusmods.com/kingdomcomedeliverance/mods/1426,Energy and Hunger Patch for Timescale Mods (PTF),Nexus API,new: Vivaldi tabs or screenshots only,,,,yes,,,,Alchemy / food / survival,PTF,"PTF reference; gameplay: no KRS area flagged, still check tables",,,,,Compat patch,not a game fix,,,Energy and Hunger Patch for Timescale Mods (PTF): patch for other mods; compare with krs_items DigestionSpeed,self-described PTF: same shape as KRS; fix type: Compat patch; game tables: check overlap with KRS PTF rows and same-category mods,published,(PTF) Patch for use with eg SknTheLisper's Timescale mod to make Energy and Nourishment deplete at the correct rates (proportional to an unmodded game's rate),described in review
1428,https://www.nexusmods.com/kingdomcomedeliverance/mods/1428,Reshade DOF With UI Mask,Nexus API,new: Vivaldi tabs or screenshots only,,,,yes,,,,Reshade / ENB / visual preset,,visual only: preset (no table overlap),,,,,,,,,,"external injector; no data conflict, but only one preset can be active",published,"Reshade DOF settings using ""MatsoDOF"" complete with UI Mask for 1080p, 1440p and 2160p",title list only
1452,https://www.nexusmods.com/kingdomcomedeliverance/mods/1452,Storable Halberds,Nexus API,new: Vivaldi tabs or screenshots only,,,,yes,,,,Weapons / armor / items,,"gameplay: no KRS area flagged, still check tables",,,,,,,,,,game tables: check overlap with KRS PTF rows and same-category mods,published,"Storable & useable Halberds like other melee weapon (sword, axe, mace).",title list only
1460,https://www.nexusmods.com/kingdomcomedeliverance/mods/1460,Merchants Have x3 Money,Nexus API,in the author's lists,,,yes,yes,,,richer merchants,Economy / merchants,,"gameplay: no KRS area flagged, still check tables",,,,,,,,,Large flat multiplier on merchant gold.,game tables: check overlap with KRS PTF rows and same-category mods,published,Compatible with 1.9.6 as of 1/24/2023.It triples the amount of money every merchant has in the game.,described in review
1479,https://www.nexusmods.com/kingdomcomedeliverance/mods/1479,Batch files for all items sorted and easy to read,Nexus API,new: Vivaldi tabs or screenshots only,,,,yes,,,,Tools / reference,,tool or reference (not gameplay),,,,,,,,,,tool or reference; not a gameplay mod,published,This is a set of batch files with approximately all item id's in the game.,title list only
1483,https://www.nexusmods.com/kingdomcomedeliverance/mods/1483,TSM Slower Food Spoil,Nexus API,in the author's lists,,,yes,,,,tsm slower food spoil,,,unsorted (no category yet),,,,,,,,,,,published,"Extends the expiration date on all foodstuffs, either by 2X (recommended), 3X, or 5X.",no text in the review files
1485,https://www.nexusmods.com/kingdomcomedeliverance/mods/1485,SOLID HELMET VISORS,Nexus API,workspace/installed only,,,,,,installed in the test game via Vortex (Mods/SOLIDHELMETVISORS1485121737430681),,,,unsorted (no category yet),,,,,,,,,,,published,"SOLID HELMET VISORS - Redrawn helmet visors to remove blurrines, makes them slightly wider and sharper.",no text in the review files
1501,https://www.nexusmods.com/kingdomcomedeliverance/mods/1501,Smaller Player Marker on Map,Nexus API,new: Vivaldi tabs or screenshots only,,,,yes,,,,Maps / UI / HUD,,"UI or maps: replaces files, conflicts with other UI mods",,,,,,,,,,UI/.gfx/inventory files: conflicts with other UI mods,published,Replaced the player marker on map with a smaller figure.,title list only
1510,https://www.nexusmods.com/kingdomcomedeliverance/mods/1510,Mount while encumbered,Nexus API,new: Vivaldi tabs or screenshots only,,,,yes,,,,Horses,,"gameplay: no KRS area flagged, still check tables",,,,,,,,,,,published,Allows mounting of your horse even with encumbrance factor of 10.,title list only
1511,https://www.nexusmods.com/kingdomcomedeliverance/mods/1511,JSCR - Just simple custom Reshade,Nexus API,new: Vivaldi tabs or screenshots only,,,,yes,,,,Reshade / ENB / visual preset,,visual only: preset (no table overlap),,,,,,,,,,"external injector; no data conflict, but only one preset can be active",published,"Base on Sovereign reshade and apex enb, i tweak some setting to make it lightning look most natural and real like in Bohemia 1403. It contains Tonemap, technicolor2, fimicpass, level, curve,dpx, level plus,clarity...",title list only
1518,https://www.nexusmods.com/kingdomcomedeliverance/mods/1518,Waystones Give XP,Nexus API,new: Vivaldi tabs or screenshots only,,,,yes,,,,Progression / XP / perks,,gameplay: overlap check needed (Perk / RPG tables),,,,Perk / RPG tables (KRS edits a perk row),,,,,,game tables: check overlap with KRS PTF rows and same-category mods,published,"Activating wayside shrines, conciliatory crosses, and images of saints in churches add 1 xp to reading if the object hasn't been discovered and/ or activated yet...",title list only
1519,https://www.nexusmods.com/kingdomcomedeliverance/mods/1519,Shooting Nests Gives XP,Nexus API,new: Vivaldi tabs or screenshots only,,,,yes,,,,Progression / XP / perks,,gameplay: overlap check needed (Perk / RPG tables),,,,Perk / RPG tables (KRS edits a perk row),,,,,,game tables: check overlap with KRS PTF rows and same-category mods,published,Shooting nests will give XP on Archery(weapon_bow) if the nest hasn't dropped down yet...,title list only
1520,https://www.nexusmods.com/kingdomcomedeliverance/mods/1520,Shooting Archery Targets Gives XP,Nexus API,new: Vivaldi tabs or screenshots only,,,,yes,,,,Progression / XP / perks,,gameplay: overlap check needed (Archery),,,,Archery (KRS alters 1419; requires 1743),,,,,,game tables: check overlap with KRS PTF rows and same-category mods,published,Another one in my additional XP series of mods...,title list only
1526,https://www.nexusmods.com/kingdomcomedeliverance/mods/1526,Force High Quality Trees in the distance,Nexus API,new: Vivaldi tabs or screenshots only,,,,yes,,,,Graphics config (cfg),,visual only: user.cfg values (hardware-specific),,,,,,,,,,cfg values: last-loaded file wins; check against other cfg mods,published,Forces the game to render High Quality trees in the distance instead of the default 2D billboard trees.,title list only
1527,https://www.nexusmods.com/kingdomcomedeliverance/mods/1527,Infinite Draw Distance,Nexus API,new: Vivaldi tabs or screenshots only,,,,yes,,,,Graphics config (cfg),,visual only: user.cfg values (hardware-specific),,,,,,,,,,cfg values: last-loaded file wins; check against other cfg mods,published,Infinite Draw Distance and other Tweaks with a press of a button (great for taking screenshots).,title list only
1528,https://www.nexusmods.com/kingdomcomedeliverance/mods/1528,Enchanced Shadows and Shadow Cascades,Nexus API,new: Vivaldi tabs or screenshots only,,,,yes,,,,Graphics config (cfg),,visual only: user.cfg values (hardware-specific),,,,,,,,,,cfg values: last-loaded file wins; check against other cfg mods,published,Increased Shadow fidelity by increasing the LOD 0 Sun Shadow Cascade range and increased Shadow Map Resolution.,title list only
1535,https://www.nexusmods.com/kingdomcomedeliverance/mods/1535,Dandelion Baron,Nexus API,new: Vivaldi tabs or screenshots only,,,,yes,,,,Quests / lore / content,,content: outside the PTF scope,,,,,,,,,,,published,"""Dandelion Baron"" attempts to rein in the more egregious aspects of Herbalism's economic impact, and more generally, to moderate the pace of the player's accumulation of wealth.",title list only
1538,https://www.nexusmods.com/kingdomcomedeliverance/mods/1538,Batch's Ultra Graphics Settings,Nexus API,new: Vivaldi tabs or screenshots only,,,,yes,,,,Graphics config (cfg),,visual only: user.cfg values (hardware-specific),,,,,,,,,,cfg values: last-loaded file wins; check against other cfg mods,published,"Many tweaks to CryEngine, huge visual impact while retaining the original KCD look that we all love.Read description for more info.",title list only
1544,https://www.nexusmods.com/kingdomcomedeliverance/mods/1544,Summertime Reshade for Kindom Come,Nexus API,new: Vivaldi tabs or screenshots only,,,,yes,,,,Reshade / ENB / visual preset,,visual only: preset (no table overlap),,,,,,,,,,"external injector; no data conflict, but only one preset can be active",published,Better colors and Ambient Occlusion,title list only
1545,https://www.nexusmods.com/kingdomcomedeliverance/mods/1545,Saddles Have Durability,Nexus API,new: Vivaldi tabs or screenshots only,,,,yes,,,,Weapons / armor / items,,"gameplay: no KRS area flagged, still check tables",,,,,,,,,,game tables: check overlap with KRS PTF rows and same-category mods,published,Saddles have actual durability so that they aren't completely destroyed in one hit to the horse.,title list only
1548,https://www.nexusmods.com/kingdomcomedeliverance/mods/1548,Immersive Economy,Nexus API,new: Vivaldi tabs or screenshots only,,,,yes,,,,Economy / merchants,,"gameplay: no KRS area flagged, still check tables",,,,,,,,,,game tables: check overlap with KRS PTF rows and same-category mods,published,"Base game Henry earns way too much money considering his position, this mod tries to remedy it a bit.",title list only
1552,https://www.nexusmods.com/kingdomcomedeliverance/mods/1552,See NPCs and Animals Farther (Increased NPC render distance),Nexus API,new: Vivaldi tabs or screenshots only,,,,yes,,,,Graphics config (cfg),,visual only: user.cfg values (hardware-specific),,,,,,,,,,cfg values: last-loaded file wins; check against other cfg mods,published,"This mod allows you to see NPCs and animals live out their lives from very far away (by increasing their render distance only). No more enemy ambushes or NPCs on the road ""popping-in"" and killing immersion. See entire villages/towns/castles",title list only
1558,https://www.nexusmods.com/kingdomcomedeliverance/mods/1558,Karnages_KCD_Essential_Fixes 2.0,Nexus API,new: Vivaldi tabs or screenshots only,,,,yes,,,,Fix bundle,,"gameplay: no KRS area flagged, still check tables",,,,,Bug-fix bundle,candidate (bundle),,,Karnages_KCD_Essential_Fixes 2.0: a bug-fix bundle (Karnages series of 12 mods); each fix needs its own check,fix type: Bug-fix bundle,published,Total overhaul of the games RPG_Param File,described in review
1559,https://www.nexusmods.com/kingdomcomedeliverance/mods/1559,Karnages_Weapons_Damage_Balance 2.0,Nexus API,new: Vivaldi tabs or screenshots only,,,,yes,,,,Weapons / armor / items,,"gameplay: no KRS area flagged, still check tables",,,,,,,,,,game tables: check overlap with KRS PTF rows and same-category mods,published,"Full overhaul of weapons damages, does not include polearms or bows",title list only
1560,https://www.nexusmods.com/kingdomcomedeliverance/mods/1560,Karnages_Durability_Redux,Nexus API,new: Vivaldi tabs or screenshots only,,,,yes,,,,Weapons / armor / items,,"gameplay: no KRS area flagged, still check tables",,,,,,,,,,game tables: check overlap with KRS PTF rows and same-category mods,published,Massively increases armor and weapon durability,title list only
1561,https://www.nexusmods.com/kingdomcomedeliverance/mods/1561,Karnages_KCD_user.cfg 2.0,Nexus API,new: Vivaldi tabs or screenshots only,,,,yes,,,,Graphics config (cfg),,visual only: user.cfg values (hardware-specific),,,,,,,,,,cfg values: last-loaded file wins; check against other cfg mods,published,My user.cfg File,title list only
1562,https://www.nexusmods.com/kingdomcomedeliverance/mods/1562,Karnages_Polearm_Rebalance 2.0,Nexus API,new: Vivaldi tabs or screenshots only,,,,yes,,,,Weapons / armor / items,,"gameplay: no KRS area flagged, still check tables",,,,,,,,,,game tables: check overlap with KRS PTF rows and same-category mods,published,a total overhaul of Polearms Damage,title list only
1563,https://www.nexusmods.com/kingdomcomedeliverance/mods/1563,Karnages_Polearm_Restoration 2.0,Nexus API,new: Vivaldi tabs or screenshots only,,,,yes,,,,Weapons / armor / items,,"gameplay: no KRS area flagged, still check tables",,,,,,,,,,game tables: check overlap with KRS PTF rows and same-category mods,published,Restores Polearm Skill and adds Polearms to Blacksmiths,title list only
1564,https://www.nexusmods.com/kingdomcomedeliverance/mods/1564,Karnages_Rebalanced_Bows 2.0,Nexus API,new: Vivaldi tabs or screenshots only,,,,yes,,,,Archery / arrows,,gameplay: overlap check needed (Archery),,,,Archery (KRS alters 1419; requires 1743),,,,,,game tables: check overlap with KRS PTF rows and same-category mods,published,a total overhaul of bow power and behavior,title list only
1565,https://www.nexusmods.com/kingdomcomedeliverance/mods/1565,Karnages_Arrow_Balance 2.0,Nexus API,new: Vivaldi tabs or screenshots only,,,,yes,,,,Archery / arrows,,gameplay: overlap check needed (Archery),,,,Archery (KRS alters 1419; requires 1743),,,,,,game tables: check overlap with KRS PTF rows and same-category mods,published,Total Overhaul of Arrow Damage and Flight,title list only
1566,https://www.nexusmods.com/kingdomcomedeliverance/mods/1566,Karnages_Lost_Weapons_Pack_Redux 2.0,Nexus API,in the author's lists,,,yes,yes,,,lost weapon pack,Weapons / armor / items,,"gameplay: no KRS area flagged, still check tables",,,,,,bundled fix,,,Includes a fix for maces invisible when holstered.,game tables: check overlap with KRS PTF rows and same-category mods,published,re-implements  and balances the lost weapons that the devs decided to not include,described in review
1568,https://www.nexusmods.com/kingdomcomedeliverance/mods/1568,Karnages_Shop_Prices,Nexus API,new: Vivaldi tabs or screenshots only,,,,yes,,,,Economy / merchants,,"gameplay: no KRS area flagged, still check tables",,,,,,,,,,game tables: check overlap with KRS PTF rows and same-category mods,published,Total Overhaul of shop costs and sell prices,title list only
1569,https://www.nexusmods.com/kingdomcomedeliverance/mods/1569,Karnages_Shield_Restoration,Nexus API,new: Vivaldi tabs or screenshots only,,,,yes,,,,Weapons / armor / items,,"gameplay: no KRS area flagged, still check tables",,,,,,,,,,game tables: check overlap with KRS PTF rows and same-category mods,published,Restores Shield Skill,title list only
1570,https://www.nexusmods.com/kingdomcomedeliverance/mods/1570,Karnages_Inventory_Recolour,Nexus API,new: Vivaldi tabs or screenshots only,,,,yes,,,,Maps / UI / HUD,,"UI or maps: replaces files, conflicts with other UI mods",,,,,,,,,,UI/.gfx/inventory files: conflicts with other UI mods,published,Changes the colour of the inventory,title list only
1572,https://www.nexusmods.com/kingdomcomedeliverance/mods/1572,Increased Experience Gains,Nexus API,new: Vivaldi tabs or screenshots only,,,,yes,,,,Progression / XP / perks,,gameplay: overlap check needed (Perk / RPG tables),,,,Perk / RPG tables (KRS edits a perk row),,,,,,game tables: check overlap with KRS PTF rows and same-category mods,published,"Increases experience gain by 1.5, 2x or 5x",title list only
1577,https://www.nexusmods.com/kingdomcomedeliverance/mods/1577,Invisible hands FIX (UPDATE),Nexus API,in the author's lists,,,yes,,,,invisible hands fix,,,unsorted (no category yet),Spuchel,,,,,check patch notes,Partly overlapped: the official 1.9.7 notes fix transparent arms for one item (Quilted Vest). The mod fixes the body material alphaTest in general (last update 2023-12-13). Keep until tested with a sleeveless item.,Nexus page summary via web search (page not opened) + official notes,Forearms invisible with sleeveless clothes; v3.0 late 2023.,,published,This will fix the invisible forearms when wearing sleeveless clothes,described in review
1578,https://www.nexusmods.com/kingdomcomedeliverance/mods/1578,Weighed Groschen - PTF Version,Nexus API,new: Vivaldi tabs or screenshots only,,,,yes,,,,Economy / merchants,PTF,"PTF reference; gameplay: no KRS area flagged, still check tables",,,,,,,,,,self-described PTF: same shape as KRS; game tables: check overlap with KRS PTF rows and same-category mods,published,Add a weight to the in game currency. - PTF Version!,title list only
1589,https://www.nexusmods.com/kingdomcomedeliverance/mods/1589,Realistic Colour Correction Kingdom Come Deliverance,Nexus API,new: Vivaldi tabs or screenshots only,,,,yes,,,,Reshade / ENB / visual preset,,visual only: preset (no table overlap),,,,,,,,,,"external injector; no data conflict, but only one preset can be active",published,"This Reshade presset improves the color scheme in the game,       balances the contrast, color brightness.",title list only
1594,https://www.nexusmods.com/kingdomcomedeliverance/mods/1594,Having trouble with old mods (Question Mark),Nexus API,new: Vivaldi tabs or screenshots only,,,,yes,,,,Tools / reference,,tool or reference (not gameplay),,,,,,,,,,tool or reference; not a gameplay mod,published,This is a modlist i spent maybe 20 hours making to find the best enhanced experience completely compatible with 1.9.6 without editing any files. Just download and play.,title list only
1603,https://www.nexusmods.com/kingdomcomedeliverance/mods/1603,Sharper graphic reshade for Kingdom Come Deliverance,Nexus API,new: Vivaldi tabs or screenshots only,,,,yes,,,,Reshade / ENB / visual preset,,visual only: preset (no table overlap),,,,,,,,,,"external injector; no data conflict, but only one preset can be active",published,"My Reshade present for Kingdom Come: Deliverance. Improved sharpening, so it has less blurry textures, more alive colors, brighter nights and more. Impact on FPS  is max 10 FPS. See pictures for difference.",title list only
1605,https://www.nexusmods.com/kingdomcomedeliverance/mods/1605,Formidable Runt,Nexus API,new: Vivaldi tabs or screenshots only,,,,yes,,,,Quests / lore / content,,content: outside the PTF scope,,,,,,,,,,,published,Runt will become a formidable opponent during his final encounter with Henry. The original game Runt was a let down in so many ways. The fight was over quickly and did not feel like a climactic moment at all. The 'Better Equipped Runt' mod,title list only
1612,https://www.nexusmods.com/kingdomcomedeliverance/mods/1612,Remove Auto Camera Lock In Combat,Nexus API,new: Vivaldi tabs or screenshots only,,,,yes,,,,Combat / AI,,gameplay: overlap check needed (Combat / riposte),,,,Combat / riposte (KRS alters 1765),,,,,,game tables: check overlap with KRS PTF rows and same-category mods,published,"Are you tired of trying to play this game over and over, only to drop it because the combat is too frustrating? Look no further. This mod completely disables automatic camera locking in combat, but keeps manual locking, and even improves",title list only
1618,https://www.nexusmods.com/kingdomcomedeliverance/mods/1618,HD Clock Retexture - Inventory Clock Updated,Nexus API,workspace/installed only,,,,,,installed in the test game via Vortex (Mods/TimeHDupdatedv12zip1618121714429516),,,,unsorted (no category yet),,,,,,,,,,,published,"Now the clock at inventory page and fast travel page are also retextured. Retexture of the time spinner in wait interface, inventory and fast travel.",no text in the review files
1629,https://www.nexusmods.com/kingdomcomedeliverance/mods/1629,Exclusive Master Strikes - Make Them Reasonable,Nexus API,in the author's lists,yes,1,,,yes,,,Combat / AI,,gameplay: overlap check needed (Combat / riposte),,,,Riposte,,,,,Recommends using it with Restore Riposte.,game tables: check overlap with KRS PTF rows and same-category mods,published,"Classify NPCs,only those wearing heavy armor can use master strike.给敌人分级，重甲单位才能使用大师反，同时移除所有npc的阻截能力,让你对抗多个无甲、轻甲敌人更加容易。",described in review
1636,https://www.nexusmods.com/kingdomcomedeliverance/mods/1636,More Sensible Weapons and Armor,Nexus API,in the author's lists,yes,1,,,yes,,,Weapons / armor / items,,"gameplay: no KRS area flagged, still check tables",,,,,,,,,,game tables: check overlap with KRS PTF rows and same-category mods,published,"Improves armour & weapons to be more sensible, with clearer roles and more logical stats, giving many items a new lease on life while staying very close to vanilla. Ever wondered why the Cuman Harness is so bad, a ""Heavy"" shield is lighter",described in review
1639,https://www.nexusmods.com/kingdomcomedeliverance/mods/1639,Alternate Food Spoil (2X),Nexus API,new: Vivaldi tabs or screenshots only,,,,yes,,,,Alchemy / food / survival,,"gameplay: no KRS area flagged, still check tables",,,,,,,,,,game tables: check overlap with KRS PTF rows and same-category mods,published,Doubles the time it takes for food to spoil.,title list only
1646,https://www.nexusmods.com/kingdomcomedeliverance/mods/1646,AutoLimitFPS,Nexus API,new: Vivaldi tabs or screenshots only,,,,yes,,,,Graphics config (cfg),,visual only: user.cfg values (hardware-specific),,,,,,,,,,cfg values: last-loaded file wins; check against other cfg mods,published,"Automatically uncap framerate during fasttravel, sleep and wait, and recap it when done.",title list only
1647,https://www.nexusmods.com/kingdomcomedeliverance/mods/1647,Slo Mo Begone,Nexus API,in the author's lists,yes,1,,,yes,,,Combat / AI,,"gameplay: no KRS area flagged, still check tables",,,,,,not a defect,,,Behaviour preference.,game tables: check overlap with KRS PTF rows and same-category mods,published,"Disables slow motion for perfect blocks and dodges in combat completely.Experience the enhanced ""combat flow"" !",described in review
1652,https://www.nexusmods.com/kingdomcomedeliverance/mods/1652,Catches the Worm,Nexus API,new: Vivaldi tabs or screenshots only,,,,yes,,,,Alchemy / food / survival,,"gameplay: no KRS area flagged, still check tables",,,,,,,,,,game tables: check overlap with KRS PTF rows and same-category mods,published,All NPCs have a revised daily routine. They no longer sleep half the day. All immortal NPCs are now also mortal. (There are a handful of scripted NPCs that cannot have their immortality removed.),title list only
1654,https://www.nexusmods.com/kingdomcomedeliverance/mods/1654,Boots with Common Plate Chausses,Nexus API,new: Vivaldi tabs or screenshots only,,,,yes,,,,Weapons / armor / items,,"gameplay: no KRS area flagged, still check tables",,,,,,,,,,game tables: check overlap with KRS PTF rows and same-category mods,published,Allows the player to wear any boots with the shoe-less variant of the Common plate chausses,title list only
1655,https://www.nexusmods.com/kingdomcomedeliverance/mods/1655,Save Me Henry,Nexus API,new: Vivaldi tabs or screenshots only,,,,yes,,,,Progression / XP / perks,,"gameplay: no KRS area flagged, still check tables",,,,,,,,,,game tables: check overlap with KRS PTF rows and same-category mods,published,Adds new quality of life keybindings. Also changes the key layout from the controller setup to a user-friendly PC mouse and keyboard.,title list only
1660,https://www.nexusmods.com/kingdomcomedeliverance/mods/1660,Double Brew Yield,Nexus API,new: Vivaldi tabs or screenshots only,,,,yes,,,,Alchemy / food / survival,,"gameplay: no KRS area flagged, still check tables",,,,,,,,,,game tables: check overlap with KRS PTF rows and same-category mods,published,Doubling the brewing yield in Alchemy,title list only
1667,https://www.nexusmods.com/kingdomcomedeliverance/mods/1667,Surface Type Rework,Nexus API,new: Vivaldi tabs or screenshots only,,,,yes,,,,World / weather / visuals,,"world or weather: large content, outside the PTF scope",,,,,,,,,,,published,Reworks the physical attributes (mainly the pierceability) of surfaces and materials.,title list only
1668,https://www.nexusmods.com/kingdomcomedeliverance/mods/1668,Relaxed RPG Params,Nexus API,new: Vivaldi tabs or screenshots only,,,,yes,,,,Progression / XP / perks,,gameplay: overlap check needed (Perk / RPG tables),,,,Perk / RPG tables (KRS edits a perk row),,,,,,game tables: check overlap with KRS PTF rows and same-category mods,published,"just a pack of some more ""relaxed/forgiving"" RPG parameters",title list only
1671,https://www.nexusmods.com/kingdomcomedeliverance/mods/1671,Angriness Begone,Nexus API,in the author's lists,yes,1,,,yes,,,Combat / AI,,"gameplay: no KRS area flagged, still check tables",,,,,,not a defect,,,Behaviour preference.,game tables: check overlap with KRS PTF rows and same-category mods,published,"Disables the angriness system, which informs NPCs that Henry is responsible for all unsolved crimes in the game world.",described in review
1673,https://www.nexusmods.com/kingdomcomedeliverance/mods/1673,Combat musics tweak,Nexus API,new: Vivaldi tabs or screenshots only,,,,yes,,,,Combat / AI,,"gameplay: no KRS area flagged, still check tables",,,,,,,,,,game tables: check overlap with KRS PTF rows and same-category mods,published,A mod that tweak the combat musics as best as possibleNot compatible with other musics mod that use the layer !,title list only
1678,https://www.nexusmods.com/kingdomcomedeliverance/mods/1678,Better Archery,Nexus API,in the author's lists,yes,1,,,yes,Archery/Better_Archery_no-OP-1678-1-2-1739487614.zip,,Archery / arrows,,gameplay: overlap check needed (Archery),,,,Archery,,,,,Closest comparable to Immersive Archery.,game tables: check overlap with KRS PTF rows and same-category mods,published,PTF.  Improved yet balanced Speed and DMG of arrows and draw,described in review
1683,https://www.nexusmods.com/kingdomcomedeliverance/mods/1683,Roads Are Dangerous - Redux,Nexus API,new: Vivaldi tabs or screenshots only,,,,yes,,,,Quests / lore / content,,content: outside the PTF scope,,,,,,,,,,,published,"This mod aims to mimick what was done with the original mod from 2018 ""Roads Are Dangerous"" which hasn't been updated in quite a while.Intended modification: Increase the ambush and random combat encounters with Quick Travel and riding from",title list only
1689,https://www.nexusmods.com/kingdomcomedeliverance/mods/1689,Playable Daggers,Nexus API,new: Vivaldi tabs or screenshots only,,,,yes,,,,Weapons / armor / items,,"gameplay: no KRS area flagged, still check tables",,,,,,,,,Adjacent.,game tables: check overlap with KRS PTF rows and same-category mods,published,Fight with dual wielding daggers.,described in review
1693,https://www.nexusmods.com/kingdomcomedeliverance/mods/1693,Ravens beak and Spiked warhammer icon swap,Nexus API,in the author's lists,yes,1,,,yes,User Interface/Ravens beak icon swap-1693-1-2-1733597371.7z,,Weapons / armor / items,,"gameplay: no KRS area flagged, still check tables",Sibnal,manifest 1.9.6 only,,,Bug fix (icons),check patch notes,"STILL NEEDED. Current Tables.pak has icon 152 on the Raven's beak and 150 on the spiked warhammer; the mod sets them the other way round. It is a 1 KB table patch (player_item, suffix == mod id), but its manifest lists only 1.9.6 so the 1.9.8 engine disables it until the line is edited (an edited manifest loads, measured).",measured on the 1.9.8 install,Two weapon icons mismatched; 2024-12.,fix type: Bug fix (icons); game tables: check overlap with KRS PTF rows and same-category mods,published,It only took 6 years for someone to make this mod,described in review
1702,https://www.nexusmods.com/kingdomcomedeliverance/mods/1702,SLEE realistic reshade preset and performance file,Nexus API,in the author's lists,yes,1,,,yes,,,Reshade / ENB / visual preset,,visual only: preset (no table overlap),,,,,,,,,,"external injector; no data conflict, but only one preset can be active",published,"Optimization file and Realistic preset for Reshade! That looks very good, has eye adaptation and properly adjusted HDR along with Tonemaper.",title list only
1719,https://www.nexusmods.com/kingdomcomedeliverance/mods/1719,Quests Checklist,Nexus API,in the author's lists,yes,1,,,yes,,,Maps / UI / HUD,,"UI or maps: replaces files, conflicts with other UI mods",,,,,,,,,,UI/.gfx/inventory files: conflicts with other UI mods,published,"This spreadsheet for Kingdom Come: Deliverance includes a comprehensive list of all main and side quests, with timed quests clearly marked. Track your progress by checking off completed quests and follow the suggested order to ensure you",title list only
1720,https://www.nexusmods.com/kingdomcomedeliverance/mods/1720,Performance Configuration (Mid-High End),Nexus API,in the author's lists,yes,1,,,yes,,,Graphics config (cfg),,visual only: user.cfg values (hardware-specific),,,CFG,,,,,,"Verification note (new-mods-lists-review session): Performance Configuration (Mid-High End): hardware-specific cfg like 1972, 2180, 2243, 2153",cfg values: last-loaded file wins; check against other cfg mods,published,"I have had some luck improving my overall FPS outside of towns with this autoexec.cfg file. I wanted to upload mine in case it is useful to anyone else. Settings are based on my current hardware (Ryzen 7 3700x, RTX 4070, 16GB RAM, 1GB NVMe",described in review
1723,https://www.nexusmods.com/kingdomcomedeliverance/mods/1723,Intimidation Stat In Inventory,Nexus API,in the author's lists,yes,1,,,yes,Installed to be verified/IntimidationStat-1723-1-1-1728217688,,Maps / UI / HUD,,"UI or maps: replaces files, conflicts with other UI mods",,,,,,,,,Replaces a whole shared file (Inventory.gfx); UI cannot use PTF.,UI/.gfx/inventory files: conflicts with other UI mods,published,Displaying current intimidation stat in inventory.,described in review
1730,https://www.nexusmods.com/kingdomcomedeliverance/mods/1730,Drink Sound Effects,Nexus API,in the author's lists,yes,1,,,yes,installed in the test game via Vortex (Mods/DrinkSoundEffects111730111728087257),,Alchemy / food / survival,,"gameplay: no KRS area flagged, still check tables",,manifest not 1.9.8,,,,,Disabled by the 1.9.8 engine as shipped (measured).,"engine log, tests/logs",,game tables: check overlap with KRS PTF rows and same-category mods,published,"This mod will replace the ""eating"" sound effect certain drinks use with the potion ""drinking"" sound effect.",described in review
1732,https://www.nexusmods.com/kingdomcomedeliverance/mods/1732,Torch Radius,Nexus API,in the author's lists,yes,1,,,yes,,,World / weather / visuals,,"world or weather: large content, outside the PTF scope",,,,,,,,,,,published,Increases the range of the torch.,title list only
1736,https://www.nexusmods.com/kingdomcomedeliverance/mods/1736,Rogue Life,Nexus API,in the author's lists,yes,1,,,yes,,,Progression / XP / perks,,gameplay: overlap check needed (Perk / RPG tables),TyburnKetch,,,perk table,,,,,Touches perks.,game tables: check overlap with KRS PTF rows and same-category mods,published,A collection of modules to balance and enhance stealth play.,described in review
1743,https://www.nexusmods.com/kingdomcomedeliverance/mods/1743,Persistent Arrows,Nexus API,in the author's lists,yes,1,,,yes,installed in the test game via Vortex (Mods/Persistentarrows1743121729568337),,Archery / arrows,,gameplay: overlap check needed (Archery),,1.9.*,,Persistent arrows,,,"Enabled on 1.9.8 (wildcard 1.9.*, measured).","engine log, tests/logs",The required mod itself.,game tables: check overlap with KRS PTF rows and same-category mods,published,your arrows will stay firmly fixed on the exact location where you hit the npc bodies.,described in review
1765,https://www.nexusmods.com/kingdomcomedeliverance/mods/1765,Restore Riposte,Nexus API,workspace/installed only,,,,,,Installed to be verified/Riposte-1765-1-0-2-1735871267 | installed in the test game via Vortex (Mods/Riposte17651021735871267),,,,unsorted (no category yet),AcSiG,manifest 1.9.6 only,PTF,Riposte,,,Disabled by the 1.9.8 engine as shipped (measured). With only that line edited to 1.9.8 it loaded and its perk patch applied (table level; in-game perk screen not tested).,"engine log, tests/logs",Altered by krs_perks; permission granted.,,published,Restore Riposte for player use.Pick up your weapons and get a head start on adapting to the new combat system before KCD2 comes!,described in review
1779,https://www.nexusmods.com/kingdomcomedeliverance/mods/1779,Semi Sorted soul XML,Nexus API,in the author's lists,yes,1,,,yes,Etc/souls_sorted_v1.2-1779-1-2-1736773918.zip,,Tools / reference,,tool or reference (not gameplay),,,,,,,,,,tool or reference; not a gameplay mod,published,This file is a semi sorted XML for the original soul.xml file naming all souls present in the game,title list only
1780,https://www.nexusmods.com/kingdomcomedeliverance/mods/1780,Timed Quest Indicator,Nexus API,in the author's lists,yes,1,,,yes,,,Maps / UI / HUD,,"UI or maps: replaces files, conflicts with other UI mods",TyburnKetch,,,,,,,,Also author of Medieval Poisons (required by 2208).,UI/.gfx/inventory files: conflicts with other UI mods,published,Add an indication to the quest log for quests that are time sensitive.,described in review
1782,https://www.nexusmods.com/kingdomcomedeliverance/mods/1782,No more clipping elbows for Andrew,Nexus API,in the author's lists,yes,1,,,yes,,,World / weather / visuals,,"world or weather: large content, outside the PTF scope",,,,Archery (KRS alters 1419; requires 1743),Bug fix,candidate (check on 1.9.8),,,Verification note (new-mods-lists-review session): title suggests a vanilla defect (elbow clipping); candidate to check on 1.9.8,fix type: Bug fix,published,Replaces Andrew the inn-keeper's body clothing to stop his elbows clipping through the sleeves.,described in review
1797,https://www.nexusmods.com/kingdomcomedeliverance/mods/1797,Nighttime Nighthawk,Nexus API,new: Vivaldi tabs or screenshots only,,,,yes,,,,World / weather / visuals,,"world or weather: large content, outside the PTF scope",,,,,,,,,Adjacent.,,published,"Nighttime Nighthawk adds a perk which uses the same night vision as the Nighthawk potion.  The perk automatically adds night vision every night and removes night vision every morning.  This lets you navigate KCD's dark nights easier, even",described in review
1800,https://www.nexusmods.com/kingdomcomedeliverance/mods/1800,KCD 2 Reshade,Nexus API,in the author's lists,yes,1,,yes,yes,,,Reshade / ENB / visual preset,,visual only: preset (no table overlap),,,,,,,,,,"external injector; no data conflict, but only one preset can be active",published,"Adds clarity, color correction, depth, better overall lightning, deeper shadows,",title list only
1818,https://www.nexusmods.com/kingdomcomedeliverance/mods/1818,Kingdom Cum Deliverance,Nexus API,new: Vivaldi tabs or screenshots only,,,,yes,,,,Adult / nudity,,out of scope: adult content,,,,,,,,,,adult content: outside KRS scope,published,"With KCD 2 releasing today, I decided to upload my mod to Nexus as a way to prestige the devs.",title list only
1823,https://www.nexusmods.com/kingdomcomedeliverance/mods/1823,RTX 3050 PACK,Nexus API,new: Vivaldi tabs or screenshots only,,,,yes,,,,Graphics config (cfg),,visual only: user.cfg values (hardware-specific),,,,,,,,,,cfg values: last-loaded file wins; check against other cfg mods,published,"This pack enhances performance, ensuring stable 60+ FPS on RTX 3050 (Mobile), RTX 3050TI, RTX 3050 (Desktop).",title list only
1829,https://www.nexusmods.com/kingdomcomedeliverance/mods/1829,Mod Order Tool 1.2,Nexus API,new: Vivaldi tabs or screenshots only,,,,yes,,,,Tools / reference,,tool or reference (not gameplay),,,,,,,,,,tool or reference; not a gameplay mod,published,"MOT (Mod Order Tool) is a lightweight and user-friendly tool for getting mod_order in Kingdom Come: Deliverance with ease. It scans your mod folder, and creates a mod_order.txt file to organize your mods. The tool also handles folder name",title list only
1839,https://www.nexusmods.com/kingdomcomedeliverance/mods/1839,Realistic Horses,Nexus API,workspace/installed only,,,,,,Etc/Realistic Horses-1839-1-0-1739145195.rar,,,,unsorted (no category yet),,,,,,,,,,,published,Reduce horse carrying capacity to add realism and inventory management,no text in the review files
1842,https://www.nexusmods.com/kingdomcomedeliverance/mods/1842,Realistic Repairs,Nexus API,in the author's lists,yes,1,,,yes,Etc/Realistic Repairs 1.1-1842-1-1-1739569897.rar,,Weapons / armor / items,,"gameplay: no KRS area flagged, still check tables",,,,,,,,,,game tables: check overlap with KRS PTF rows and same-category mods,published,Allows you to use your repair tools on gears that have above 10 durability left.,title list only
1853,https://www.nexusmods.com/kingdomcomedeliverance/mods/1853,Richer Merchants (PTF),Nexus API,found while checking (outside the lists),,,,,,,,,,unsorted (no category yet),,,,,,,,,Alternative to 1873/1460.,,published,Every Merchant in the game have 10.000 Groschens,described in review
1860,https://www.nexusmods.com/kingdomcomedeliverance/mods/1860,Train More Carry More - PTF,Nexus API,in the author's lists,yes,1,,yes,yes,,,Progression / XP / perks,PTF,PTF reference; gameplay: overlap check needed (Perk / RPG tables),,,PTF,Perk / RPG tables (KRS edits a perk row),,,,,Verification note (new-mods-lists-review session): title carries PTF; belongs in the PTF examples worth studying,self-described PTF: same shape as KRS; game tables: check overlap with KRS PTF rows and same-category mods,published,"Increase the amount you can carry the more strength you have, this mod doesn't change the basic carry weight value so it should be compatible with mods that changes that - PTF (compatible with other PTF mods)",described in review
1861,https://www.nexusmods.com/kingdomcomedeliverance/mods/1861,Sell Damaged Items At Full Price - PTF,Nexus API,in the author's lists,yes,1,,yes,yes,,,Economy / merchants,PTF,"PTF reference; gameplay: no KRS area flagged, still check tables",,,PTF,,,,,,Verification note (new-mods-lists-review session): title carries PTF; belongs in the PTF examples worth studying,self-described PTF: same shape as KRS; game tables: check overlap with KRS PTF rows and same-category mods,published,"With this mod, you can sell damaged items at their full price (as if they were in perfect condition) - PFT (should be compatible with PTF mods).",described in review
1862,https://www.nexusmods.com/kingdomcomedeliverance/mods/1862,Faster Inury Regeneration - PTF,Nexus API,in the author's lists,yes,1,,yes,yes,,,Alchemy / food / survival,PTF,"PTF reference; gameplay: no KRS area flagged, still check tables",,,PTF,,,,,,Verification note (new-mods-lists-review session): title carries PTF; belongs in the PTF examples worth studying,self-described PTF: same shape as KRS; game tables: check overlap with KRS PTF rows and same-category mods,published,This mod makes injuries heal faster - PTF (should be compatible with PTF mods).,described in review
1863,https://www.nexusmods.com/kingdomcomedeliverance/mods/1863,Dirty And Charismatic - PTF,Nexus API,in the author's lists,yes,1,,yes,yes,,,Progression / XP / perks,PTF,PTF reference; gameplay: overlap check needed (Stay-clean area),,,PTF,Stay-clean area (KRS requires MGsStayClean),,,,,Verification note (new-mods-lists-review session): title carries PTF; belongs in the PTF examples worth studying,self-described PTF: same shape as KRS; game tables: check overlap with KRS PTF rows and same-category mods,published,"With this mod, dirt and armor state will no longer affect Henry's charisma - PTF (should be compatible with PTF mods).",described in review
1864,https://www.nexusmods.com/kingdomcomedeliverance/mods/1864,Cheap Savior Schnapps - PTF,Nexus API,in the author's lists,yes,1,,yes,yes,,,Economy / merchants,PTF,"PTF reference; gameplay: no KRS area flagged, still check tables",,,PTF,,,,,,Verification note (new-mods-lists-review session): title carries PTF; belongs in the PTF examples worth studying,self-described PTF: same shape as KRS; game tables: check overlap with KRS PTF rows and same-category mods,published,"Save without going broke. With this mod, you can buy savior schnapps really cheap, find them sold everywhere and with abundance - PTF compatible",described in review
1870,https://www.nexusmods.com/kingdomcomedeliverance/mods/1870,Fair Trade - PTF,Nexus API,in the author's lists,yes,1,,,yes,,,Economy / merchants,PTF,"PTF reference; gameplay: no KRS area flagged, still check tables",,,PTF,,,,,,PTF example worth studying.,self-described PTF: same shape as KRS; game tables: check overlap with KRS PTF rows and same-category mods,published,Sell items at the same price you buy at - PTF Compatible,described in review
1873,https://www.nexusmods.com/kingdomcomedeliverance/mods/1873,Daily Restock And Rich Merchants - PTF,Nexus API,in the author's lists,yes,1,,,yes,,,Economy / merchants,PTF,"PTF reference; gameplay: no KRS area flagged, still check tables",tempbito,problems on latest,PTF,,,,No version statement found; restocks daily and gives merchants 100x money. The review's 'problems on the latest version' is unconfirmed.,Nexus page summary via web search (page not opened),Large flat multiplier on merchant gold.,self-described PTF: same shape as KRS; game tables: check overlap with KRS PTF rows and same-category mods,published,"Merchants will restock daily (or the alternative frequency you've chosen), and will have 100 times more money.",described in review
1875,https://www.nexusmods.com/kingdomcomedeliverance/mods/1875,KCD1 Enhanced Visuals - UBER Graphics ReShade,Nexus API,in the author's lists,yes,1,,yes,yes,,,Reshade / ENB / visual preset,,visual only: preset (no table overlap),,,,,,,,,,"external injector; no data conflict, but only one preset can be active",published,"A ReShade preset that aims to further enhance the visual fidelity and better immerse you in the gameworld.Works best with ""UBER Quality Mod"".(HDR Compatible)",title list only
1882,https://www.nexusmods.com/kingdomcomedeliverance/mods/1882,Devil's Scowl Sheild Fix,Nexus API,found while checking (outside the lists),,,,,,,,,,unsorted (no category yet),,,,,,,,,"Another shield fix, next to 1323.",,published,Fixed an issue with the Devil's Scowl Shield texture being blurry on some graphical settings,described in review
1883,https://www.nexusmods.com/kingdomcomedeliverance/mods/1883,Better Pickpocket - FIXED,Nexus API,in the author's lists,yes,1,,,yes,,,Crime / stealth / loot,,"gameplay: no KRS area flagged, still check tables",,,,,Fix of another mod,not a game fix,,,Fixes a bug in another mod (doubled catch chance in the original).,fix type: Fix of another mod,published,"This mod makes it easier to pickpocket drunk and sleeping NPCs by reducing the chance of waking them up, as it should be.",described in review
1893,https://www.nexusmods.com/kingdomcomedeliverance/mods/1893,Bianca's Ring PTF,Nexus API,in the author's lists,yes,1,,,yes,,,Weapons / armor / items,PTF,"PTF reference; gameplay: no KRS area flagged, still check tables",,,PTF,,,,,,Verification note (new-mods-lists-review session): title carries PTF; belongs in the PTF examples worth studying,self-described PTF: same shape as KRS; game tables: check overlap with KRS PTF rows and same-category mods,published,"This is a work in progress mod aiming to bring the Bianca's Ring mods to a PTF version, but to make it less OP",described in review
1900,https://www.nexusmods.com/kingdomcomedeliverance/mods/1900,Jiggle Physics,Nexus API,in the author's lists,yes,1,,yes,,,,Adult / nudity,,out of scope: adult content,,,,,,,,,Title only; unverified.,adult content: outside KRS scope,published,Adds Jiggle Physics,described in review
1904,https://www.nexusmods.com/kingdomcomedeliverance/mods/1904,Better Map Icons,Nexus API,in the author's lists,yes,1,,,,,,,,unsorted (no category yet),,,,,,,,,,,published,Smaller icons on maps - Too big icons are resized to a readable scale. Also reworked icons.,no text in the review files
1907,https://www.nexusmods.com/kingdomcomedeliverance/mods/1907,Visorless Helmets,Nexus API,new: Vivaldi tabs or screenshots only,,,,yes,,,,Weapons / armor / items,,"gameplay: no KRS area flagged, still check tables",,,,,,,,,,game tables: check overlap with KRS PTF rows and same-category mods,published,Visorless helmets to make Henry look normal in conversations,title list only
1909,https://www.nexusmods.com/kingdomcomedeliverance/mods/1909,Helmet-Off Dialog (Beta),Nexus API,in the author's lists,yes,1,,yes,yes,,,Weapons / armor / items,,"gameplay: no KRS area flagged, still check tables",,,,,Beta,,,,,fix type: Beta; game tables: check overlap with KRS PTF rows and same-category mods,published,"This mod automatically unequips your helmet, head chainmail and coif when starting a conversation with an NPC, then re-equips them when the dialog ends.",title list only
1914,https://www.nexusmods.com/kingdomcomedeliverance/mods/1914,Weightless Herbs,Nexus API,in the author's lists,yes,1,,,yes,,,Alchemy / food / survival,,"gameplay: no KRS area flagged, still check tables",,,,,,,,,,game tables: check overlap with KRS PTF rows and same-category mods,published,Makes alchemy herbs weightless,title list only
1918,https://www.nexusmods.com/kingdomcomedeliverance/mods/1918,KCD1 Reborn - Verdant Vegetation,Nexus API,in the author's lists,yes,1,,,yes,,,World / weather / visuals,,"world or weather: large content, outside the PTF scope",,,,,,,,,,,published,"This mod enriches KCD1 with lush, dense vegetation, bringing a more vibrant and immersive natural environment inspired by KCD2. Carefully optimized for performance and visual quality, it enhances forests, fields, and foliage for a more",title list only
1922,https://www.nexusmods.com/kingdomcomedeliverance/mods/1922,No Prefixes in Alchemy Book,Nexus API,in the author's lists,yes,1,,,yes,,,Alchemy / food / survival,,"gameplay: no KRS area flagged, still check tables",,,,,,,,,,game tables: check overlap with KRS PTF rows and same-category mods,published,Removes sorting mod prefixes from the alchemy book.,title list only
1926,https://www.nexusmods.com/kingdomcomedeliverance/mods/1926,Potion no Satiety and ADD Heal plus Energy,Nexus API,in the author's lists,yes,1,,,yes,,,Alchemy / food / survival,,"gameplay: no KRS area flagged, still check tables",,,,,,,,,,game tables: check overlap with KRS PTF rows and same-category mods,published,Changes almost all potions in the game.,title list only
1927,https://www.nexusmods.com/kingdomcomedeliverance/mods/1927,KCD1 Reborn-Terrain and Structures,Nexus API,in the author's lists,yes,1,,,yes,,,World / weather / visuals,,"world or weather: large content, outside the PTF scope",,,,,,,,,,,published,This mod brings a complete overhaul to the textures of both the terrain and structures in Kingdom Come: Deliverance.,title list only
1938,https://www.nexusmods.com/kingdomcomedeliverance/mods/1938,My Herb Picking Radius,Nexus API,workspace/installed only,,,,,,Etc/Herb Picking Radius 2x-1938-1-0-1742117458.zip,,,,unsorted (no category yet),,,,,,,,,,,published,Double the herb picking radius.,no text in the review files
1944,https://www.nexusmods.com/kingdomcomedeliverance/mods/1944,Lore Of Die,Nexus API,in the author's lists,yes,1,,,yes,,,Quests / lore / content,,content: outside the PTF scope,,,,,,,,,,,published,Expand how die's experienced in the game.,title list only
1950,https://www.nexusmods.com/kingdomcomedeliverance/mods/1950,Skill Books Take Time,Nexus API,workspace/installed only,,,,,,QoL/Skill Books Take Time 2x-1950-1-0-1742313588,,,,unsorted (no category yet),,,,,,,,,,,published,Reading books take time.,no text in the review files
1951,https://www.nexusmods.com/kingdomcomedeliverance/mods/1951,Baths dont affect energy and nourishment,Nexus API,in the author's lists,yes,1,,,yes,,,Alchemy / food / survival,,"gameplay: no KRS area flagged, still check tables",,,,,,not a defect,,,Behaviour preference.,game tables: check overlap with KRS PTF rows and same-category mods,published,Bathmaids don't feed and caffeinate you! Optional: slower energy increase,described in review
1956,https://www.nexusmods.com/kingdomcomedeliverance/mods/1956,Auto Hide HUD REBORN,Nexus API,in the author's lists,yes,1,,yes,yes,,,Maps / UI / HUD,,"UI or maps: replaces files, conflicts with other UI mods",,,,,,,,,,UI/.gfx/inventory files: conflicts with other UI mods,published,"Automatically hides and shows HUD elements at the right moments during gameplay. In addition, it adds the ""Eagle Eye"" perk from KCD2.",title list only
1958,https://www.nexusmods.com/kingdomcomedeliverance/mods/1958,Selected Immersion Breaking Music Mute,Nexus API,in the author's lists,yes,1,,yes,yes,,,Animations / audio,,animations or audio: outside table scope,,,,,,,,,,,published,"This seems to be always problem to my ears and immersion. Reminds me of Oblivion and it's combat music, you heard combat music before you saw the enemy.",title list only
1961,https://www.nexusmods.com/kingdomcomedeliverance/mods/1961,Unconscious Crime UI,Nexus API,in the author's lists,yes,1,,,yes,,,Crime / stealth / loot,,"gameplay: no KRS area flagged, still check tables",,,,,,,,,,,published,I feel it's little too much that you can view map and see where your crime has been reported.,title list only
1964,https://www.nexusmods.com/kingdomcomedeliverance/mods/1964,KCD1 Reborn - Enhanced Faces and Skin,Nexus API,new: Vivaldi tabs or screenshots only,,,,yes,,,,World / weather / visuals,,"world or weather: large content, outside the PTF scope",,,,,,,,,,,published,"This mod not only improves face and skin textures with sharper details but completely eliminates the issue of slow loading and late face rendering. NPCs will always appear clear and natural, without blurry or delayed textures.",title list only
1972,https://www.nexusmods.com/kingdomcomedeliverance/mods/1972,FINAL Beyond SUPER Ultra Graphics and Visuals Configs,Nexus API,in the author's lists,yes,1,,yes,yes,,,Graphics config (cfg),,visual only: user.cfg values (hardware-specific),,,CFG,,,,,,Hardware-specific cfg values published as general.,cfg values: last-loaded file wins; check against other cfg mods,published,"My very first mod! i just love gaming and modding my games so much and as i went on, something in me always wanted to learn more or mod myself. so today i present you my very first own small mod.",described in review
1980,https://www.nexusmods.com/kingdomcomedeliverance/mods/1980,Medieval Loading Screens,Nexus API,in the author's lists,yes,1,,yes,yes,,,Maps / UI / HUD,,"UI or maps: replaces files, conflicts with other UI mods",,,,,,,,,,UI/.gfx/inventory files: conflicts with other UI mods,published,Turns some of the Codex images into loading screens.,title list only
1981,https://www.nexusmods.com/kingdomcomedeliverance/mods/1981,Lesser Income Pribyslavitz - Supplies Cost Patch,Nexus API,in the author's lists,yes,1,,,yes,,,Economy / merchants,,"gameplay: no KRS area flagged, still check tables",,,,,Patch (supplies cost),,,,,fix type: Patch (supplies cost); game tables: check overlap with KRS PTF rows and same-category mods,published,Tiny mod to revert some supplies costs from Lesser Income Pribyslavitz.,title list only
1982,https://www.nexusmods.com/kingdomcomedeliverance/mods/1982,Stormy Skies,Nexus API,new: Vivaldi tabs or screenshots only,,,,yes,,,,World / weather / visuals,,"world or weather: large content, outside the PTF scope",,,,,,,,,,,published,"Stormy Skies is a simple weather mod that fixes the cloudless rainstorms in KCD. No more immersion-shattering ""sun showers."" It is lightweight, doesn't affect performance at all, and is a 100% game changer (literally) when it comes to",title list only
1984,https://www.nexusmods.com/kingdomcomedeliverance/mods/1984,Sharpening Overhaul,Nexus API,in the author's lists,yes,1,,,yes,,,Weapons / armor / items,,"gameplay: no KRS area flagged, still check tables",,,,,,,,,,game tables: check overlap with KRS PTF rows and same-category mods,published,Overhauls Grindstone and sharpening of weapons.,title list only
1990,https://www.nexusmods.com/kingdomcomedeliverance/mods/1990,Veteran Hunting,Nexus API,in the author's lists,yes,1,,,yes,,,Alchemy / food / survival,,gameplay: overlap check needed (Perk / RPG tables),,,,perk table,,,,,Touches perks.,game tables: check overlap with KRS PTF rows and same-category mods,published,"Started as experiment.. turned to Hunting overhaul, kind of..",described in review
1991,https://www.nexusmods.com/kingdomcomedeliverance/mods/1991,BCAIC - Restore Hunting Spots - Patch,Nexus API,in the author's lists,yes,1,,,yes,,,Alchemy / food / survival,,"gameplay: no KRS area flagged, still check tables",,,,,Patch for another mod,not a game fix,,,"Verification note (new-mods-lists-review session): a patch for another mod, not a game fix",fix type: Patch for another mod; game tables: check overlap with KRS PTF rows and same-category mods,published,BCAIC is must have mod for every run. This tiny patch restores hunting spot markers for the map.,described in review
1996,https://www.nexusmods.com/kingdomcomedeliverance/mods/1996,Alcohol Is Not Food Anymore,Nexus API,in the author's lists,yes,1,,,yes,,,Alchemy / food / survival,,"gameplay: no KRS area flagged, still check tables",,,,,,,,,,game tables: check overlap with KRS PTF rows and same-category mods,published,Exactly as the title says Alcohol Is Not Food Anymore.,title list only
2005,https://www.nexusmods.com/kingdomcomedeliverance/mods/2005,Snarky Loading Screens PTF Edition,Nexus API,in the author's lists,yes,1,,,yes,,,Maps / UI / HUD,PTF,"UI or maps: replaces files, conflicts with other UI mods",,,PTF,,,,,,Verification note (new-mods-lists-review session): title carries PTF; belongs in the PTF examples worth studying,self-described PTF: same shape as KRS; UI/.gfx/inventory files: conflicts with other UI mods,published,"Inject some humour into your life, this time without replacing game files.",described in review
2008,https://www.nexusmods.com/kingdomcomedeliverance/mods/2008,Perfection,Nexus API,in the author's lists,yes,1,,,yes,,,Other,,"gameplay: no KRS area flagged, still check tables",,,,,,,,,,,published,Needs access to depth-buffer.,title list only
2011,https://www.nexusmods.com/kingdomcomedeliverance/mods/2011,Chefs Kiss,Nexus API,in the author's lists,yes,1,,,yes,,,Alchemy / food / survival,,"gameplay: no KRS area flagged, still check tables",,,,,,,,,,game tables: check overlap with KRS PTF rows and same-category mods,published,"UI supported - New rules for foods, drinks, potions, poisons, health regen, stamina regen, weapon and stat buffs, nutrition, energy, starvation and more",title list only
2012,https://www.nexusmods.com/kingdomcomedeliverance/mods/2012,Jubilant Pig Meter,Nexus API,in the author's lists,yes,1,,,yes,,,Other,,"gameplay: no KRS area flagged, still check tables",,,,,,,,,,,published,"Good heavens, it's nearly full!",title list only
2017,https://www.nexusmods.com/kingdomcomedeliverance/mods/2017,Realistic Items,Nexus API,in the author's lists,yes,1,,,yes,,,Weapons / armor / items,,"gameplay: no KRS area flagged, still check tables",,,,,,,,,,game tables: check overlap with KRS PTF rows and same-category mods,published,All items modifications made for the Kingdom Refinement Suite Collection.,title list only
2021,https://www.nexusmods.com/kingdomcomedeliverance/mods/2021,Repair Kits - Balanced and Scaled PTF,Nexus API,in the author's lists,yes,2,,,yes,,,Weapons / armor / items,PTF,"PTF reference; gameplay: no KRS area flagged, still check tables",,,PTF,,,,,,Verification note (new-mods-lists-review session): title carries PTF; belongs in the PTF examples worth studying,self-described PTF: same shape as KRS; game tables: check overlap with KRS PTF rows and same-category mods,published,"Fixes the imbalance between small and large armourer’s kits by adjusting their efficiency. All repair kits received a small balanced boost, making them more useful while preserving gameplay balance in both normal and Hardcore modes.",described in review
2022,https://www.nexusmods.com/kingdomcomedeliverance/mods/2022,Restored Sabres PTF,Nexus API,in the author's lists,yes,1,,,yes,,,Weapons / armor / items,PTF,"PTF reference; gameplay: no KRS area flagged, still check tables",,,PTF,,,,,,PTF example worth studying.,self-described PTF: same shape as KRS; game tables: check overlap with KRS PTF rows and same-category mods,published,"Adds the previously unused Oriental Blade to the swordsmith’s shop with new textures. Allows enemies to use the Rider’s Sabre, which was not used by any enemies before. Buffs and balances the weak Nicopolis Sabre, making it usable while",described in review
2030,https://www.nexusmods.com/kingdomcomedeliverance/mods/2030,Clean and Minimal HUD and Map,Nexus API,in the author's lists,yes,1,,yes,yes,,,Maps / UI / HUD,,"UI or maps: replaces files, conflicts with other UI mods",,,,,,,,,,UI/.gfx/inventory files: conflicts with other UI mods,published,Makes vanilla HUD and Map elements smaller and transparent for less intrusive and more immersive experience.,title list only
2031,https://www.nexusmods.com/kingdomcomedeliverance/mods/2031,Mud and Iron Kingdom Come Deliverance Reshade,Nexus API,in the author's lists,yes,1,,,yes,,,Reshade / ENB / visual preset,,visual only: preset (no table overlap),,,,,,,,,,"external injector; no data conflict, but only one preset can be active",published,"A Vanilla+ reshade for better colour, contrast and sharpness with 2 Versions.Each one has a brighter one.",title list only
2035,https://www.nexusmods.com/kingdomcomedeliverance/mods/2035,Ordinance an Archery Overhaul,Nexus API,in the author's lists,yes,1,,,yes,,,Archery / arrows,,gameplay: overlap check needed (Archery),Diaz Dizazter,,,Archery (KRS alters 1419; requires 1743),,,,,"Same author as 2040/2046/2049; archery. | Verification note (new-mods-lists-review session): 'Ordinance an Archery Overhaul': direct comparable for Immersive Archery (1419), next to 1678 and 2040",game tables: check overlap with KRS PTF rows and same-category mods,published,"Complete++ overhaul of the entire Archery system, for both Henry and NPC's.",described in review
2040,https://www.nexusmods.com/kingdomcomedeliverance/mods/2040,Polymorphic Projectiles Arrow Overhaul,Nexus API,in the author's lists,yes,1,,yes,,,,Archery / arrows,,gameplay: overlap check needed (Archery),Diaz Dizazter,>=1.9.7,,Archery,,,Compatible with 1.9.8 by its statement (1.9.7+); requires the 'Loot Info' mod to show multi-damage arrows.,Nexus page summary via web search (page not opened),Changes arrow damage values; mixes balance and novelty arrows (suggest split).,game tables: check overlap with KRS PTF rows and same-category mods,published,Complete++ arrow overhaul. Killing Cumans with a watermelon is now on your bucket list,described in review
2045,https://www.nexusmods.com/kingdomcomedeliverance/mods/2045,Polearms Unleashed Rebalanced Lite Edition PTF,Nexus API,in the author's lists,yes,1,,,yes,,,Weapons / armor / items,PTF,"PTF reference; gameplay: no KRS area flagged, still check tables",,,PTF,,,,,,PTF example worth studying.,self-described PTF: same shape as KRS; game tables: check overlap with KRS PTF rows and same-category mods,published,"A streamlined and rebalanced version of the great Polearms Unleashed mod, focused on realism and core gameplay. The polearm skill is now visible and functional, and every polearm has fully reworked stats. Experience playable, storable, and",described in review
2046,https://www.nexusmods.com/kingdomcomedeliverance/mods/2046,Arsenal - A Weapons Overhaul - DDDB,Nexus API,in the author's lists,yes,1,,yes,,,,Weapons / armor / items,,"gameplay: no KRS area flagged, still check tables",Diaz Dizazter,,PTF,,,,,,Weapons/arrows/ragdolls series.,game tables: check overlap with KRS PTF rows and same-category mods,published,Complete++ Overhaul of all of the melee weapons within the lands of Bohemia,described in review
2049,https://www.nexusmods.com/kingdomcomedeliverance/mods/2049,Simple Ragdoll Physics,Nexus API,in the author's lists,yes,1,,yes,,,,Combat / AI,,gameplay: overlap check needed (Combat / riposte),Diaz Dizazter,,,Combat / riposte (KRS alters 1765),,,,,Weapons/arrows/ragdolls series.,game tables: check overlap with KRS PTF rows and same-category mods,published,"More Ragdolls, less Kinematics",described in review
2061,https://www.nexusmods.com/kingdomcomedeliverance/mods/2061,Meticulously Edited Shops and Services,Nexus API,in the author's lists,yes,1,,,,,,,,unsorted (no category yet),,,,,,,,,,,published,"Overhauls vendors, mostly by expanding their inventories and then randomizing what's for sale. Later, I want to include separate addons that modify service prices.",no text in the review files
2066,https://www.nexusmods.com/kingdomcomedeliverance/mods/2066,Distant Smoke and Fire,Nexus API,in the author's lists,yes,1,,,yes,,,World / weather / visuals,,"world or weather: large content, outside the PTF scope",FogZZZ,"v0.2, 2025-08-22",,,Bug fix,check patch notes,Not verifiable here. Edits libs\particles\wh_particels.xml as a whole file (conflicts with other mods that edit it). Official notes do not mention particles.,Nexus page summary via web search (page not opened),Pop-in of smoke and flames; 2025-08.,fix type: Bug fix,published,"Increases smoke and fire draw distance for chimneys, campfires, and torches.",described in review
2068,https://www.nexusmods.com/kingdomcomedeliverance/mods/2068,SPOA Silver Knight Armor for Kingdom Come Deliverance,Nexus API,in the author's lists,yes,1,,,yes,,,Weapons / armor / items,,"gameplay: no KRS area flagged, still check tables",,,,,,,,,,game tables: check overlap with KRS PTF rows and same-category mods,published,Silver Piece of Art - Silver Knight Armor for KCD. Stylish armor with high details. Max resolution 4K (4096x4096).,title list only
2079,https://www.nexusmods.com/kingdomcomedeliverance/mods/2079,Thin The Herd - Immersive Hunting and Realistic Animal Loot,Nexus API,in the author's lists,yes,1,,,,,,,,unsorted (no category yet),,,,,,,,,,,published,Realistic animal loot quantities with rebalanced hunting and meat-delivery quests.,no text in the review files
2081,https://www.nexusmods.com/kingdomcomedeliverance/mods/2081,No More Wreath - Lords of Leipa Helmet Wreath Removal and Hounskull Replacer,Nexus API,in the author's lists,yes,1,,,yes,,,Weapons / armor / items,,"gameplay: no KRS area flagged, still check tables",,,,,,,,,,game tables: check overlap with KRS PTF rows and same-category mods,published,Removes the ornamental wreath from the Lords of Leipa Helmet or replaces it with the House of Zoul Hounskull Helmet. Original stats and gameplay remain unchanged.,title list only
2084,https://www.nexusmods.com/kingdomcomedeliverance/mods/2084,Mount  Horse - Torch Toggle Keys,Nexus API,in the author's lists,yes,1,,,,,,,,unsorted (no category yet),,,,,,,,,,,published,"This mod combines two features into one: with a single key you can equip your torch, and with another key you can easily mount or dismount your horse.",no text in the review files
2098,https://www.nexusmods.com/kingdomcomedeliverance/mods/2098,Medieval Poisons - spolszczenie,Nexus API,in the author's lists,yes,1,,,,,,,,unsorted (no category yet),,,,,,,,,,,published,"Pełne spolszczenie do moda Tyburn's Medieval Poisons. Tłumaczenie obejmuje wszystkie nowe trucizny (m.in. arszenik, mandragora, szczwół), receptury, składniki oraz księgę ""Liber de Venenis"". Zachowano zgodność z polskim nazewnictwem w grze.",no text in the review files
2100,https://www.nexusmods.com/kingdomcomedeliverance/mods/2100,Diseases - spolszczenie,Nexus API,in the author's lists,yes,1,,,,,,,,unsorted (no category yet),,,,,,,,,,,published,Pełne spolszczenie do moda Diseases. Tłumaczenie zachowuje klimat gry i jest zgodne z oficjalną polską lokalizacją.,no text in the review files
2103,https://www.nexusmods.com/kingdomcomedeliverance/mods/2103,Pickpocket menu  from KCD2,Nexus API,in the author's lists,yes,1,,,yes,,,Crime / stealth / loot,,"gameplay: no KRS area flagged, still check tables",MayDayU1A,,,,,,,,UI series; replaced by 2147.,,published,"Replaces the original pickpocket wheel in Kingdom Come: Deliverance 1 with the updated, clean and beautiful version from Kingdom Come: Deliverance 2.",described in review
2106,https://www.nexusmods.com/kingdomcomedeliverance/mods/2106,High FPS FX (KCD1),Nexus API,in the author's lists,yes,1,,,yes,,,Graphics config (cfg),,visual only: user.cfg values (hardware-specific),,,,,,,,,,cfg values: last-loaded file wins; check against other cfg mods,published,Particle Framerates Increased,title list only
2108,https://www.nexusmods.com/kingdomcomedeliverance/mods/2108,New KCD HUD 2.0,Nexus API,in the author's lists,yes,1,,,yes,,,Maps / UI / HUD,,"UI or maps: replaces files, conflicts with other UI mods",MayDayU1A,,,,,,,,UI series.,UI/.gfx/inventory files: conflicts with other UI mods,published,"This mod completely overhauls the look of the HUD in Kingdom Come: Deliverance, making it cleaner, more modern, and more visually appealing.",described in review
2119,https://www.nexusmods.com/kingdomcomedeliverance/mods/2119,KCD Mod Manager,Nexus API,new: Vivaldi tabs or screenshots only,,,,yes,,,,Tools / reference,,tool or reference (not gameplay),,,,,,,,,Adjacent.,tool or reference; not a gameplay mod,published,"The full KCD Mod Manager with complete support for Kingdom Come: Deliverance (KCD1). Install, organize, update, and manage mods with the same feature set as the KCD2 version, now fully compatible with the original game.",described in review
2124,https://www.nexusmods.com/kingdomcomedeliverance/mods/2124,Half-looted Rebalance,Nexus API,in the author's lists,yes,1,,,yes,,,Progression / XP / perks,,gameplay: overlap check needed (Perk / RPG tables),,1.9.6 (ok 1.9.7),,Perk / RPG tables (KRS edits a perk row),,,"No 1.9.8 statement found; it is a bundle of sub-modules, check before use on 1.9.8.",Nexus page summary via web search (page not opened),Large bundle.,game tables: check overlap with KRS PTF rows and same-category mods,published,"This is a collection of mods, focused on increasing the gameplay depth, realism and removing some frustrations without changing the game too much. It rebalances most items, tweaks combat and game difficulty, fixes few things and adds some",described in review
2132,https://www.nexusmods.com/kingdomcomedeliverance/mods/2132,MOD file override conflicts and PTF patch detection,Nexus API,in the author's lists,yes,1,,,,,,,,unsorted (no category yet),,,,,,,,,,,published,"用于检测MOD中PAK文件里的文件覆盖冲突，以及查询所有PTF补丁文件Used to detect file coverage conflicts in PAK files within mods, and to query all PTF patch files",no text in the review files
2147,https://www.nexusmods.com/kingdomcomedeliverance/mods/2147,KCD 2.0,Nexus API,in the author's lists,yes,1,,,yes,,,Maps / UI / HUD,,"UI or maps: replaces files, conflicts with other UI mods",MayDayU1A,,,,,,,,UI series; includes the pickpocket window that 2103 replaces.,UI/.gfx/inventory files: conflicts with other UI mods,published,This mod brings a fresh new experience to Kingdom Come: Deliverance.,described in review
2152,https://www.nexusmods.com/kingdomcomedeliverance/mods/2152,Lighting and Shadow 2.0 - ENB for KCD,Nexus API,in the author's lists,yes,1,,,,,,,,unsorted (no category yet),,,,,,,,,,,published,ENB Preset for KCD,no text in the review files
2153,https://www.nexusmods.com/kingdomcomedeliverance/mods/2153,Engine Tweaks KCD 2.0 - user.cfg details,Nexus API,in the author's lists,yes,1,,yes,,,,Graphics config (cfg),,visual only: user.cfg values (hardware-specific),,,CFG,,,,,,Hardware-specific cfg values published as general.,cfg values: last-loaded file wins; check against other cfg mods,published,Engine Tweaks KCD 2.0 - user.cfg details,described in review
2156,https://www.nexusmods.com/kingdomcomedeliverance/mods/2156,Skalitz Mine Map,Nexus API,in the author's lists,yes,1,,,yes,,,Maps / UI / HUD,,"UI or maps: replaces files, conflicts with other UI mods",,,,,,,,,,UI/.gfx/inventory files: conflicts with other UI mods,published,Skalitz Mine Map is to help you navigate the mines.,title list only
2158,https://www.nexusmods.com/kingdomcomedeliverance/mods/2158,Finders Keepers,Nexus API,in the author's lists,yes,1,,yes,,,,Crime / stealth / loot,,"gameplay: no KRS area flagged, still check tables",,,PTF,,,,,,Parameter approach (pickpocket); PTF example.,,published,This PTF mod speeds up the time until items loose their stolen status.Versions: Wait_No or Wait_Less_2x.,described in review
2165,https://www.nexusmods.com/kingdomcomedeliverance/mods/2165,Merchants Richer,Nexus API,found while checking (outside the lists),,,,,,,,,,unsorted (no category yet),,,,,,,,,Alternative to 1873/1460/1853.,,published,"Merchants have 3x the money.A standalone PTF mod for the most recent game version.Sets in shop_type2item.xml: amount=3x for item_id=""5ef63059-322e-4e1b-abe8-926e100c770e"" (Groschen)",described in review
2171,https://www.nexusmods.com/kingdomcomedeliverance/mods/2171,No Stolen Items (PTF),Nexus API,in the author's lists,yes,1,,yes,,,,Crime / stealth / loot,PTF,"PTF reference; gameplay: no KRS area flagged, still check tables",,,PTF,,,,,,Misses pickpocketed items; combine with 2158.,self-described PTF: same shape as KRS,published,Prevents stolen items from being identified as stolen. Items are immediately able to be sold. Immediately updates any stolen items in the player's inventory.,described in review
2173,https://www.nexusmods.com/kingdomcomedeliverance/mods/2173,True Hardcore Maintenance (PTF),Nexus API,found while checking (outside the lists),,,,,,,,,,unsorted (no category yet),Nfrog2swamp1,,,,,,,,Series member; touches repairs (compare with krs_qol RepairPriceModif).,,published,"Rebalances repair kits, makes you pay full repair costs at shops, and removes repair kits from enemy inventories and camps. More details below.",described in review
2174,https://www.nexusmods.com/kingdomcomedeliverance/mods/2174,Horse Body Armor (Barding),Nexus API,in the author's lists,yes,2,,,yes,,,Horses,,"gameplay: no KRS area flagged, still check tables",,,PTF,,,,,,PTF example worth studying.,,published,"Improved version of ""Barding (new items)"" mod. Adds 3 armor items for the horse, which fit into the dedicated horse body armor slot. PTF mod, fully localized, compatible with latest game version and the body armor correctly overlaps with",described in review
2175,https://www.nexusmods.com/kingdomcomedeliverance/mods/2175,Enhanced Color Grading,Nexus API,in the author's lists,yes,2,,,yes,,,Reshade / ENB / visual preset,,visual only: preset (no table overlap),,,,,,,,,,"external injector; no data conflict, but only one preset can be active",published,"This mod makes some adjusts in the lights, shadows and color grading, to bring visuals similar to those of Kingdom Come: Deliverance 2.",title list only
2179,https://www.nexusmods.com/kingdomcomedeliverance/mods/2179,True Hardcore Combat (PTF),Nexus API,in the author's lists,yes,1,,yes,,,,Combat / AI,PTF,PTF reference; gameplay: overlap check needed (Combat / riposte),Nfrog2swamp1,made and tested on 1.9.8,PTF,Riposte,,,Targets 1.9.8.,Nexus page summary via web search (page not opened),True Hardcore series; closest comparable for the Riposte area.,self-described PTF: same shape as KRS; game tables: check overlap with KRS PTF rows and same-category mods,published,"Makes combat more realistic, aggressive and combo-centered. Improves archery with faster bows and arrows, but makes it more punishing when you're weak. More details below.",described in review
2180,https://www.nexusmods.com/kingdomcomedeliverance/mods/2180,Optimized CryEngine simple tweaks,Nexus API,in the author's lists,yes,1,,yes,,,,Graphics config (cfg),,visual only: user.cfg values (hardware-specific),,,CFG,,,,,,Hardware-specific cfg values published as general.,cfg values: last-loaded file wins; check against other cfg mods,published,"High-end CryEngine user.cfg that optimizes memory budgets, texture streaming and anti-aliasing for PCs. Reduces stutter and texture pop-in while keeping a sharp image.",described in review
2188,https://www.nexusmods.com/kingdomcomedeliverance/mods/2188,True Hardcore Economy (PTF),Nexus API,in the author's lists,yes,1,,yes,,,,Combat / AI,PTF,"PTF reference; gameplay: no KRS area flagged, still check tables",Nfrog2swamp1,,PTF,,,,,,True Hardcore series.,self-described PTF: same shape as KRS; game tables: check overlap with KRS PTF rows and same-category mods,published,"Shops sell to you at inflated prices and buy from you at drastically lower ones, haggling is more difficult, service costs are through the roof, and poverty is widespread throughout the region. More details below.",described in review
2190,https://www.nexusmods.com/kingdomcomedeliverance/mods/2190,ENHANCED Bohemian Redux  and FX Overhaul,Nexus API,in the author's lists,yes,1,,yes,,,,World / weather / visuals,,"world or weather: large content, outside the PTF scope",DreamMora,,,,,,,,KCD2-port series.,,published,"ENHANCED Bohemian Redux is a compact graphics mod that makes the game’s visuals richer and more expressive,  with enhanced FX particles and new smoke effects, while keeping the style clean and performance-friendly.",described in review
2191,https://www.nexusmods.com/kingdomcomedeliverance/mods/2191,Realistic Footprints v2.0 KCD I,Nexus API,in the author's lists,yes,2,,,yes,,,World / weather / visuals,,"world or weather: large content, outside the PTF scope",DreamMora,,,,,,,,KCD2-port series.,,published,"Realistic Footprints v2.0 represents a major leap in environmental immersion. This version expands ground interaction, deepensatmosphere, elevates realism without compromising stability.",described in review
2192,https://www.nexusmods.com/kingdomcomedeliverance/mods/2192,ENHANCED Toggle Aim Overhaul v2.0 KCD I,Nexus API,in the author's lists,yes,1,,yes,,,,Combat / AI,,gameplay: overlap check needed (Combat / riposte),DreamMora,,,Combat / riposte (KRS alters 1765),,,,,KCD2-port series.,game tables: check overlap with KRS PTF rows and same-category mods,published,Tired of not being able to hit anyone with long-range weapons?Hans Capon laughing at you? I have a wonderful solution.,described in review
2194,https://www.nexusmods.com/kingdomcomedeliverance/mods/2194,ENHANCED Easy FREE Combat Target Overhaul v3.0 KCD I,Nexus API,in the author's lists,yes,1,,yes,,,,Combat / AI,,gameplay: overlap check needed (Combat / riposte),DreamMora,,,Combat / riposte (KRS alters 1765),,,,,KCD2-port series.,game tables: check overlap with KRS PTF rows and same-category mods,published,"Now there is a free target in the game that doesn't stick to enemies, making it better flexible to control the battle. Full gamepad support is available.",described in review
2196,https://www.nexusmods.com/kingdomcomedeliverance/mods/2196,ENHANCED Adult Bounce KCD I,Nexus API,in the author's lists,yes,1,,yes,yes,,,Adult / nudity,,out of scope: adult content,DreamMora,,,,,,,,KCD2-port series.,adult content: outside KRS scope,published,Add realistic breast physics to your game! Enjoy natural movements and animations that make gameplay more immersive and lifelike.,described in review
2199,https://www.nexusmods.com/kingdomcomedeliverance/mods/2199,DualSense Buttons,Nexus API,in the author's lists,yes,1,,,yes,,,Maps / UI / HUD,,"UI or maps: replaces files, conflicts with other UI mods",DreamMora,,,,,,,,KCD2-port series.,UI/.gfx/inventory files: conflicts with other UI mods,published,"Adds visual representations of DualSense gamepad buttons to the game for more intuitive control.  Now, all actions are highlighted with the iconic DualSense button prompts, enhancing immersion and making the interface feel truly next-gen.",described in review
2202,https://www.nexusmods.com/kingdomcomedeliverance/mods/2202,Animals Looted Statistic Tracker - Separate from Corpses Looted,Nexus API,in the author's lists,yes,1,,,yes,,,Crime / stealth / loot,,"gameplay: no KRS area flagged, still check tables",,,,,,,,,,,published,"Splits the vanilla Corpses looted statistic into two separate tracked values: ""Corpses looted"" for human NPC corpses and ""Animals looted"" for animal corpses. The mod updates the in-game Player → Statistics → Crime screen automatically and",title list only
2203,https://www.nexusmods.com/kingdomcomedeliverance/mods/2203,Categorized Sorted Inventory,Nexus API,in the author's lists,yes,1,,,yes,,,Maps / UI / HUD,,"UI or maps: replaces files, conflicts with other UI mods",,,,Localization,,,,,Renames text: per-language upkeep.,UI/.gfx/inventory files: conflicts with other UI mods,published,"Strongly based on ""Sorted Inventory (2026)﻿""Re added stats for tacks and charm items, added alcohol %, changed the food system (sorting by raw, smoked, cooked, ...).Removed redundant descriptions for weapons and armor. Example: Sword - Long",described in review
2204,https://www.nexusmods.com/kingdomcomedeliverance/mods/2204,A Real Sorted Inventory (ARSI),Nexus API,in the author's lists,yes,1,,,yes,,,Maps / UI / HUD,,"UI or maps: replaces files, conflicts with other UI mods",,,,Localization,,,,,Renames text: per-language upkeep.,UI/.gfx/inventory files: conflicts with other UI mods,published,"This mod approaches inventory sorting differently than standard sorting mods. Instead of simply adding tags as prefixes to the localized strings, this mod intervenes more deeply in the inventory sorting process. It takes into account the",described in review
2206,https://www.nexusmods.com/kingdomcomedeliverance/mods/2206,Rivers of Blood KCD I HD v2.0,Nexus API,in the author's lists,yes,2,,,yes,,,World / weather / visuals,,"world or weather: large content, outside the PTF scope",DreamMora,,,Persistent arrows,,,,,Overlaps with persistent arrows.,,published,"Realistic, dynamic, and brutal - the port of the best definitive blood mod for KCD II.",described in review
2207,https://www.nexusmods.com/kingdomcomedeliverance/mods/2207,Findable Herbs HD,Nexus API,in the author's lists,yes,1,,,yes,,,Alchemy / food / survival,,"gameplay: no KRS area flagged, still check tables",,,,,,,,,,game tables: check overlap with KRS PTF rows and same-category mods,published,Makes hard to find herbs less hard to find by changing their visuals.,title list only
2208,https://www.nexusmods.com/kingdomcomedeliverance/mods/2208,Medieval Poisons - True Hardcore Compatibility Patch (PTF),Nexus API,in the author's lists,yes,1,,yes,,,,Combat / AI,PTF,"PTF reference; gameplay: no KRS area flagged, still check tables",Nfrog2swamp1,1.9.8,PTF,,Compat patch,,,,Requires Medieval Poisons (TyburnKetch); made on 1.9.8.,self-described PTF: same shape as KRS; fix type: Compat patch; game tables: check overlap with KRS PTF rows and same-category mods,published,"A compatibility patch for 'Medieval Poisons', designed to work seamlessly with the 'True Hardcore' mod series. More details below.",described in review
2209,https://www.nexusmods.com/kingdomcomedeliverance/mods/2209,Poisonous Enemies - True Hardcore Compatibility Patch (PTF),Nexus API,in the author's lists,yes,1,,yes,,,,Combat / AI,PTF,"PTF reference; gameplay: no KRS area flagged, still check tables",Nfrog2swamp1,,PTF,,Compat patch,,,,True Hardcore series.,self-described PTF: same shape as KRS; fix type: Compat patch; game tables: check overlap with KRS PTF rows and same-category mods,published,"Offers a selection of two compatibility patches for 'Poisonous Enemies', designed to work seamlessly with the 'True Hardcore' mod series. More details below.",described in review
2210,https://www.nexusmods.com/kingdomcomedeliverance/mods/2210,True Hardcore Alchemy (PTF),Nexus API,in the author's lists,yes,1,,yes,,,,Combat / AI,PTF,PTF reference; gameplay: overlap check needed (Perk / RPG tables),Nfrog2swamp1,1.9.8,PTF,perk table,,,Targets 1.9.8.,Nexus page summary via web search (page not opened),True Hardcore series; made on 1.9.8.,self-described PTF: same shape as KRS; game tables: check overlap with KRS PTF rows and same-category mods,published,"Reduces the error tolerance of alchemy, rebalances potions and alchemy perks, and removes the exploit that allows a single potion to be applied to multiple food items. More details below.",described in review
2216,https://www.nexusmods.com/kingdomcomedeliverance/mods/2216,KCD Mod Organizer Plugin (Steam - GOG - Epic),Nexus API,in the author's lists,yes,1,,,yes,,,Tools / reference,,tool or reference (not gameplay),,,,,,,,,Repairs other mods' manifests on the fly: back up before trusting.,tool or reference; not a gameplay mod,published,"An advanced MO2 plugin that automatically generates your mod_order.txt upon launch, repairs broken XML manifests on the fly, and enforces strict engine compatibility across all storefronts.",described in review
2218,https://www.nexusmods.com/kingdomcomedeliverance/mods/2218,Clean Gear - No Visual Dirt - Clean Armor Override (KCD1),Nexus API,in the author's lists,yes,1,,,yes,,,World / weather / visuals,,"world or weather: large content, outside the PTF scope",,,,Stay clean,,,,,Visual comparable to MGsStayClean.,,published,Removes visual dirt buildup from all clothing and armor while preserving gameplay mechanics. No more dirty clothes/armor.,described in review
2219,https://www.nexusmods.com/kingdomcomedeliverance/mods/2219,True Hardcore Crime (PTF),Nexus API,found while checking (outside the lists),,,,,,,,,,unsorted (no category yet),Nfrog2swamp1,made and tested on 1.9.8,,,,,,,Series member found while verifying 2179/2210.,,published,"Fragile lockpicks, tougher pickpocketing, increased noise, harsher punishments, unforgiving reputation, a perk overhaul, and more. More details below.",described in review
2223,https://www.nexusmods.com/kingdomcomedeliverance/mods/2223,Stop Looking Up On Horseback,Nexus API,in the author's lists,yes,1,,,yes,,,Horses,,"gameplay: no KRS area flagged, still check tables",,,,,,,,,,,published,Stop looking up (seeing so much sky) while riding a horse.,title list only
2224,https://www.nexusmods.com/kingdomcomedeliverance/mods/2224,More Realistic Horse Handling,Nexus API,in the author's lists,yes,1,,,yes,,,Horses,,"gameplay: no KRS area flagged, still check tables",,,,,,,,,,,published,My personal preference of horse handling in KCD.,title list only
2243,https://www.nexusmods.com/kingdomcomedeliverance/mods/2243,Performance Tweaks and best visuals,Nexus API,in the author's lists,yes,1,,yes,yes,,,Graphics config (cfg),,visual only: user.cfg values (hardware-specific),,,CFG,,,bundled fix,,,Wall/NPC pixelation fix through a config file; hardware-specific cfg values.,cfg values: last-loaded file wins; check against other cfg mods,published,"A cfg that combines most of the cfg tweaks made by other respective modders, plus some CryEngine tweaks",described in review
2244,https://www.nexusmods.com/kingdomcomedeliverance/mods/2244,Kingdom Come Script Extender,Nexus API,in the author's lists,yes,1,,yes,yes,,,Tools / reference,,tool or reference (not gameplay),JerryYOJ,1.9.8.0 only,KCSE,,,,Matches 1.9.8 only; a companion Address Library (2273) also exists for 1.9.8 only.,Nexus page summary via web search (page not opened),Native or version-locked: add version checks.,is KCSE; tool or reference; not a gameplay mod,published,A tool to expand KCD modding capabilities,described in review
2246,https://www.nexusmods.com/kingdomcomedeliverance/mods/2246,Console Editable RpgParams,Nexus API,in the author's lists,yes,1,,yes,yes,,,Progression / XP / perks,,gameplay: overlap check needed (Perk / RPG tables),,,,Perk / RPG tables (KRS edits a perk row),,,,,,game tables: check overlap with KRS PTF rows and same-category mods,published,"Expose rpgparams to console, you can set them and see them come into effect in real time",title list only
2255,https://www.nexusmods.com/kingdomcomedeliverance/mods/2255,Fast Travel Tweaks,Nexus API,in the author's lists,yes,1,,,yes,,,Maps / UI / HUD,,"UI or maps: replaces files, conflicts with other UI mods",JerryYOJ,,KCSE,,,,,,Plugin that needs 2244.,needs KCSE; UI/.gfx/inventory files: conflicts with other UI mods,published,1. Added ESC to interrupt fast travel anytime 2.Added click E on checkpoint marker to fast travel to checkpoint marker,described in review
2256,https://www.nexusmods.com/kingdomcomedeliverance/mods/2256,Better Combat and Immersion Compilation - Chinese,Nexus API,in the author's lists,yes,1,,,yes,,,Combat / AI,,gameplay: overlap check needed (Combat / riposte),,,,Combat / riposte (KRS alters 1765),,,,,Verification note (new-mods-lists-review session): translation of 651 (Chinese): count the pair as one mod,translation of 651; game tables: check overlap with KRS PTF rows and same-category mods,published,This is the Chinese translation of Better Combat and Immersion Compilation.,described in review
2261,https://www.nexusmods.com/kingdomcomedeliverance/mods/2261,Proper Third Person View (TPV Camera),Nexus API,in the author's lists,yes,1,,,yes,,,Maps / UI / HUD,,"UI or maps: replaces files, conflicts with other UI mods",,,,,,,,,,UI/.gfx/inventory files: conflicts with other UI mods,published,"A third-person camera mod for Kingdom Come: Deliverance, with camera collision and frustum-culling correction, a partial raycast-based crosshair fix, and an experimental free-look orbit mode.",title list only
2270,https://www.nexusmods.com/kingdomcomedeliverance/mods/2270,Horse Control Tweaks,Nexus API,in the author's lists,yes,1,,,yes,,,Horses,,"gameplay: no KRS area flagged, still check tables",,,,,,,,,,,published,"Tweaks the horse's canter/sprint controls to be shift toggle canter and hold shift sprint, from hold canter and double-tap before hold sprint.",title list only
2271,https://www.nexusmods.com/kingdomcomedeliverance/mods/2271,No Horse Manes,Nexus API,in the author's lists,yes,1,,,yes,,,Horses,,"gameplay: no KRS area flagged, still check tables",,,,,,,,,,,published,"Removes mane of horses that spawn with caparison, so it does not stick through the cloth. Optionally also removes mane of the player's horse.",title list only
2273,https://www.nexusmods.com/kingdomcomedeliverance/mods/2273,Address Library For KCSE,Nexus API,found while checking (outside the lists),,,,,,,,,,unsorted (no category yet),JerryYOJ,1.9.8 only,,,,,,,Companion of 2244.,,published,Database to make KCSE plugins platform independent,described in review
2276,https://www.nexusmods.com/kingdomcomedeliverance/mods/2276,Instant Herb and faster Alchemy Merger,Nexus API,in the author's lists,yes,1,,,yes,,,Alchemy / food / survival,,"gameplay: no KRS area flagged, still check tables",,,,,,,,,Speed constant is edited by hand.,game tables: check overlap with KRS PTF rows and same-category mods,published,Mods that change animations usually conflict in KCD. This is T0rvadaL's instant herb picking with faster alchemy animations thrown in by me.,described in review
2277,https://www.nexusmods.com/kingdomcomedeliverance/mods/2277,Toggle Hud - KCSE,Nexus API,in the author's lists,yes,1,,,yes,,,Tools / reference,,tool or reference (not gameplay),,,KCSE,,,,,,Verification note (new-mods-lists-review session): Toggle Hud - KCSE: needs 2244 (supports 1.9.8.0 only per its page summary),needs KCSE; tool or reference; not a gameplay mod,published,KCSE plugin that toggles configurable elements of HUD on key press at an engine level,described in review
2279,https://www.nexusmods.com/kingdomcomedeliverance/mods/2279,Immersive Economy FIXED,Nexus API,in the author's lists,yes,1,,,yes,,,Economy / merchants,,"gameplay: no KRS area flagged, still check tables",,,,,Fix of another mod?,not a game fix,,,"Verification note (new-mods-lists-review session): 'Immersive Economy FIXED' is probably a fix of another mod, not of the game",fix type: Fix of another mod?; game tables: check overlap with KRS PTF rows and same-category mods,published,I fixed the errors in: Immersive Economy - https://www.nexusmods.com/kingdomcomedeliverance/mods/1548?tab=files&file_id=6927&nmm=1,described in review
2280,https://www.nexusmods.com/kingdomcomedeliverance/mods/2280,Remove Artemisia (Wormwood) Potion Visual Effect Overlay,Nexus API,in the author's lists,yes,1,,,yes,,,Alchemy / food / survival,,"gameplay: no KRS area flagged, still check tables",,,,,,,,,,game tables: check overlap with KRS PTF rows and same-category mods,published,The mod completely removes the blueish greenish visual effect from your screen when you drink Artemisia (Wormwood) potion.,title list only
2288,https://www.nexusmods.com/kingdomcomedeliverance/mods/2288,Light Armour Vambraces,Nexus API,in the author's lists,yes,1,,,yes,,,Weapons / armor / items,,"gameplay: no KRS area flagged, still check tables",,,,,,,,,,game tables: check overlap with KRS PTF rows and same-category mods,published,"Simple, lightweight and effective. The mod changes Vambraces to be classified as light armour, no other items or stats changed.",title list only
2293,https://www.nexusmods.com/kingdomcomedeliverance/mods/2293,Bigger Hud (KCD1),Nexus API,in the author's lists,yes,1,,,yes,,,Maps / UI / HUD,,"UI or maps: replaces files, conflicts with other UI mods",,,,,,,,,,UI/.gfx/inventory files: conflicts with other UI mods,published,Increases the size of the Compass and QAM Bar,title list only
2294,https://www.nexusmods.com/kingdomcomedeliverance/mods/2294,Faster Combat - Directional Master Strikes - Better Group Fights,Nexus API,in the author's lists,yes,1,,,yes,,,Combat / AI,,gameplay: overlap check needed (Combat / riposte),,,,Riposte,,,,,Directional master strikes.,game tables: check overlap with KRS PTF rows and same-category mods,published,"Faster combat with directional Master Strikes, optional no tackles, reduced enemy swarming and no slow motion.",described in review
2297,https://www.nexusmods.com/kingdomcomedeliverance/mods/2297,Ultimate Loadingscreen Artwork Overhaul,Nexus API,in the author's lists,yes,1,,,,,,,,unsorted (no category yet),,,,,,,,,,,published,Tired of staring at the same 6 loading screens? This mod adds 37 new artworks to the rotation and gives the existing ones a visual upgrade.,no text in the review files
2299,https://www.nexusmods.com/kingdomcomedeliverance/mods/2299,1403 - Historical Rebalance,Nexus API,in the author's lists,yes,1,,,yes,,,Progression / XP / perks,,gameplay: overlap check needed (Perk / RPG tables),,,,Perk / RPG tables (KRS edits a perk row),,,,,Large bundle.,game tables: check overlap with KRS PTF rows and same-category mods,published,"A historically grounded overhaul of equipment, economy, combat, AI, progression, and survival.",described in review
2304,https://www.nexusmods.com/kingdomcomedeliverance/mods/2304,Female Nudity,Nexus API,new: Vivaldi tabs or screenshots only,,,,,yes,,,Adult / nudity,,out of scope: adult content,,,,,,,,,,adult content: outside KRS scope,published,"Total remake of the female nude mod, only when they are wearing no clothes.",title list only
2313,https://www.nexusmods.com/kingdomcomedeliverance/mods/2313,Reshield From Torch,Nexus API,in the author's lists,yes,1,,,yes,,,Weapons / armor / items,,"gameplay: no KRS area flagged, still check tables",,,,,,,,,,game tables: check overlap with KRS PTF rows and same-category mods,published,Equipping a torch removes your shield. This mod puts it back.,title list only
2316,https://www.nexusmods.com/kingdomcomedeliverance/mods/2316,Loot Info - Japanese,Nexus API,new: Vivaldi tabs or screenshots only,,,,,yes,,,Crime / stealth / loot,,gameplay: overlap check needed (Localization paks),,,,Localization paks (KRS ships 4 languages),,,,,Verification note (new-mods-lists-review session): translation of 491 (Japanese): count the pair as one mod,translation of 491,published,Loot Infoの日本語翻訳ファイルです。,described in review
2317,https://www.nexusmods.com/kingdomcomedeliverance/mods/2317,Enemy Health Bar,Nexus API,in the author's lists,yes,1,,,yes,,,Maps / UI / HUD,,"UI or maps: replaces files, conflicts with other UI mods",,,,,,,,,Replaces a whole shared file (HUD.gfx); UI cannot use PTF.,UI/.gfx/inventory files: conflicts with other UI mods,published,This mod displays the locked-on enemy's health bar at the top-center of the screen. ロックオンしている敵の体力が画面中央上に大きく表示されるMODです。,described in review
2318,https://www.nexusmods.com/kingdomcomedeliverance/mods/2318,Visual Combo Helper,Nexus API,in the author's lists,yes,1,,,yes,,,Combat / AI,,"gameplay: no KRS area flagged, still check tables",,,,,,,,,,game tables: check overlap with KRS PTF rows and same-category mods,published,Displays your learned melee combos on the HUD whenever a supported weapon is drawn.,title list only
2323,https://www.nexusmods.com/kingdomcomedeliverance/mods/2323,Alchemy Stash Link,Nexus API,in the author's lists,yes,1,,,yes,,,Alchemy / food / survival,,"gameplay: no KRS area flagged, still check tables",,,,,,,,,"Moves items between stashes, horse and pockets: test save safety.",game tables: check overlap with KRS PTF rows and same-category mods,published,"Alchemy Workbench Stash Link automatically links all of Henry's Master Stashes (Inn rooms, Ratay bed, home chests, mobile camping stashes) as well as your Horse's inventory directly to any Alchemy Bench you interact with!",described in review
2326,https://www.nexusmods.com/kingdomcomedeliverance/mods/2326,Permanent Death,Nexus API,in the author's lists,yes,1,,,yes,,,Progression / XP / perks,,"gameplay: no KRS area flagged, still check tables",,,,,,,,,,game tables: check overlap with KRS PTF rows and same-category mods,published,Pick how many lives a playthrough gets. Spend them all - and that run is over.,title list only
2330,https://www.nexusmods.com/kingdomcomedeliverance/mods/2330,Compass and Map Upgrades - Wayfinder,Nexus API,in the author's lists,yes,1,,,,,,,,unsorted (no category yet),,,,,,,,,,,published,"Your map marker points the way and clears itself when you arrive, plus free map zoom",no text in the review files
2331,https://www.nexusmods.com/kingdomcomedeliverance/mods/2331,Bushes Collision Remover Redux,Nexus API,in the author's lists,yes,1,,yes,,,,World / weather / visuals,,"world or weather: large content, outside the PTF scope",,built for 1.9.7,,,Bug fix,unconfirmed (current),Current. Replaces 26 vegetation models; no 1.9.8 statement found on the page summary.,Nexus page summary via web search (page not opened),26 models; updated 2026-08.,fix type: Bug fix,published,"A clean, modern rebuild of JovianStone's original Bushes - Collision Remover for Kingdom Come: Deliverance.",described in review
2332,https://www.nexusmods.com/kingdomcomedeliverance/mods/2332,Baptism of Fire Fix Redux,Nexus API,in the author's lists,yes,1,,yes,,,,Quests / lore / content,,content: outside the PTF scope,,,,,Bug fix,candidate (check on 1.9.8),,,"Baptism of Fire Fix Redux: quest-bug fix; the 1.9.7 notes list a Baptism of Fire crash fix, so check whether it is now obsolete",fix type: Bug fix,published,"A targeted Redux fix for the long-standing false ""Too many of your men have died"" failure during Baptism of Fire.",described in review
2333,https://www.nexusmods.com/kingdomcomedeliverance/mods/2333,Homecoming - Runt Fight Redux,Nexus API,in the author's lists,yes,1,,yes,,,,Quests / lore / content,,content: outside the PTF scope,,,,,,,,,Replaces a whole shared file; lists conflicts.,,published,A more believable and immersive rebuild of the first fight with Runt during Homecoming.,described in review
2338,https://www.nexusmods.com/kingdomcomedeliverance/mods/2338,Horse Collision Mod,Nexus API,in the author's lists,yes,1,,,,,,,,unsorted (no category yet),,,,,,,,,,,published,This mod adds animations and physical reactions with immersive detail when Henry collides with NPCs while on horseback as well as new horsemanship perks .,no text in the review files
2340,https://www.nexusmods.com/kingdomcomedeliverance/mods/2340,MatthusTweaks - Equipment and Progression Overhaul (PTF),Nexus API,in the author's lists,yes,1,,yes,,,,Progression / XP / perks,PTF,PTF reference; gameplay: overlap check needed (Perk / RPG tables),,,PTF,Perk / RPG tables (KRS edits a perk row),,,Modular PTF; closest comparable to the KRS scope.,Nexus page summary via web search (page not opened),Modular files; large bundle done right.,self-described PTF: same shape as KRS; game tables: check overlap with KRS PTF rows and same-category mods,published,This mod fixes and rebalances: + Misused items + Layered damage.,described in review
2343,https://www.nexusmods.com/kingdomcomedeliverance/mods/2343,Ultimate Horse Caparison Fix,Nexus API,in the author's lists,yes,1,,,yes,,,Horses,,"gameplay: no KRS area flagged, still check tables",,,,,Bug fix,candidate (check on 1.9.8),,,Verification note (new-mods-lists-review session): title suggests a vanilla defect (horse caparison fix); candidate to check on 1.9.8,fix type: Bug fix,published,"Short Description Fixes horse mane clipping through caparisons while preserving the tail. Full-cover caparisons hide the mane, while open-neck caparisons keep it visible.",described in review
2345,https://www.nexusmods.com/kingdomcomedeliverance/mods/2345,Food and Drinks rebalance,Nexus API,in the author's lists,yes,1,,,,,,,,unsorted (no category yet),,,,,,,,,,,published,"A small mod to rebalance the nutrition, health and refresh benefits of all food and/or drinks in the game.",no text in the review files
2348,https://www.nexusmods.com/kingdomcomedeliverance/mods/2348,KCD Zero Durability Repair,Nexus API,in the author's lists,yes,2,,,yes,,,Weapons / armor / items,,"gameplay: no KRS area flagged, still check tables",,,,,,,,,Native or version-locked code.,native/version-locked?; game tables: check overlap with KRS PTF rows and same-category mods,published,Allows repair craftsmen to repair items with zero durability through the standard repair menu.,described in review
2349,https://www.nexusmods.com/kingdomcomedeliverance/mods/2349,KCD1 Map Cursor Contrast - Visible Ring and X,Nexus API,in the author's lists,yes,1,,,yes,,,Maps / UI / HUD,,"UI or maps: replaces files, conflicts with other UI mods",,,,,,,,,,UI/.gfx/inventory files: conflicts with other UI mods,published,Makes the Kingdom Come: Deliverance map cursor easier to see while preserving the original ring-and-X shape. Includes a tested stable version and an optional bold variant.,title list only
2351,https://www.nexusmods.com/kingdomcomedeliverance/mods/2351,Keyboard Controls,Nexus API,in the author's lists,yes,1,,,yes,,,Maps / UI / HUD,,"UI or maps: replaces files, conflicts with other UI mods",,,,,,,,,,UI/.gfx/inventory files: conflicts with other UI mods,published,If you prefer keyboard & mouse for any reason—especially if you struggle with selecting bottom-left and bottom-right stances using mouse movements—this mod is for you. 何らかの事情でキーボード＆マウス操作にこだわる方。特に戦闘で右下や左下をマウス操作で選ぶのが苦手な人のためのMODです,title list only
2353,https://www.nexusmods.com/kingdomcomedeliverance/mods/2353,Ultimate Graphics Adjustment,Nexus API,in the author's lists,yes,1,,,yes,,,Graphics config (cfg),,visual only: user.cfg values (hardware-specific),,,CFG,,,,,,"Verification note (new-mods-lists-review session): Ultimate Graphics Adjustment: hardware-specific cfg like 1972, 2180, 2243, 2153",cfg values: last-loaded file wins; check against other cfg mods,published,Use User.cfg to improve game graphics and optimize performance.,described in review
2359,https://www.nexusmods.com/kingdomcomedeliverance/mods/2359,KCD Kombat Tune,Nexus API,in the author's lists,yes,1,,yes,,,,Combat / AI,,gameplay: overlap check needed (Combat / riposte),,,,Combat / riposte (KRS alters 1765),,,,,Title only; unverified.,game tables: check overlap with KRS PTF rows and same-category mods,published,"Enemies scale to the matchup. Higher Warfare and agility than your opponent means fewer of their perfect blocks, master strikes and dodges; lower means more. One JSON file to tune it",described in review
2362,https://www.nexusmods.com/kingdomcomedeliverance/mods/2362,Better Perk Descriptions,Nexus API,in the author's lists,yes,1,,,,,,,,unsorted (no category yet),,,,,,,,,,,published,Changes the perk descriptions to include precise information about the perk. Finally you can make informed choices!,no text in the review files
2365,https://www.nexusmods.com/kingdomcomedeliverance/mods/2365,KCDT,Nexus API,in the author's lists,yes,1,,,,,,,,unsorted (no category yet),,,,,,,,,,,published,My personal modding library. Do not download it unless it’s required by some of my other mods.,no text in the review files
2366,https://www.nexusmods.com/kingdomcomedeliverance/mods/2366,Faster Book Flipping,Nexus API,in the author's lists,yes,1,,yes,,,,Maps / UI / HUD,,"UI or maps: replaces files, conflicts with other UI mods",,,,,,,,,Never looked up (search cap).,UI/.gfx/inventory files: conflicts with other UI mods,published,Alchemy bench book pages flip at 3x,described in review
2367,https://www.nexusmods.com/kingdomcomedeliverance/mods/2367,Pray Animation KCD1,Nexus API,in the author's lists,yes,1,,yes,,,,Quests / lore / content,,content: outside the PTF scope,,,,,,,,,Never looked up (search cap).,,published,This mod consists to Play Animation Sequences for Kingdom Come: Deliverance 1.,described in review
2369,https://www.nexusmods.com/kingdomcomedeliverance/mods/2369,Fewer Tournaments,Nexus API,in the author's lists,yes,1,,yes,,,,Crime / stealth / loot,,"gameplay: no KRS area flagged, still check tables",,,,,,,,,Never looked up (search cap).,,published,"This mod lets you choose how often the Rattay Tournament should occur, replacing the weekly cycle with longer intervals to stop constant notification spam.",described in review
2371,https://www.nexusmods.com/kingdomcomedeliverance/mods/2371,Circator Weapon Check Disabled,Nexus API,in the author's lists,yes,1,,yes,,,,Crime / stealth / loot,,"gameplay: no KRS area flagged, still check tables",,,,,,,,,Never looked up (search cap).,,published,"Disables the circators in the monestary from checking, if Henry has any weapons on him. effectively fixes the bug where Henry gets falsely accused of being armed and banned from the cloister.",described in review
2372,https://www.nexusmods.com/kingdomcomedeliverance/mods/2372,Trough Washing Animation,Nexus API,in the author's lists,yes,1,,yes,yes,,,Alchemy / food / survival,,"gameplay: no KRS area flagged, still check tables",,,,,,,,,Never looked up (search cap). | Verification note (new-mods-lists-review session): title now known (Trough Washing Animation),game tables: check overlap with KRS PTF rows and same-category mods,published,Adds a Trough Washing animation just like in KCD2!,described in review
2374,https://www.nexusmods.com/kingdomcomedeliverance/mods/2374,A Real Sorted Inventory - Ukrainian,Nexus API,new: Vivaldi tabs or screenshots only,,,,,yes,,,Maps / UI / HUD,,"UI or maps: replaces files, conflicts with other UI mods",,,,Localization paks (KRS ships 4 languages),,,,,Verification note (new-mods-lists-review session): translation of 2204 (Ukrainian): count the pair as one mod,translation of 2204; UI/.gfx/inventory files: conflicts with other UI mods,published,Ukrainian translation for A Real Sorted Inventory (ARSI) 1.3.3.1. Українська локалізація для ARSI.,described in review
2375,https://www.nexusmods.com/kingdomcomedeliverance/mods/2375,A Bohemian Novel - The Veteran of Nicopolis,Nexus API,new: Vivaldi tabs or screenshots only,,,,,yes,,,Quests / lore / content,,content: outside the PTF scope,,,,,,,,,,,published,"A novel in notebooks: read the memoirs of a Bohemian veteran of the 1396 Nicopolis crusade, one quire at a time, for small XP boosts.",title list only
2381,https://www.nexusmods.com/kingdomcomedeliverance/mods/2381,Nest of Vipers Stealth,Nexus API,in the author's lists,yes,1,,,yes,,,Crime / stealth / loot,,"gameplay: no KRS area flagged, still check tables",,,,,,,,,Never looked up (search cap). | Verification note (new-mods-lists-review session): title now known (Nest of Vipers Stealth),,published,No more omniscient guards in Nest of Vipers! You can actually sabotage the food pots and arrow barrels without getting automatically caught- if you have the stealth skills to do so!,described in review
2384,https://www.nexusmods.com/kingdomcomedeliverance/mods/2384,KCD HI-Res Maps,Nexus API,in the author's lists,yes,1,,yes,,,,Maps / UI / HUD,,"UI or maps: replaces files, conflicts with other UI mods",,,,,,,,,Never looked up (search cap).,UI/.gfx/inventory files: conflicts with other UI mods,published,"All in-game maps from KCD (region and locations), extracted from game files, to be used as reference, wallpapers, RPG material, etc.",described in review
